cancel	dept_code	dept_group	week_section1	week_section2	week_section3	week_section4	authorize_p	authorize_r	brief_eng	dept_chiabbr	not_choose	course_code	percentage	full_flag	limit	selfTeach	credit	intensive	fillcounter	for_query	acadm_year	course_kind	selfTeachName	send_time	eng_name	course_group	exp_hours	serial_no	status	emi	counter_exceptAuth	rt	gender_restrict	eng_teach	classes	dept_engfull	restrict	school_avg	umd	authorize_using	dept_group_name	course_avg	teacher	class_name	time_inf	chn_name	form_s_name	moocs_teach	hours	form_s	tname	counter	deleteQ	option_code	tcode	scoreEnt	iCounter	limit_count_h	comment	acadm_term	generalCore	programs
	A						5	0.10		運休學院		A0U0006			3		2.0				115	半			Stress Management </br>[ Program: The Inter-disciplinary Program of Sports Leadership ]			0001			0	N					◎初選 運動領導學分學程 研究生得下修			0			季力康		二 3-4 和平 教室自排	壓力紓解與管理 </br>[ 學分學程：運動領導學分學程 ]						0		選				50		2		ZU9W
	AD30						10	0.20		體育系（博）		PED0025			3		3.0				115	半			Special Topics in Sport Marketing			0002			0	N					◎課程開放上修			0			程紹同		五 8-10 和平 體002	運動行銷學專題研究						0		選				50		2		
	AD30						10	0.20		體育系（博）		PED0065			0		3.0				115	半			Special Topics in Sport Management			0003			0	N					◎課程開放上修			0			程紹同		五 3-5 和平 體002	運動管理學專題研究						0		選				50		2		
	AD30						10	0.20		體育系（博）		PED0076			0		3.0				115	半			Special Topics in Sport Sociology			0004			0	N					◎課程開放上修			0			湯添進		四 2-4 和平 體育館一2樓會議室	運動社會學專題研究						0		選				50		2		
	AD31						10	0.33		休旅所（博）		SRD0002			2		3.0				115	半			Quantitative Methodology			0005			0	N					◎課程不開放上修			0			陳美燕		四 6-8 和平 綜603	量化研究法						0		必				30		2		
	AD31						0	0.00		休旅所（博）		SRD0005			0		3.0				115	半			Studies in Advanced Marketing of Sport and Leisure			0006			0	N					◎課程開放上修			0			朱文增		四 2-4 和平 綜603	進階運動與休閒行銷學研究						0		選				30		2		
	AD31						0	0.00		休旅所（博）		SRD0024			0		1.0				115	半			Seminar on Sport, Leisure, and Hospitality Management			0007			0	N					◎限本系(含雙主修)修習   允許重複修 ◎必須先修過【SRD0001  質性研究法】、【SRD0002  量化研究法】其中一門 ◎課程不開放上修			0			未定		四 B 和平 無可用教室	運動休閒與餐旅管理專題討論						0		必				30		2		
	AM30						10	0.20		體育系（碩）		PEM0023			0		3.0				115	半			Studies in Sport Marketing			0008			0	N					◎課程開放上修			0			鄭志富		二 7-9 和平 體002	運動行銷學研究						0		選				50		2		
	AM30						10	0.20		體育系（碩）		PEM0100			5		3.0				115	半			Studies in Strategic Sport Sponsorship			0009			0	N		是			◎課程開放上修			0			程紹同		四 2-4 和平 體002	運動贊助策略研究						0		選				50		2		
	AM30						10	0.20		體育系（碩）		PEC0023			0		3.0				115	半			Biochemistry			0010			0	N			8		◎課程開放上修			0			劉宏文	碩博	四 6-8 公館 研001	生物化學						0		選				50		2		
	AM30						10	0.20		體育系（碩）		PEC0028			0		3.0				115	半			Special Topics in Exercise Biochemistry			0011			0	N			8		◎課程開放上修			0			未定	碩博	二 7-9 公館 研001	運動生物化學專題研究						0		選				50		2		
	AM30						10	0.20		體育系（碩）		PEC0036			0		3.0				115	半			Special Topics in Physical Education Curriculum			0012			0	N			8		◎課程開放上修			0			施登堯	碩博	二 2-4 和平 體003	體育課程專題研究						0		選				50		2		
	AM30						10	0.20		體育系（碩）		PEC0069			0		3.0				115	半			Special Topics on Dynamic System  Approaches in Biomechanics			0013			0	N			8		◎課程開放上修			0			張家豪	碩博	四 2-4 公館 研001	生物力學動態系統專題研究						0		選				50		2		
	AM30						10	0.20		體育系（碩）		PEC0071			0		3.0				115	半			Special Topics in Philosophy of Sport			0014			0	N			8		◎課程開放上修			0			林慶宏	碩博	五 2-4 和平 體001	運動哲學專題研究						0		選				50		2		
	AM30						10	0.20		體育系（碩）		PEC0076			0		3.0				115	半			Special Topics in Sport Biomechanics			0015			0	N		是	8		◎課程開放上修			0			黃長福	碩博	五 6-8 公館 體育館二3樓視聽教室	運動生物力學專題研究						0		選				50		2		
	AM30						10	0.20		體育系（碩）		PEC0090			0		3.0				115	半			Administration and Management of Physical Education in Schools			0016			0	N			8		◎課程開放上修			0			鄭志富 張琪	碩博	四 7-9 和平 體001	學校體育經營與管理						0		選				50		2		
	AM30						10	0.20		體育系（碩）		PEC0106			0		3.0				115	半			Studies in Modern Taiwanese Physical Education and Sport History			0017			0	N			8		◎課程開放上修			0			林玫君	碩博	二 A-C 和平 體002	臺灣體育運動史研究						0		選				50		2		
	AM30						10	0.20		體育系（碩）		PEC0122			0		3.0				115	半			Special Topics on Exercise Psychophysiology			0018			0	N			8		◎課程開放上修			0			洪聰敏	碩博	三 2-4 和平 體002	健身運動心生理學專題研究						0		選				50		2		
	AM30						10	0.20		體育系（碩）		PEC0124			0		3.0				115	半			Special Topics on Physical Activity Motivation			0019			0	N			8		◎課程開放上修			0			季力康	碩博	四 7-9 和平 體003	身體活動動機專題研究						0		選				50		2		
	AM30						10	0.20		體育系（碩）		PEC0126			0		3.0				115	半			Studies in Kinesiology			0020			0	N			8		◎課程開放上修			0			蔡虔祿	碩博	一 2-4 公館 研001	人體運動力學研究						0		選				50		2		
	AM30						10	0.20		體育系（碩）		PEC0130			5		3.0				115	半			Special Topics in Sports Equipment Design			0021			0	N		是	8		◎課程開放上修			0			Philip X. Fuchs	碩博	一 7-9 公館 體育館二3樓視聽教室	運動器材設計專題研究						0		選				50		2		
	AM30						10	0.20		體育系（碩）		PEC0138			0		3.0				115	半			Human Resource Management in Physical Education			0022			0	N			8		◎課程開放上修			0			未定	碩博	二 7-9 和平 體育館一2樓會議室	體育人力資源管理						0		選				50		2		
	AM30						10	0.20		體育系（碩）		PEC0142			0		3.0				115	半			Studies in Exercise Psychology			0023			0	N		是	8		◎課程開放上修			0			張育愷	碩博	一 2-4 和平 體003	健身運動心理學研究						0		選				50		2		
	AM30						10	0.20		體育系（碩）		PEC0144			0		3.0				115	半			Studies in Coaching Psychology			0024			0	N			8		◎課程開放上修			0			季力康	碩博	四 2-4 和平 體003	教練心理學研究						0		選				50		2		
	AM30						10	0.20		體育系（碩）		PEC0146			0		3.0				115	半			Special Topics in Exercise and Adipose Tissue Metabolism			0025			0	N			8		◎課程開放上修			0			陳勇志	碩博	五 6-8 公館 研001	運動與脂質代謝專題研究						0		選				50		2		
	AM30						10	0.20		體育系（碩）		PEC8001			0		3.0				115	半			Special Topics on Sport Economics			0026			0	N			8		◎課程開放上修			0			未定	碩博	一 2-4 和平 體002	運動經濟學專題研究						0		選				50		2		
	AM30						10	0.20		體育系（碩）		PEC8005			0		3.0				115	半			Integrated Studies of the Eastern and Western Philosophy of Sport			0027			0	N			8		◎課程開放上修			0			石明宗	碩博	三 3-5 公館 研001	東西運動哲學整合研究						0		選				50		2		
	AM30						10	0.20		體育系（碩）		PEC8007			0		3.0				115	半			Special Topics on Physical Activity Cognitive Neuroscience			0028			0	N			8		◎課程開放上修			0			張育愷	碩博	一 7-9 和平 體003	身體活動認知神經科學專題研究						0		選				50		2		
	AM30						10	0.20		體育系（碩）		PEC8008			5		3.0				115	半			Academic Writing and Oral Presentation for Sport Sciences			0029			0	N		是	8		◎課程開放上修			0			Philip X. Fuchs	碩博	二 7-9 公館 體育館二3樓視聽教室	運動科學專業英文寫作與口語表達						0		選				50		2		
	AM30						10	0.20		體育系（碩）		PEC8013			0		3.0				115	半			Health Behaviors and Sports Development for People with Disabilities			0030			0	N			8		◎課程開放上修			0			潘正宸	碩博	五 2-4 和平 體育館一2樓會議室	身心障礙者健康行為與體育運動發展						0		選				50		2		
	AM31						0	0.00		休旅所（碩）		SRM0002			0		1.0				115	半			Seminar on Sport, Leisure and Hospitality Management (I)			0031			0	N					◎限本系(含雙主修)修習 ◎課程不開放上修			0			林伯修		四 C 和平 無可用教室	運動休閒與餐旅管理專題討論（一）						0		必				50		2		
	AM31						10	0.33		休旅所（碩）		SRM0074			2		3.0				115	半			Studies in Sport and Leisure Anthropology			0032			0	N					◎課程開放上修			0			林伯修		一 3-5 和平 綜604	運動與休閒人類學研究						0		選				30		2		
	AM31						0	0.00		休旅所（碩）		SRM0081			0		3.0				115	半			Sport, Leisure and Hospitality Management Internship			0033			0	N					◎限本系(含雙主修)修習 ◎課程不開放上修			0			未定		一 A-C 和平 綜602, 二 A-C 和平 綜602	運動休閒與餐旅管理實習						0		選				30		2		
	AM31						10	0.33		休旅所（碩）		SRM0108			0		3.0				115	半			Seminar on Sport Facility Planning and Management : Principles and Practices			0034			0	N					◎課程不開放上修			0			陳美燕		二 7-9 和平 綜604	運動場館規劃與經營管理專題討論						0		選				30		2		
	AM31						10	0.33		休旅所（碩）		SRM0115			0		3.0				115	半			Seminar on Brand Management in Sport Industry			0035			0	N					◎課程不開放上修			0			未定		二 3-5 和平 綜604	運動產業品牌管理專題討論						0		選				30		2		
	AM31						10	0.33		休旅所（碩）		SRM0124			0		3.0				115	半			Studies of Behavior Science in Sport and Leisure			0036			0	N					◎課程不開放上修			0			廖邕		五 3-5 和平 綜604	運動休閒行為科學研究						0		選				30		2		
	AM31						10	0.33		休旅所（碩）		SRM0127			2		3.0				115	半			Studies in Esports			0037			0	N					◎課程開放上修			0			湯添進		四 7-9 和平 綜604	電子競技專題研究						0		選				30		2		
	AM31						10	0.33		休旅所（碩）		SRM0129			5		3.0				115	半			Investment and Financial Analysis			0038			0	N					◎課程不開放上修			0			方進義		四 3-5 和平 綜604	投資與財務分析						0		選				30		2		
	AM31						0	0.00		休旅所（碩）		SRC0011			3		3.0				115	半			Risk Management in Recreational Programming			0039			0	N			8		◎課程開放上修			0			李晶	碩博	二 6-8 和平 綜603	遊憩活動風險管理						0		選				30		2		
	AM31						3	0.10		休旅所（碩）		SRC8001			2		3.0				115	半			Studies in Hospitality Education Training and Teaching Skill			0040			0	N			8		◎課程不開放上修			0			王國欽	碩博	二 2-4 和平 綜603	餐旅管理教育訓練與教學技巧研究						0		選				30		2		
	AM31						10	0.33		休旅所（碩）		SRC8005			0		3.0				115	半			Strategic Information Systems for Hospitality Managers			0041			0	N		是	8		◎課程不開放上修			0			雷芷卉	碩博	三 2-4 和平 綜603	餐旅業策略資訊系統管理						0		選				30		2		
	AM31						10	0.33		休旅所（碩）		SRC8008			0		3.0				115	半			Hospitality Facilities Development and Design			0042			0	N		是	8		◎課程不開放上修			0			雷芷卉	碩博	四 7-9 和平 綜602	餐旅設施規劃與設計						0		選				30		2		
	AM31						5	0.17		休旅所（碩）		SRC8013			0		3.0				115	半			Studies in Physical Activity, Leisure and Health			0043			0	N		是	8		◎課程不開放上修			0			廖邕	碩博	五 7-9 和平 綜603	身體活動、休閒與健康研究						0		選				30		2		
	AM31						10	0.20		休旅所（碩）		SRM0126			0		3.0				115	半			Practicum in Sport, Leisure and Hospitality Industry			0044			0	N					◎限本系(含雙主修)修習 ◎課程不開放上修			0			林伯修		三 8-10 和平 綜604	運動休閒與餐旅產業實務	一			1		0		必				50		2		
	AM32						10	0.20		競技系（碩）		FPM0004			0		3.0				115	半			Studies in Sports Coaching			0045			0	N					◎課程開放上修			0			劉有德		三 2-4 公館 體育館二3樓視聽教室	運動教練學研究						0		必				50		2		
	AM32						10	0.20		競技系（碩）		FPM0010			0		3.0				115	半			Applied Psychology on Sports			0046			0	N					◎課程開放上修			0			梁嘉音		四 2-4 公館 研003	運動心理學應用研究						0		選				50		2		
	AM32						10	0.20		競技系（碩）		FPM0019			0		3.0				115	半			Applied Physiology of Specific Sport Events			0047			0	N					◎課程開放上修			0			鄭景峰		三 2-4 公館 研003	專項運動生理學						0		選				50		2		
	AM32						10	0.20		競技系（碩）		FPM0022			0		2.0				115	半			Practice of Sports Conditioning Training (II)			0048			0	N					◎課程開放上修			0			李佳融		一 B-C 公館 體育館二3樓會議室	運動體能訓練實作（二）						0		必				50		2		
	AM32						10	0.20		競技系（碩）		FPM0024			0		2.0				115	半			Practice of Sports Skill Training (II)			0049			0	N					◎課程開放上修			0			李佳融		二 B-C 公館 體育館二3樓會議室	運動技能訓練實作（二）						0		必				50		2		
	AM32						10	0.20		競技系（碩）		FPM0025			0		3.0				115	半			Research Method of Competition Practical			0050			0	N					◎課程開放上修			0			蔡於儒		四 5-7 公館 研003	競賽實務研究法						0		選				50		2		
	AM32						10	0.20		競技系（碩）		FPM0035			0		3.0				115	半			Current Topics in Sport Biomechanics			0051			0	N					◎課程開放上修			0			相子元		四 2-4 公館 體育館二3樓視聽教室	運動生物力學當前課題						0		選				50		2		
	AM32						10	0.20		競技系（碩）		FPM0054			0		1.0				115	半			Exercise & Sport Science Seminar (I)			0052			0	N					◎課程開放上修			0			鄭景峰		四 5 公館 研001	運動科學專題報告（一）						0		必				50		2		
	AM32						10	0.20		競技系（碩）		FPM0063			0		3.0				115	半			Special Topics on Motor Behavior			0053			0	N					◎課程開放上修			0			劉有德		二 2-4 公館 研001	運動行為專題研究						0		選				50		2		
	AM32						10	0.20		競技系（碩）		FPM0068			0		3.0				115	半			Physiology of Resistance Exercise Training			0054			0	N					◎課程開放上修			0			何仁育		二 2-4 公館 體育館二3樓視聽教室	阻力運動訓練生理學						0		選				50		2		
	AM32						10	0.20		競技系（碩）		FPM0074			0		3.0				115	半			Studies in Coaching Philosophy			0055			0	N					◎課程開放上修			0			石明宗		二 2-4 公館 研003	教練哲學研究						0		選				50		2		
	AM32						10	0.20		競技系（碩）		FPM0076			0		3.0				115	半			Statistics and Experimental Design			0056			0	N					◎課程開放上修			0			劉錦璋		一 5-7 公館 研003	統計與實驗設計						0		選				50		2		
	AOD						0	0.00		國防教育		ADU0001			2		0.0				115	半			All-Out Defense Education Military Training-International Situations	A		0057			0	N								0			未定		一 1-2 公館 無可用教室	全民國防教育軍事訓練－國際情勢						0		選				60		2		
	AOD						0	0.00		國防教育		ADU0001			2		0.0				115	半			All-Out Defense Education Military Training-International Situations	B		0058			0	N								0			未定		四 1-2 和平 無可用教室	全民國防教育軍事訓練－國際情勢						0		選				60		2		
	AOD						0	0.00		國防教育		ADU0002			2		0.0				115	半			All-Out Defense Education Military Training-National Defense Policies	A		0059			0	N								0			未定		四 1-2 公館 無可用教室	全民國防教育軍事訓練－國防政策						0		選				60		2		
	AOD						0	0.00		國防教育		ADU0002			2		0.0				115	半			All-Out Defense Education Military Training-National Defense Policies	B		0060			0	N								0			未定		四 3-4 公館 無可用教室	全民國防教育軍事訓練－國防政策						0		選				60		2		
	AOD						0	0.00		國防教育		ADU0003			2		0.0				115	半			All-Out Defense Education Military Training-Civil Defense	A		0061			0	N								0			未定		五 3-4 和平 無可用教室	全民國防教育軍事訓練－全民國防						0		選				60		2		
	AOD						0	0.00		國防教育		ADU0003			2		0.0				115	半			All-Out Defense Education Military Training-Civil Defense	B		0062			0	N								0			未定		五 6-7 和平 無可用教室	全民國防教育軍事訓練－全民國防						0		選				60		2		
	AOD						0	0.00		國防教育		ADU0004			2		0.0				115	半			All-Out Defense Education Military Training-Defense Mobilization	A		0063			0	N								0			未定		三 6-7 和平 無可用教室	全民國防教育軍事訓練－防衛動員						0		選				60		2		
	AU30						10	0.20		體育系（學）		PEC9001			0		3.0				115	半			Program Design as Related to Strength and Conditioning </br>[ Program: The Inter-disciplinary Program of Strength and Conditioning The Specialization Program of Exercise and Health Instruction The Specialization Program of Athletic Training The Inter-disciplinary Program of Injury Prevention and Athletic Training ]			0064			0	N		是	9		◎初選 運動傷害防護學分學程 研究生得下修◎必須先修過【PEU0193  人體解剖生理學】、【PEU0015  運動生理學】			0			李恆儒	大碩	五 2-4 公館 體育館二3樓視聽教室	肌力與體能運動處方設計 </br>[ 學分學程：肌力與體能訓練學分學程 運動健康指導專業學分學程 運動防護專業學分學程 運動傷害防護學分學程 ]						0		選				50		2		ZU52/ZU6E/ZU6G/ZU73
	AU30						10	0.20		體育系（學）		PEC9005			0		2.0				115	半			Athletic Training Practicum (II)			0065			0	N			9		◎必須先修過【PEC9004  運動防護實習（一）】			0			黃昱倫	大碩	三 A-B 和平 體002	運動防護實習（二）						0		選				50		2		
	AU30						10	0.14		體育系（學）		PEU0018			0		2.0				115	半			History of Physical Education			0066			0	N								0			林玫君		四 6-7 和平 金牌講堂	體育史	一			1		0		必				70		2		
	AU30						10	0.20		體育系（學）		PEU0148			0		2.0				115	半			Physical Fitness </br>[ Program: The Inter-disciplinary Program of Strength and Conditioning The Specialization Program of Exercise and Health Instruction ]			0067			0	N								0			劉宏文		三 8-9 和平 重量訓練室一	體適能 </br>[ 學分學程：肌力與體能訓練學分學程 運動健康指導專業學分學程 ]	一			1		0		必				50		2		ZU52/ZU6E
	AU30						10	0.20		體育系（學）		PEU0243			0		2.0				115	半			Track and Field (II)	F		0068			0	N	F				◎限女生修◎必須先修過【PEU0277  田徑（一）】			0			林淑惠		一 6-7 和平 操場一	田徑（二）	一			1		0		選				50		2		
	AU30						10	0.20		體育系（學）		PEU0243			0		2.0				115	半			Track and Field (II)	M		0069			0	N	M				◎限男生修◎必須先修過【PEU0277  田徑（一）】			0			詹俊成		四 8-9 和平 操場一	田徑（二）	一			1		0		選				50		2		
	AU30						10	0.20		體育系（學）		PEU0255			0		2.0				115	半			Baseball (Softball) (II)	F		0070			0	N	F				◎限女生修◎必須先修過【PEU0254  棒（壘）球（一）】			0			未定		一 3-4 公館 操場二	棒（壘）球（二）	一			1		0		選				50		2		
	AU30						10	0.20		體育系（學）		PEU0255			0		2.0				115	半			Baseball (Softball) (II)	M		0071			0	N	M				◎限男生修◎必須先修過【PEU0254  棒（壘）球（一）】			0			未定		二 3-4 和平 操場一	棒（壘）球（二）	一			1		0		選				50		2		
	AU30						10	0.20		體育系（學）		PEU0264			0		2.0				115	半			Swimming (II)	F		0072			0	N	F				◎限女生修◎必須先修過【PEU0263  游泳（一）】			0			未定		三 6-7 和平 游泳館1F大泳池	游泳（二）	一			1		0		必				50		2		
	AU30						10	0.20		體育系（學）		PEU0264			0		2.0				115	半			Swimming (II)	M		0073			0	N	M				◎限男生修◎必須先修過【PEU0263  游泳（一）】			0			未定		二 6-7 和平 游泳館1F大泳池	游泳（二）	一			1		0		必				50		2		
	AU30						10	0.20		體育系（學）		PEU0270			0		2.0				115	半			Table Tennis (II)	F		0074			0	N	F				◎限女生修◎必須先修過【PEU0269  桌球（一）】			0			林靜萍		二 6-7 和平 桌球室	桌球（二）	一			1		0		選				50		2		
	AU30						10	0.20		體育系（學）		PEU0270			0		2.0				115	半			Table Tennis (II)	M		0075			0	N	M				◎限男生修◎必須先修過【PEU0269  桌球（一）】			0			王傑賢		一 6-7 和平 桌球室	桌球（二）	一			1		0		選				50		2		
	AU30						10	0.20		體育系（學）		PEU0275			0		2.0				115	半			Gymnastics (II)	F		0076			0	N	F				◎限女生修◎必須先修過【PEU0274  體操（一）】			0			張琪		二 3-4 和平 體操房	體操（二）	一			1		0		選				50		2		
	AU30						10	0.20		體育系（學）		PEU0275			0		2.0				115	半			Gymnastics (II)	M		0077			0	N	M				◎限男生修◎必須先修過【PEU0274  體操（一）】			0			張琪		一 3-4 和平 體操房	體操（二）	一			1		0		選				50		2		
	AU30						10	0.20		體育系（學）		PEU0291			0		2.0				115	半			Introduction of Athletic Training </br>[ Program: The Specialization Program of Athletic Training The Inter-disciplinary Program of Injury Prevention and Athletic Training The Specialization Program of Sports Sciences ]			0078			0	N					◎初選 運動傷害防護學分學程 研究生得下修			0			黃昱倫		一 8-9 和平 金牌講堂	運動防護導論 </br>[ 學分學程：運動防護專業學分學程 運動傷害防護學分學程 運動科學專業學分學程 ]	一			1		0		選				50		2		ZU6G/ZU73/ZU8R
	AU30						10	0.20		體育系（學）		PEU2001			0		2.0				115	半			Anatomy for Sport </br>[ Program: The Inter-disciplinary Program of Strength and Conditioning The Specialization Program of Exercise and Health Instruction The Specialization Program of Athletic Training The Inter-disciplinary Program of Injury Prevention and Athletic Training The Specialization Program of Sports Sciences ]			0079			0	N					◎初選 運動傷害防護學分學程 研究生得下修			0			王宏豪		四 3-4 和平 金牌講堂	運動解剖學 </br>[ 學分學程：肌力與體能訓練學分學程 運動健康指導專業學分學程 運動防護專業學分學程 運動傷害防護學分學程 運動科學專業學分學程 ]	一			1		0		選				50		2		ZU52/ZU6E/ZU6G/ZU73/ZU8R
	AU30						10	0.13		體育系（學）		PEU0007			0		2.0				115	半			Sport Psychology </br>[ Program: The Inter-disciplinary Program of Sports Leadership The Specialization Program of Exercise and Health Instruction The Inter-disciplinary Program of Injury Prevention and Athletic Training The Specialization Program of Sports Sciences ]			0080			0	N								0			洪聰敏		四 1-2 和平 金牌講堂	運動心理學 </br>[ 學分學程：運動領導學分學程 運動健康指導專業學分學程 運動傷害防護學分學程 運動科學專業學分學程 ]	二			2		0		必				80		2		ZU6E/ZU73/ZU8R/ZU9W
	AU30						10	0.20		體育系（學）		PEU0023			0		2.0				115	半			Weight Training </br>[ Program: The Specialization Program of Exercise and Health Instruction ]			0081			0	N								0			詹俊成		一 8-9 和平 重量訓練室一	重量訓練 </br>[ 學分學程：運動健康指導專業學分學程 ]	二			2		0		選				50		2		ZU6E
	AU30						10	0.13		體育系（學）		PEU0030			0		2.0				115	半			Biomechanics of Sport </br>[ Program: The Inter-disciplinary  Program of Sports Technology The Inter-disciplinary Program of Strength and Conditioning The Specialization Program of Exercise and Health Instruction The Inter-disciplinary Program of Injury Prevention and Athletic Training The Specialization Program of Sports Sciences ]			0082			0	N								0			李恆儒		一 3-4 和平 金牌講堂	運動生物力學 </br>[ 學分學程：運動科技學分學程 肌力與體能訓練學分學程 運動健康指導專業學分學程 運動傷害防護學分學程 運動科學專業學分學程 ]	二			2		0		必				80		2		ZU39/ZU52/ZU6E/ZU73/ZU8R
	AU30						10	0.20		體育系（學）		PEU0040			0		2.0				115	半			Management of Sport Facility </br>[ Program: The Inter-disciplinary Program of Sports Leadership The Inter-disciplinary Program of Sports Industry Management The Specialization Program of the Sports Industry Manager ]			0083			0	N								0			王傑賢 未定		四 8-9 和平 金牌講堂	運動場館規劃經營管理 </br>[ 學分學程：運動領導學分學程 運動產業經營管理學分學程 運動產業經理人專業學分學程 ]	二			2		0		選				50		2		ZU33/ZU6F/ZU9W
	AU30						10	0.20		體育系（學）		PEU0082			0		2.0				115	半			Handball (II)			0084			0	N					◎必須先修過【PEU0081  手球（一）】			0			未定		二 8-9 和平 體育館一4F	手球（二）	二			2		0		選				50		2		
	AU30						10	0.20		體育系（學）		PEU0213			2		2.0				115	半			Introduction to Adapted Physical Education			0085			0	N								0			潘正宸		一 8-9 和平 體002	適應體育概論	二			2		0		選				50		2		
	AU30						10	0.20		體育系（學）		PEU0246			0		2.0				115	半			Basketball (II)	F		0086			0	N	F	是			◎限女生修◎必須先修過【PEU0245  籃球（一）】			0			掌慶維		四 6-7 和平 體育館一4F	籃球（二）	二			2		0		選				50		2		
	AU30						10	0.20		體育系（學）		PEU0246			0		2.0				115	半			Basketball (II)	M		0087			0	N	M	是			◎限男生修◎必須先修過【PEU0245  籃球（一）】			0			掌慶維		四 3-4 和平 體育館一4F	籃球（二）	二			2		0		選				50		2		
	AU30						10	0.20		體育系（學）		PEU0249			0		2.0				115	半			Volleyball (II)	F		0088			0	N	F				◎限女生修◎必須先修過【PEU0248  排球（一）】			0			未定		二 3-4 和平 體育館一4F	排球（二）	二			2		0		選				50		2		
	AU30						10	0.20		體育系（學）		PEU0249			0		2.0				115	半			Volleyball (II)	M		0089			0	N	M				◎限男生修◎必須先修過【PEU0248  排球（一）】			0			未定		二 1-2 和平 體育館一4F	排球（二）	二			2		0		選				50		2		
	AU30						10	0.20		體育系（學）		PEU0258			0		2.0				115	半			Tennis (II)	F		0090			0	N	F				◎限女生修◎必須先修過【PEU0257  網球（一）】			0			陳勇志		四 3-4 公館 網球場二	網球（二）	二			2		0		選				50		2		
	AU30						10	0.20		體育系（學）		PEU0258			0		2.0				115	半			Tennis (II)	M		0091			0	N	M				◎限男生修◎必須先修過【PEU0257  網球（一）】			0			陳勇志		四 6-7 公館 網球場二	網球（二）	二			2		0		選				50		2		
	AU30						10	0.20		體育系（學）		PEU0261			0		2.0				115	半			Wu-Shu (II)	F		0092			0	N	F	是			◎限女生修◎必須先修過【PEU0260  武術（一）】			0			張育愷		二 1-2 和平 武術房一	武術（二）	二			2		0		選				50		2		
	AU30						10	0.20		體育系（學）		PEU0261			3		2.0				115	半			Wu-Shu (II)	M		0093			0	N	M	是			◎限男生修◎必須先修過【PEU0260  武術（一）】			0			Philip X. Fuchs		二 3-4 和平 武術房一	武術（二）	二			2		0		選				50		2		
	AU30						10	0.20		體育系（學）		PEU0267			0		2.0				115	半			Badminton (II)	F		0094			0	N	F				◎限女生修◎必須先修過【PEU0266  羽球（一）】			0			潘光敏		五 6-7 和平 體育館一4F	羽球（二）	二			2		0		選				50		2		
	AU30						10	0.20		體育系（學）		PEU0267			0		2.0				115	半			Badminton (II)	M		0095			0	N	M				◎限男生修◎必須先修過【PEU0266  羽球（一）】			0			蔡虔祿		五 3-4 和平 體育館一4F	羽球（二）	二			2		0		選				50		2		
	AU30						10	0.20		體育系（學）		PEU0273			0		2.0				115	半			Dancing (II)			0096			0	N					◎必須先修過【PEU0272  舞蹈（一）】			0			未定		一 6-7 和平 大韻律教室	舞蹈（二）	二			2		0		選				50		2		
	AU30						10	0.20		體育系（學）		PEU0293			5		2.0				115	半			Health Management </br>[ Program: The Specialization Program of Exercise and Health Instruction The Specialization Program of Athletic Training The Inter-disciplinary Program of Injury Prevention and Athletic Training The Specialization Program of Sports Sciences ]			0097			0	N		是			◎初選 運動傷害防護學分學程 研究生得下修			0			陳勇志		三 3-4 和平 體003	健康管理 </br>[ 學分學程：運動健康指導專業學分學程 運動防護專業學分學程 運動傷害防護學分學程 運動科學專業學分學程 ]	二			2		0		選				50		2		ZU6E/ZU6G/ZU73/ZU8R
	AU30						10	0.20		體育系（學）		PEU0294			0		2.0				115	半			Sports Massage </br>[ Program: The Specialization Program of Exercise and Health Instruction The Specialization Program of Athletic Training The Inter-disciplinary Program of Injury Prevention and Athletic Training ]			0098			0	N					◎初選 運動傷害防護學分學程 研究生得下修 ◎必須先修過【PEU2001  運動解剖學】、【PEU0313  臨床解剖肌動學】其中一門			0			黃昱倫		二 6-7 和平 體003	運動推拿指壓學 </br>[ 學分學程：運動健康指導專業學分學程 運動防護專業學分學程 運動傷害防護學分學程 ]	二			2		0		選				50		2		ZU6E/ZU6G/ZU73
	AU30						10	0.20		體育系（學）		PEU0312			0		2.0				115	半			Introduction to Sport Technology </br>[ Program: The Inter-disciplinary  Program of Sports Technology The Specialization Program of Sports Sciences ]			0099			0	N		是						0			Philip X. Fuchs		三 8-9 和平 體002	運動科技概論 </br>[ 學分學程：運動科技學分學程 運動科學專業學分學程 ]	二			2		0		選				50		2		ZU39/ZU8R
	AU30						10	0.20		體育系（學）		PEU0314			0		2.0				115	半			Physical Examination and Practice </br>[ Program: The Specialization Program of Athletic Training ]			0100			0	N					◎必須先修過【PEU0193  人體解剖生理學】、【PEU0067  運動傷害與防護】			0			未定		二 A-B 和平 體003	身體檢查與實踐 </br>[ 學分學程：運動防護專業學分學程 ]	二			2		0		選				50		2		ZU6G
	AU30						10	0.20		體育系（學）		PEU3003			0		2.0				115	半			Sport Pedagogy			0101			0	N								0			掌慶維		二 6-7 和平 體001	運動教育學	二			2		0		選				50		2		
	AU30						10	0.20		體育系（學）		PEU0031			0		2.0				115	半			Physical Conditioning </br>[ Program: The Inter-disciplinary Program of Outdoor Adventure Leadership The Specialization Program of Sports Sciences ]			0102			0	N								0			林淑惠		四 8-9 和平 體002	體能訓練法 </br>[ 學分學程：戶外探索領導學分學程 運動科學專業學分學程 ]	三			3		0		選				50		2		ZU66/ZU8R
	AU30						10	0.20		體育系（學）		PEU0096			0		2.0				115	半			Management of Sport Finance </br>[ Program: The Specialization Program of the Sports Industry Manager ]			0103			0	N								0			朱文增		一 6-7 和平 體001	運動財務管理 </br>[ 學分學程：運動產業經理人專業學分學程 ]	三			3		0		選				50		2		ZU6F
	AU30						10	0.20		體育系（學）		PEU0122			0		2.0				115	半			Chinese Folk Sport (II)			0104			0	N								0			未定		五 3-4 和平 武術房一	民俗運動（二）	三			3		0		選				50		2		
	AU30						10	0.20		體育系（學）		PEU0129			0		2.0				115	半			Track and Field (IV)			0105			0	N					◎必須先修過【PEU0244  田徑（三）】			0			林淑惠		一 8-9 和平 操場一	田徑（四）	三			3		0		選				50		2		
	AU30						10	0.20		體育系（學）		PEU0174			0		2.0				115	半			Basketball (IV)			0106			0	N					◎必須先修過【PEU0247  籃球（三）】			0			施登堯		一 1-2 和平 體育館一4F	籃球（四）	三			3		0		選				50		2		
	AU30						10	0.20		體育系（學）		PEU0200			0		2.0				115	半			Volleyball (IV)			0107			0	N					◎必須先修過【PEU0250  排球（三）】			0			未定		一 6-7 和平 體育館一4F	排球（四）	三			3		0		選				50		2		
	AU30						10	0.20		體育系（學）		PEU0202			0		1.0				115	半			Sport Specialty Training (II)			0108			0	N								0			張育愷		二 10 和平 體001	運動專長訓練（二）	三			3		0		選				50		2		
	AU30						10	0.20		體育系（學）		PEU0221			0		2.0				115	半			Baseball (Softball) (IV)			0109			0	N					◎必須先修過【PEU0256  棒（壘）球（三）】			0			陳妙怡		三 6-7 公館 操場二	棒（壘）球（四）	三			3		0		選				50		2		
	AU30						10	0.20		體育系（學）		PEU0233			0		2.0				115	半			Badminton (IV)			0110			0	N					◎必須先修過【PEU0268  羽球（三）】			0			徐孟達		四 1-2 和平 體育館一4F	羽球（四）	三			3		0		選				50		2		
	AU30						10	0.20		體育系（學）		PEU0236			0		2.0				115	半			Table Tennis (IV)			0111			0	N					◎必須先修過【PEU0271  桌球（三）】			0			林慶宏		四 6-7 和平 桌球室	桌球（四）	三			3		0		選				50		2		
	AU30						10	0.20		體育系（學）		PEU0290			0		2.0				115	半			Economics of Sport </br>[ Program: The Inter-disciplinary Program of Sports Industry Management The Specialization Program of the Sports Industry Manager ]			0112			0	N								0			王傑賢 未定		一 8-9 和平 體001	運動經濟學 </br>[ 學分學程：運動產業經營管理學分學程 運動產業經理人專業學分學程 ]	三			3		0		選				50		2		ZU33/ZU6F
	AU30						10	0.20		體育系（學）		PEU0297			0		2.0				115	半			Therapeutic Exercise			0113			0	N					◎必須先修過【PEU0296  運動傷害評估學】、【PEU0314  身體檢查與實踐】其中一門			0			李恆儒		二 3-4 和平 體001	運動治療學	三			3		0		選				50		2		
	AU30						10	0.20		體育系（學）		PEU0298			0		2.0				115	半			Management of Athletic Training and Health </br>[ Program: The Specialization Program of the Sports Industry Manager The Specialization Program of Athletic Training The Inter-disciplinary Program of Injury Prevention and Athletic Training ]			0114			0	N					◎初選 運動傷害防護學分學程 研究生得下修			0			黃昱倫		二 8-9 和平 體003	運動保健之經營與管理 </br>[ 學分學程：運動產業經理人專業學分學程 運動防護專業學分學程 運動傷害防護學分學程 ]	三			3		0		選				50		2		ZU6F/ZU6G/ZU73
	AU30						10	0.20		體育系（學）		PEU0316			0	是	2.0				115	半	未定		Athletic Training Laboratory and Clinical Observation			0115			0	N					◎必須先修過【PEU0292  運動貼紮與臨床實作】、【PEU0294  運動推拿指壓學】、【PEU0314  身體檢查與實踐】、【PEU0315  實證運動防護復健與訓練】			0			未定		五 6-9 和平 體003	運動防護實驗與見習	三			3		0		選				50		2		
	AU30						10	0.20		體育系（學）		PEU2003			0		2.0				115	半			Sport Officiating			0116			0	N								0			徐孟達		三 8-9 和平 體003	運動裁判法	三			3		0		選				50		2		
	AU30						10	0.20		體育系（學）		PEU3007			0		2.0				115	半			Physical Education Curriculum Design			0117			0	N								0			掌慶維		二 8-9 和平 體001	體育課程設計	三			3		0		選				50		2		
	AU30						10	0.20		體育系（學）		PEU4019			0		1.0				115	半			Physical Education Professional Service			0118			0	N								0			劉宏文		三 5 和平 教室自排	體育專業服務	三			3		0		必				50		2		
	AU30						10	0.20		體育系（學）		PEUE209			0		2.0				115	半			Teaching Practicum: Physical Education (I)			0119			0	N					◎限 二階生 教育學程生 不佔名額生 登記修習生 可修◎必須先修過【PEUE101  體育教材教法（教）】、【PEU3003  運動教育學】			0			施登堯 未定		五 6-9 和平 體001	體育教學實習（一）（教）	三			3		0		選				50		2		
	AU30						10	0.20		體育系（學）		PEU0115			0		2.0				115	半			Physical Activity and Aging </br>[ Program: The Specialization Program of Exercise and Health Instruction ]			0121			0	N								0			王宏豪		四 6-7 和平 體002	身體活動與老化 </br>[ 學分學程：運動健康指導專業學分學程 ]	四			4		0		選				50		2		ZU6E
	AU30						10	0.20		體育系（學）		PEU0123			0		2.0				115	半			Yoga			0122			0	N								0			未定		一 6-7 和平 小韻律教室	瑜珈	四			4		0		選				50		2		
	AU30						10	0.20		體育系（學）		PEU0199			0		2.0				115	半			Basketball (VI)			0123			0	N					◎必須先修過【PEU0186  籃球（五）】			0			施登堯		三 8-9 和平 體育館一4F	籃球（六）	四			4		0		選				50		2		
	AU30						10	0.20		體育系（學）		PEU0207			0		2.0				115	半			Introduction to Health and Physical Education </br>[ Program: The Inter-disciplinary Program of Cultivating Seniors Service Talent in Community ]			0124			0	N								0			陳信亨 廖容瑜		二 8-9 和平 金牌講堂	健康與體育概論 </br>[ 學分學程：社區高齡者服務人才培力學分學程 ]	四			4		0		選				50		2		ZU98
	AU30						10	0.20		體育系（學）		PEU0238			0		2.0				115	半			Table Tennis (VI)			0125			0	N					◎必須先修過【PEU0237  桌球（五）】			0			林慶宏		二 3-4 和平 桌球室	桌球（六）	四			4		0		選				50		2		
	AU30						10	0.20		體育系（學）		PEU0305			0		2.0				115	半			Golf			0126			0	N								0			未定		一 3-4 和平 體001	高爾夫	四			4		0		選				50		2		
	AU32						10	0.20		競技系（學）		FPU0008			0		2.0				115	半			Sports Injuries and First Aids </br>[ Program: The Inter-disciplinary Program of Cultivating Seniors Service Talent in Community ]			0127			0	N								0			李恆儒		二 6-7 公館 無可用教室	運動傷害與急救 </br>[ 學分學程：社區高齡者服務人才培力學分學程 ]						0		選				50		2		ZU98
	AU32						10	0.20		競技系（學）		FPU0022			0		2.0				115	半			Introduction to Recreation </br>[ Program: The Inter-disciplinary Program of Cultivating Seniors Service Talent in Community ]			0128			0	N								0			李建興		二 6-7 公館 體育館二3樓會議室	休閒活動概論 </br>[ 學分學程：社區高齡者服務人才培力學分學程 ]						0		選				50		2		ZU98
	AU32						10	0.20		競技系（學）		FPU0153			0		2.0				115	半			Gymnastics (II) </br>[ Program: The Specialization Program of Sports Skill Training ]	F		0129			0	N					◎必須先修過【FPU0250  體操（一）】			0			未定		三 8-9 和平 體操房	體操（二） </br>[ 學分學程：運動技能訓練專業學分學程 ]						0		選				50		2		ZU7U
	AU32						10	0.20		競技系（學）		FPU0154			0		2.0				115	半			Swimming (II)	F		0130			0	N		是			◎必須先修過【FPU0240  游泳（一）】			0			利安琪		一 3-4 和平 游泳館1F大泳池	游泳（二）						0		選				50		2		
	AU32						10	0.20		競技系（學）		FPU0154			0		2.0				115	半			Swimming (II)	M		0131			0	N		是			◎必須先修過【FPU0240  游泳（一）】			0			利安琪		一 1-2 和平 游泳館1F大泳池	游泳（二）						0		選				50		2		
	AU32						10	0.20		競技系（學）		FPU0155			0		2.0				115	半			Dance (II) </br>[ Program: The Specialization Program of Sports Skill Training ]			0132			0	N					◎必須先修過【FPU0241  舞蹈（一）】			0			未定		三 6-7 和平 大韻律教室	舞蹈（二） </br>[ 學分學程：運動技能訓練專業學分學程 ]						0		選				50		2		ZU7U
	AU32						10	0.20		競技系（學）		FPU0164			0		2.0				115	半			Tennis (II) </br>[ Program: The Specialization Program of Sports Skill Training ]			0133			0	N		是			◎必須先修過【FPU0246  網球（一）】			0			林岱樵		五 6-7 公館 網球場二	網球（二） </br>[ 學分學程：運動技能訓練專業學分學程 ]						0		選				50		2		ZU7U
	AU32						10	0.20		競技系（學）		FPU0238			0		2.0				115	半			The Principle of Physical Education			0134			0	N								0			未定		三 10-A 公館 研003	體育學原理						0		選				50		2		
	AU32						10	0.20		競技系（學）		FPU0239			0		2.0				115	半			Measurement and Evaluation in Physical Education			0135			0	N								0			劉錦璋		一 3-4 公館 無可用教室	體育測驗與評量						0		選				50		2		
	AU32						10	0.20		競技系（學）		FPU0338			0		2.0				115	半			Physical Education Curriculum Design			0136			0	N								0			陳信亨		二 1-2 公館 體育館二3樓會議室	體育課程設計						0		選				50		2		
	AU32						10	0.20		競技系（學）		FPU0339			0		2.0				115	半			Sport Pedagogy </br>[ Program: The Specialization Program of Sports Humanities and Social Practice ]			0137			0	N								0			陳信亨		三 A-B 公館 體育館二3樓會議室	運動教育學 </br>[ 學分學程：運動人文與社會實踐專業學分學程 ]						0		選				50		2		ZU7T
	AU32						10	0.20		競技系（學）		FPU0341			0		2.0				115	半			Taekwondo (II) </br>[ Program: The Specialization Program of Sports Skill Training ]			0138			0	N					◎必須先修過【FPU0340  跆拳道（一）】			0			黃珮昀		一 3-4 公館 體育館二1樓	跆拳道（二） </br>[ 學分學程：運動技能訓練專業學分學程 ]						0		選				50		2		ZU7U
	AU32						10	0.20		競技系（學）		FPU0344			0	是	4.0				115	半	蔡於儒		Sport Specialties: Field Events </br>[ Program: The Specialization Program of Sports Skill Training ]			0139			0	N					◎限本系(含雙主修)修習   允許重複修			0			蔡於儒		一 8-9 公館 操場二, 二 8-9 公館 操場二, 四 8-9 公館 操場二, 五 8-9 公館 操場二	運動專長術科：田賽 </br>[ 學分學程：運動技能訓練專業學分學程 ]						0		必				50	因安全考量，以本系學生為優先修習對象。外系學生如預計修習本課程，請事先取得本系系主任及授課教師同意。	2		ZU7U
	AU32						10	0.20		競技系（學）		FPU0345			0	是	4.0				115	半	林凡恩		Sport Specialties: Track Events </br>[ Program: The Specialization Program of Sports Skill Training ]			0140			0	N					◎限本系(含雙主修)修習   允許重複修			0			林凡恩		一 8-9 公館 操場二, 二 8-9 公館 操場二, 四 8-9 公館 操場二, 五 8-9 公館 操場二	運動專長術科：徑賽 </br>[ 學分學程：運動技能訓練專業學分學程 ]						0		必				50	因安全考量，以本系學生為優先修習對象。外系學生如預計修習本課程，請事先取得本系系主任及授課教師同意。	2		ZU7U
	AU32						10	0.20		競技系（學）		FPU0346			0	是	4.0				115	半	石明宗 李秉鴻		Sport Specialties: Men Basketball </br>[ Program: The Specialization Program of Sports Skill Training ]			0141			0	N		是			◎限本系(含雙主修)修習   允許重複修			0			石明宗 李秉鴻		一 8-9 和平 體育館一4F, 二 8-9 公館 體育館二3樓, 四 8-9 和平 體育館一4F, 五 8-9 公館 體育館二3樓	運動專長術科：男子籃球 </br>[ 學分學程：運動技能訓練專業學分學程 ]						0		必				50	因安全考量，以本系學生為優先修習對象。外系學生如預計修習本課程，請事先取得本系系主任及授課教師同意。	2		ZU7U
	AU32						10	0.20		競技系（學）		FPU0347			0	是	4.0				115	半	梁嘉音		Sport Specialties: Women Basketball </br>[ Program: The Specialization Program of Sports Skill Training ]			0142			0	N					◎限本系(含雙主修)修習   允許重複修			0			梁嘉音		一 8-9 和平 體育館一4F, 二 8-9 公館 體育館二3樓, 四 8-9 公館 體育館二3樓, 五 8-9 公館 體育館二3樓	運動專長術科：女子籃球 </br>[ 學分學程：運動技能訓練專業學分學程 ]						0		必				50	因安全考量，以本系學生為優先修習對象。外系學生如預計修習本課程，請事先取得本系系主任及授課教師同意。	2		ZU7U
	AU32						10	0.20		競技系（學）		FPU0348			0	是	4.0				115	半	陳妙怡		Sport Specialties: Softball </br>[ Program: The Specialization Program of Sports Skill Training ]			0143			0	N					◎限本系(含雙主修)修習   允許重複修			0			陳妙怡		一 8-9 公館 操場二, 二 8-9 公館 操場二, 四 8-9 公館 操場二, 五 8-9 公館 操場二	運動專長術科：壘球 </br>[ 學分學程：運動技能訓練專業學分學程 ]						0		必				50	因安全考量，以本系學生為優先修習對象。外系學生如預計修習本課程，請事先取得本系系主任及授課教師同意。	2		ZU7U
	AU32						10	0.20		競技系（學）		FPU0349			0	是	4.0				115	半	未定		Sport Specialties: Female Soccer </br>[ Program: The Specialization Program of Sports Skill Training ]			0144			0	N					◎限本系(含雙主修)修習   允許重複修			0			未定		一 8-9 公館 操場二, 二 8-9 公館 操場二, 四 8-9 公館 操場二, 五 8-9 公館 操場二	運動專長術科：女子足球 </br>[ 學分學程：運動技能訓練專業學分學程 ]						0		必				50	因安全考量，以本系學生為優先修習對象。外系學生如預計修習本課程，請事先取得本系系主任及授課教師同意。	2		ZU7U
	AU32						10	0.20		競技系（學）		FPU0350			0	是	4.0				115	半	張恩崇		Sport Specialties: Man Volleyball </br>[ Program: The Specialization Program of Sports Skill Training ]			0145			0	N					◎限本系(含雙主修)修習   允許重複修			0			張恩崇		一 8-9 公館 體育館二3樓, 二 8-9 公館 體育館二3樓, 四 8-9 公館 體育館二3樓, 五 8-9 公館 體育館二3樓	運動專長術科：男子排球 </br>[ 學分學程：運動技能訓練專業學分學程 ]						0		必				50	因安全考量，以本系學生為優先修習對象。外系學生如預計修習本課程，請事先取得本系系主任及授課教師同意。	2		ZU7U
	AU32						10	0.20		競技系（學）		FPU0351			0	是	4.0				115	半	未定		Sport Specialties: Women Volleyball </br>[ Program: The Specialization Program of Sports Skill Training ]			0146			0	N					◎限本系(含雙主修)修習   允許重複修			0			未定		一 10-A 公館 體育館二3樓, 二 10-A 公館 體育館二3樓, 四 10-A 公館 體育館二3樓, 五 10-A 公館 體育館二3樓	運動專長術科：女子排球 </br>[ 學分學程：運動技能訓練專業學分學程 ]						0		必				50	因安全考量，以本系學生為優先修習對象。外系學生如預計修習本課程，請事先取得本系系主任及授課教師同意。	2		ZU7U
	AU32						10	0.20		競技系（學）		FPU0352			0	是	4.0				115	半	李佳融 未定		Sport Specialties: Taekwondo </br>[ Program: The Specialization Program of Sports Skill Training ]			0147			0	N					◎限本系(含雙主修)修習   允許重複修			0			李佳融 未定		一 10-A 公館 體育館二B1, 二 10-A 公館 體育館二B1, 四 10-A 公館 體育館二B1, 五 10-A 公館 體育館二B1	運動專長術科：跆拳道 </br>[ 學分學程：運動技能訓練專業學分學程 ]						0		必				50	因安全考量，以本系學生為優先修習對象。外系學生如預計修習本課程，請事先取得本系系主任及授課教師同意。	2		ZU7U
	AU32						10	0.20		競技系（學）		FPU0353			0	是	4.0				115	半	黃珮昀		Sport Specialties: Taekwondo Poom-Sae </br>[ Program: The Specialization Program of Sports Skill Training ]			0148			0	N					◎限本系(含雙主修)修習   允許重複修			0			黃珮昀		一 8-9 公館 體育館二B1, 二 8-9 公館 體育館二B1, 四 8-9 公館 體育館二B1, 五 8-9 公館 體育館二B1	運動專長術科：跆拳道品勢 </br>[ 學分學程：運動技能訓練專業學分學程 ]						0		必				50	因安全考量，以本系學生為優先修習對象。外系學生如預計修習本課程，請事先取得本系系主任及授課教師同意。	2		ZU7U
	AU32						10	0.20		競技系（學）		FPU0354			0	是	4.0				115	半	未定		Sport Specialties: Weight Lifting </br>[ Program: The Specialization Program of Sports Skill Training ]			0149			0	N					◎限本系(含雙主修)修習   允許重複修			0			未定		一 10-A 公館 教室自排, 二 10-A 公館 教室自排, 四 10-A 公館 教室自排, 五 10-A 公館 教室自排	運動專長術科：舉重 </br>[ 學分學程：運動技能訓練專業學分學程 ]						0		必				50	因安全考量，以本系學生為優先修習對象。外系學生如預計修習本課程，請事先取得本系系主任及授課教師同意。	2		ZU7U
	AU32						10	0.40		競技系（學）		FPU0355			0	是	4.0				115	半	未定		Sport Specialties: Archery </br>[ Program: The Specialization Program of Sports Skill Training ]			0150			0	N					◎限本系(含雙主修)修習   允許重複修			0			未定		一 8-9 公館 教室自排, 二 8-9 公館 教室自排, 四 8-9 公館 教室自排, 五 8-9 公館 教室自排	運動專長術科：射箭 </br>[ 學分學程：運動技能訓練專業學分學程 ]						0		必				50	因安全考量，以本系學生為優先修習對象。外系學生如預計修習本課程，請事先取得本系系主任及授課教師同意。	2		ZU7U
	AU32						10	0.20		競技系（學）		FPU0356			0	是	4.0				115	半	何仁育 未定		Sport Specialties: Other Sport Events </br>[ Program: The Specialization Program of Sports Skill Training ]			0151			0	N					◎限本系(含雙主修)修習   允許重複修			0			何仁育 未定		一 8-9 公館 操場二, 二 8-9 公館 操場二, 四 8-9 公館 操場二, 五 8-9 公館 操場二	運動專長術科：其它 </br>[ 學分學程：運動技能訓練專業學分學程 ]						0		必				50	因安全考量，以本系學生為優先修習對象。外系學生如預計修習本課程，請事先取得本系系主任及授課教師同意。	2		ZU7U
	AU32						10	0.20		競技系（學）		FPU0357			0	是	4.0				115	半	林岱樵		Sport Specialties: Tennis </br>[ Program: The Specialization Program of Sports Skill Training ]			0152			0	N		是			◎限本系(含雙主修)修習   允許重複修			0			林岱樵		一 8-9 公館 網球場二, 二 8-9 公館 網球場二, 四 8-9 公館 網球場二, 五 8-9 公館 網球場二	運動專長術科：網球 </br>[ 學分學程：運動技能訓練專業學分學程 ]						0		必				50	因安全考量，以本系學生為優先修習對象。外系學生如預計修習本課程，請事先取得本系系主任及授課教師同意。	2		ZU7U
	AU32						10	0.20		競技系（學）		FPU0358			0	是	4.0				115	半	未定		Sport Specialties: Gymnastics </br>[ Program: The Specialization Program of Sports Skill Training ]			0153			0	N					◎限本系(含雙主修)修習   允許重複修			0			未定		一 8-9 和平 體操房, 二 8-9 和平 體操房, 四 8-9 和平 體操房, 五 8-9 和平 體操房	運動專長術科：體操 </br>[ 學分學程：運動技能訓練專業學分學程 ]						0		必				50	因安全考量，以本系學生為優先修習對象。外系學生如預計修習本課程，請事先取得本系系主任及授課教師同意。	2		ZU7U
	AU32						10	0.20		競技系（學）		FPU0359			0		2.0				115	半			Theory and Practice of Strength Training and Conditioning </br>[ Program: The Inter-disciplinary Program of Strength and Conditioning The Specialization Program of Strength and Conditioning Enhancement ]			0154			0	N								0			鄭景峰		二 6-7 公館 研003	肌力與體能訓練理論與實務 </br>[ 學分學程：肌力與體能訓練學分學程 肌力暨體能強化專業學分學程 ]						0		選				50		2		ZU52/ZU7V
	AU32						10	0.20		競技系（學）		FPU0366			0		2.0				115	半			Introduction to Sports Nutrition and Performance </br>[ Program: The Specialization Program of Strength and Conditioning Enhancement ]			0155			0	N		是						0			利安琪		三 3-4 公館 體育館二3樓會議室	運動營養與表現概論 </br>[ 學分學程：肌力暨體能強化專業學分學程 ]						0		選				50		2		ZU7V
	AU32						10	0.20		競技系（學）		PEUE209			0		2.0				115	半			Teaching Practicum: Physical Education (I)			0156			0	N					◎限 二階生 教育學程生 不佔名額生 登記修習生 可修			0			陳信亨 未定		五 1-4 公館 體育館二3樓會議室	體育教學實習（一）（教）						0		選				50		2		
	AU32						10	0.20		競技系（學）		FPC9002			0		2.0				115	半			Practicum of Functional Training </br>[ Program: The Inter-disciplinary Program of Strength and Conditioning The Specialization Program of Strength and Conditioning Enhancement ]			0157			0	N			9					0			何仁育	大碩	四 3-4 公館 重量訓練室二	功能性訓練實務 </br>[ 學分學程：肌力與體能訓練學分學程 肌力暨體能強化專業學分學程 ]						0		選				50		2		ZU52/ZU7V
	AU32						24	0.40		競技系（學）		FPU0001			0		2.0				115	半			Human Anatomy and Physiology </br>[ Program: The Inter-disciplinary Program of Strength and Conditioning The Inter-disciplinary Program of Injury Prevention and Athletic Training The Specialization Program of Strength and Conditioning Enhancement ]			0158			0	N								0			鄭景峰		四 6-7 公館 無可用教室	人體解剖生理學 </br>[ 學分學程：肌力與體能訓練學分學程 運動傷害防護學分學程 肌力暨體能強化專業學分學程 ]	一			1		0		必				60		2		ZU52/ZU73/ZU7V
	AU32						10	0.20		競技系（學）		FPU0032			0		2.0				115	半			History of Physical Education </br>[ Program: The Specialization Program of Sports Humanities and Social Practice ]			0159			0	N								0			李建興		一 6-7 公館 Ｓ501	體育史 </br>[ 學分學程：運動人文與社會實踐專業學分學程 ]	一			1		0		選				50		2		ZU7T
	AU32						10	0.20		競技系（學）		FPU0153			0		2.0				115	半			Gymnastics (II) </br>[ Program: The Specialization Program of Sports Skill Training ]	M		0160			0	N					◎必須先修過【FPU0250  體操（一）】			0			未定		三 6-7 和平 體操房	體操（二） </br>[ 學分學程：運動技能訓練專業學分學程 ]	一			1		0		選				50		2		ZU7U
	AU32						10	0.20		競技系（學）		FPU0162			0		2.0				115	半			Track and Field (II) </br>[ Program: The Specialization Program of Sports Skill Training ]			0161			0	N					◎必須先修過【FPU0244  田徑（一）】			0			蔡於儒		二 3-4 公館 操場二	田徑（二） </br>[ 學分學程：運動技能訓練專業學分學程 ]	一			1		0		選				50		2		ZU7U
	AU32						10	0.20		競技系（學）		FPU0252			0		2.0				115	半			Baseball (II) </br>[ Program: The Specialization Program of Sports Skill Training ]			0162			0	N					◎必須先修過【FPU0251  棒（壘）球（一）】			0			陳妙怡		五 3-4 公館 操場二	棒（壘）球（二） </br>[ 學分學程：運動技能訓練專業學分學程 ]	一			1		0		選				50		2		ZU7U
	AU32						10	0.20		競技系（學）		FPU0254			0		2.0				115	半			Basketball (II) </br>[ Program: The Specialization Program of Sports Skill Training ]	F		0163			0	N					◎必須先修過【FPU0253  籃球（一）】			0			梁嘉音		二 1-2 公館 體育館二3樓	籃球（二） </br>[ 學分學程：運動技能訓練專業學分學程 ]	一			1		0		選				50		2		ZU7U
	AU32						10	0.20		競技系（學）		FPU0254			0		2.0				115	半			Basketball (II) </br>[ Program: The Specialization Program of Sports Skill Training ]	M		0164			0	N					◎必須先修過【FPU0253  籃球（一）】			0			李秉鴻		五 1-2 公館 室外籃球場二	籃球（二） </br>[ 學分學程：運動技能訓練專業學分學程 ]	一			1		0		選				50		2		ZU7U
	AU32						10	0.20		競技系（學）		FPU0363			0		2.0				115	半			Yoga Exercise			0165			0	N								0			未定		三 8-9 和平 大韻律教室	瑜珈運動	一			1		0		選				50		2		
	AU32						10	0.20		競技系（學）		FPU0017			0		2.0				115	半			Physical Fitness and Exercise Prescription </br>[ Program: The Inter-disciplinary Program of Strength and Conditioning The Specialization Program of Strength and Conditioning Enhancement The Inter-disciplinary Program of Cultivating Seniors Service Talent in Community ]			0166			0	N								0			鄭景峰		二 3-4 公館 體育館二3樓會議室	體適能與運動處方 </br>[ 學分學程：肌力與體能訓練學分學程 肌力暨體能強化專業學分學程 社區高齡者服務人才培力學分學程 ]	二			2		0		選				50		2		ZU52/ZU7V/ZU98
	AU32						10	0.20		競技系（學）		FPU0019			0		2.0				115	半			Motor Learning </br>[ Program: The Specialization Program of Sports Skill Training ]			0167			0	N								0			劉有德		三 6-7 公館 體育館二3樓會議室	運動技能學習 </br>[ 學分學程：運動技能訓練專業學分學程 ]	二			2		0		選				50		2		ZU7U
	AU32						10	0.20		競技系（學）		FPU0161			1		2.0				115	半			Volleyball (II) </br>[ Program: The Specialization Program of Sports Skill Training ]			0168			0	N					◎必須先修過【FPU0243  排球（一）】			0			張恩崇		五 3-4 公館 體育館二3樓	排球（二） </br>[ 學分學程：運動技能訓練專業學分學程 ]	二			2		0		選				50		2		ZU7U
	AU32						10	0.20		競技系（學）		FPU0163			0		2.0				115	半			Badminton (II) </br>[ Program: The Specialization Program of Sports Skill Training ]			0169			0	N					◎必須先修過【FPU0245  羽球（一）】			0			李建興		二 3-4 公館 中正堂	羽球（二） </br>[ 學分學程：運動技能訓練專業學分學程 ]	二			2		0		選				50		2		ZU7U
	AU32						10	0.20		競技系（學）		FPU0166			0		2.0				115	半			Table Tennis (II) </br>[ Program: The Specialization Program of Sports Skill Training ]			0170			0	N					◎必須先修過【FPU0248  桌球（一）】			0			林岱樵		四 1-2 和平 桌球室	桌球（二） </br>[ 學分學程：運動技能訓練專業學分學程 ]	二			2		0		選				50		2		ZU7U
	AU32						10	0.20		競技系（學）		FPU0329			0		2.0				115	半			Gymnastics (IV)			0171			0	N					◎必須先修過【FPU0328  體操（三）】			0			未定		三 10-A 和平 體操房	體操（四）	二			2		0		選				50		2		
	AU32						10	0.20		競技系（學）		FPU0038			0		2.0				115	半			Management in Sport Training			0172			0	N								0			張恩崇		四 6-7 公館 體育館二3樓會議室	運動訓練管理學	三			3		0		選				50		2		
	AU32						10	0.20		競技系（學）		FPU0367			0	是	3.0				115	半	蔡於儒		Sports Training (Practical Training)			0173			0	N								0			蔡於儒		一 3-6 公館 體育館二3樓會議室	運動訓練學（含實作）	三			3		0		必				50		2		
	AU32						10	0.20		競技系（學）		FPU0368			0	是	3.0				115	半	李佳融		Sports Coaching (Practical Training)			0174			0	N								0			李佳融		四 1-4 公館 體育館二3樓會議室	運動教練學（含實作）	三			3		0		必				50		2		
	CMK0						5	0.17		AI跨域所（碩）		AIC8012			0		3.0				115	半			AI Systems Demonstration and Implementation			0175			0	N			8		◎課程開放上修			0			未定	碩博	五 7-9 和平 泰順街產創學院會議室	AI系統示範及實作						0		選				30		2		
	CMK0						5	0.17		AI跨域所（碩）		AIC8021			0		3.0				115	半			Generative Ai: Architectures, Engineering, and Full-Stack Applications			0176			0	N		是	8		◎課程開放上修			0			未定	碩博	二 2-4 和平 泰順街產創學院會議室	生成式 AI：架構、開發與系統工程						0		選				30		2		
	CMK0						5	0.17		AI跨域所（碩）		AIC8022			0		3.0				115	半			Advanced Data Mining and Predictive Modeling			0177			0	N			8		◎課程開放上修			0			未定	碩博	三 6-8 和平 泰順街產創學院會議室	進階資料探勘與預測建模						0		選				30		2		
	CMK1						10	0.33		綠能科技所（碩）		GSC8011			0		3.0				115	半			Biorefinery and Green Energy Technology			0178			0	N			8		◎課程開放上修			0			李冠群	碩博	五 6-8 公館 無可用教室	生質精煉與綠能科技						0		選				30		2		
	CU						0	0.00		共同科		00UA844			0		2.0				115	半			Basic Chinese for International Students (II)	A		0179			0	N					◎限外籍生修習			0			未定		一 1-2 公館 Ｓ201	基礎華語（二）						0		選				30	本課程延續【基礎華語(一)】的程度，不適合零基礎之學生選修。原則上不發放授權碼及不開放旁聽。	2		
	CU						0	0.00		共同科		00UA844			0		2.0				115	半			Basic Chinese for International Students (II)	B		0180			0	N					◎限外籍生修習			0			未定		三 8-9 公館 無可用教室	基礎華語（二）						0		選				30	本課程延續【基礎華語(一)】的程度，不適合零基礎之學生選修。原則上不發放授權碼及不開放旁聽。	2		
	CU						0	0.00		共同科		00UA8A1			0		2.0				115	半			Chinese Writing and Expression	A		0181			0	N								0			未定		一 1-2 公館 無可用教室	中文寫作與表達						0		必				37	原則上不發放授權碼。	2		
	CU						0	0.00		共同科		00UA8A1			0		2.0				115	半			Chinese Writing and Expression	B		0182			0	N								0			未定		一 1-2 公館 Ｓ301	中文寫作與表達						0		必				37	原則上不發放授權碼。	2		
	CU						0	0.00		共同科		00UA8A1			0		2.0				115	半			Chinese Writing and Expression	C		0183			0	N								0			李鍑倫		一 1-2 公館 Ｓ304	中文寫作與表達						0		必				37	原則上不發放授權碼。	2		
	CU						0	0.00		共同科		00UA8A1			0		2.0				115	半			Chinese Writing and Expression	D		0184			0	N								0			未定		一 1-2 公館 Ｓ401	中文寫作與表達						0		必				37	原則上不發放授權碼。	2		
	CU						0	0.00		共同科		00UA8A1			0		2.0				115	半			Chinese Writing and Expression	E		0185			0	N								0			未定		一 1-2 公館 Ｓ404	中文寫作與表達						0		必				37	原則上不發放授權碼。	2		
	CU						0	0.00		共同科		00UA8A1			0		2.0				115	半			Chinese Writing and Expression	F		0186			0	N								0			謝秀卉		一 1-2 公館 Ｓ204	中文寫作與表達						0		必				37	原則上不發放授權碼。	2		
	CU						0	0.00		共同科		00UA8A1			0		2.0				115	半			Chinese Writing and Expression	G		0187			0	N					◎限外籍生修習			0			未定		一 1-2 公館 無可用教室	中文寫作與表達						0		必				37	1.原則上不發放授權碼。2.需具備華語B1以上程度。	2		
	CU						0	0.00		共同科		00UA8A2			0		2.0				115	半			Chinese Writing and Expression	A		0188			0	N								0			未定		一 3-4 公館 Ｓ201	中文寫作與表達						0		必				37	原則上不發放授權碼。	2		
	CU						0	0.00		共同科		00UA8A2			0		2.0				115	半			Chinese Writing and Expression	B		0189			0	N								0			未定		一 3-4 公館 Ｓ301	中文寫作與表達						0		必				37	原則上不發放授權碼。	2		
	CU						0	0.00		共同科		00UA8A2			0		2.0				115	半			Chinese Writing and Expression	C		0190			0	N								0			未定		一 3-4 公館 Ｓ401	中文寫作與表達						0		必				37	原則上不發放授權碼。	2		
	CU						0	0.00		共同科		00UA8A2			0		2.0				115	半			Chinese Writing and Expression	D		0191			0	N								0			未定		一 3-4 公館 Ｓ404	中文寫作與表達						0		必				37	原則上不發放授權碼。	2		
	CU						0	0.00		共同科		00UA8A2			0		2.0				115	半			Chinese Writing and Expression	E		0192			0	N								0			謝秀卉		一 3-4 公館 Ｓ204	中文寫作與表達						0		必				37	原則上不發放授權碼。	2		
	CU						0	0.00		共同科		00UA8A2			0		2.0				115	半			Chinese Writing and Expression	F		0193			0	N								0			未定		一 3-4 公館 無可用教室	中文寫作與表達						0		必				37	原則上不發放授權碼。	2		
	CU						0	0.00		共同科		00UA8A2			0		2.0				115	半			Chinese Writing and Expression	G		0194			0	N					◎限競技系（學）選修			0			未定		一 3-4 公館 無可用教室	中文寫作與表達						0		必				72	原則上不發放授權碼。	2		
	CU						0	0.00		共同科		00UA8A3			0		2.0				115	半			Chinese Writing and Expression	A		0195			0	N								0			未定		五 1-2 公館 無可用教室	中文寫作與表達						0		必				37	原則上不發放授權碼。	2		
	CU						0	0.00		共同科		00UA8A3			0		2.0				115	半			Chinese Writing and Expression	B		0196			0	N								0			未定		五 1-2 和平 無可用教室	中文寫作與表達						0		必				37	原則上不發放授權碼。	2		
	CU						0	0.00		共同科		00UA8A3			0		2.0				115	半			Chinese Writing and Expression	C		0197			0	N								0			未定		五 1-2 公館 無可用教室	中文寫作與表達						0		必				37	原則上不發放授權碼。	2		
	CU						0	0.00		共同科		00UA8A3			0		2.0				115	半			Chinese Writing and Expression	D		0198			0	N								0			未定		五 1-2 公館 無可用教室	中文寫作與表達						0		必				37	原則上不發放授權碼。	2		
	CU						0	0.00		共同科		00UA8A3			0		2.0				115	半			Chinese Writing and Expression	E		0199			0	N								0			未定		五 1-2 公館 無可用教室	中文寫作與表達						0		必				37	原則上不發放授權碼。	2		
	CU						0	0.00		共同科		00UA8A3			0		2.0				115	半			Chinese Writing and Expression	F		0200			0	N								0			謝秀卉		五 1-2 公館 無可用教室	中文寫作與表達						0		必				37	原則上不發放授權碼。	2		
	CU						0	0.00		共同科		00UA8A3			0		2.0				115	半			Chinese Writing and Expression	G		0201			0	N								0			未定		五 1-2 公館 無可用教室	中文寫作與表達						0		必				37	原則上不發放授權碼。	2		
	CU						0	0.00		共同科		00UA8A3			0		2.0				115	半			Chinese Writing and Expression	H		0202			0	N								0			未定		五 1-2 公館 無可用教室	中文寫作與表達						0		必				37	原則上不發放授權碼。	2		
	CU						0	0.00		共同科		00UA8A3			0		2.0				115	半			Chinese Writing and Expression	I		0203			0	N								0			未定		五 1-2 公館 無可用教室	中文寫作與表達						0		必				37	原則上不發放授權碼。	2		
	CU						0	0.00		共同科		00UA8A3			0		2.0				115	半			Chinese Writing and Expression	J		0204			0	N								0			未定		五 1-2 公館 Ｓ502	中文寫作與表達						0		必				37	原則上不發放授權碼。	2		
	CU						0	0.00		共同科		00UA8A4			0		2.0				115	半			Chinese Writing and Expression	A		0205			0	N					◎限外籍生修習			0			未定		五 3-4 公館 無可用教室	中文寫作與表達						0		必				37	1.原則上不發放授權碼。2.需具備華語B1以上程度。	2		
	CU						0	0.00		共同科		00UA8A4			0		2.0				115	半			Chinese Writing and Expression	B		0206			0	N								0			未定		五 3-4 公館 無可用教室	中文寫作與表達						0		必				37	原則上不發放授權碼。	2		
	CU						0	0.00		共同科		00UA8A4			0		2.0				115	半			Chinese Writing and Expression	C		0207			0	N								0			未定		五 3-4 公館 無可用教室	中文寫作與表達						0		必				37	原則上不發放授權碼。	2		
	CU						0	0.00		共同科		00UA8A4			0		2.0				115	半			Chinese Writing and Expression	D		0208			0	N								0			未定		五 3-4 公館 無可用教室	中文寫作與表達						0		必				37	原則上不發放授權碼。	2		
	CU						0	0.00		共同科		00UA8A4			0		2.0				115	半			Chinese Writing and Expression	E		0209			0	N								0			謝秀卉		五 3-4 公館 無可用教室	中文寫作與表達						0		必				37	原則上不發放授權碼。	2		
	CU						0	0.00		共同科		00UA8A4			0		2.0				115	半			Chinese Writing and Expression	F		0210			0	N								0			未定		五 3-4 公館 無可用教室	中文寫作與表達						0		必				37	原則上不發放授權碼。	2		
	CU						0	0.00		共同科		00UA8A4			0		2.0				115	半			Chinese Writing and Expression	G		0211			0	N								0			未定		五 3-4 公館 無可用教室	中文寫作與表達						0		必				37	原則上不發放授權碼。	2		
	CU						0	0.00		共同科		00UA8A4			0		2.0				115	半			Chinese Writing and Expression	H		0212			0	N								0			未定		五 3-4 公館 無可用教室	中文寫作與表達						0		必				37	原則上不發放授權碼。	2		
	CU						0	0.00		共同科		00UA8A4			0		2.0				115	半			Chinese Writing and Expression	I		0213			0	N								0			未定		五 3-4 公館 無可用教室	中文寫作與表達						0		必				37	原則上不發放授權碼。	2		
	CU						0	0.00		共同科		00UA8A4			0		2.0				115	半			Chinese Writing and Expression	J		0214			0	N								0			未定		五 3-4 公館 無可用教室	中文寫作與表達						0		必				37	原則上不發放授權碼。	2		
	CU						0	0.00		共同科		00UA8A4			0		2.0				115	半			Chinese Writing and Expression	K		0215			0	N								0			未定		五 3-4 公館 無可用教室	中文寫作與表達						0		必				37	原則上不發放授權碼。	2		
	CU						0	0.00		共同科		00UA8A4			0		2.0				115	半			Chinese Writing and Expression	L		0216			0	N								0			未定		五 3-4 公館 Ｓ502	中文寫作與表達						0		必				37	原則上不發放授權碼。	2		
	CU						0	0.00		共同科		00UA8A5			0		2.0				115	半			Chinese Writing and Expression	A		0217			0	N								0			未定		五 6-7 公館 無可用教室	中文寫作與表達						0		必				37	原則上不發放授權碼。	2		
	CU						0	0.00		共同科		00UA8A5			0		2.0				115	半			Chinese Writing and Expression	B		0218			0	N								0			未定		五 6-7 公館 無可用教室	中文寫作與表達						0		必				37	原則上不發放授權碼。	2		
	CU						0	0.00		共同科		00UA8A5			0		2.0				115	半			Chinese Writing and Expression	C		0219			0	N								0			未定		五 6-7 公館 無可用教室	中文寫作與表達						0		必				37	原則上不發放授權碼。	2		
	CU						0	0.00		共同科		00UA8A5			0		2.0				115	半			Chinese Writing and Expression	D		0220			0	N								0			未定		五 6-7 公館 無可用教室	中文寫作與表達						0		必				37	原則上不發放授權碼。	2		
	CU						0	0.00		共同科		00UA8A5			0		2.0				115	半			Chinese Writing and Expression	E		0221			0	N								0			未定		五 6-7 公館 無可用教室	中文寫作與表達						0		必				37	原則上不發放授權碼。	2		
	CU						0	0.00		共同科		00UA8A5			0		2.0				115	半			Chinese Writing and Expression	F		0222			0	N								0			謝秀卉		五 6-7 公館 無可用教室	中文寫作與表達						0		必				37	原則上不發放授權碼。	2		
	CU						0	0.00		共同科		00UA8A5			0		2.0				115	半			Chinese Writing and Expression	G		0223			0	N								0			未定		五 6-7 公館 無可用教室	中文寫作與表達						0		必				37	原則上不發放授權碼。	2		
	CU						0	0.00		共同科		00UA8A5			0		2.0				115	半			Chinese Writing and Expression	H		0224			0	N								0			未定		五 6-7 公館 無可用教室	中文寫作與表達						0		必				37	原則上不發放授權碼。	2		
	CU						0	0.00		共同科		00UA8A5			0		2.0				115	半			Chinese Writing and Expression	I		0225			0	N								0			未定		五 6-7 公館 Ｓ502	中文寫作與表達						0		必				37	原則上不發放授權碼。	2		
	CU						0	0.00		共同科		00UA8A6			0		2.0				115	半			Chinese Writing and Expression	A		0226			0	N								0			未定		五 8-9 公館 無可用教室	中文寫作與表達						0		必				37	原則上不發放授權碼。	2		
	CU						0	0.00		共同科		00UA8A6			0		2.0				115	半			Chinese Writing and Expression	B		0227			0	N								0			未定		五 8-9 公館 無可用教室	中文寫作與表達						0		必				37	原則上不發放授權碼。	2		
	CU						0	0.00		共同科		00UA8A6			0		2.0				115	半			Chinese Writing and Expression	C		0228			0	N								0			未定		五 8-9 公館 無可用教室	中文寫作與表達						0		必				37	原則上不發放授權碼。	2		
	CU						0	0.00		共同科		00UA8A6			0		2.0				115	半			Chinese Writing and Expression	D		0229			0	N								0			未定		五 8-9 公館 無可用教室	中文寫作與表達						0		必				37	原則上不發放授權碼。	2		
	CU						0	0.00		共同科		00UA8A6			0		2.0				115	半			Chinese Writing and Expression	E		0230			0	N								0			未定		五 8-9 公館 無可用教室	中文寫作與表達						0		必				37	原則上不發放授權碼。	2		
	CU						0	0.00		共同科		00UA8A6			0		2.0				115	半			Chinese Writing and Expression	F		0231			0	N								0			未定		五 8-9 公館 無可用教室	中文寫作與表達						0		必				37	原則上不發放授權碼。	2		
	CU						0	0.00		共同科		00UA8A6			0		2.0				115	半			Chinese Writing and Expression	G		0232			0	N								0			未定		五 8-9 公館 Ｓ502	中文寫作與表達						0		必				37	原則上不發放授權碼。	2		
	CU						0	0.00		共同科		00UA8A7			0		2.0				115	半			Chinese Writing and Expression	A		0233			0	N								0			未定		二 A-B 公館 無可用教室	中文寫作與表達						0		必				37	原則上不發放授權碼。	2		
	CU						0	0.00		共同科		00UA8A7			0		2.0				115	半			Chinese Writing and Expression	B		0234			0	N								0			未定		四 A-B 公館 無可用教室	中文寫作與表達						0		必				37	原則上不發放授權碼。	2		
	CU						0	0.00		共同科		00UA8A8			0		2.0				115	半			Chinese Writing and Expression			0235			0	N					◎必須先修過(也可以同時修)【CLU0069  讀寫訓練（四）】			0			未定		五 6-7 公館 無可用教室	中文寫作與表達						0		必				37	原則上不發放授權碼。	2		
	CU						0	0.00		共同科		00UB8A1			0		2.0				115	半			English (II)	A		0236			0	N		是			◎第一階段需人工加選◎第二階段需人工加選◎加退選階段需人工加選 ◎必須先修過【英文(一)】			0			柯珍宜		一 1-2 公館 Ｓ503	英文（二）						0		必				40	生科系、地科系、資工系、營養科學學位學程、光電工程學位學程	2		
	CU						0	0.00		共同科		00UB8A1			0		2.0				115	半			English (II)	B		0237			0	N		是			◎第一階段需人工加選◎第二階段需人工加選◎加退選階段需人工加選 ◎必須先修過【英文(一)】			0			柯珍宜		一 3-4 公館 Ｓ503	英文（二）						0		必				40	數學系、物理系、化學系、全球研究學程	2		
	CU						0	0.00		共同科		00UB8A1			0		2.0				115	半			English (II)	C		0238			0	N		是			◎第一階段需人工加選◎第二階段需人工加選◎加退選階段需人工加選 ◎必須先修過【英文(一)】			0			柯衣凡		五 1-2 和平 無可用教室	英文（二）						0		必				40	幼家系、公領系、特教系、學習科學學位學程、美術系、設計系、企管系	2		
	CU						0	0.00		共同科		00UB8A1			0		2.0				115	半			English (II)	D		0239			0	N		是			◎第一階段需人工加選◎第二階段需人工加選◎加退選階段需人工加選 ◎必須先修過【英文(一)】			0			曾於萱		五 3-4 和平 無可用教室	英文（二）						0		必				40	教育系、心輔系、社教系、衛教系、教院不分系、音樂系、科技系	2		
	CU						0	0.00		共同科		00UB8A2			0		2.0				115	半			English (II)	A		0240			0	N		是			◎第一階段需人工加選◎第二階段需人工加選◎加退選階段需人工加選 ◎必須先修過【英文(一)】			0			李金安		一 1-2 公館 Ｓ303	英文（二）						0		必				40	生科系、地科系、資工系、營養科學學位學程、光電工程學位學程	2		
	CU						0	0.00		共同科		00UB8A2			0		2.0				115	半			English (II)	B		0241			0	N		是			◎第一階段需人工加選◎第二階段需人工加選◎加退選階段需人工加選 ◎必須先修過【英文(一)】			0			李金安		一 3-4 公館 Ｓ303	英文（二）						0		必				40	數學系、物理系、化學系、全球研究學程	2		
	CU						0	0.00		共同科		00UB8A2			0		2.0				115	半			English (II)	C		0242			0	N		是			◎第一階段需人工加選◎第二階段需人工加選◎加退選階段需人工加選 ◎必須先修過【英文(一)】			0			王潔		一 3-4 公館 Ｓ203	英文（二）						0		必				40	數學系、物理系、化學系、全球研究學程	2		
	CU						0	0.00		共同科		00UB8A2			0		2.0				115	半			English (II)	D		0243			0	N		是			◎第一階段需人工加選◎第二階段需人工加選◎加退選階段需人工加選 ◎必須先修過【英文(一)】			0			郭儀風		五 1-2 公館 Ｓ503	英文（二）						0		必				40	幼家系、公領系、特教系、學習科學學位學程、美術系、設計系、企管系	2		
	CU						0	0.00		共同科		00UB8A2			0		2.0				115	半			English (II)	E		0244			0	N		是			◎第一階段需人工加選◎第二階段需人工加選◎加退選階段需人工加選 ◎必須先修過【英文(一)】			0			郭儀風		五 3-4 公館 Ｓ503	英文（二）						0		必				40	教育系、心輔系、社教系、衛教系、教院不分系、音樂系、科技系	2		
	CU						0	0.00		共同科		00UB8A2			0		2.0				115	半			English (II)	F		0245			0	N		是			◎第一階段需人工加選◎第二階段需人工加選◎加退選階段需人工加選 ◎必須先修過【英文(一)】			0			王潔		五 1-2 和平 無可用教室	英文（二）						0		必				40	幼家系、公領系、特教系、學習科學學位學程、美術系、設計系、企管系	2		
	CU						0	0.00		共同科		00UB8A2			0		2.0				115	半			English (II)	G		0246			0	N		是			◎第一階段需人工加選◎第二階段需人工加選◎加退選階段需人工加選 ◎必須先修過【英文(一)】			0			陳嬿如		五 1-2 和平 無可用教室	英文（二）						0		必				40	幼家系、公領系、特教系、學習科學學位學程、美術系、設計系、企管系	2		
	CU						0	0.00		共同科		00UB8A2			0		2.0				115	半			English (II)	H		0247			0	N		是			◎第一階段需人工加選◎第二階段需人工加選◎加退選階段需人工加選 ◎必須先修過【英文(一)】			0			王潔		五 3-4 和平 無可用教室	英文（二）						0		必				40	教育系、心輔系、社教系、衛教系、教院不分系、音樂系、科技系	2		
	CU						0	0.00		共同科		00UB8A2			0		2.0				115	半			English (II)	I		0248			0	N		是			◎第一階段需人工加選◎第二階段需人工加選◎加退選階段需人工加選 ◎必須先修過【英文(一)】			0			陳惠芬		五 3-4 和平 無可用教室	英文（二）						0		必				40	教育系、心輔系、社教系、衛教系、教院不分系、音樂系、科技系	2		
	CU						0	0.00		共同科		00UB8A2			0		2.0				115	半			English (II)	J		0249			0	N		是			◎第一階段需人工加選◎第二階段需人工加選◎加退選階段需人工加選 ◎必須先修過【英文(一)】			0			陳嬿如		五 6-7 和平 無可用教室	英文（二）						0		必				40	工教系、圖傳系、機電系、電機系、車能學位學程、華語系、臺文系、表演學位學程	2		
	CU						0	0.00		共同科		00UB8A2			0		2.0				115	半			English (II)	K		0250			0	N		是			◎第一階段需人工加選◎第二階段需人工加選◎加退選階段需人工加選 ◎必須先修過【英文(一)】			0			黃慧儀		五 6-7 和平 無可用教室	英文（二）						0		必				40	工教系、圖傳系、機電系、電機系、車能學位學程、華語系、臺文系、表演學位學程	2		
	CU						0	0.00		共同科		00UB8A2			0		2.0				115	半			English (II)	L		0251			0	N		是			◎第一階段需人工加選◎第二階段需人工加選◎加退選階段需人工加選 ◎必須先修過【英文(一)】			0			陳瑄		五 8-9 和平 無可用教室	英文（二）						0		必				40	國文系、歷史系、地理系、東亞系	2		
	CU						0	0.00		共同科		00UB8A2			0		2.0				115	半			English (II)	M		0252			0	N		是			◎第一階段需人工加選◎第二階段需人工加選◎加退選階段需人工加選 ◎必須先修過【英文(一)】			0			陳嬿如		五 8-9 和平 無可用教室	英文（二）						0		必				40	國文系、歷史系、地理系、東亞系	2		
	CU						0	0.00		共同科		00UB8A2			0		2.0				115	半			English (II)	N		0253			0	N		是			◎第一階段需人工加選◎第二階段需人工加選◎加退選階段需人工加選 ◎必須先修過【英文(一)】			0			黃慧儀		五 8-9 和平 無可用教室	英文（二）						0		必				40	國文系、歷史系、地理系、東亞系	2		
	CU						0	0.00		共同科		00UB8A3			0		2.0				115	半			English (II)	A		0254			0	N		是			◎第一階段需人工加選◎第二階段需人工加選◎加退選階段需人工加選			0			翁悅心		一 1-2 公館 Ｓ202	英文（二）						0		必				40	生科系、地科系、資工系、營養科學學位學程、光電工程學位學程	2		
	CU						0	0.00		共同科		00UB8A3			0		2.0				115	半			English (II)	B		0255			0	N		是			◎第一階段需人工加選◎第二階段需人工加選◎加退選階段需人工加選			0			翁悅心		一 3-4 公館 Ｓ202	英文（二）						0		必				40	數學系、物理系、化學系、全球研究學程	2		
	CU						0	0.00		共同科		00UB8A3			0		2.0				115	半			English (II)	C		0256			0	N		是			◎第一階段需人工加選◎第二階段需人工加選◎加退選階段需人工加選			0			翁悅心		五 1-2 和平 無可用教室	英文（二）						0		必				40	幼家系、公領系、特教系、學習科學學位學程、美術系、設計系、企管系	2		
	CU						0	0.00		共同科		00UB8A3			0		2.0				115	半			English (II)	D		0257			0	N		是			◎第一階段需人工加選◎第二階段需人工加選◎加退選階段需人工加選			0			邵毓娟		五 1-2 和平 無可用教室	英文（二）						0		必				40	幼家系、公領系、特教系、學習科學學位學程、美術系、設計系、企管系	2		
	CU						0	0.00		共同科		00UB8A3			0		2.0				115	半			English (II)	E		0258			0	N		是			◎第一階段需人工加選◎第二階段需人工加選◎加退選階段需人工加選			0			邵毓娟		五 3-4 和平 無可用教室	英文（二）						0		必				40	教育系、心輔系、社教系、衛教系、教院不分系、音樂系、科技系	2		
	CU						0	0.00		共同科		00UB8A3			0		2.0				115	半			English (II)	F		0259			0	N		是			◎第一階段需人工加選◎第二階段需人工加選◎加退選階段需人工加選			0			黃郁珺		五 3-4 和平 無可用教室	英文（二）						0		必				40	教育系、心輔系、社教系、衛教系、教院不分系、音樂系、科技系	2		
	CU						0	0.00		共同科		00UB8A3			0		2.0				115	半			English (II)	G		0260			0	N		是			◎第一階段需人工加選◎第二階段需人工加選◎加退選階段需人工加選			0			黃郁珺		五 6-7 和平 無可用教室	英文（二）						0		必				40	工教系、圖傳系、機電系、電機系、車能學位學程、華語系、臺文系、表演學位學程	2		
	CU						0	0.00		共同科		00UB8A3			0		2.0				115	半			English (II)	H		0261			0	N		是			◎第一階段需人工加選◎第二階段需人工加選◎加退選階段需人工加選			0			徐立妍		五 6-7 和平 無可用教室	英文（二）						0		必				40	工教系、圖傳系、機電系、電機系、車能學位學程、華語系、臺文系、表演學位學程	2		
	CU						0	0.00		共同科		00UB8A3			0		2.0				115	半			English (II)	I		0262			0	N		是			◎第一階段需人工加選◎第二階段需人工加選◎加退選階段需人工加選			0			甘甯		五 6-7 公館 無可用教室	英文（二）						0		必				40	工教系、圖傳系、機電系、電機系、車能學位學程、華語系、臺文系、表演學位學程	2		
	CU						0	0.00		共同科		00UB8A3			0		2.0				115	半			English (II)	J		0263			0	N		是			◎第一階段需人工加選◎第二階段需人工加選◎加退選階段需人工加選			0			甘甯		五 8-9 公館 無可用教室	英文（二）						0		必				40	國文系、歷史系、地理系、東亞系	2		
	CU						0	0.00		共同科		00UB8A3			0		2.0				115	半			English (II)	K		0264			0	N		是			◎第一階段需人工加選◎第二階段需人工加選◎加退選階段需人工加選			0			徐立妍		五 8-9 和平 無可用教室	英文（二）						0		必				40	國文系、歷史系、地理系、東亞系	2		
	CU						0	0.00		共同科		00UB8A3			0		2.0				115	半			English (II)	L		0265			0	N		是			◎第一階段需人工加選◎第二階段需人工加選◎加退選階段需人工加選			0			黃郁珺		五 8-9 和平 無可用教室	英文（二）						0		必				40	國文系、歷史系、地理系、東亞系	2		
	CU						0	0.00		共同科		00UB8A4			0		2.0				115	半			English (II)	A		0266			0	N					◎第一階段需人工加選◎第二階段需人工加選◎加退選階段需人工加選			0			未定		一 1-2 公館 無可用教室	英文（二）						0		必				70	競技系(專班)	2		
	CU						0	0.00		共同科		00UB8A4			0		2.0				115	半			English (II)	B		0267			0	N					◎第一階段需人工加選◎第二階段需人工加選◎加退選階段需人工加選			0			蘇鈺恩		一 1-2 公館 Ｓ402	英文（二）						0		必				40	生科系、地科系、資工系、營養科學學位學程、光電工程學位學程	2		
	CU						0	0.00		共同科		00UB8A4			0		2.0				115	半			English (II)	C		0268			0	N					◎第一階段需人工加選◎第二階段需人工加選◎加退選階段需人工加選			0			未定		一 3-4 公館 無可用教室	英文（二）						0		必				40	數學系、物理系、化學系、全球研究學程	2		
	CU						0	0.00		共同科		00UB8A4			0		2.0				115	半			English (II)	D		0269			0	N					◎第一階段需人工加選◎第二階段需人工加選◎加退選階段需人工加選			0			蘇鈺恩		一 3-4 公館 Ｓ402	英文（二）						0		必				40	數學系、物理系、化學系、全球研究學程	2		
	CU						0	0.00		共同科		00UB8A4			0		2.0				115	半			English (II)	E		0270			0	N					◎第一階段需人工加選◎第二階段需人工加選◎加退選階段需人工加選			0			未定		五 1-2 和平 無可用教室	英文（二）						0		必				40	幼家系、公領系、特教系、學習科學學位學程、美術系、設計系、企管系	2		
	CU						0	0.00		共同科		00UB8A4			0		2.0				115	半			English (II)	F		0271			0	N					◎第一階段需人工加選◎第二階段需人工加選◎加退選階段需人工加選			0			蘇鈺恩		五 1-2 和平 無可用教室	英文（二）						0		必				40	幼家系、公領系、特教系、學習科學學位學程、美術系、設計系、企管系	2		
	CU						0	0.00		共同科		00UB8A4			0		2.0				115	半			English (II)	G		0272			0	N					◎第一階段需人工加選◎第二階段需人工加選◎加退選階段需人工加選			0			彭家洋		五 1-2 和平 無可用教室	英文（二）						0		必				40	幼家系、公領系、特教系、學習科學學位學程、美術系、設計系、企管系	2		
	CU						0	0.00		共同科		00UB8A4			0		2.0				115	半			English (II)	H		0273			0	N					◎第一階段需人工加選◎第二階段需人工加選◎加退選階段需人工加選			0			彭家洋		五 3-4 和平 無可用教室	英文（二）						0		必				40	教育系、心輔系、社教系、衛教系、教院不分系、音樂系、科技系	2		
	CU						0	0.00		共同科		00UB8A4			0		2.0				115	半			English (II)	I		0274			0	N					◎第一階段需人工加選◎第二階段需人工加選◎加退選階段需人工加選			0			陳亞玲		五 3-4 和平 無可用教室	英文（二）						0		必				40	教育系、心輔系、社教系、衛教系、教院不分系、音樂系、科技系	2		
	CU						0	0.00		共同科		00UB8A4			0		2.0				115	半			English (II)	J		0275			0	N					◎第一階段需人工加選◎第二階段需人工加選◎加退選階段需人工加選			0			陳秋梅		五 3-4 和平 無可用教室	英文（二）						0		必				40	教育系、心輔系、社教系、衛教系、教院不分系、音樂系、科技系	2		
	CU						0	0.00		共同科		00UB8A4			0		2.0				115	半			English (II)	K		0276			0	N					◎第一階段需人工加選◎第二階段需人工加選◎加退選階段需人工加選			0			陳秋梅		五 6-7 和平 無可用教室	英文（二）						0		必				40	工教系、圖傳系、機電系、電機系、車能學位學程、華語系、臺文系、表演學位學程	2		
	CU						0	0.00		共同科		00UB8A4			0		2.0				115	半			English (II)	L		0277			0	N					◎第一階段需人工加選◎第二階段需人工加選◎加退選階段需人工加選			0			陳亞玲		五 6-7 和平 無可用教室	英文（二）						0		必				40	工教系、圖傳系、機電系、電機系、車能學位學程、華語系、臺文系、表演學位學程	2		
	CU						0	0.00		共同科		00UB8A4			0		2.0				115	半			English (II)	M		0278			0	N					◎第一階段需人工加選◎第二階段需人工加選◎加退選階段需人工加選			0			彭家洋		五 6-7 和平 無可用教室	英文（二）						0		必				40	工教系、圖傳系、機電系、電機系、車能學位學程、華語系、臺文系、表演學位學程	2		
	CU						0	0.00		共同科		00UB8A4			0		2.0				115	半			English (II)	N		0279			0	N					◎第一階段需人工加選◎第二階段需人工加選◎加退選階段需人工加選			0			陳亞玲		五 8-9 和平 無可用教室	英文（二）						0		必				40	國文系、歷史系、地理系、東亞系	2		
	CU						0	0.00		共同科		00UB8A5			0		2.0				115	半			English (II)	A		0280			0	N					◎第一階段需人工加選◎第二階段需人工加選◎加退選階段需人工加選			0			林政憲		一 1-2 公館 Ｓ403	英文（二）						0		必				40	生科系、地科系、資工系、營養科學學位學程、光電工程學位學程	2		
	CU						0	0.00		共同科		00UB8A5			0		2.0				115	半			English (II)	B		0281			0	N					◎第一階段需人工加選◎第二階段需人工加選◎加退選階段需人工加選			0			林政憲		一 3-4 公館 Ｓ403	英文（二）						0		必				40	數學系、物理系、化學系、全球研究學程	2		
	CU						0	0.00		共同科		00UB8A5			0		2.0				115	半			English (II)	C		0282			0	N					◎第一階段需人工加選◎第二階段需人工加選◎加退選階段需人工加選			0			藍偉華		五 1-2 和平 無可用教室	英文（二）						0		必				40	幼家系、公領系、特教系、學習科學學位學程、美術系、設計系、企管系	2		
	CU						0	0.00		共同科		00UB8A5			0		2.0				115	半			English (II)	D		0283			0	N					◎第一階段需人工加選◎第二階段需人工加選◎加退選階段需人工加選			0			林政憲		五 6-7 和平 無可用教室	英文（二）						0		必				40	工教系、圖傳系、機電系、電機系、車能學位學程、華語系、臺文系、表演學位學程	2		
	CU						0	0.00		共同科		00UB9A3			0		2.0				115	半			English (III): English for Liberal Arts	A		0284			0	N		是			◎限國文系（學）（含雙主修、輔系）、歷史系（學）（含雙主修、輔系）、地理系（學）（含雙主修、輔系）、臺文系（學）（含雙主修、輔系）選修 ◎必須先修過【英文(一)】◎必須先修過【英文(二)】			0			柯衣凡		一 3-4 和平 無可用教室	英文（三）：人文英文						0		必				35		2		
	CU						0	0.00		共同科		00UB9A3			0		2.0				115	半			English (III): English for Liberal Arts	B		0285			0	N		是			◎限國文系（學）（含雙主修、輔系）、歷史系（學）（含雙主修、輔系）、地理系（學）（含雙主修、輔系）、臺文系（學）（含雙主修、輔系）選修 ◎必須先修過【英文(一)】◎必須先修過【英文(二)】			0			柯衣凡		四 3-4 和平 無可用教室	英文（三）：人文英文						0		必				35		2		
	CU						0	0.00		共同科		00UB9A3			0		2.0				115	半			English (III): English for Liberal Arts	C		0286			0	N		是			◎限國文系（學）（含雙主修、輔系）、歷史系（學）（含雙主修、輔系）、地理系（學）（含雙主修、輔系）、臺文系（學）（含雙主修、輔系）選修 ◎必須先修過【英文(一)】◎必須先修過【英文(二)】			0			吳曉虹		四 6-7 和平 無可用教室	英文（三）：人文英文						0		必				35		2		
	CU						0	0.00		共同科		00UB9A3			0		2.0				115	半			English (III): English for Liberal Arts	D		0287			0	N		是			◎限國文系（學）（含雙主修、輔系）、歷史系（學）（含雙主修、輔系）、地理系（學）（含雙主修、輔系）、臺文系（學）（含雙主修、輔系）選修 ◎必須先修過【英文(一)】◎必須先修過【英文(二)】			0			蘇子中		五 3-4 和平 無可用教室	英文（三）：人文英文						0		必				35		2		
	CU						0	0.00		共同科		00UB9A3			0		2.0				115	半			English (III): English for Liberal Arts	E		0288			0	N		是			◎限國文系（學）（含雙主修、輔系）、歷史系（學）（含雙主修、輔系）、地理系（學）（含雙主修、輔系）、臺文系（學）（含雙主修、輔系）選修 ◎必須先修過【英文(一)】◎必須先修過【英文(二)】			0			甘甯		五 3-4 公館 無可用教室	英文（三）：人文英文						0		必				35		2		
	CU						0	0.00		共同科		00UB9B1			0		2.0				115	半			English (III): English for Education	A		0289			0	N		是			◎限教育系（學）（含雙主修、輔系）、心輔系（學）（含雙主修、輔系）、社教系（學）（含雙主修、輔系）、衛教系（學）（含雙主修、輔系）、幼家科學系（學）（含雙主修、輔系）、公領系（學）（含雙主修、輔系）、特教系（學）（含雙主修、輔系）、學習科學學位學程（學）（含雙主修、輔系）、教院學士班（學）（含雙主修、輔系）選修 ◎必須先修過【英文(一)】◎必須先修過【英文(二)】			0			范雅筑		四 3-4 和平 無可用教室	英文（三）：教育英文						0		必				35		2		
	CU						0	0.00		共同科		00UB9B1			0		2.0				115	半			English (III): English for Education	B		0290			0	N		是			◎限教育系（學）（含雙主修、輔系）、心輔系（學）（含雙主修、輔系）、社教系（學）（含雙主修、輔系）、衛教系（學）（含雙主修、輔系）、幼家科學系（學）（含雙主修、輔系）、公領系（學）（含雙主修、輔系）、特教系（學）（含雙主修、輔系）、學習科學學位學程（學）（含雙主修、輔系）、教院學士班（學）（含雙主修、輔系）選修 ◎必須先修過【英文(一)】◎必須先修過【英文(二)】			0			范雅筑		四 6-7 和平 無可用教室	英文（三）：教育英文						0		必				35		2		
	CU						0	0.00		共同科		00UB9B1			0		2.0				115	半			English (III): English for Education	C		0291			0	N		是			◎限教育系（學）（含雙主修、輔系）、心輔系（學）（含雙主修、輔系）、社教系（學）（含雙主修、輔系）、衛教系（學）（含雙主修、輔系）、幼家科學系（學）（含雙主修、輔系）、公領系（學）（含雙主修、輔系）、特教系（學）（含雙主修、輔系）、學習科學學位學程（學）（含雙主修、輔系）、教院學士班（學）（含雙主修、輔系）選修 ◎必須先修過【英文(一)】◎必須先修過【英文(二)】			0			范雅筑		四 8-9 和平 無可用教室	英文（三）：教育英文						0		必				35		2		
	CU						0	0.00		共同科		00UB9B1			0		2.0				115	半			English (III): English for Education	D		0292			0	N		是			◎限教育系（學）（含雙主修、輔系）、心輔系（學）（含雙主修、輔系）、社教系（學）（含雙主修、輔系）、衛教系（學）（含雙主修、輔系）、幼家科學系（學）（含雙主修、輔系）、公領系（學）（含雙主修、輔系）、特教系（學）（含雙主修、輔系）、學習科學學位學程（學）（含雙主修、輔系）、教院學士班（學）（含雙主修、輔系）選修 ◎必須先修過【英文(一)】◎必須先修過【英文(二)】			0			藍偉華		五 3-4 和平 無可用教室	英文（三）：教育英文						0		必				35		2		
	CU						0	0.00		共同科		00UB9B1			0		2.0				115	半			English (III): English for Education	E		0293			0	N		是			◎限教育系（學）（含雙主修、輔系）、心輔系（學）（含雙主修、輔系）、社教系（學）（含雙主修、輔系）、衛教系（學）（含雙主修、輔系）、幼家科學系（學）（含雙主修、輔系）、公領系（學）（含雙主修、輔系）、特教系（學）（含雙主修、輔系）、學習科學學位學程（學）（含雙主修、輔系）、教院學士班（學）（含雙主修、輔系）選修 ◎必須先修過【英文(一)】◎必須先修過【英文(二)】			0			藍偉華		五 6-7 和平 無可用教室	英文（三）：教育英文						0		必				35		2		
	CU						0	0.00		共同科		00UB9B1			0		2.0				115	半			English (III): English for Education	F		0294			0	N		是			◎限教育系（學）（含雙主修、輔系）、心輔系（學）（含雙主修、輔系）、社教系（學）（含雙主修、輔系）、衛教系（學）（含雙主修、輔系）、幼家科學系（學）（含雙主修、輔系）、公領系（學）（含雙主修、輔系）、特教系（學）（含雙主修、輔系）、學習科學學位學程（學）（含雙主修、輔系）、教院學士班（學）（含雙主修、輔系）選修 ◎必須先修過【英文(一)】◎必須先修過【英文(二)】			0			李金安		四 6-7 和平 無可用教室	英文（三）：教育英文						0		必				35		2		
	CU						0	0.00		共同科		00UB9C1			0		2.0				115	半			English (III): English for Technology	A		0295			0	N		是			◎限工教系（學）（含雙主修、輔系）、科技系（學）（含雙主修、輔系）、圖傳系（學）（含雙主修、輔系）、機電系（學）（含雙主修、輔系）、電機系（學）（含雙主修、輔系）、車能學位學程（學）（含雙主修、輔系）、光電學位學程（學）（含雙主修、輔系）選修 ◎必須先修過【英文(一)】◎必須先修過【英文(二)】			0			許月貴		一 3-4 公館 Ｓ302	英文（三）：科技英文						0		必				35		2		
	CU						0	0.00		共同科		00UB9C1			0		2.0				115	半			English (III): English for Technology	B		0296			0	N		是			◎限工教系（學）（含雙主修、輔系）、科技系（學）（含雙主修、輔系）、圖傳系（學）（含雙主修、輔系）、機電系（學）（含雙主修、輔系）、電機系（學）（含雙主修、輔系）、車能學位學程（學）（含雙主修、輔系）、光電學位學程（學）（含雙主修、輔系）選修 ◎必須先修過【英文(一)】◎必須先修過【英文(二)】			0			曾輔國		四 3-4 和平 無可用教室	英文（三）：科技英文						0		必				35		2		
	CU						0	0.00		共同科		00UB9C1			0		2.0				115	半			English (III): English for Technology	C		0297			0	N		是			◎限工教系（學）（含雙主修、輔系）、科技系（學）（含雙主修、輔系）、圖傳系（學）（含雙主修、輔系）、機電系（學）（含雙主修、輔系）、電機系（學）（含雙主修、輔系）、車能學位學程（學）（含雙主修、輔系）、光電學位學程（學）（含雙主修、輔系）選修 ◎必須先修過【英文(一)】◎必須先修過【英文(二)】			0			曾輔國		四 6-7 和平 無可用教室	英文（三）：科技英文						0		必				35		2		
	CU						0	0.00		共同科		00UB9C1			0		2.0				115	半			English (III): English for Technology	D		0298			0	N		是			◎限工教系（學）（含雙主修、輔系）、科技系（學）（含雙主修、輔系）、圖傳系（學）（含雙主修、輔系）、機電系（學）（含雙主修、輔系）、電機系（學）（含雙主修、輔系）、車能學位學程（學）（含雙主修、輔系）、光電學位學程（學）（含雙主修、輔系）選修 ◎必須先修過【英文(一)】◎必須先修過【英文(二)】			0			項瑞芳		四 3-4 公館 無可用教室	英文（三）：科技英文						0		必				35		2		
	CU						0	0.00		共同科		00UB9D1			0		2.0				115	半			English (III): English for Arts and Design	A		0299			0	N		是			◎限美術系（學）（含雙主修、輔系）、設計系（學）（含雙主修、輔系）選修 ◎必須先修過【英文(一)】◎必須先修過【英文(二)】			0			陳瑄		五 3-4 和平 無可用教室	英文（三）：藝術英文						0		必				35		2		
	CU						0	0.00		共同科		00UB9D1			0		2.0				115	半			English (III): English for Arts and Design	B		0300			0	N		是			◎限美術系（學）（含雙主修、輔系）、設計系（學）（含雙主修、輔系）選修 ◎必須先修過【英文(一)】◎必須先修過【英文(二)】			0			陳瑄		五 6-7 和平 無可用教室	英文（三）：藝術英文						0		必				35		2		
	CU						0	0.00		共同科		00UB9E1			0		2.0				115	半			English (III): English for Sports	A		0301			0	N		是			◎限體育系（學）（含雙主修、輔系）、競技系（學）（含雙主修、輔系）選修 ◎必須先修過【英文(一)】◎必須先修過【英文(二)】			0			徐立妍		五 3-4 和平 無可用教室	英文（三）：運動英文						0		必				35		2		
	CU						0	0.00		共同科		00UB9E1			0		2.0				115	半			English (III): English for Sports	B		0302			0	N		是			◎限體育系（學）（含雙主修、輔系）、競技系（學）（含雙主修、輔系）選修 ◎必須先修過【英文(一)】◎必須先修過【英文(二)】			0			李世文		五 6-7 和平 無可用教室	英文（三）：運動英文						0		必				35		2		
	CU						0	0.00		共同科		00UB9E1			0		2.0				115	半			English (III): English for Sports	C		0303			0	N		是			◎限體育系（學）（含雙主修、輔系）、競技系（學）（含雙主修、輔系）選修 ◎必須先修過【英文(一)】◎必須先修過【英文(二)】			0			李世文		五 3-4 和平 無可用教室	英文（三）：運動英文						0		必				35		2		
	CU						0	0.00		共同科		00UB9H3			0		2.0				115	半			English (III): English for Business and Management	A		0304			0	N		是			◎限企管系（學）（含雙主修、輔系）選修 ◎必須先修過【英文(一)】◎必須先修過【英文(二)】			0			陳惠芬		四 3-4 和平 無可用教室	英文（三）：商管英文						0		必				35		2		
	CU						0	0.00		共同科		00UB9H3			0		2.0				115	半			English (III): English for Business and Management	B		0305			0	N		是			◎限企管系（學）（含雙主修、輔系）選修 ◎必須先修過【英文(一)】◎必須先修過【英文(二)】			0			陳惠芬		四 6-7 和平 無可用教室	英文（三）：商管英文						0		必				35		2		
	CU						0	0.00		共同科		00UB9L1			0		2.0				115	半			English (III): English for Science	A		0306			0	N		是			◎限數學系（學）（含雙主修、輔系）、物理系（學）（含雙主修、輔系）、化學系（學）（含雙主修、輔系）、生科系（學）（含雙主修、輔系）、地科系（學）（含雙主修、輔系）、資工系（學）（含雙主修、輔系）、營養學位學程（學）（含雙主修、輔系）選修 ◎必須先修過【英文(一)】◎必須先修過【英文(二)】			0			項瑞芳		一 3-4 公館 無可用教室	英文（三）：科學英文						0		必				35		2		
	CU						0	0.00		共同科		00UB9L1			0		2.0				115	半			English (III): English for Science	B		0307			0	N		是			◎限數學系（學）（含雙主修、輔系）、物理系（學）（含雙主修、輔系）、化學系（學）（含雙主修、輔系）、生科系（學）（含雙主修、輔系）、地科系（學）（含雙主修、輔系）、資工系（學）（含雙主修、輔系）、營養學位學程（學）（含雙主修、輔系）選修 ◎必須先修過【英文(一)】◎必須先修過【英文(二)】			0			項瑞芳		五 3-4 公館 無可用教室	英文（三）：科學英文						0		必				35		2		
	CU						0	0.00		共同科		00UB9L1			0		2.0				115	半			English (III): English for Science	C		0308			0	N		是			◎限學習科學學位學程（學）（含雙主修、輔系）、數學系（學）（含雙主修、輔系）、物理系（學）（含雙主修、輔系）、化學系（學）（含雙主修、輔系）、生科系（學）（含雙主修、輔系）、地科系（學）（含雙主修、輔系）、資工系（學）（含雙主修、輔系）選修 ◎必須先修過【英文(一)】◎必須先修過【英文(二)】			0			柯衣凡		五 3-4 和平 無可用教室	英文（三）：科學英文						0		必				35		2		
	CU						0	0.00		共同科		00UB9L1			0		2.0				115	半			English (III): English for Science	D		0309			0	N		是			◎限數學系（學）（含雙主修、輔系）、物理系（學）（含雙主修、輔系）、化學系（學）（含雙主修、輔系）、生科系（學）（含雙主修、輔系）、地科系（學）（含雙主修、輔系）、資工系（學）（含雙主修、輔系）、營養學位學程（學）（含雙主修、輔系）選修 ◎必須先修過【英文(一)】◎必須先修過【英文(二)】			0			阮氏金銀		一 8-9 公館 Ｓ503	英文（三）：科學英文						0		必				35		2		
	CU						0	0.00		共同科		00UB9L1			0		2.0				115	半			English (III): English for Science	E		0310			0	N		是			◎限數學系（學）（含雙主修、輔系）、物理系（學）（含雙主修、輔系）、化學系（學）（含雙主修、輔系）、生科系（學）（含雙主修、輔系）、地科系（學）（含雙主修、輔系）、資工系（學）（含雙主修、輔系）、營養學位學程（學）（含雙主修、輔系）選修 ◎必須先修過【英文(一)】◎必須先修過【英文(二)】			0			曾輔國		五 3-4 和平 無可用教室	英文（三）：科學英文						0		必				35		2		
	CU						0	0.00		共同科		00UB9M1			0		2.0				115	半			English (III): English for Social Sciences	A		0311			0	N		是			◎限東亞系（學）（含雙主修、輔系）、華語系（學）（含雙主修、輔系）、全球研究學位學程（學）（含雙主修、輔系）選修 ◎必須先修過【英文(一)】◎必須先修過【英文(二)】			0			陳惠芬		一 3-4 和平 無可用教室	英文（三）：社會科學英文						0		必				35		2		
	CU						0	0.00		共同科		00UB9M1			0		2.0				115	半			English (III): English for Social Sciences	B		0312			0	N		是			◎限東亞系（學）（含雙主修、輔系）、華語系（學）（含雙主修、輔系）、全球研究學位學程（學）（含雙主修、輔系）選修 ◎必須先修過【英文(一)】◎必須先修過【英文(二)】			0			郭儀風		五 6-7 公館 Ｓ503	英文（三）：社會科學英文						0		必				35		2		
	CU						0	0.00		共同科		00UB9M1			0		2.0				115	半			English (III): English for Social Sciences	C		0313			0	N		是			◎限東亞系（學）（含雙主修、輔系）、華語系（學）（含雙主修、輔系）、全球研究學位學程（學）（含雙主修、輔系）選修 ◎必須先修過【英文(一)】◎必須先修過【英文(二)】			0			陳惠芬		一 6-7 和平 無可用教室	英文（三）：社會科學英文						0		必				35		2		
	CU						0	0.00		共同科		00UB9O1			0		2.0				115	半			English (III): Humanities and Cultures Exploration	A		0314			0	N								0			未定		一 6-7 和平 無可用教室	英文（三）：人文領域探索						0		必				35		2		
	CU						0	0.00		共同科		00UB9Q1			0		2.0				115	半			English (III): English for Music	A		0315			0	N		是			◎限音樂系（學）（含雙主修、輔系）、表藝系（學）（含雙主修、輔系）選修 ◎必須先修過【英文(一)】◎必須先修過【英文(二)】			0			黃浩軒		一 3-4 和平 無可用教室	英文（三）：音樂英文						0		必				35		2		
	CU						0	0.00		共同科		00UB9Q1			0		2.0				115	半			English (III): English for Music	B		0316			0	N		是			◎限音樂系（學）（含雙主修、輔系）、表藝系（學）（含雙主修、輔系）選修 ◎必須先修過【英文(一)】◎必須先修過【英文(二)】			0			范雅筑		五 3-4 和平 無可用教室	英文（三）：音樂英文						0		必				35		2		
	CU						0	0.00		共同科		00UB9Q1			0		2.0				115	半			English (III): English for Music	C		0317			0	N		是			◎限音樂系（學）（含雙主修、輔系）、表藝系（學）（含雙主修、輔系）選修 ◎必須先修過【英文(一)】◎必須先修過【英文(二)】			0			范雅筑		五 6-7 和平 無可用教室	英文（三）：音樂英文						0		必				35		2		
	E						10	0.40		教育學院		E0U0001			5		2.0				115	半			Educational Statistics (I) </br>[ Program: The Specialization Program of Psychological Testing and Data Science ]	A		0318			0	N		是						0			余穎麒		二 6-7 和平 無可用教室	教育統計學（一） </br>[ 學分學程：測驗評量與數據科學專業學分學程 ]						0		選				50		2		ZU4V
	E						10	0.13		教育學院		E0U0002			0		2.0				115	半			Educational Statistics (II) </br>[ Program: The Specialization Program of Psychological Testing and Data Science ]	A		0319			0	N		是			◎必須先修過【E0U0001  教育統計學（一）】			0			陳柏邑		二 3-4 和平 無可用教室	教育統計學（二） </br>[ 學分學程：測驗評量與數據科學專業學分學程 ]						0		選				75		2		ZU4V
	E						10	0.13		教育學院		E0U0002			0		2.0				115	半			Educational Statistics (II) </br>[ Program: The Specialization Program of Psychological Testing and Data Science ]	B		0320			0	N		是			◎必須先修過【E0U0001  教育統計學（一）】			0			吳清麟		二 3-4 和平 無可用教室	教育統計學（二） </br>[ 學分學程：測驗評量與數據科學專業學分學程 ]						0		選				75		2		ZU4V
	E						10	0.40		教育學院		E0U0002			0		2.0				115	半			Educational Statistics (II) </br>[ Program: The Specialization Program of Psychological Testing and Data Science ]	C		0321			0	N		是			◎必須先修過【E0U0001  教育統計學（一）】			0			未定		五 8-9 和平 無可用教室	教育統計學（二） </br>[ 學分學程：測驗評量與數據科學專業學分學程 ]						0		選				50		2		ZU4V
	E						10	0.40		教育學院		E0U0002			0		2.0				115	半			Educational Statistics (II) </br>[ Program: The Specialization Program of Psychological Testing and Data Science ]	D		0322			0	N		是			◎必須先修過【E0U0001  教育統計學（一）】			0			趙本強		二 6-7 和平 教室自排	教育統計學（二） </br>[ 學分學程：測驗評量與數據科學專業學分學程 ]						0		選				50	上課教室:R115	2		ZU4V
	E						10	0.40		教育學院		E0U0006			0		2.0				115	半			Elderly Health Service Practicum </br>[ Program: The Inter-disciplinary Program of Cultivating Seniors Service Talent in Community ]			0323			0	N								0			未定 林玫君		四 10-A 和平 無可用教室	社區高齡者服務實習 </br>[ 學分學程：社區高齡者服務人才培力學分學程 ]						0		必				50		2		ZU98
	E						10	0.40		教育學院		E0U0009			5		2.0				115	半			PASSION Teaching Materials and Methods </br>[ Program: The Inter-disciplinary Program of PASSION Quality Education in Rural Schools ]			0324			0	N					◎初選 PASSION偏鄉優質教育學分學程 研究生得下修			0			胡翠君		五 6-7 和平 無可用教室	PASSION國英數教材教法 </br>[ 學分學程：PASSION偏鄉優質教育學分學程 ]						0		必				50		2		ZU79
	E						10	0.40		教育學院		E0U0011			3		2.0				115	半			PASSION Distance Learning </br>[ Program: The Inter-disciplinary Program of PASSION Quality Education in Rural Schools ]			0325			0	N					◎初選 PASSION偏鄉優質教育學分學程 研究生得下修◎必須先修過【E0U0010  PASSION實習課程】			0			胡翠君		一 8-9 和平 無可用教室	PASSION遠距教學實習 </br>[ 學分學程：PASSION偏鄉優質教育學分學程 ]						0		必				50		2		ZU79
	E						10	0.40		教育學院		E0C8001			0		3.0				115	半			Advanced Educational Statistics (A)	A		0326			0	N			8		◎課程不開放上修			0			郭郡羽	碩博	一 3-5 和平 無可用教室	高級教育統計學（甲）						0		選				50	要有修過統計課程的基礎知識	2		
	E						10	0.40		教育學院		E0C8001			0		3.0				115	半			Advanced Educational Statistics (A)	B		0327			0	N			8		◎課程不開放上修			0			未定	碩博	四 7-9 和平 無可用教室	高級教育統計學（甲）						0		選				50	要有修過統計課程的基礎知識	2		
	E						10	0.40		教育學院		E0C8001			0		3.0				115	半			Advanced Educational Statistics (A)	C		0328			0	N			8		◎課程不開放上修			0			劉振維	碩博	五 2-4 和平 無可用教室	高級教育統計學（甲）						0		選				50	要有修過統計課程的基礎知識	2		
	E						10	0.40		教育學院		E0C8004			2		3.0				115	半			Multivariate Analysis Statistics			0329			0	N			8		◎課程不開放上修			0			劉振維	碩博	五 7-9 和平 無可用教室	多變項分析統計法						0		選				50	需要有統計基礎	2		
	E						10	0.40		教育學院		E0C8006			1		3.0				115	半			Hierachical Linear Models			0330			0	N			8		◎課程不開放上修			0			未定	碩博	四 6-8 和平 無可用教室	階層線性模式						0		選				50	要有修過統計課程的基礎知識	2		
	E						10	0.40		教育學院		E0C8010			2		3.0				115	半			Academic Writing for Education Research			0331			0	N		是	8		◎課程不開放上修			0			林宗進 蔡今中	碩博	五 5-7 和平 無可用教室	教育研究論文寫作						0		選				50		2		
	E						10	0.40		教育學院		E0C8016			2		3.0				115	半			Statistical Heterogeneity Analysis			0332			0	N			8		◎課程不開放上修			0			邱皓政	碩博	三 6-8 和平 無可用教室	統計異質性分析						0		選				50	需要具備統計基礎	2		
	E						10	0.40		教育學院		E0C9012			5		2.0				115	半			The Current and Future of the Edtech Industry: Practices and Innovations </br>[ Program: The Inter-disciplinary Program of Technology-assisted Teaching Industry ]			0333			0	N			9					0			未定	大碩	五 3-4 和平 無可用教室	科技化教學產業見習與創新 </br>[ 學分學程：科技化教學產業學分學程 ]						0		必				50		2		ZU47
	ED00						10	0.33		教育系（博）		EDD0001			0		3.0				115	半			Methodology of Pedagogy			0334			0	N					◎課程不開放上修			0			方永泉 劉蔚之		四 9-A 和平 無可用教室	教育學方法論						0		選				30		2		
	ED00						10	0.33		教育系（博）		EDD0012			0		3.0				115	半			Critical Theory & Education			0335			0	N					◎課程不開放上修			0			洪仁進 方永泉 未定		五 6-8 和平 無可用教室	批判理論與教育						0		選				30		2		
	ED00						10	0.33		教育系（博）		EDD0100			0		3.0				115	半			Special Topics in the Educational Thoughts of Lau Tzu & Chuang Tzu			0336			0	N					◎課程不開放上修			0			林秀珍		一 2-4 和平 無可用教室	老莊教育思想專題研究						0		選				30		2		
	ED00						10	0.33		教育系（博）		EDD0115			0		3.0				115	半			Aesthetics and Education			0337			0	N					◎課程不開放上修			0			未定 洪仁進		二 6-8 和平 無可用教室	教育美學						0		選				30		2		
	ED00						10	0.33		教育系（博）		EDD0141			0		3.0				115	半			Special Topics on Postmodern Management in Organizations			0338			0	N					◎課程不開放上修			0			黃乃熒		三 9-A 和平 無可用教室	後現代組織管理專題研究						0		選				30		2		
	ED00						10	0.33		教育系（博）		EDD0154			0		3.0				115	半			Special Topics on Decision of Educational Administration			0339			0	N					◎課程不開放上修			0			吳清基		四 A-C 和平 無可用教室	教育行政決定專題研究						0		選				30		2		
	ED00						10	0.33		教育系（博）		EDD0158			0		3.0				115	半			Special Topics on Educational Policy			0340			0	N					◎課程不開放上修			0			王麗雲 陳宏彰 林子斌		二 10-B 和平 無可用教室	教育政策專題研究						0		必				30		2		
	ED00						10	0.33		教育系（博）		EDD0162			0		3.0				115	半			Emerging Issues in Curriculum and Instruction			0341			0	N		是			◎課程不開放上修			0			甄曉蘭 郝永崴 林君憶		四 9-A 和平 無可用教室	課程與教學新興議題研究						0		選				30		2		
	ED01						10	0.40		心輔系（博）		PCD2017			0		3.0				115	半			Counseling Research Methods			0342			0	N					◎限本系(含雙主修)修習 ◎課程不開放上修			0			王麗斐 喬虹		二 8-10 和平 無可用教室	諮商研究法	一			1		0		必				50		2		
	ED01						10	0.20		心輔系（博）		PCD2007			0	是	2.0				115	半	田秀蘭		Counseling Supervision and Practicum (II)			0343			0	N					◎限本系(含雙主修)修習◎必須先修過【PCD2006  諮商督導研究與實習（一）】 ◎課程不開放上修			0			田秀蘭		三 2-4 和平 教室自排	諮商督導研究與實習（二）	二			2		0		必				50		2		
	ED01						10	0.20		心輔系（博）		PCD2011			0	是	2.0				115	半	田秀蘭		Advanced Internship in Counseling Psychology (II)			0344			0	N					◎限本系(含雙主修)修習◎必須先修過【PCD2010  進階諮商專業實習（一）】 ◎課程不開放上修			0			田秀蘭		四 2-4 和平 教室自排	進階諮商專業實習（二）	三			3		0		必				50		2		
	ED02						10	0.40		社教系（博）		SOD0072			0		3.0				115	半			Special Topics on Philosophy of Adult Education			0345			0	N					◎課程開放上修			0			徐敏雄		一 3-5 和平 無可用教室	成人教育哲學專題研究						0		選				50		2		
	ED02						10	0.40		社教系（博）		SOD0111			0		3.0				115	半			Special Topics on Advanced Research Methods in Social Sciences			0346			0	N					◎課程不開放上修			0			林玉鵬		二 3-5 和平 無可用教室	高級社會科學研究方法專題						0		必				50		2		
	ED03						10	0.33		課程所（博）		ECD0014			0		3.0				115	半			Special Topics on Knowledge and Curriculum			0347			0	N					◎課程不開放上修			0			甄曉蘭		四 6-8 和平 無可用教室	知識與課程專題研究						0		選				30		2		
	ED05						10	0.20		衛教系（博）		HED0005			1		2.0				115	半			Special Topics on School Health			0348			0	N					◎課程開放上修			0			胡益進		四 5-6 和平 無可用教室	學校衛生專題研究	一			1		0		選				50		2		
	ED05						10	0.20		衛教系（博）		HED0006			1		2.0				115	半			Special Topics on Public Health Education			0349			0	N					◎課程開放上修			0			郭鐘隆		四 7-8 和平 無可用教室	公共衛生教育專題研究	一			1		0		選				50		2		
	ED05						10	0.20		衛教系（博）		HED0009			1		2.0				115	半			Organization Development and Health Education			0350			0	N					◎課程開放上修			0			胡益進		五 3-4 和平 無可用教室	組織發展與衛生教育	二			2		0		選				50		2		
	ED05						10	0.20		衛教系（博）		HED0040			0		2.0				115	半			Seminar(II)			0351			0	N					◎課程開放上修			0			連盈如		四 9-10 和平 無可用教室	專題討論（二）	二			2		0		必				50		2		
	ED05						10	0.20		衛教系（博）		HED0062			1		2.0				115	半			Studies in Health Promotion and Health Education Methodology			0352			0	N					◎課程開放上修			0			李思賢		四 7-8 和平 無可用教室	健康促進與衛生教育學方法論研究	二			2		0		必				50		2		
	ED06						10	0.40		幼家科學系（博）		HGD0001			0		3.0				115	半			Methodology			0353			0	N					◎課程不開放上修			0			林如萍		三 2-4 和平 無可用教室	方法論						0		選				50		2		
	ED06						10	0.40		幼家科學系（博）		HGD0076			0		3.0				115	半			Special Topics in Family Issues			0354			0	N					◎課程不開放上修			0			未定		四 10-B 和平 無可用教室	家庭議題專題研究						0		選				50		2		
	ED06						10	0.40		幼家科學系（博）		HGD0080			0		3.0				115	半			Children Research Design			0355			0	N					◎課程不開放上修			0			賴文鳳		二 9-A 和平 無可用教室	兒童研究設計						0		選				50		2		
	ED06						10	0.20		幼家科學系（博）		HGD0213			0		2.0				115	半			Seminar (III)	A		0356			0	N					◎課程不開放上修			0			林如萍		三 6-7 和平 無可用教室	專題討論（三）						0		必				50		2		
	ED07						10	0.40		公領系（博）		CED0114			1		3.0				115	半			Special Topics on Outdoor Education			0357			0	N		是			◎課程不開放上修			0			王伯宇		四 8-10 和平 無可用教室	戶外教育專題研究	一			1		0		必				50		2		
	ED07						10	0.20		公領系（博）		CED0120			1		3.0				115	半			Special Topics on the Theoretical Foundations of Citizenship Education			0358			0	N					◎課程開放上修			0			蔡居澤 鍾明倫 劉恆妏		三 2-4 和平 無可用教室	公民教育理論基礎專題研究	一			1		0		必				50		2		
	ED07						10	0.40		公領系（博）		CED0132			1		3.0				115	半			Special Topics in Leisure Programming			0359			0	N					◎課程開放上修			0			吳崇旗		四 2-4 和平 無可用教室	休閒活動企劃與評鑑專題研究	一			1		0		選				50		2		
	ED07						10	0.40		公領系（博）		CED0080			1		3.0				115	半			Special Topics in Civil Society			0360			0	N					◎課程開放上修			0			曾冠球		三 A-C 和平 無可用教室	公民社會專題研究	二			2		0		選				50		2		
	ED08						10	0.33		資教所（博）		ICD0002			0		1.0				115	半			Seminar (II)			0361			0	N					◎課程開放上修			0			未定		一 8-9 和平 教室自排	專題討論（二）						0		必				30	教1011	2		
	ED08						10	0.33		資教所（博）		ICD0004			0		1.0				115	半			Seminar (IV)			0362			0	N					◎課程開放上修			0			未定		一 8-9 和平 教室自排	專題討論（四）						0		必				30	教1004	2		
	ED09						10	0.33		特教系（博）		SPD0033			0		2.0				115	半			Issues and Trends on Gifted and Talented Education			0363			0	N					◎課程開放上修			0			于曉平		一 6-7 和平 特204	資優教育研究論題與趨勢　						0		選				30		2		
	ED09						10	0.33		特教系（博）		SPD0034			1		2.0				115	半			Review of Special Educational Research			0364			0	N					◎課程不開放上修			0			未定		二 1-2 和平 特203	特殊教育研究評論						0		必				30	授課教師：張蓓莉。需先修畢研究所之教育/社會科學研究法或高級教育統計學	2		
	ED09						10	0.20		特教系（博）		SPD0087			0		1.0				115	半			Practicum in Teaching Individuals with Disabilities(I)			0365			0	N					◎必須先修過【SPD0001  特殊教育理論與實務專題研討】 ◎課程開放上修			0			陳貞夙		四 4 和平 特204	身心障礙教育教學實務（甲）						0		選				50		2		
	ED15						10	0.33		圖資所（博）		ISD0210			3		3.0				115	半			Special Topics on Knowledge Organization			0366			0	N		是			◎課程開放上修			0			陳亞寧		二 6-8 和平 教室自排	知識組織專題研究						0		必				30	教1026	2		
	EM00						10	0.33		教育系（碩）		EDM0011			0		3.0				115	半			Studies in Contemporary Western Educational Thoughts			0367			0	N					◎課程不開放上修			0			洪仁進 未定		四 6-8 和平 無可用教室	當代西洋教育思潮研究						0		選				30		2		
	EM00						10	0.33		教育系（碩）		EDC0006			0		3.0				115	半			Studies  in Educational Anthropology			0368			0	N			8		◎課程不開放上修			0			黃純敏	碩博	二 7-9 和平 無可用教室	教育人類學研究						0		選				30		2		
	EM00						10	0.33		教育系（碩）		EDC0075			0		3.0				115	半			Studies in Educational Philosophy			0369			0	N			8		◎課程不開放上修			0			葉坤靈 方永泉	碩博	三 2-4 和平 無可用教室	教育哲學研究						0		選				30		2		
	EM00						10	0.33		教育系（碩）		EDC0076			0		3.0				115	半			Studies in Sociology of Education			0370			0	N			8		◎課程不開放上修			0			張宜君 張珍瑋 鄭英傑	碩博	五 2-4 和平 無可用教室	教育社會學研究						0		選				30		2		
	EM00						10	0.33		教育系（碩）		EDC0105			0		3.0				115	半			Studies in Comparative Education			0371			0	N		是	8		◎課程不開放上修			0			林子斌	碩博	五 2-4 和平 無可用教室	比較教育研究						0		選				30		2		
	EM00						10	0.33		教育系（碩）		EDC0137			0		3.0				115	半			Studies in the History of Education in Modern China			0372			0	N			8		◎課程不開放上修			0			周愚文	碩博	二 2-4 和平 無可用教室	中國近代教育史研究						0		選				30		2		
	EM00						10	0.33		教育系（碩）		EDC0153			0		3.0				115	半			Studies in Education Politics			0373			0	N			8		◎課程不開放上修			0			王麗雲	碩博	二 7-9 和平 無可用教室	教育政治學研究						0		選				30		2		
	EM00						10	0.33		教育系（碩）		EDC0187			0		3.0				115	半			Narrative Research			0374			0	N			8		◎必須先修過【EDM0087  教育與社會科學研究法】、【EPM0066  教育與社會科學研究法】、【ECM0001  教育與社會科學研究法】其中一門 ◎課程不開放上修			0			劉美慧	碩博	一 2-4 和平 無可用教室	敘事研究						0		選				30		2		
	EM00						10	0.33		教育系（碩）		EDC0193			5		3.0				115	半			Studies in Educational Finance			0375			0	N			8		◎課程不開放上修			0			余穎麒	碩博	二 2-4 和平 無可用教室	教育財政學研究						0		選				30		2		
	EM00						10	0.33		教育系（碩）		EDC0195			0		3.0				115	半			Methods of Historical Research on Education			0376			0	N			8		◎課程不開放上修			0			李玉馨	碩博	一 6-8 和平 無可用教室	教育史研究方法						0		選				30		2		
	EM00						10	0.33		教育系（碩）		EDC0204			0		3.0				115	半			Studies in Equality of Educational Opportunity			0377			0	N			8		◎課程不開放上修			0			王麗雲	碩博	一 2-4 和平 無可用教室	教育機會均等研究						0		選				30		2		
	EM00						10	0.33		教育系（碩）		EDC0205			0		3.0				115	半			Studies in Institutional Sociology of Schooling			0378			0	N			8		◎課程不開放上修			0			鄭英傑	碩博	四 6-8 和平 無可用教室	學校制度社會學研究						0		選				30		2		
	EM00						10	0.33		教育系（碩）		EDC0210			2		3.0				115	半			Studies in Social Class and Education			0379			0	N			8		◎課程不開放上修			0			張宜君	碩博	三 2-4 和平 無可用教室	階級關係與教育研究						0		選				30		2		
	EM00						10	0.33		教育系（碩）		EDC0213			0		3.0				115	半			Studies in Sociology of Curriculum			0380			0	N			8		◎課程不開放上修			0			卯靜儒	碩博	一 6-8 和平 無可用教室	課程社會學研究						0		選				30		2		
	EM00						10	0.33		教育系（碩）		EDC8002			0		3.0				115	半			John Dewey's Philosophy of Education			0381			0	N			8		◎課程不開放上修			0			李玉馨	碩博	三 6-8 和平 無可用教室	杜威教育哲學						0		選				30		2		
	EM00						10	0.40		教育系（碩）		EDC8011			0		3.0				115	半			Seminar in Sociology of Education			0382			0	N			8		◎課程不開放上修			0			未定	碩博	五 6-8 和平 無可用教室	教育社會學書報討論						0		選				50		2		
	EM00						10	0.33		教育系（碩）		EDC8014			0		3.0				115	半			Studies in Aboriginal Education			0383			0	N			8		◎課程不開放上修			0			未定	碩博	二 A-C 和平 無可用教室	原住民教育研究						0		選				30		2		
	EM00						10	0.33		教育系（碩）		EDC8021			0		3.0				115	半			Studies in Philosophy of Teaching			0384			0	N			8		◎課程不開放上修			0			林建福	碩博	四 2-4 和平 無可用教室	教學哲學研究						0		選				30		2		
	EM00						10	0.33		教育系（碩）		EDC8025			0		3.0				115	半			Study in History of Chinese Education			0385			0	N			8		◎課程不開放上修			0			未定	碩博	五 2-4 和平 無可用教室	中國教育史研究						0		選				30		2		
	EM00						10	0.33		教育系（碩）		EDC8027			0		3.0				115	半			Research on Education Policy Process Theories			0386			0	N			8		◎課程不開放上修			0			陳宏彰	碩博	一 6-8 和平 無可用教室	教育政策歷程研究						0		選				30		2		
	EM01						10	0.20		心輔系（碩）		PCC0014			0		2.0				115	半			Special Topics in Motivation Psychology			0387			0	N			8		◎課程開放上修			0			未定	碩博	三 9-10 和平 無可用教室	動機心理學專題研究						0		選				50	授課教師：毛國楠教授	2		
	EM01						10	0.20		心輔系（碩）		PCC0064			0		3.0				115	半			Special Topics in Psychological  Assessment			0388			0	N			8		◎課程開放上修			0			未定	碩博	一 8-10 和平 無可用教室	心理衡鑑專題研究						0		選				50	授課教師：陳秀蓉教授	2		
	EM01						10	0.20		心輔系（碩）		PCC0068			1		2.0				115	半			Advanced Qualitative Research Methods and Data Analysis			0389			0	N			8		◎課程開放上修			0			未定	碩博	二 9-10 和平 無可用教室	高等質性研究法與資料分析						0		選				50	授課教師：何英奇教授	2		
	EM01						10	0.20		心輔系（碩）		PCC0073			0		3.0				115	半			Cognition and Emotion			0390			0	N			8		◎課程開放上修			0			陳學志 未定	碩博	四 7-9 和平 無可用教室	認知與情緒						0		選				50	授課教師：陳學志教授、林秀玲博士、蔡孟寧博士	2		
	EM01						10	0.20		心輔系（碩）		PCC0087			0		3.0				115	半			Studies in Cognitive Psychology			0391			0	N			8		◎課程開放上修			0			吳昭容	碩博	三 2-4 和平 無可用教室	認知心理學專題研討						0		選				50		2		
	EM01						10	0.20		心輔系（碩）		PCC0095			0		3.0				115	半			Special Topics in The Psychology of Judgment and Decision Making			0392			0	N			8		◎課程開放上修			0			未定	碩博	一 6-8 和平 無可用教室	判斷與決策心理學專題研究						0		選				50	授課教師：林正昌教授	2		
	EM01						10	0.33		心輔系（碩）		PCC0114			2		3.0				115	半			Special Topics in Abnormal Psychology			0393			0	N			8		◎課程開放上修			0			陳孟筳	碩博	二 6-8 和平 無可用教室	變態心理學專題研究						0		選				30		2		
	EM01						10	0.40		心輔系（碩）		PCC0116			0		3.0				115	半			Studies in Adolescent Psychology			0394			0	N			8		◎課程開放上修			0			程景琳	碩博	一 6-8 和平 無可用教室	青少年心理學研究						0		選				50		2		
	EM01						10	0.20		心輔系（碩）		PCC0123			0		3.0				115	半			Mixed Methodology			0395			0	N			8		◎課程開放上修			0			宋曜廷	碩博	四 2-4 和平 無可用教室	混合研究法						0		選				50		2		
	EM01						10	0.20		心輔系（碩）		PCC0134			0		3.0				115	半			Object Relations Theory and Practices			0396			0	1			8		◎課程不開放上修			0			未定	碩博	三 8-10 和平 無可用教室	客體關係理論與實務						0		選				50	◎數位課程 授課教師：蔡順良副教授	2		
	EM01						10	0.20		心輔系（碩）		PCC8010			0		3.0				115	半			Applying Digital Teaching and Assessment			0397			0	N			8		◎課程開放上修			0			劉子鍵	碩博	四 7-9 和平 無可用教室	數位科技在教學與評量的應用						0		選				50		2		
	EM01						10	0.20		心輔系（碩）		PCC8024			0		3.0				115	半			Special Topics on Media Multitasking			0398			0	N			8		◎課程開放上修			0			劉子鍵	碩博	一 2-4 和平 無可用教室	媒體多工專題研究						0		選				50		2		
	EM01						10	0.40		心輔系（碩）		PCC8033			0		3.0				115	半			Special Topics in Art Therapy			0399			0	N			8		◎必須先修過【PCM0089  諮商理論專題研究】、【PCD1004  進階諮商理論專題研究】其中一門 ◎課程開放上修			0			江學瀅	碩博	五 6-8 和平 無可用教室	藝術治療專題研究						0		選				50		2		
	EM01						10	0.20		心輔系（碩）		PCC8036			0		3.0				115	半			Big Data Analytics			0400			0	N			8		◎課程開放上修			0			陳柏邑	碩博	一 8-10 和平 無可用教室	大數據資料分析						0		選				50		2		
	EM01						10	0.40		心輔系（碩）		PCC8039			0		3.0				115	半			Studies in Social Psychology			0401			0	N		是	8		◎課程開放上修			0			藤原健	碩博	二 2-4 和平 無可用教室	社會心理學研討						0		選				50		2		
	EM01						10	0.20		心輔系（碩）		PCM0072			0		3.0				115	半			Special Topics in Counseling Procedures			0402			0	N					◎必須先修過【PCM0089  諮商理論專題研究】 ◎課程開放上修			0			喬虹		二 2-4 和平 無可用教室	諮商技術專題研究	一			1		0		必				50		2		
	EM01						10	0.20		心輔系（碩）		PCM0086			0	是	3.0				115	半	林旻沛		Practicum in Counseling Psychology (II)	A		0403			0	N					◎限本系(含雙主修)修習◎必須先修過【PCM0085  諮商心理實習（一）】 ◎課程不開放上修			0			林旻沛		三 1-4 和平 無可用教室	諮商心理實習（二）	二			2		0		必				50		2		
	EM01						10	0.20		心輔系（碩）		PCM0086			0	是	3.0				115	半	未定		Practicum in Counseling Psychology (II)	B		0404			0	N					◎限本系(含雙主修)修習◎必須先修過【PCM0085  諮商心理實習（一）】 ◎課程不開放上修			0			未定		三 1-4 和平 無可用教室	諮商心理實習（二）	二			2		0		必				50	授課教師：葉芸芝副教授	2		
	EM01						10	0.20		心輔系（碩）		PCM0088			0	是	3.0				115	半	喬虹		Internship in Counseling Psychology (II)	A		0405			0	N					◎限本系(含雙主修)修習◎必須先修過【PCM0087  諮商專業實習（一）】 ◎課程不開放上修			0			喬虹		五 1-4 和平 無可用教室	諮商專業實習（二）	三			3		0		選				50		2		
	EM01						10	0.20		心輔系（碩）		PCM0088			0	是	3.0				115	半	鄭曉楓		Internship in Counseling Psychology (II)	B		0406			0	N					◎限本系(含雙主修)修習◎必須先修過【PCM0087  諮商專業實習（一）】 ◎課程不開放上修			0			鄭曉楓		五 1-4 和平 無可用教室	諮商專業實習（二）	三			3		0		選				50		2		
	EM02						10	0.40		社教系（碩）		SOM0121			0		2.0				115	半			Studies in Sociology of Adult Education			0407			0	N					◎課程不開放上修			0			張德永		二 A-B 和平 無可用教室	成人教育社會學研究						0		選				50		2		
	EM02						10	0.40		社教系（碩）		SOM0135			0		2.0				115	半			Studies in Adult Psychology and Aging </br>[ Program: The Inter-disciplinary Program of Cultivating Seniors Service Talent in Community ]			0408			0	N					◎課程不開放上修			0			郭郡羽		四 6-7 和平 無可用教室	成人心理與老化研究 </br>[ 學分學程：社區高齡者服務人才培力學分學程 ]						0		選				50		2		ZU98
	EM02						10	0.40		社教系（碩）		SOM0136			0		2.0				115	半			Studies in Civil Society			0409			0	N					◎課程不開放上修			0			徐敏雄		三 3-4 和平 無可用教室	公民社會研究						0		選				50		2		
	EM02						10	0.40		社教系（碩）		SOM0139			0		2.0				115	半			Studies in Nonprofit Organizations			0410			0	N					◎課程不開放上修			0			鄭勝分		二 9-10 和平 無可用教室	非營利組織研究						0		選				50		2		
	EM02						10	0.40		社教系（碩）		SOC0113			0		3.0				115	半			Studies in Social Thought and Social Education			0411			0	N			8		◎課程不開放上修			0			徐敏雄	碩博	五 3-5 和平 無可用教室	社會思想與社會教育研究						0		選				50		2		
	EM02						10	0.40		社教系（碩）		SOC0130			0		3.0				115	半			Studies in Cross-cultural Communication			0412			0	N			8		◎課程不開放上修			0			黃靖惠	碩博	四 3-5 和平 無可用教室	跨文化溝通與傳播研究						0		選				50		2		
	EM02						10	0.40		社教系（碩）		SOC0149			0		3.0				115	半			Studies in Cultural Heritage			0413			0	N			8		◎課程不開放上修			0			未定	碩博	五 6-8 和平 無可用教室	文化資產研究						0		選				50	業師上課時段不可異動	2		
	EM02						10	0.40		社教系（碩）		SOC8003			0		3.0				115	半			Studies in Local Industries Management and Marketing </br>[ Program: The Inter-disciplinary Program of Human Services and Social Work Credit ]			0414			0	N			8		◎課程不開放上修			0			廖世璋	碩博	四 A-C 和平 無可用教室	社區產業經營與社區行銷研究 </br>[ 學分學程：人群服務與社會工作學分學程 ]						0		選				50		2		ZU37
	EM02						10	0.40		社教系（碩）		SOC8006			0		3.0				115	半			Academic Writing Seminar in Adult Education and Culture Research			0415			0	N			8		◎課程不開放上修			0			王雅鈴	碩博	二 6-8 和平 無可用教室	成人教育與文化研究論文寫作及評析						0		選				50		2		
	EM03						10	0.33		課程所（碩）		ECM0004			0		3.0				115	半			Studies in Teacher Education			0416			0	N					◎課程不開放上修			0			郝永崴		三 6-8 和平 無可用教室	師資培育研究						0		選				30		2		
	EM03						10	0.33		課程所（碩）		ECM0006			0		3.0				115	半			Seminar in Curriculum and Instruction			0417			0	N					◎課程不開放上修			0			湯仁燕		二 2-4 和平 無可用教室	課程與教學書報討論						0		選				30		2		
	EM03						10	0.33		課程所（碩）		ECC0017			0		3.0				115	半			Studies in Innovation of Curriculum			0418			0	N			8		◎課程不開放上修			0			卯靜儒	碩博	四 6-8 和平 無可用教室	課程改革研究						0		選				30		2		
	EM03						10	0.33		課程所（碩）		ECC0020			0		3.0				115	半			Studies in School-Based Curriculum Development			0419			0	N			8		◎課程不開放上修			0			未定	碩博	五 2-4 和平 無可用教室	學校本位課程發展研究						0		選				30		2		
	EM03						10	0.33		課程所（碩）		ECC8004			0		3.0				115	半			Studies in Learning Sciences			0420			0	N			8		◎課程不開放上修			0			郝永崴	碩博	三 9-A 和平 無可用教室	學習科學研究						0		選				30		2		
	EM03						10	0.33		課程所（碩）		ECC8006			0		3.0				115	半			Studies in Culturally Responsive Teaching and Multicultural Curriculum			0421			0	N			8		◎課程不開放上修			0			黃純敏	碩博	三 6-8 和平 無可用教室	多元文化回應教學與課程研究						0		選				30		2		
	EM03						10	0.33		課程所（碩）		ECC8007			0		3.0				115	半			Studies in Teacher Teaching			0422			0	N			8		◎課程不開放上修			0			甄曉蘭	碩博	二 7-9 和平 無可用教室	教師教學研究						0		選				30		2		
	EM03						10	0.33		課程所（碩）		ECC8008			0		3.0				115	半			Studies in Cross-Disciplinary Aesthetic Curriculum and Instruction			0423			0	N			8		◎課程不開放上修			0			黃純敏	碩博	一 6-8 和平 無可用教室	跨領域美感課程與教學研究						0		選				30		2		
	EM05						10	0.20		衛教系（碩）		HEC0003			1		2.0				115	半			Studies in Health Psychology			0424			0	N			8		◎課程開放上修			0			連盈如	碩博	四 3-4 和平 無可用教室	健康心理學研究						0		選				50		2		
	EM05						10	0.20		衛教系（碩）		HEC0029			1		2.0				115	半			Health Statistics and Experimental Design			0425			0	N			8		◎課程開放上修			0			李子奇	碩博	一 8-9 和平 無可用教室	衛生統計與實驗設計						0		選				50		2		
	EM05						10	0.20		衛教系（碩）		HEC0036			0		3.0				115	半			Special Topics on Aging and Physical Activity </br>[ Program: The Inter-disciplinary Program of Cultivating Seniors Service Talent in Community ]			0426			0	N		是	8		◎課程開放上修			0			廖容瑜	碩博	三 6-8 和平 無可用教室	老化與身體活動專題研究 </br>[ 學分學程：社區高齡者服務人才培力學分學程 ]						0		選				50		2		ZU98
	EM05						10	0.20		衛教系（碩）		HEC0037			1		2.0				115	半			Application of the Statistical Software to Data Analysis			0427			0	N		是	8		◎課程開放上修			0			李銘杰	碩博	四 1-2 和平 無可用教室	應用統計軟體分析						0		選				50		2		
	EM05						10	0.20		衛教系（碩）		HEC0048			0		3.0				115	半			Readings and Writings of English Literature in Health Promotion and Health Education			0428			0	N		是	8		◎課程開放上修			0			郭鐘隆	碩博	三 A-C 和平 無可用教室	健康促進與衛生教育英文文獻選讀及寫作						0		選				50		2		
	EM05						10	0.20		衛教系（碩）		HEC0050			1		2.0				115	半			Studies in School Safety and Injury Control			0429			0	N			8		◎課程開放上修			0			胡益進	碩博	四 3-4 和平 無可用教室	校園安全與傷害控制研究						0		選				50		2		
	EM05						10	0.20		衛教系（碩）		HEC8005			1		2.0				115	半			Studies in Adolescent Health Problems			0430			0	N			8		◎課程開放上修			0			高松景	碩博	二 A-B 和平 無可用教室	青少年健康問題研究						0		選				50		2		
	EM05						10	0.20		衛教系（碩）		HEC8012			1		2.0				115	半			Special Topics on Death Education			0431			0	N			8		◎課程開放上修			0			余坤煌	碩博	四 A-B 和平 無可用教室	生死教育專題研究						0		選				50		2		
	EM05						10	0.20		衛教系（碩）		HEC8017			1		2.0				115	半			Special Topics on Health Promotion and Health Education			0432			0	N			8		◎課程開放上修			0			李碧霞	碩博	四 3-4 和平 無可用教室	健康促進與衛生教育專題研究						0		選				50		2		
	EM05						10	0.20		衛教系（碩）		HEC8018			1		2.0				115	半			Studies in Environmental Health			0433			0	N		是	8		◎課程開放上修			0			曾治乾	碩博	四 5-6 和平 無可用教室	環境衛生學研究						0		選				50		2		
	EM05						10	0.20		衛教系（碩）		HEC8024			1		2.0				115	半			Studies in Elderly Health and Care			0434			0	N		是	8		◎課程開放上修			0			張家臻	碩博	四 1-2 和平 無可用教室	高齡健康與照護研究						0		選				50		2		
	EM05						10	0.20		衛教系（碩）		HEC8027			1		2.0				115	半			Prevention of Prevalent Diseases			0435			0	N		是	8		◎課程開放上修			0			朱妮明	碩博	二 8-9 和平 無可用教室	盛行疾病之預防						0		選				50		2		
	EM05						10	0.20		衛教系（碩）		HEM0002			1		2.0				115	半			Studies in Public Health Education			0436			0	N					◎課程開放上修			0			吳文琪		二 3-4 和平 無可用教室	公共衛生教育研討	一			1		0		必				50		2		
	EM05						10	0.20		衛教系（碩）		HEM0097			1		3.0				115	半			Research Design and Data Analysis			0437			0	N					◎課程開放上修			0			李思賢		五 8-10 和平 無可用教室	研究設計與資料分析	一			1		0		選				50		2		
	EM05						10	0.20		衛教系（碩）		HEM0110			1		2.0				115	半			Studies in Health Behavior Science			0438			0	N					◎課程開放上修			0			張晏蓉		二 1-2 和平 無可用教室	健康行為科學研究	一			1		0		必				50		2		
	EM05						10	0.20		衛教系（碩）		HEM0192			1		2.0				115	半			Studies in School Health			0439			0	N					◎課程開放上修			0			郭鐘隆		二 6-7 和平 無可用教室	學校衛生研討	一			1		0		必				50		2		
	EM06						10	0.40		幼家科學系（碩）		HGM0206			0		3.0				115	半			Studies in Family Life Education in School System			0440			0	N					◎課程不開放上修			0			葉明芬		二 9-A 和平 無可用教室	學校家庭生活教育研究						0		選				50		2		
	EM06						10	0.40		幼家科學系（碩）		HGC8005			0		3.0				115	半			Studies in Parent Education			0441			0	N			8		◎課程不開放上修			0			未定	碩博	一 6-8 和平 無可用教室	親職教育研究						0		選				50		2		
	EM06						10	0.40		幼家科學系（碩）		HGC8015			0		3.0				115	半			Studies in Social and Personality Development in Infancy and Early  Childhood			0442			0	N			8		◎課程不開放上修			0			吳怡萱	碩博	一 9-A 和平 無可用教室	嬰幼兒社會與人格發展研究						0		選				50		2		
	EM06						10	0.40		幼家科學系（碩）		HGC8017			0		3.0				115	半			Qualitative Research Methods			0443			0	N			8		◎課程不開放上修			0			黃淑滿	碩博	四 6-8 和平 無可用教室	質性研究						0		選				50		2		
	EM06						10	0.20		幼家科學系（碩）		HGC9003			0		3.0				115	半			Multiculturalism and Family </br>[ Program: The EMI Specialization Program of Youth and Family Development across Cultures ]			0444			0	N		是	9					0			Yena Kyeong	大碩	四 2-4 和平 無可用教室	多元文化與家庭 </br>[ 學分學程：跨文化青少年與家庭發展全英語專業學分學程 ]						0		選				50		2		ZU6C
	EM07						10	0.20		公領系（碩）		CEC0014			1		3.0				115	半			Studies in Contemporary Economic			0445			0	N			8		◎課程開放上修			0			楊智元	碩博	二 A-C 和平 無可用教室	當代經濟問題研究						0		選				50		2		
	EM07						10	0.20		公領系（碩）		CEC0042			1		3.0				115	半			Qualitative Research			0446			0	N			8		◎課程開放上修			0			曾冠球	碩博	四 A-C 和平 無可用教室	質的研究						0		選				50		2		
	EM07						10	0.20		公領系（碩）		CEC0043			1		3.0				115	半			Methods of Applied Multivariate Statistics			0447			0	N			8		◎課程開放上修			0			楊怡雯	碩博	二 2-4 和平 無可用教室	應用多變項統計方法						0		選				50		2		
	EM07						10	0.40		公領系（碩）		CEC0050			1		3.0				115	半			Studies in Learning-Service			0448			0	N			8		◎課程開放上修			0			未定	碩博	三 A-C 和平 無可用教室	服務學習研究						0		選				50		2		
	EM07						10	0.40		公領系（碩）		CEC0052			1		3.0				115	半			Studies in School Community Relations </br>[ Program: The Inter-disciplinary Program of Human Services and Social Work Credit ]			0449			0	N			8		◎課程開放上修			0			鍾明倫	碩博	二 A-C 和平 無可用教室	學校與社區關係研究 </br>[ 學分學程：人群服務與社會工作學分學程 ]						0		選				50		2		ZU37
	EM07						10	0.20		公領系（碩）		CEC0073			1		3.0				115	半			Studies in Professional Ethics			0450			0	N		是	8		◎課程開放上修			0			王錦雀	碩博	四 2-4 和平 無可用教室	專業倫理學研究						0		選				50		2		
	EM07						10	0.20		公領系（碩）		CEC0085			1		3.0				115	半			Studies in Economics of Higher Education			0451			0	N			8		◎課程開放上修			0			印永翔	碩博	一 A-C 和平 無可用教室	高等教育經濟研究						0		選				50		2		
	EM07						10	0.20		公領系（碩）		CEC8001			1		3.0				115	半			The Theory and Practice of Consultation in Student Affairs			0452			0	N			8		◎課程開放上修			0			未定	碩博	二 6-8 和平 無可用教室	學生事務諮詢理論與實務研究						0		選				50		2		
	EM07						10	0.20		公領系（碩）		CEC8011			1		3.0				115	半			Special Topics in Public-Private Collaboration			0453			0	N			8		◎課程開放上修			0			曾冠球	碩博	三 8-10 和平 無可用教室	公私協力研究						0		選				50		2		
	EM07						10	0.20		公領系（碩）		CEC8012			1		3.0				115	半			Studies in Design and Evaluation for Adventure Programming			0454			0	N			8		◎課程開放上修			0			蔡居澤	碩博	三 6-8 和平 無可用教室	冒險方案設計與評估研究						0		選				50		2		
	EM07						10	0.40		公領系（碩）		CEM0011			1		3.0				115	半			Studies in Scout Education			0455			0	N					◎課程開放上修			0			蔡居澤		一 6-8 和平 無可用教室	童軍教育研究	一			1		0		必				50		2		
	EM07						10	0.20		公領系（碩）		CEM0161			1		3.0				115	半			Studies in Campus Legal Issues			0456			0	N					◎課程開放上修			0			劉恆妏		二 6-8 和平 無可用教室	校園法律問題研究	一			1		0		選				50		2		
	EM07						10	0.40		公領系（碩）		CEM0174			5		2.0				115	半			Studies in Philosophy of Social Science			0457			0	N					◎課程開放上修			0			鄭楷立		四 6-7 和平 無可用教室	社會科學哲學研究	一			1		0		選				50		2		
	EM07						10	0.20		公領系（碩）		CEM0177			1		3.0				115	半			Studies in Multicultural Education			0458			0	N					◎課程開放上修			0			陳素秋		三 3-5 和平 無可用教室	多元文化教育研究	一			1		0		選				50		2		
	EM07						10	0.20		公領系（碩）		CEM0180			1		3.0				115	半			Studies in Student Affairs			0459			0	N		是			◎課程開放上修			0			鍾明倫		四 8-10 和平 無可用教室	學生事務研究	一			1		0		必				50		2		
	EM07						10	0.40		公領系（碩）		CEM0162			1		3.0				115	半			Studies in Student's Rights			0460			0	N					◎課程開放上修			0			林佳範		一 5-7 和平 無可用教室	學生權利研究	二			2		0		選				50		2		
	EM08						10	0.33		資教所（碩）		ICM0002			0		1.0				115	半			Seminar (II)			0461			0	N					◎課程開放上修			0			未定		一 6-7 和平 教室自排	專題討論（二）						0		選				30	教1011	2		
	EM08						10	0.33		資教所（碩）		ICM0004			0		1.0				115	半			Seminar (IV)			0462			0	N					◎課程開放上修			0			未定		一 6-7 和平 教室自排	專題討論（四）						0		選				30	教1004	2		
	EM08						10	0.33		資教所（碩）		ICC0027			0		3.0				115	半			Research Methods in Information and Computer Education			0463			0	N			8		◎課程開放上修			0			邱國力	碩博	二 2-4 和平 教室自排	資訊教育研究法						0		選				30	教1011	2		
	EM08						10	0.33		資教所（碩）		ICC0070			0		3.0				115	半			Selective Readings in Information and Computer Education			0464			0	N		是	8		◎課程開放上修			0			李文瑜	碩博	五 2-4 和平 教室自排	資訊教育書文導讀						0		選				30	教1011	2		
	EM08						10	0.33		資教所（碩）		ICC0075			0		3.0				115	半			Design and Development of Instructional Materials for Computer Courses			0465			0	N			8		◎課程開放上修			0			林育慈	碩博	五 3-5 和平 教室自排	電腦教材設計與發展						0		選				30	教1026	2		
	EM08						10	0.33		資教所（碩）		ICC0089			0		3.0				115	半			Knowledge Management and e-Learning			0466			0	N			8		◎課程開放上修			0			梁至中	碩博	三 6-8 和平 教室自排	知識管理與數位學習						0		選				30	教1011	2		
	EM08						10	0.33		資教所（碩）		ICC0092			0		3.0				115	半			Information Technology Innovation Diffusion </br>[ Program: The Inter-disciplinary Program of Cultivating Seniors Service Talent in Community ]			0467			0	N			8		◎課程開放上修			0			陳明溥	碩博	二 7-9 和平 教室自排	資訊科技創新推廣 </br>[ 學分學程：社區高齡者服務人才培力學分學程 ]						0		選				30	教1011	2		ZU98
	EM08						10	0.33		資教所（碩）		ICC8004			0		3.0				115	半			Digital Learning and Digital Storytelling </br>[ Program: The Inter-disciplinary Program of Cultivating Seniors Service Talent in Community ]			0468			0	N			8		◎課程開放上修			0			陳志洪	碩博	四 3-5 和平 教室自排	數位學習與數位敘事 </br>[ 學分學程：社區高齡者服務人才培力學分學程 ]						0		選				30	教1011	2		ZU98
	EM08						10	0.33		資教所（碩）		ICC8006			0		3.0				115	半			Information Literacy			0469			0	N			8		◎課程開放上修			0			蔡孟蓉	碩博	五 6-8 和平 教室自排	資訊素養						0		選				30	教1011	2		
	EM08						10	0.33		資教所（碩）		ICC8008			0		3.0				115	半			Introduction to Artificial Intelligence with Practical Implementation			0470			0	N			8		◎課程開放上修			0			未定	碩博	五 10-B 和平 無可用教室	人工智慧概論與實作						0		選				30	無教室可用（電腦教室）	2		
	EM08						10	0.33		資教所（碩）		ICC8009			0		3.0				115	半			Applications of Artificial Intelligence in Education			0471			0	N			8		◎課程開放上修			0			楊鎮華	碩博	四 10-B 和平 教室自排	人工智慧在教育上之應用						0		選				30	教1011	2		
	EM09						10	0.33		特教系（碩）		SPM0055			5		2.0				115	半			Theoretical Foundations of Special Education: Psychology			0472			0	N					◎課程開放上修			0			王曉嵐		二 1-2 和平 特230	特殊教育理論基礎：心理學						0		選				30		2		
	EM09						10	0.33		特教系（碩）		SPC0019			2		3.0				115	半			Special Topics on Autism			0473			0	N			8		◎課程不開放上修			0			王慧婷	碩博	三 2-4 和平 特230	自閉症專題研究						0		選				30		2		
	EM09						10	0.33		特教系（碩）		SPC0053			0		2.0				115	半			Special Topics on Leadership Training			0474			0	N			8		◎課程不開放上修			0			潘裕豐	碩博	四 6-7 和平 特203	領導才能訓練專題研究						0		選				30		2		
	EM09						10	0.33		特教系（碩）		SPC0060			5		1.0				115	半			Seminar on Special Education (II)			0475			0	N			8		◎課程開放上修			0			王慧婷	碩博	二 3 和平 特114視聽室	特殊教育專題討論（二）						0		必				30		2		
	EM09						10	0.33		特教系（碩）		SPC0061			3		2.0				115	半			Special Topics on Early  Intervention			0476			0	N			8		◎課程不開放上修			0			王曉嵐	碩博	一 9-10 和平 特230	早期介入專題研究						0		選				30		2		
	EM09						10	0.33		特教系（碩）		SPC0073			0		3.0				115	半			Special Topics on Creativity			0477			0	N			8		◎課程不開放上修			0			潘裕豐	碩博	三 2-4 和平 特203	創造力專題研究						0		選				30		2		
	EM09						10	0.20		特教系（碩）		SPC0077			0		3.0				115	半			Special Topics on Education and Rehabilitation for Individuals with Hearing Impairments			0478			0	N			8		◎課程開放上修			0			劉秀丹	碩博	二 6-8 和平 特204	聽覺障礙教育與復健專題研究						0		選				50		2		
	EM09						10	0.33		特教系（碩）		SPC0083			5		3.0				115	半			Special Topics on Technology for Special Education			0479			0	N		是	8		◎課程開放上修			0			佘永吉	碩博	二 8-10 和平 特230	特殊教育科技專題研究						0		選				30		2		
	EM09						3	0.06		特教系（碩）		SPC8001			0		2.0				115	半			Independent Study for the Gifted and Talented Students			0480			0	N			8		◎課程開放上修			0			未定	碩博	一 9-10 和平 特203	資優學生獨立研究論題						0		選				50	授課教師：李乙明。	2		
	EM09						10	0.33		特教系（碩）		SPC8014			0		3.0				115	半			Special Topics on Inclusion			0481			0	N		是	8		◎課程開放上修			0			邱春瑜	碩博	五 1-3 和平 特230	融合教育專題研究						0		必				30		2		
	EM09						10	0.33		特教系（碩）		SPC8015			0		3.0				115	半			Research Methods in Special Education			0482			0	N			8		◎課程不開放上修			0			姜義村 未定	碩博	一 2-4 和平 特230	特殊教育研究法						0		必				30	授課教師：姜義村2小時、徐一騰1小時。	2		
	EM09						10	0.33		特教系（碩）		SPC8018			0		3.0				115	半			Special Topics on Special Education			0483			0	N		是	8		◎課程不開放上修			0			廖靜宜	碩博	三 6-8 和平 特204	特殊教育專題研究						0		選				30		2		
	EM09						10	0.33		特教系（碩）		SPC8023			0		3.0				115	半			Multiculturalism in Special Education			0484			0	N			8		◎課程開放上修			0			廖靜宜	碩博	四 2-4 和平 特230	多元文化觀點下的特殊教育						0		選				30		2		
	EM15						10	0.33		圖資所（碩）		ISM0210			3		3.0				115	半			Research Methods in Social Sciences			0485			0	N					◎課程開放上修			0			成維寧		五 6-8 和平 教室自排	社會科學研究法						0		必				30	教1026	2		
	EM15						10	0.33		圖資所（碩）		ISM0637			0		3.0				115	半			Design and Development of Knowledge Services			0486			0	N					◎限本系(含雙主修)修習 ◎課程不開放上修			0			邱銘心		一 6-8 和平 教室自排	知識服務設計與實務						0		選				30	教1026    限圖資所學生選修	2		
	EM15						10	0.33		圖資所（碩）		ISM0800			3		3.0				115	半			Principles and Applications of Information Retrieval			0487			0	N					◎課程開放上修			0			曾元顯		四 7-9 和平 教室自排	資訊檢索原理與應用						0		選				30	教1004	2		
	EM15						10	0.33		圖資所（碩）		ISC8002			3		3.0				115	半			Studies in Health Information and Service </br>[ Program: The Inter-disciplinary Program of Cultivating Seniors Service Talent in Community ]			0488			0	N		是	8		◎課程開放上修			0			邱銘心	碩博	一 2-4 和平 教室自排	健康資訊服務研究 </br>[ 學分學程：社區高齡者服務人才培力學分學程 ]						0		選				30	教1004	2		ZU98
	EM15						10	0.33		圖資所（碩）		ISC8004			3		3.0				115	半			Special Topics on Data Mining Techniques and Applications			0489			0	N			8		◎課程開放上修			0			吳怡瑾	碩博	五 2-4 和平 教室自排	資料探勘技術與應用專題研究						0		選				30	教1004	2		
	EM15						10	0.33		圖資所（碩）		ISC8007			3		3.0				115	半			Artificial Intelligence in Digital Humanities			0490			0	N			8		◎課程開放上修			0			曾元顯	碩博	五 7-9 和平 教室自排	數位人文的人工智慧						0		選				30	教1004	2		
	EM15						10	0.33		圖資所（碩）		ISC8012			1		3.0				115	半			Research Data Management and Service			0491			0	N			8		◎課程開放上修			0			陳亞寧	碩博	二 2-4 和平 教室自排	研究資料管理與服務						0		選				30	教1004	2		
	EM15						10	0.33		圖資所（碩）		ISC8016			3		3.0				115	半			Studies in Information Behavior			0492			0	N			8		◎課程開放上修			0			成維寧	碩博	三 7-9 和平 教室自排	資訊行為研究						0		選				30	教1004	2		
	EM16						10	0.33		教政所（碩）		EPM0004			0		3.0				115	半			Studies in Educational Policy			0493			0	N					◎課程不開放上修			0			黃乃熒		三 6-8 和平 無可用教室	教育政策研究						0		必				30		2		
	EM16						10	0.33		教政所（碩）		EPM0017			0		3.0				115	半			Studies in School Management			0494			0	N					◎課程不開放上修			0			陳玉娟		四 2-4 和平 無可用教室	學校經營與管理研究						0		選				30		2		
	EM16						10	0.33		教政所（碩）		EPM0060			0		3.0				115	半			Studies in the New Issues of Educational Administration			0495			0	N					◎課程不開放上修			0			林子斌		五 6-8 和平 無可用教室	教育行政新興議題研究						0		選				30		2		
	EM16						10	0.33		教政所（碩）		EPM0079			0		3.0				115	半			Study on Changes of Educational Organization and Teacher Leadership			0496			0	N					◎課程不開放上修			0			陳佩英		四 6-8 和平 無可用教室	教育組織變革與教師領導研究						0		選				30		2		
	EM17						10	0.33		復諮高齡所（碩）		RCM0004			5		3.0				115	半			Special Topics in Assistive Technology			0497			0	N					◎課程開放上修			0			佘永吉		四 6-8 和平 特204	輔助性科技專題研究						0		選				30		2		
	EM17						10	0.33		復諮高齡所（碩）		RCM0008			0		3.0				115	半			Behavioral Science Research Method			0498			0	N					◎課程開放上修			0			張千惠		二 6-8 和平 特203	行為科學研究法						0		必				30		2		
	EM17						10	0.33		復諮高齡所（碩）		RCM0009			2		3.0				115	半			Special Topic in Vocational Assessment for Persons with Disabilities			0499			0	N					◎課程開放上修			0			吳亭芳		一 2-4 和平 特204	職業輔導評量專題研究						0		選				30		2		
	EM17						10	0.33		復諮高齡所（碩）		RCM0054			0		1.0				115	半			Research Practicum in Rehabilitation Counseling (II)			0500			0	N					◎課程開放上修			0			陳貞夙		四 3 和平 特204	復健諮商研究實務（二）						0		選				30		2		
	EM17						10	0.33		復諮高齡所（碩）		RCM0061			0		4.0				115	半			Practicum in Rehabilitation Counseling			0501			0	N					◎課程開放上修			0			吳亭芳		五 1-4 和平 特204, 五 6-9 和平 特204	復健諮商實習						0		必				30		2		
	EM17						10	0.20		復諮高齡所（碩）		RCM0063			0		3.0				115	半			Special Topic in Gerontological Wellbeing			0502			0	N					◎課程開放上修			0			姜義村		一 6-8 和平 特203	高齡福祉專題研究						0		必				50		2		
	EU						10	0.20		師培學院		00UE001			0		2.0				115	半			Introduction to Education </br>[ Program: The Specialization Program of Learning Experience Design (LXD) ]	A		0503			0	N					◎限 一階生 二階生 教育學程生 不佔名額生 登記修習生 資優教育學程生 國小教育學程生 國小不佔名額生 可修			0			葉坤靈		二 6-7 和平 無可用教室	教育概論（教） </br>[ 學分學程：學習體驗設計(LXD) 專業學分學程 ]						0		選				50		2		ZU6H
	EU						10	0.20		師培學院		00UE001			0		2.0				115	半			Introduction to Education </br>[ Program: The Specialization Program of Learning Experience Design (LXD) ]	B		0504			0	N					◎限 一階生 二階生 教育學程生 不佔名額生 登記修習生 資優教育學程生 國小教育學程生 國小不佔名額生 可修			0			葉坤靈		二 8-9 和平 無可用教室	教育概論（教） </br>[ 學分學程：學習體驗設計(LXD) 專業學分學程 ]						0		選				50		2		ZU6H
	EU						10	0.20		師培學院		00UE001			0		2.0				115	半			Introduction to Education </br>[ Program: The Specialization Program of Learning Experience Design (LXD) ]	C		0505			0	N					◎限 一階生 二階生 教育學程生 不佔名額生 登記修習生 資優教育學程生 國小教育學程生 國小不佔名額生 可修			0			劉蔚之		五 3-4 和平 無可用教室	教育概論（教） </br>[ 學分學程：學習體驗設計(LXD) 專業學分學程 ]						0		選				50		2		ZU6H
	EU						10	0.20		師培學院		00UE002			0		2.0				115	半			Educational Psychology </br>[ Program: The Specialization Program of Learning Experience Design (LXD) ]	A		0506			0	N					◎限 一階生 二階生 教育學程生 不佔名額生 登記修習生 資優教育學程生 國小教育學程生 國小不佔名額生 可修			0			顏妙璇		二 3-4 公館 無可用教室	教育心理學（教） </br>[ 學分學程：學習體驗設計(LXD) 專業學分學程 ]						0		選				50		2		ZU6H
	EU						10	0.20		師培學院		00UE002			0		2.0				115	半			Educational Psychology </br>[ Program: The Specialization Program of Learning Experience Design (LXD) ]	B		0507			0	N					◎限 一階生 二階生 教育學程生 不佔名額生 登記修習生 資優教育學程生 國小教育學程生 國小不佔名額生 可修			0			未定		一 3-4 和平 無可用教室	教育心理學（教） </br>[ 學分學程：學習體驗設計(LXD) 專業學分學程 ]						0		選				50		2		ZU6H
	EU						10	0.20		師培學院		00UE002			0		2.0				115	半			Educational Psychology </br>[ Program: The Specialization Program of Learning Experience Design (LXD) ]	C		0508			0	N					◎限 一階生 二階生 教育學程生 不佔名額生 登記修習生 資優教育學程生 國小教育學程生 國小不佔名額生 可修			0			未定		一 6-7 和平 無可用教室	教育心理學（教） </br>[ 學分學程：學習體驗設計(LXD) 專業學分學程 ]						0		選				50		2		ZU6H
	EU						10	0.20		師培學院		00UE002			0		2.0				115	半			Educational Psychology </br>[ Program: The Specialization Program of Learning Experience Design (LXD) ]	D		0509			0	N					◎限 一階生 二階生 教育學程生 不佔名額生 登記修習生 資優教育學程生 國小教育學程生 國小不佔名額生 可修			0			未定		一 8-9 和平 無可用教室	教育心理學（教） </br>[ 學分學程：學習體驗設計(LXD) 專業學分學程 ]						0		選				50		2		ZU6H
	EU						10	0.20		師培學院		00UE002			0		2.0				115	半			Educational Psychology </br>[ Program: The Specialization Program of Learning Experience Design (LXD) ]	E		0510			0	N					◎限 一階生 二階生 教育學程生 不佔名額生 登記修習生 資優教育學程生 國小教育學程生 國小不佔名額生 可修			0			未定		四 9-10 和平 無可用教室	教育心理學（教） </br>[ 學分學程：學習體驗設計(LXD) 專業學分學程 ]						0		選				50		2		ZU6H
	EU						10	0.20		師培學院		00UE002			0		2.0				115	半			Educational Psychology </br>[ Program: The Specialization Program of Learning Experience Design (LXD) ]	F		0511			0	N					◎限 一階生 二階生 教育學程生 不佔名額生 登記修習生 資優教育學程生 國小教育學程生 國小不佔名額生 可修			0			未定		五 9-10 和平 無可用教室	教育心理學（教） </br>[ 學分學程：學習體驗設計(LXD) 專業學分學程 ]						0		選				50		2		ZU6H
	EU						10	0.20		師培學院		00UE003			0		2.0				115	半			Philosophy of Education </br>[ Program: The Specialization Program of Learning Experience Design (LXD) ]	A		0512			0	N					◎限 一階生 二階生 教育學程生 不佔名額生 登記修習生 資優教育學程生 國小教育學程生 國小不佔名額生 可修			0			陳伊琳		一 3-4 和平 無可用教室	教育哲學（教） </br>[ 學分學程：學習體驗設計(LXD) 專業學分學程 ]						0		選				50		2		ZU6H
	EU						10	0.20		師培學院		00UE003			0		2.0				115	半			Philosophy of Education </br>[ Program: The Specialization Program of Learning Experience Design (LXD) ]	B		0513			0	N					◎限 一階生 二階生 教育學程生 不佔名額生 登記修習生 資優教育學程生 國小教育學程生 國小不佔名額生 可修			0			陳伊琳		一 8-9 和平 無可用教室	教育哲學（教） </br>[ 學分學程：學習體驗設計(LXD) 專業學分學程 ]						0		選				50		2		ZU6H
	EU						10	0.20		師培學院		00UE003			0		2.0				115	半			Philosophy of Education </br>[ Program: The Specialization Program of Learning Experience Design (LXD) ]	C		0514			0	N					◎限 一階生 二階生 教育學程生 不佔名額生 登記修習生 資優教育學程生 國小教育學程生 國小不佔名額生 可修			0			洪仁進		一 6-7 和平 無可用教室	教育哲學（教） </br>[ 學分學程：學習體驗設計(LXD) 專業學分學程 ]						0		選				50		2		ZU6H
	EU						10	0.20		師培學院		00UE003			0		2.0				115	半			Philosophy of Education </br>[ Program: The Specialization Program of Learning Experience Design (LXD) ]	D		0515			0	N					◎限 一階生 二階生 教育學程生 不佔名額生 登記修習生 資優教育學程生 國小教育學程生 國小不佔名額生 可修			0			葉坤靈		三 8-9 和平 無可用教室	教育哲學（教） </br>[ 學分學程：學習體驗設計(LXD) 專業學分學程 ]						0		選				50		2		ZU6H
	EU						10	0.20		師培學院		00UE003			0		2.0				115	半			Philosophy of Education </br>[ Program: The Specialization Program of Learning Experience Design (LXD) ]	E		0516			0	N					◎限 一階生 二階生 教育學程生 不佔名額生 登記修習生 資優教育學程生 國小教育學程生 國小不佔名額生 可修			0			林秀珍		二 3-4 和平 無可用教室	教育哲學（教） </br>[ 學分學程：學習體驗設計(LXD) 專業學分學程 ]						0		選				50		2		ZU6H
	EU						10	0.20		師培學院		00UE004			0		2.0				115	半			Sociology of Education	A		0517			0	N					◎限 一階生 二階生 教育學程生 幼教師資生 不佔名額生 登記修習生 資優教育學程生 國小教育學程生 國小不佔名額生 可修			0			未定		三 A-B 和平 無可用教室	教育社會學（教）						0		選				50		2		
	EU						10	0.20		師培學院		00UE004			0		2.0				115	半			Sociology of Education	B		0518			0	N					◎限 一階生 二階生 教育學程生 幼教師資生 不佔名額生 登記修習生 資優教育學程生 國小教育學程生 國小不佔名額生 可修			0			未定		五 A-B 和平 無可用教室	教育社會學（教）						0		選				50		2		
	EU						10	0.20		師培學院		00UE004			0		2.0				115	半			Sociology of Education	C		0519			0	N					◎限 一階生 二階生 教育學程生 幼教師資生 不佔名額生 登記修習生 資優教育學程生 國小教育學程生 國小不佔名額生 可修			0			鄭英傑		二 6-7 和平 無可用教室	教育社會學（教）						0		選				50		2		
	EU						10	0.20		師培學院		00UE005			0		2.0				115	半			Principles of Instruction </br>[ Program: The Specialization Program of Learning Experience Design (LXD) ]	A		0520			0	N					◎限 一階生 二階生 教育學程生 不佔名額生 登記修習生 資優教育學程生 可修			0			未定		一 10-A 和平 無可用教室	教學原理（教） </br>[ 學分學程：學習體驗設計(LXD) 專業學分學程 ]						0		選				50		2		ZU6H
	EU						10	0.20		師培學院		00UE005			0		2.0				115	半			Principles of Instruction </br>[ Program: The Specialization Program of Learning Experience Design (LXD) ]	B		0521			0	N					◎限 一階生 二階生 教育學程生 不佔名額生 登記修習生 資優教育學程生 可修			0			吳柏菱		一 3-4 和平 無可用教室	教學原理（教） </br>[ 學分學程：學習體驗設計(LXD) 專業學分學程 ]						0		選				50		2		ZU6H
	EU						10	0.20		師培學院		00UE005			0		2.0				115	半			Principles of Instruction </br>[ Program: The Specialization Program of Learning Experience Design (LXD) ]	C		0522			0	N					◎限 一階生 二階生 教育學程生 不佔名額生 登記修習生 資優教育學程生 可修			0			王力億		四 1-2 和平 無可用教室	教學原理（教） </br>[ 學分學程：學習體驗設計(LXD) 專業學分學程 ]						0		選				50		2		ZU6H
	EU						10	0.20		師培學院		00UE005			0		2.0				115	半			Principles of Instruction </br>[ Program: The Specialization Program of Learning Experience Design (LXD) ]	D		0523			0	N					◎限 一階生 二階生 教育學程生 不佔名額生 登記修習生 資優教育學程生 可修			0			王力億		四 3-4 和平 無可用教室	教學原理（教） </br>[ 學分學程：學習體驗設計(LXD) 專業學分學程 ]						0		選				50		2		ZU6H
	EU						10	0.20		師培學院		00UE006			0		2.0				115	半			Classroom Management	A		0524			0	N					◎限 一階生 二階生 教育學程生 不佔名額生 登記修習生 資優教育學程生 可修			0			張民杰		四 6-7 公館 無可用教室	班級經營（教）						0		選				50		2		
	EU						10	0.20		師培學院		00UE006			0		2.0				115	半			Classroom Management	B		0525			0	N					◎限 一階生 二階生 教育學程生 不佔名額生 登記修習生 資優教育學程生 可修			0			未定		一 9-10 和平 無可用教室	班級經營（教）						0		選				50		2		
	EU						10	0.20		師培學院		00UE006			0		2.0				115	半			Classroom Management	C		0526			0	N					◎限 一階生 二階生 教育學程生 不佔名額生 登記修習生 資優教育學程生 可修			0			未定		一 A-B 和平 無可用教室	班級經營（教）						0		選				50		2		
	EU						10	0.20		師培學院		00UE006			0		2.0				115	半			Classroom Management	D		0527			0	N					◎限 一階生 二階生 教育學程生 不佔名額生 登記修習生 資優教育學程生 可修			0			未定		一 6-7 公館 無可用教室	班級經營（教）						0		選				50		2		
	EU						10	0.20		師培學院		00UE008			0		2.0				115	半			Principle and Practice of Guidance </br>[ Program: The Inter-disciplinary Program of Cultivating Seniors Service Talent in Community ]	A		0528			0	N					◎限 一階生 二階生 教育學程生 不佔名額生 登記修習生 資優教育學程生 可修			0			吳淑禎		一 3-4 和平 無可用教室	輔導原理與實務（教） </br>[ 學分學程：社區高齡者服務人才培力學分學程 ]						0		選				50		2		ZU98
	EU						10	0.20		師培學院		00UE008			0		2.0				115	半			Principle and Practice of Guidance </br>[ Program: The Inter-disciplinary Program of Cultivating Seniors Service Talent in Community ]	B		0529			0	N					◎限 一階生 二階生 教育學程生 不佔名額生 登記修習生 資優教育學程生 可修			0			吳淑禎		一 6-7 和平 無可用教室	輔導原理與實務（教） </br>[ 學分學程：社區高齡者服務人才培力學分學程 ]						0		選				50	**除上課時間之外，每週另安排1小時臨近中學進行義務輔導，適合想要強化臨床教學經驗且時間許可者。1.外加義務輔導10-12週，每週1次，每次1節課。2.不開放授權碼選課。3.第1週請務必出席參與義務輔導媒合說明，不接受第1、2週未到同學加選。	2		ZU98
	EU						10	0.20		師培學院		00UE008			0		2.0				115	半			Principle and Practice of Guidance </br>[ Program: The Inter-disciplinary Program of Cultivating Seniors Service Talent in Community ]	C		0530			0	N					◎限 一階生 二階生 教育學程生 不佔名額生 登記修習生 資優教育學程生 可修			0			未定		三 9-10 和平 無可用教室	輔導原理與實務（教） </br>[ 學分學程：社區高齡者服務人才培力學分學程 ]						0		選				50		2		ZU98
	EU						10	0.20		師培學院		00UE008			0		2.0				115	半			Principle and Practice of Guidance </br>[ Program: The Inter-disciplinary Program of Cultivating Seniors Service Talent in Community ]	D		0531			0	N					◎限 一階生 二階生 教育學程生 不佔名額生 登記修習生 資優教育學程生 可修			0			未定		三 A-B 和平 無可用教室	輔導原理與實務（教） </br>[ 學分學程：社區高齡者服務人才培力學分學程 ]						0		選				50		2		ZU98
	EU						10	0.20		師培學院		00UE008			0		2.0				115	半			Principle and Practice of Guidance </br>[ Program: The Inter-disciplinary Program of Cultivating Seniors Service Talent in Community ]	E		0532			0	N					◎限 一階生 二階生 教育學程生 不佔名額生 登記修習生 資優教育學程生 可修			0			吳淑禎		四 3-4 公館 無可用教室	輔導原理與實務（教） </br>[ 學分學程：社區高齡者服務人才培力學分學程 ]						0		選				50		2		ZU98
	EU						10	0.20		師培學院		00UE036			0		2.0				115	半			History of Education </br>[ Program: The Specialization Program of Learning Experience Design (LXD) ]			0533			0	N					◎限 一階生 二階生 教育學程生 不佔名額生 登記修習生 國小教育學程生 國小不佔名額生 可修			0			劉蔚之		四 3-4 和平 無可用教室	教育史（教） </br>[ 學分學程：學習體驗設計(LXD) 專業學分學程 ]						0		選				50		2		ZU6H
	EU						10	0.20		師培學院		00UE037			0		2.0				115	半			Studies of Contemporary Educational Thoughts </br>[ Program: The Inter-disciplinary Program of PASSION Quality Education in Rural Schools ]			0534			0	N					◎限 一階生 二階生 教育學程生 不佔名額生 登記修習生 國小教育學程生 國小不佔名額生 可修			0			林秀珍		一 6-7 和平 無可用教室	現代教育思潮（教） </br>[ 學分學程：PASSION偏鄉優質教育學分學程 ]						0		選				50		2		ZU79
	EU						10	0.20		師培學院		00UE037			0		2.0				115	半			Studies of Contemporary Educational Thoughts </br>[ Program: The Inter-disciplinary Program of PASSION Quality Education in Rural Schools ]	B		0535			0	N					◎限 一階生 二階生 教育學程生 不佔名額生 登記修習生 國小教育學程生 國小不佔名額生 可修			0			林秀珍		二 6-7 和平 無可用教室	現代教育思潮（教） </br>[ 學分學程：PASSION偏鄉優質教育學分學程 ]						0		選				50		2		ZU79
	EU						10	0.20		師培學院		00UE059			0		3.0				115	半			Introduction to Special Education </br>[ Program: The Specialization Program of Learning Experience Design (LXD) The Specialization Program of Communication Disorders Education ]	A		0536			0	N					◎限 一階生 二階生 教育學程生 不佔名額生 登記修習生 國小教育學程生 國小不佔名額生 可修			0			未定		四 7-9 和平 無可用教室	特殊教育導論（教） </br>[ 學分學程：學習體驗設計(LXD) 專業學分學程 溝通障礙教育領域專業學分學程 ]						0		選				50		2		ZU6H/ZU8V
	EU						10	0.20		師培學院		00UE059			0		3.0				115	半			Introduction to Special Education </br>[ Program: The Specialization Program of Learning Experience Design (LXD) The Specialization Program of Communication Disorders Education ]	B		0537			0	N					◎限 一階生 二階生 教育學程生 不佔名額生 登記修習生 國小教育學程生 國小不佔名額生 可修			0			未定		四 10-B 和平 無可用教室	特殊教育導論（教） </br>[ 學分學程：學習體驗設計(LXD) 專業學分學程 溝通障礙教育領域專業學分學程 ]						0		選				50		2		ZU6H/ZU8V
	EU						5	0.10		師培學院		00UE059			0		3.0				115	半			Introduction to Special Education </br>[ Program: The Specialization Program of Learning Experience Design (LXD) The Specialization Program of Communication Disorders Education ]	C		0538			0	N					◎限 一階生 二階生 教育學程生 不佔名額生 登記修習生 國小教育學程生 國小不佔名額生 可修			0			趙本強		一 2-4 和平 特113	特殊教育導論（教） </br>[ 學分學程：學習體驗設計(LXD) 專業學分學程 溝通障礙教育領域專業學分學程 ]						0		選				50		2		ZU6H/ZU8V
	EU						10	0.20		師培學院		00UE059			0		3.0				115	半			Introduction to Special Education </br>[ Program: The Specialization Program of Learning Experience Design (LXD) The Specialization Program of Communication Disorders Education ]	D		0539			0	N					◎限 一階生 二階生 教育學程生 不佔名額生 登記修習生 國小教育學程生 國小不佔名額生 可修			0			未定		二 6-8 和平 特113	特殊教育導論（教） </br>[ 學分學程：學習體驗設計(LXD) 專業學分學程 溝通障礙教育領域專業學分學程 ]						0		選				50	授課教師：林淑莉	2		ZU6H/ZU8V
	EU						10	0.20		師培學院		00UE059			0		3.0				115	半			Introduction to Special Education </br>[ Program: The Specialization Program of Learning Experience Design (LXD) The Specialization Program of Communication Disorders Education ]	E		0540			0	N					◎限 一階生 二階生 教育學程生 不佔名額生 登記修習生 國小教育學程生 國小不佔名額生 可修			0			未定		三 A-C 和平 無可用教室	特殊教育導論（教） </br>[ 學分學程：學習體驗設計(LXD) 專業學分學程 溝通障礙教育領域專業學分學程 ]						0		選				50		2		ZU6H/ZU8V
	EU						5	0.10		師培學院		00UE073			0		2.0				115	半			Introduction to Education for the Gifted			0541			0	N		是			◎限 一階生 二階生 教育學程生 不佔名額生 登記修習生 國小教育學程生 國小不佔名額生 可修			0			陳偉仁		四 3-4 和平 特115	資優教育概論（教）						0		選				50		2		
	EU						10	0.20		師培學院		00UE074			0		2.0				115	半			Learning Assessment	A		0542			0	N					◎限 一階生 二階生 教育學程生 不佔名額生 登記修習生 資優教育學程生 國小教育學程生 國小不佔名額生 可修			0			未定		三 6-7 和平 無可用教室	學習評量（教）						0		選				50		2		
	EU						10	0.20		師培學院		00UE074			0		2.0				115	半			Learning Assessment	B		0543			0	N					◎限 一階生 二階生 教育學程生 不佔名額生 登記修習生 資優教育學程生 國小教育學程生 國小不佔名額生 可修			0			王力億		五 6-7 和平 無可用教室	學習評量（教）						0		選				50		2		
	EU						10	0.20		師培學院		00UE074			0		2.0				115	半			Learning Assessment	C		0544			0	N					◎限 一階生 二階生 教育學程生 不佔名額生 登記修習生 資優教育學程生 國小教育學程生 國小不佔名額生 可修			0			陳柏熹		一 3-4 和平 無可用教室	學習評量（教）						0		選				50		2		
	EU						10	0.20		師培學院		00UE075			0		2.0				115	半			Curriculum Development and Design </br>[ Program: The Specialization Program of Learning Experience Design (LXD) ]	A		0545			0	N					◎限 一階生 二階生 教育學程生 不佔名額生 登記修習生 資優教育學程生 可修			0			未定		二 A-B 和平 無可用教室	課程發展與設計（教） </br>[ 學分學程：學習體驗設計(LXD) 專業學分學程 ]						0		選				50		2		ZU6H
	EU						10	0.20		師培學院		00UE075			0		2.0				115	半			Curriculum Development and Design </br>[ Program: The Specialization Program of Learning Experience Design (LXD) ]	B		0546			0	N					◎限 一階生 二階生 教育學程生 不佔名額生 登記修習生 資優教育學程生 可修			0			未定		三 A-B 和平 無可用教室	課程發展與設計（教） </br>[ 學分學程：學習體驗設計(LXD) 專業學分學程 ]						0		選				50		2		ZU6H
	EU						10	0.20		師培學院		00UE075			0		2.0				115	半			Curriculum Development and Design </br>[ Program: The Specialization Program of Learning Experience Design (LXD) ]	C		0547			0	N					◎限 一階生 二階生 教育學程生 不佔名額生 登記修習生 資優教育學程生 可修			0			未定		一 B-C 和平 無可用教室	課程發展與設計（教） </br>[ 學分學程：學習體驗設計(LXD) 專業學分學程 ]						0		選				50		2		ZU6H
	EU						10	0.20		師培學院		00UE075			0		2.0				115	半			Curriculum Development and Design </br>[ Program: The Specialization Program of Learning Experience Design (LXD) ]	D		0548			0	N					◎限 一階生 二階生 教育學程生 不佔名額生 登記修習生 資優教育學程生 可修			0			未定		一 8-9 和平 無可用教室	課程發展與設計（教） </br>[ 學分學程：學習體驗設計(LXD) 專業學分學程 ]						0		選				50		2		ZU6H
	EU						10	0.20		師培學院		00UE075			0		2.0				115	半			Curriculum Development and Design </br>[ Program: The Specialization Program of Learning Experience Design (LXD) ]	E		0549			0	N					◎限 一階生 二階生 教育學程生 不佔名額生 登記修習生 資優教育學程生 可修			0			未定		三 8-9 和平 無可用教室	課程發展與設計（教） </br>[ 學分學程：學習體驗設計(LXD) 專業學分學程 ]						0		選				50		2		ZU6H
	EU						10	0.20		師培學院		00UE076			0		2.0				115	半			Instructional Medium </br>[ Program: The Specialization Program of Learning Experience Design (LXD) ]	A		0550			0	N					◎限 一階生 二階生 教育學程生 不佔名額生 登記修習生 資優教育學程生 國小教育學程生 國小不佔名額生 可修			0			未定		四 10-A 和平 無可用教室	教學媒體與運用（教） </br>[ 學分學程：學習體驗設計(LXD) 專業學分學程 ]						0		選				50		2		ZU6H
	EU						10	0.20		師培學院		00UE076			0		2.0				115	半			Instructional Medium </br>[ Program: The Specialization Program of Learning Experience Design (LXD) ]	B		0551			0	N					◎限 一階生 二階生 教育學程生 不佔名額生 登記修習生 資優教育學程生 國小教育學程生 國小不佔名額生 可修			0			未定		四 8-9 和平 無可用教室	教學媒體與運用（教） </br>[ 學分學程：學習體驗設計(LXD) 專業學分學程 ]						0		選				50		2		ZU6H
	EU						10	0.20		師培學院		00UE076			0		2.0				115	半			Instructional Medium </br>[ Program: The Specialization Program of Learning Experience Design (LXD) ]	C		0552			0	N					◎限 一階生 二階生 教育學程生 不佔名額生 登記修習生 資優教育學程生 國小教育學程生 國小不佔名額生 可修			0			未定		四 10-A 和平 無可用教室	教學媒體與運用（教） </br>[ 學分學程：學習體驗設計(LXD) 專業學分學程 ]						0		選				50		2		ZU6H
	EU						10	0.20		師培學院		00UE076			0		2.0				115	半			Instructional Medium </br>[ Program: The Specialization Program of Learning Experience Design (LXD) ]	D		0553			0	N					◎限 一階生 二階生 教育學程生 不佔名額生 登記修習生 資優教育學程生 國小教育學程生 國小不佔名額生 可修			0			未定		二 8-9 和平 無可用教室	教學媒體與運用（教） </br>[ 學分學程：學習體驗設計(LXD) 專業學分學程 ]						0		選				50		2		ZU6H
	EU						10	0.20		師培學院		00UE076			0		2.0				115	半			Instructional Medium </br>[ Program: The Specialization Program of Learning Experience Design (LXD) ]	E		0554			0	N					◎限 一階生 二階生 教育學程生 不佔名額生 登記修習生 資優教育學程生 國小教育學程生 國小不佔名額生 可修			0			未定		二 10-A 和平 無可用教室	教學媒體與運用（教） </br>[ 學分學程：學習體驗設計(LXD) 專業學分學程 ]						0		選				50		2		ZU6H
	EU						10	0.20		師培學院		00UE079			0		2.0				115	半			Professional Literacy for Teachers </br>[ Program: The Inter-disciplinary Program of PASSION Quality Education in Rural Schools ]			0555			0	N					◎限 一階生 二階生 教育學程生 不佔名額生 登記修習生 國小教育學程生 國小不佔名額生 可修			0			未定		五 3-4 和平 無可用教室	教師素養（教） </br>[ 學分學程：PASSION偏鄉優質教育學分學程 ]						0		選				50		2		ZU79
	EU						10	0.20		師培學院		00UE080			0		2.0				115	半			Teacher Professional Development </br>[ Program: The Inter-disciplinary Program of PASSION Quality Education in Rural Schools ]			0556			0	N					◎限 一階生 二階生 教育學程生 不佔名額生 登記修習生 國小教育學程生 國小不佔名額生 可修			0			未定		五 6-7 和平 無可用教室	教師專業發展（教） </br>[ 學分學程：PASSION偏鄉優質教育學分學程 ]						0		選				50		2		ZU79
	EU						10	0.20		師培學院		00UE084			0		0.0				115	半			Field Lesson(I)			0557			0	N					◎限 二階生 教育學程生 不佔名額生 登記修習生 可修			0			葉怡芬			實地學習（一）（教）						0		選				50	本課程係期末彙整實地學習時數加註成績單用，不涉選課。如欲採認實地學習時數請洽各系辦或師培課程組。	2		
	EU						10	0.20		師培學院		00UE085			0		0.0				115	半			Field Lesson(II)			0558			0	N					◎限 二階生 教育學程生 不佔名額生 登記修習生 可修			0			葉怡芬			實地學習（二）（教）						0		選				50	本課程係期末彙整實地學習時數加註成績單用，不涉選課。如欲採認實地學習時數請洽各系辦或師培課程組。	2		
	EU						10	0.20		師培學院		00UE086			0		0.0				115	半			Field Lesson(III)			0559			0	N					◎限 二階生 教育學程生 不佔名額生 登記修習生 可修			0			葉怡芬			實地學習（三）（教）						0		選				50	本課程係期末彙整實地學習時數加註成績單用，不涉選課。如欲採認實地學習時數請洽各系辦或師培課程組。	2		
	EU						10	0.20		師培學院		00UE087			0		0.0				115	半			Field Lesson(A)			0560			0	N					◎限 二階生 教育學程生 不佔名額生 登記修習生 可修			0			葉怡芬			實地學習（A）（教）						0		選				50	本課程係期末彙整實地學習時數加註成績單用，不涉選課。如欲採認實地學習時數請洽各系辦或師培課程組。	2		
	EU						10	0.20		師培學院		00UE088			0		0.0				115	半			Field Lesson(B)			0561			0	N					◎限 二階生 教育學程生 不佔名額生 登記修習生 可修			0			葉怡芬			實地學習（B）（教）						0		選				50	本課程係期末彙整實地學習時數加註成績單用，不涉選課。如欲採認實地學習時數請洽各系辦或師培課程組。	2		
	EU						10	0.20		師培學院		00UE089			0		0.0				115	半			Field Lesson(C)			0562			0	N					◎限 二階生 教育學程生 不佔名額生 登記修習生 可修			0			葉怡芬			實地學習（C）（教）						0		選				50	本課程係期末彙整實地學習時數加註成績單用，不涉選課。如欲採認實地學習時數請洽各系辦或師培課程組。	2		
	EU						10	0.20		師培學院		00UE094			0		2.0				115	半			Inquiry and Practice in Mathematics			0563			0	N					◎限 一階生 二階生 教育學程生 不佔名額生 登記修習生 可修			0			未定		三 9-10 公館 數學館M310	數學探究與實作（教）						0		選				50	授課教師為謝佳叡老師	2		
	EU						10	0.20		師培學院		00UE099			0		2.0				115	半			Education Policy and Law </br>[ Program: The Specialization Program of Learning Experience Design (LXD) ]	A		0564			0	N					◎限 一階生 二階生 教育學程生 不佔名額生 登記修習生 資優教育學程生 國小教育學程生 國小不佔名額生 可修			0			廖純英		一 6-7 和平 無可用教室	教育政策與法令（教） </br>[ 學分學程：學習體驗設計(LXD) 專業學分學程 ]						0		選				50		2		ZU6H
	EU						10	0.20		師培學院		00UE099			0		2.0				115	半			Education Policy and Law </br>[ Program: The Specialization Program of Learning Experience Design (LXD) ]	B		0565			0	N					◎限 一階生 二階生 教育學程生 不佔名額生 登記修習生 資優教育學程生 國小教育學程生 國小不佔名額生 可修			0			未定		一 6-7 公館 無可用教室	教育政策與法令（教） </br>[ 學分學程：學習體驗設計(LXD) 專業學分學程 ]						0		選				50		2		ZU6H
	EU						10	0.20		師培學院		00UE099			0		2.0				115	半			Education Policy and Law </br>[ Program: The Specialization Program of Learning Experience Design (LXD) ]	C		0566			0	N					◎限 一階生 二階生 教育學程生 不佔名額生 登記修習生 資優教育學程生 國小教育學程生 國小不佔名額生 可修			0			未定		一 8-9 公館 無可用教室	教育政策與法令（教） </br>[ 學分學程：學習體驗設計(LXD) 專業學分學程 ]						0		選				50		2		ZU6H
	EU						10	0.20		師培學院		00UE099			0		2.0				115	半			Education Policy and Law </br>[ Program: The Specialization Program of Learning Experience Design (LXD) ]	D		0567			0	N					◎限 一階生 二階生 教育學程生 不佔名額生 登記修習生 資優教育學程生 國小教育學程生 國小不佔名額生 可修			0			陳宏彰		三 8-9 和平 無可用教室	教育政策與法令（教） </br>[ 學分學程：學習體驗設計(LXD) 專業學分學程 ]						0		選				50		2		ZU6H
	EU						10	0.20		師培學院		00UE102			0		1.0				115	半			Vocational Education Training and Career Planning	A		0568			0	N					◎限 一階生 二階生 教育學程生 不佔名額生 登記修習生 資優教育學程生 國小教育學程生 國小不佔名額生 可修			0			未定		四 B 和平 無可用教室	職業教育與訓練暨生涯規劃（教）						0		必				50	1.密集課程，每週上課2小時，持續8週。選修本課程者視同接受實際上課時間為：2/25、3/4只上第B節、3/11、3/18、3/25、4/1、4/8、4/15、4/22皆須連續上第B-C節。本學期此時段不得再安排其他課程，避免衝堂之情事發生。2.欲停修該密集課程，請於116/2/25~4/22前提出線上申請。	2		
	EU						10	0.20		師培學院		00UE102			0		1.0				115	半			Vocational Education Training and Career Planning	B		0569			0	N					◎限 一階生 二階生 教育學程生 不佔名額生 登記修習生 資優教育學程生 國小教育學程生 國小不佔名額生 可修			0			未定		四 C 和平 無可用教室	職業教育與訓練暨生涯規劃（教）						0		必				50	1.密集課程，每週上課2小時，持續8週。選修本課程者視同接受實際上課時間為：2/25、3/4只上第C節、4/29、5/6、5/13、5/20、5/27、6/3、6/10皆須連續上第B-C節。本學期此時段不得再安排其他課程，避免衝堂之情事發生。2.欲停修該密集課程，請於116/2/25~6/10前提出線上申請。	2		
	EU						10	0.20		師培學院		00UE102			0		1.0				115	半			Vocational Education Training and Career Planning	C		0570			0	N					◎限 一階生 二階生 教育學程生 不佔名額生 登記修習生 資優教育學程生 國小教育學程生 國小不佔名額生 可修			0			吳淑禎		二 6 和平 無可用教室	職業教育與訓練暨生涯規劃（教）						0		必				50	1.密集課程，每週上課2小時，持續8週，不接受第3週才加選，第1週即列記出缺席。選修本課程者視同接受實際上課時間為：2/23、3/2、3/9、3/16、3/23、3/30、4/6(放假)、4/13、4/20皆須連續上第6-7節。本學期此時段不得再安排其他課程，避免衝堂之情事發生。    2.欲停修該密集課程，請於116/2/23~4/20前提出線上申請。	2		
	EU						10	0.20		師培學院		00UE102			0		1.0				115	半			Vocational Education Training and Career Planning	D		0571			0	N					◎限 一階生 二階生 教育學程生 不佔名額生 登記修習生 資優教育學程生 國小教育學程生 國小不佔名額生 可修			0			吳淑禎		二 A 和平 無可用教室	職業教育與訓練暨生涯規劃（教）						0		必				50	1.密集課程，每週上課2小時，持續8週，不接受第3週才加選，第1週即列記出缺席。選修本課程者視同接受實際上課時間為：2/23、3/2、3/9、3/16、3/23、3/30、4/6(放假)、4/13、4/20皆須連續上第6-7節。本學期此時段不得再安排其他課程，避免衝堂之情事發生。    2.欲停修該密集課程，請於116/2/23~4/20前提出線上申請。	2		
	EU						10	0.20		師培學院		00UE304			0		2.0				115	半			Education Issues </br>[ Program: The Specialization Program of Learning Experience Design (LXD) ]			0572			0	N					◎限 一階生 二階生 教育學程生 不佔名額生 登記修習生 資優教育學程生 國小教育學程生 國小不佔名額生 可修			0			高松景		一 8-9 和平 無可用教室	教育議題專題（教） </br>[ 學分學程：學習體驗設計(LXD) 專業學分學程 ]						0		選				50		2		ZU6H
	EU						10	0.20		師培學院		00UE311			0		2.0				115	半			Education Issues			0573			0	N					◎限 一階生 二階生 教育學程生 不佔名額生 登記修習生 資優教育學程生 國小教育學程生 國小不佔名額生 可修			0			郝永崴		五 3-4 和平 無可用教室	教育議題專題（教）						0		選				50		2		
	EU						10	0.20		師培學院		00UE324			0		2.0				115	半			Education Issues			0574			0	N					◎限 一階生 二階生 教育學程生 不佔名額生 登記修習生 資優教育學程生 國小教育學程生 國小不佔名額生 可修			0			未定		二 8-9 和平 無可用教室	教育議題專題（教）						0		選				50		2		
	EU						10	0.20		師培學院		00UE325			0		2.0				115	半			Education Issues	A		0575			0	N					◎限 一階生 二階生 教育學程生 不佔名額生 登記修習生 資優教育學程生 國小教育學程生 國小不佔名額生 可修			0			葉明芬		二 1-2 公館 Ｓ501	教育議題專題（教）						0		選				50	本課程以綜合、家庭議題為主。	2		
	EU						10	0.20		師培學院		00UE325			0		2.0				115	半			Education Issues	B		0576			0	N					◎限 一階生 二階生 教育學程生 不佔名額生 登記修習生 資優教育學程生 國小教育學程生 國小不佔名額生 可修			0			葉明芬		二 3-4 公館 無可用教室	教育議題專題（教）						0		選				50	本課程以綜合、家庭議題為主。	2		
	EU						10	0.20		師培學院		00UE522			0		2.0				115	半			Classroom Management			0577			0	N					◎限 國小教育學程生 國小不佔名額生 可修			0			洪麗卿		四 6-7 和平 無可用教室	班級經營（小教）						0		選				50		2		
	EU						10	0.40		師培學院		00UE524			0		2.0				115	半			Parent Education: Families and Schools Working Together			0578			0	N					◎限 國小教育學程生 國小不佔名額生 可修			0			張民杰		四 3-4 公館 無可用教室	親職教育與親師合作（小教）						0		選				50		2		
	EU						10	0.20		師培學院		00UE525			0		2.0				115	半			Reading and Information Literacy Education			0579			0	N					◎限 國小教育學程生 國小不佔名額生 可修			0			未定		二 6-7 和平 無可用教室	閱讀暨資訊素養教育（小教）						0		選				50		2		
	EU						10	0.20		師培學院		00UE526			0		2.0				115	半			Elementary Teaching Practicum			0580			0	N					◎限 國小教育學程生 國小不佔名額生 可修 ◎必須先修過(也可以同時修)【00UE528  國民小學國語文教材教法（小教）】、【00UE527  國民小學數學領域教材教法（小教）】			0			洪麗卿		五 1-4 和平 無可用教室	國民小學教學實習（小教）						0		必				50		2		
	EU						10	0.20		師培學院		00UE531			0		2.0				115	半			Teaching Materials and Methods on Natural Sciences for Elementary School	A		0581			0	N					◎限 國小教育學程生 國小不佔名額生 可修			0			吳柏菱		二 3-4 和平 無可用教室	國民小學自然科學領域教材教法（小教）						0		選				50		2		
	EU						10	0.40		師培學院		00UE531			0		2.0				115	半			Teaching Materials and Methods on Natural Sciences for Elementary School	B		0582			0	N					◎限 國小教育學程生 國小不佔名額生 可修			0			吳柏菱		五 6-7 和平 無可用教室	國民小學自然科學領域教材教法（小教）						0		選				50		2		
	EU						10	0.20		師培學院		00UE532			0		2.0				115	半			Teaching Materials and Methods on Social Studies for Elementary School			0583			0	N					◎限 國小教育學程生 國小不佔名額生 可修			0			洪麗卿		一 6-7 和平 無可用教室	國民小學社會領域教材教法（小教）						0		選				50		2		
	EU						10	0.20		師培學院		00UE534			0		2.0				115	半			Teaching Materials and Methods on Arts for Elementary School			0584			0	N					◎限 國小教育學程生 國小不佔名額生 可修			0			未定		三 9-10 和平 無可用教室	國民小學藝術領域教材教法（小教）						0		選				50		2		
	EU						10	0.20		師培學院		00UE536			0		2.0				115	半			Interdisciplinary Instructional Design			0585			0	N					◎限 國小教育學程生 國小不佔名額生 可修			0			吳柏菱		一 8-9 和平 無可用教室	跨領域教學設計（小教）						0		選				50		2		
	EU						10	0.40		師培學院		00UE538			0		2.0				115	半			Mandarin Phonetics and Speech			0586			0	N					◎限 國小教育學程生 國小不佔名額生 可修			0			未定		二 9-10 和平 無可用教室	國音及說話（小教）						0		必				50		2		
	EU						10	0.20		師培學院		00UE548			0		2.0				115	半			Introduction to Integrative Activities Areas			0587			0	N					◎限 國小教育學程生 國小不佔名額生 可修			0			徐秀婕		三 6-7 和平 無可用教室	綜合活動領域概論（小教）						0		選				50		2		
	EU						10	0.20		師培學院		00UE556			0		2.0				115	半			Curriculum Development and Design for Elementary School			0588			0	N					◎限 國小教育學程生 國小不佔名額生 可修			0			洪麗卿		四 8-9 和平 無可用教室	課程發展與設計（小教）						0		選				50		2		
	EU						10	0.20		師培學院		00UEB01			0		2.0				115	半			Teaching Materials and Methods : Bilingual Education	A		0589			0	N					◎限 雙語修習資格生 可修			0			王力億		四 6-7 和平 無可用教室	雙語教材教法（教）						0		必				50		2		
	EU						10	0.20		師培學院		00UEB02			0		1.0				115	半			Practice in Bilingual Teaching	A		0590			0	N		是			◎限 雙語修習資格生 可修			0			吳柏菱		五 3 和平 無可用教室	雙語教學應用與實作（教）						0		必				50		2		
	EU						10	0.20		師培學院		00UEB03			0		2.0				115	半			Introduction to Bilingual Education			0591			0	N		是			◎限 雙語修習資格生 可修			0			柯琦		五 3-4 和平 綜913	雙語教育概論（教）						0		必				50		2		
	EU						10	0.20		師培學院		00UEB04			0		2.0				115	半			Teaching Practicum: Bilingual Education	A		0592			0	N		是			◎限 雙語修習資格生 可修◎必須先修過【00UEB01  雙語教材教法（教）】			0			柯琦		一 1-2 和平 無可用教室	雙語教學實習（教）						0		必				50		2		
	EU						10	0.20		師培學院		00UEB04			0		2.0				115	半			Teaching Practicum: Bilingual Education	B		0593			0	N		是			◎限 雙語修習資格生 可修◎必須先修過【00UEB01  雙語教材教法（教）】			0			柯琦		五 1-2 和平 無可用教室	雙語教學實習（教）						0		必				50		2		
	EU						10	0.20		師培學院		00UEB04			0		2.0				115	半			Teaching Practicum: Bilingual Education	C		0594			0	N		是			◎限 雙語修習資格生 可修◎必須先修過【00UEB01  雙語教材教法（教）】			0			柯琦		四 1-2 和平 無可用教室	雙語教學實習（教）						0		必				50		2		
	EU						10	0.20		師培學院		00UEB06			0		3.0				115	半			Classroom English for Bilingual Education	A		0595			0	N		是			◎限 雙語修習資格生 可修			0			柯琦		一 6-8 和平 無可用教室	雙語教育之課室英語（教）						0		選				50		2		
	EU						10	0.20		師培學院		00UEB06			0		3.0				115	半			Classroom English for Bilingual Education	B		0596			0	N		是			◎限 雙語修習資格生 可修			0			柯琦		四 6-8 和平 無可用教室	雙語教育之課室英語（教）						0		選				50		2		
	EU						10	0.20		師培學院		00UEG02			0		2.0				115	半			Practicum in Teaching Students with Special Needs (II)	A		0597			0	N					◎限 不佔名額生 資優教育學程生 可修◎必須先修過【00UEG01  特殊教育教學實習（一）（資優）】			0			陳偉仁		四 6-9 和平 特230	特殊教育教學實習（二）（資優）						0		必				50		2		
	EU						10	0.20		師培學院		00UEG03			0		2.0				115	半			Curriculum and Instructional Designs for Gifted and Talented Students (I)			0598			0	N					◎限 不佔名額生 資優教育學程生 可修			0			陳偉仁		五 3-4 和平 無可用教室	資賦優異學生教材教法（一）（資優）						0		必				50		2		
	EU						10	0.20		師培學院		00UEG05			0		3.0				115	半			Assessment of Students with Special Needs	C		0599			0	N					◎限 不佔名額生 資優教育學程生 可修			0			未定		一 6-8 和平 特115	特殊教育學生評量（資優）						0		必				50	授課教師：李乙明。	2		
	EU						10	0.20		師培學院		00UEG06			0		2.0				115	半			Counseling for Gifted and Talented Students			0600			0	N					◎限 不佔名額生 資優教育學程生 可修			0			于曉平		三 A-B 和平 特115	資優學生心理輔導與情意教育（資優）						0		必				50		2		
	EU						10	0.20		師培學院		00UEG09			0		2.0				115	半			Guiding Independent Study for Gifted and Talented Students			0601			0	N					◎限 不佔名額生 資優教育學程生 可修			0			潘裕豐		四 3-4 和平 特113	資優學生獨立研究指導（資優）						0		必				50		2		
	EU						3	0.06		師培學院		00UEG13			0		2.0				115	半			Training of Higher Level Thinking Skills			0602			0	N					◎限 不佔名額生 資優教育學程生 可修			0			陳偉仁		五 6-7 和平 無可用教室	高層思考訓練（資優）						0		選				50		2		
	EU						5	0.10		師培學院		00UEG18			0		2.0				115	半			Introduction to Education for the Gifted	A		0603			0	N		是			◎限 不佔名額生 資優教育學程生 可修			0			陳偉仁		四 3-4 和平 特115	資優教育概論（資優）						0		必				50		2		
	EU						10	0.20		師培學院		00UEG18			0		2.0				115	半			Introduction to Education for the Gifted	B		0604			0	N					◎限 不佔名額生 資優教育學程生 可修			0			未定		四 A-B 和平 特115	資優教育概論（資優）						0		必				50	授課教師：潘宏倫。	2		
	EU						10	0.20		師培學院		00UEG19			0		3.0				115	半			Introduction to Special Education </br>[ Program: The Specialization Program of Communication Disorders Education ]	A		0605			0	N					◎限 不佔名額生 資優教育學程生 可修			0			未定		二 6-8 和平 特113	特殊教育導論（資優） </br>[ 學分學程：溝通障礙教育領域專業學分學程 ]						0		必				50	授課教師：林淑莉	2		ZU8V
	EU						5	0.10		師培學院		00UEG19			0		3.0				115	半			Introduction to Special Education </br>[ Program: The Specialization Program of Communication Disorders Education ]	B		0606			0	N					◎限 不佔名額生 資優教育學程生 可修			0			趙本強		一 2-4 和平 特113	特殊教育導論（資優） </br>[ 學分學程：溝通障礙教育領域專業學分學程 ]						0		必				50		2		ZU8V
	EU						10	0.20		師培學院		00UEG19			0		3.0				115	半			Introduction to Special Education </br>[ Program: The Specialization Program of Communication Disorders Education ]	C		0607			0	N					◎限 不佔名額生 資優教育學程生 可修			0			未定		四 10-B 和平 無可用教室	特殊教育導論（資優） </br>[ 學分學程：溝通障礙教育領域專業學分學程 ]						0		必				50		2		ZU8V
	EU						3	0.06		師培學院		00UEG21			0		2.0				115	半			Gifted and Talented Education for Language			0608			0	N					◎限 不佔名額生 資優教育學程生 可修			0			王宏均		二 6-7 和平 特114視聽室	語文資優教育（資優）						0		選				50		2		
	EU						10	0.40		師培學院		00UEG26			0		2.0				115	半			Concepts and Implementation of the Individualized Education Program			0609			0	N					◎限 不佔名額生 資優教育學程生 可修			0			趙本強		二 9-10 和平 無可用教室	個別化教育計畫的理念與實施（資優）						0		選				50		2		
	EU						10	0.20		師培學院		00UE105			0		2.0				115	半			Graphic Communication Research and Implementation			0610			0	N					◎限本系(含雙主修)修習◎限大四修習     ◎限 二階生 教育學程生 不佔名額生 登記修習生 可修◎必須先修過【GCUE310  設計群教學實習（一）（教）】◎必須先修過(也可以同時修)【GCUE410  設計群教學實習（二）（教）】			0			廖信		一 6 和平 無可用教室, 二 6 和平 無可用教室	圖文傳播探究與實作（教）	四			4		0		選				50	1.限大四以上具設計群師培生資格同學選課。2.第一次上課務必出席。3.如有任何選課問題請與授課老師聯繫。	2		
	EU00						10	0.20		教育系（學）		EDU0086			1		2.0				115	半			Introduction to Philosophy	A		0611			0	N		是						0			未定		四 9-10 和平 無可用教室	哲學概論	一			1		0		必				50		2		
	EU00						10	0.20		教育系（學）		EDU0086			1		2.0				115	半			Introduction to Philosophy	B		0612			0	N		是						0			洪仁進		二 9-10 和平 無可用教室	哲學概論	一			1		0		必				50		2		
	EU00						10	0.20		教育系（學）		EDU0122			0		2.0				115	半			Hidden Curriculum			0613			0	N		是						0			未定		四 3-4 和平 無可用教室	潛在課程	一			1		0		選				50		2		
	EU00						10	0.20		教育系（學）		EDU0159			0		2.0				115	半			Principle and Practice of Guidance </br>[ Program: The Inter-disciplinary Program of PASSION Quality Education in Rural Schools The Inter-disciplinary Program of Cultivating Seniors Service Talent in Community ]			0614			0	N								0			未定		二 3-4 和平 無可用教室	輔導原理與實務 </br>[ 學分學程：PASSION偏鄉優質教育學分學程 社區高齡者服務人才培力學分學程 ]	一			1		0		選				50		2		ZU79/ZU98
	EU00						10	0.20		教育系（學）		EDU0196			0		2.0				115	半			Educational Hermeneutics of Movies			0615			0	N								0			方永泉		二 6-7 和平 無可用教室	電影的教育詮釋	一			1		0		選				50		2		
	EU00						10	0.20		教育系（學）		EDU0197			0		2.0				115	半			History of Chinese Educational System and Activities			0616			0	N					◎必須先修過【EDU0003  中國教育史】			0			周愚文		一 6-7 和平 無可用教室	中國教育制度與活動史	一			1		0		選				50		2		
	EU00						10	0.20		教育系（學）		EDU0215			1		2.0				115	半			Instructional Medium </br>[ Program: The Inter-disciplinary Program of Technology-assisted Teaching Industry The Inter-disciplinary Program of PASSION Quality Education in Rural Schools ]	A		0617			0	N		是						0			林君憶		三 8-9 和平 無可用教室	教學媒體與運用 </br>[ 學分學程：科技化教學產業學分學程 PASSION偏鄉優質教育學分學程 ]	一			1		0		必				50		2		ZU47/ZU79
	EU00						10	0.20		教育系（學）		EDU0215			1		2.0				115	半			Instructional Medium </br>[ Program: The Inter-disciplinary Program of Technology-assisted Teaching Industry The Inter-disciplinary Program of PASSION Quality Education in Rural Schools ]	B		0618			0	N		是						0			林君憶		三 6-7 和平 無可用教室	教學媒體與運用 </br>[ 學分學程：科技化教學產業學分學程 PASSION偏鄉優質教育學分學程 ]	一			1		0		必				50		2		ZU47/ZU79
	EU00						10	0.20		教育系（學）		EDU0224			0		2.0				115	半			Practicum for Intergovernmental Relationship of Educational Administration </br>[ Program: The Specialization Program of Education Policy and Administration The Specialization Program of Educational Leadership and Innovation ]			0619			0	N								0			王麗雲		一 C-D 和平 無可用教室	教育行政府際關係實務實習 </br>[ 學分學程：教育行政專業學分學程 教育領導與創新專業學分學程 ]	一			1		0		選				50		2		ZU5J/ZU8D
	EU00						10	0.20		教育系（學）		EDU0157			1		2.0				115	半			Principles of Instruction </br>[ Program: The Inter-disciplinary Program of Technology-assisted Teaching Industry The Specialization Program of Curriculum and Instruction The Inter-disciplinary Program of PASSION Quality Education in Rural Schools ]			0620			0	N			1					0			湯仁燕	甲	一 3-4 和平 無可用教室	教學原理 </br>[ 學分學程：科技化教學產業學分學程 課程與教學專業學分學程 PASSION偏鄉優質教育學分學程 ]	一			1		0		必				50		2		ZU47/ZU47/ZU5K/ZU5K/ZU79/ZU79
	EU00						10	0.20		教育系（學）		EDU0157			1		2.0				115	半			Principles of Instruction </br>[ Program: The Inter-disciplinary Program of Technology-assisted Teaching Industry The Specialization Program of Curriculum and Instruction The Inter-disciplinary Program of PASSION Quality Education in Rural Schools ]			0621			0	N			2					0			湯仁燕	乙	一 8-9 和平 無可用教室	教學原理 </br>[ 學分學程：科技化教學產業學分學程 課程與教學專業學分學程 PASSION偏鄉優質教育學分學程 ]	一			1		0		必				50		2		ZU47/ZU47/ZU5K/ZU5K/ZU79/ZU79
	EU00						10	0.20		教育系（學）		EDU0008			1		2.0				115	半			Comparative Education </br>[ Program: The Specialization Program of Education Policy and Administration The Specialization Program of Educational Leadership and Innovation ]	A		0622			0	N		是						0			陳宏彰		三 6-7 和平 無可用教室	比較教育 </br>[ 學分學程：教育行政專業學分學程 教育領導與創新專業學分學程 ]	二			2		0		必				50		2		ZU5J/ZU8D
	EU00						10	0.20		教育系（學）		EDU0008			1		2.0				115	半			Comparative Education </br>[ Program: The Specialization Program of Education Policy and Administration The Specialization Program of Educational Leadership and Innovation ]	B		0623			0	N		是						0			陳佩英		三 8-9 和平 無可用教室	比較教育 </br>[ 學分學程：教育行政專業學分學程 教育領導與創新專業學分學程 ]	二			2		0		必				50		2		ZU5J/ZU8D
	EU00						10	0.20		教育系（學）		EDU0051			0		2.0				115	半			School Administration			0624			0	N					◎必須先修過【EDU0005  教育行政】			0			黃乃熒		四 3-4 和平 無可用教室	學校行政	二			2		0		選				50		2		
	EU00						10	0.40		教育系（學）		EDU0095			0		2.0				115	半			Mental and Educational Measurement			0625			0	N								0			陳柏熹		一 6-7 和平 無可用教室	心理與教育測驗	二			2		0		選				50		2		
	EU00						10	0.20		教育系（學）		EDU0104			0		2.0				115	半			Official Documents Processing </br>[ Program: The Specialization Program of Education Policy and Administration ]			0626			0	N								0			未定		五 6-7 和平 無可用教室	公文與文書處理 </br>[ 學分學程：教育行政專業學分學程 ]	二			2		0		選				50		2		ZU5J
	EU00						10	0.20		教育系（學）		EDU0120			0		2.0				115	半			Classroom Observations </br>[ Program: The Specialization Program of Curriculum and Instruction ]			0627			0	N		是						0			郝永崴		五 1-2 和平 無可用教室	教室現場觀察 </br>[ 學分學程：課程與教學專業學分學程 ]	二			2		0		選				50		2		ZU5K
	EU00						10	0.40		教育系（學）		EDU0195			0		2.0				115	半			Principles of Emotional Education			0628			0	N								0			林建福		一 8-9 和平 無可用教室	情育原理	二			2		0		選				50		2		
	EU00						10	0.40		教育系（學）		EDU0217			0		2.0				115	半			Education Issues </br>[ Program: The Inter-disciplinary Program of PASSION Quality Education in Rural Schools ]			0629			0	N								0			未定		五 3-4 和平 無可用教室	教育議題專題 </br>[ 學分學程：PASSION偏鄉優質教育學分學程 ]	二			2		0		選				50		2		ZU79
	EU00						10	0.20		教育系（學）		EDU0002			1		2.0				115	半			History of Western Education			0630			0	N			1					0			洪仁進	甲	二 3-4 和平 無可用教室	西洋教育史	二			2		0		必				50		2		
	EU00						10	0.20		教育系（學）		EDU0002			1		2.0				115	半			History of Western Education			0631			0	N			2					0			方永泉	乙	二 3-4 和平 無可用教室	西洋教育史	二			2		0		必				50		2		
	EU00						10	0.20		教育系（學）		EDU0092			1		2.0				115	半			Multicultural Education </br>[ Program: The Specialization Program of Education and Social Justice The Inter-disciplinary Program of PASSION Quality Education in Rural Schools The Inter-disciplinary Program of Club Members Leadership And Empowerment Cultivation ]	A		0632			0	N		是						0			張珍瑋		二 6-7 和平 無可用教室	多元文化教育 </br>[ 學分學程：教育與社會正義專業學分學程 PASSION偏鄉優質教育學分學程 社團人專業領導培力學分學程 ]	三			3		0		必				50		2		ZU5L/ZU79/ZU9Q
	EU00						10	0.20		教育系（學）		EDU0092			1		2.0				115	半			Multicultural Education </br>[ Program: The Specialization Program of Education and Social Justice The Inter-disciplinary Program of PASSION Quality Education in Rural Schools The Inter-disciplinary Program of Club Members Leadership And Empowerment Cultivation ]	B		0633			0	N		是						0			張珍瑋		二 3-4 和平 無可用教室	多元文化教育 </br>[ 學分學程：教育與社會正義專業學分學程 PASSION偏鄉優質教育學分學程 社團人專業領導培力學分學程 ]	三			3		0		必				50		2		ZU5L/ZU79/ZU9Q
	EU00						10	0.40		教育系（學）		EDU0096			0		2.0				115	半			Application of Statistical Packages in Social Science </br>[ Program: The Specialization Program of Education and Social Justice ]			0634			0	N		是						0			王麗雲		一 6-7 和平 無可用教室	社會科學統計套裝軟體應用 </br>[ 學分學程：教育與社會正義專業學分學程 ]	三			3		0		選				50		2		ZU5L
	EU00						10	0.40		教育系（學）		EDU0185			0		2.0				115	半			Design, Selection and Evaluation of Teaching Materials </br>[ Program: The Inter-disciplinary Program of Technology-assisted Teaching Industry The Specialization Program of Curriculum and Instruction ]			0635			0	N								0			林君憶		五 6-7 和平 無可用教室	教材編選與評鑑 </br>[ 學分學程：科技化教學產業學分學程 課程與教學專業學分學程 ]	三			3		0		選				50		2		ZU47/ZU5K
	EU00						10	0.20		教育系（學）		EDU0200			0		2.0				115	半			Youth Culture and Education </br>[ Program: The Specialization Program of Education and Social Justice The Specialization Program of Educational Leadership and Innovation ]			0636			0	N		是						0			鄭英傑		二 8-9 和平 無可用教室	青少年文化與教育 </br>[ 學分學程：教育與社會正義專業學分學程 教育領導與創新專業學分學程 ]	三			3		0		選				50		2		ZU5L/ZU8D
	EU00						10	0.20		教育系（學）		EDU0220			0		2.0				115	半			Learning Assessment </br>[ Program: The Inter-disciplinary Program of PASSION Quality Education in Rural Schools ]			0637			0	N								0			王力億		五 3-4 和平 無可用教室	學習評量 </br>[ 學分學程：PASSION偏鄉優質教育學分學程 ]	三			3		0		選				50		2		ZU79
	EU00						10	0.20		教育系（學）		EDU0108			1		2.0				115	半			Educational Policy </br>[ Program: The Specialization Program of Education Policy and Administration The Specialization Program of Educational Leadership and Innovation ]			0638			0	N			1		◎必須先修過【EDU0005  教育行政】			0			王麗雲	甲	一 8-9 和平 無可用教室	教育政策 </br>[ 學分學程：教育行政專業學分學程 教育領導與創新專業學分學程 ]	三			3		0		必				50		2		ZU5J/ZU5J/ZU8D/ZU8D
	EU00						10	0.20		教育系（學）		EDU0192			1		2.0				115	半			Special Topics on Education			0639			0	N			1		◎必須先修過【EDU0153  教育概論】、【EDU0154  教育心理學】、【EDU0003  中國教育史】、【EDU0086  哲學概論】、【EDU0215  教學媒體與運用】、【EDU0157  教學原理】、【EDU0005  教育行政】、【EDU0156  教育社會學】、【EDU0184  課程原理】、【EDU0008  比較教育】			0			林君憶 張宜君	甲	四 3-4 和平 無可用教室	教育專題	三			3		0		必				50		2		
	EU00						10	0.20		教育系（學）		EDU0108			1		2.0				115	半			Educational Policy </br>[ Program: The Specialization Program of Education Policy and Administration The Specialization Program of Educational Leadership and Innovation ]			0640			0	N			2		◎必須先修過【EDU0005  教育行政】			0			黃乃熒	乙	四 6-7 和平 無可用教室	教育政策 </br>[ 學分學程：教育行政專業學分學程 教育領導與創新專業學分學程 ]	三			3		0		必				50		2		ZU5J/ZU5J/ZU8D/ZU8D
	EU00						10	0.20		教育系（學）		EDU0192			1		2.0				115	半			Special Topics on Education			0641			0	N			2		◎必須先修過【EDU0153  教育概論】、【EDU0154  教育心理學】、【EDU0003  中國教育史】、【EDU0086  哲學概論】、【EDU0215  教學媒體與運用】、【EDU0157  教學原理】、【EDU0005  教育行政】、【EDU0156  教育社會學】、【EDU0184  課程原理】、【EDU0008  比較教育】			0			李玉馨 余穎麒	乙	四 3-4 和平 無可用教室	教育專題	三			3		0		必				50		2		
	EU00						10	0.20		教育系（學）		EDU0027			0		2.0				115	半			History of Education in Taiwan			0642			0	N								0			未定		五 6-7 和平 無可用教室	臺灣教育史	四			4		0		選				50		2		
	EU00						10	0.20		教育系（學）		EDU0141			0		2.0				115	半			Administrative Law </br>[ Program: The Specialization Program of Education Policy and Administration ]			0643			0	N								0			未定		一 3-4 和平 無可用教室	行政法 </br>[ 學分學程：教育行政專業學分學程 ]	四			4		0		選				50		2		ZU5J
	EU00						10	0.20		教育系（學）		EDU0146			0		2.0				115	半			Remedial Teaching </br>[ Program: The Inter-disciplinary Program of Technology-assisted Teaching Industry The Specialization Program of Curriculum and Instruction The Inter-disciplinary Program of PASSION Quality Education in Rural Schools ]			0644			0	N					◎必須先修過【EDU0157  教學原理】、【EDU0184  課程原理】◎必須先修過(也可以同時修)【EDU0192  教育專題】其中一門			0			未定		二 6-7 和平 無可用教室	補救教學 </br>[ 學分學程：科技化教學產業學分學程 課程與教學專業學分學程 PASSION偏鄉優質教育學分學程 ]	四			4		0		選				50		2		ZU47/ZU5K/ZU79
	EU00						10	0.40		教育系（學）		EDU0183			0		2.0				115	半			Selected English Readings on Educational Classics </br>[ Program: The Specialization Program of History and Philosophy of Education ]			0645			0	N		是						0			未定		五 3-4 和平 無可用教室	英文教育名著導讀 </br>[ 學分學程：教育哲史專業學分學程 ]	四			4		0		選				50		2		ZU5M
	EU01						10	0.20		心輔系（學）		PCU0003			0		3.0				115	半			Developmental Psychology </br>[ Program: The Specialization Program of Learning and Instruction The Inter-disciplinary Program of PASSION Quality Education in Rural Schools ]	B		0646			0	N					◎必須先修過【PCU0152  普通心理學（一）】、【SPU6008  普通心理學（一）】其中一門			0			李俊仁		四 8-10 和平 無可用教室	發展心理學 </br>[ 學分學程：學習與教學專業學分學程 PASSION偏鄉優質教育學分學程 ]						0		必				50		2		ZU4W/ZU79
	EU01						10	0.20		心輔系（學）		PCU0011			0		3.0				115	半			Group Guidance & Counseling </br>[ Program: The Inter-disciplinary Program of Cultivating Seniors Service Talent in Community ]	C		0647			0	N					◎必須先修過【PCU0131  諮商技術】			0			未定		四 2-4 和平 無可用教室	團體輔導 </br>[ 學分學程：社區高齡者服務人才培力學分學程 ]						0		必				50		2		ZU98
	EU01						10	0.20		心輔系（學）		PCU0015			0		3.0				115	半			Research Methods in Behavior Science </br>[ Program: The Specialization Program of Psychological Testing and Data Science ]	B		0648			0	N					◎必須先修過【E0U0002  教育統計學（二）】			0			簡郁芩		二 2-4 和平 無可用教室	行為科學研究法 </br>[ 學分學程：測驗評量與數據科學專業學分學程 ]						0		必				50		2		ZU4V
	EU01						10	0.20		心輔系（學）		PCU0130			0		3.0				115	半			Theories of Counseling </br>[ Program: The Inter-disciplinary Program of Music-assisted Guidance and Special Education The Inter-disciplinary Program of PASSION Quality Education in Rural Schools The Inter-disciplinary Program of Cultivating Seniors Service Talent in Community ]	B		0649			0	N					◎必須先修過(也可以同時修)【PCU0014  人格心理學】◎必須先修過【PCU0117  輔導原理與實務】、【00UE008  輔導原理與實務（教）】其中一門			0			鄭曉楓		四 2-4 和平 無可用教室	諮商理論 </br>[ 學分學程：音樂輔導與特教學分學程 PASSION偏鄉優質教育學分學程 社區高齡者服務人才培力學分學程 ]						0		必				50		2		ZU59/ZU79/ZU98
	EU01						10	0.13		心輔系（學）		PCU0153			0		2.0				115	半			General Psychology(II) </br>[ Program: The Specialization Program of Community and Mental Health ]	B		0650			0	N					◎必須先修過【PCU0152  普通心理學（一）】			0			未定		三 6-7 和平 無可用教室	普通心理學（二） </br>[ 學分學程：社區與心理健康專業學分學程 ]						0		必				80		2		ZU4U
	EU01						10	0.40		心輔系（學）		PCU0153			0		2.0				115	半			General Psychology(II) </br>[ Program: The Specialization Program of Community and Mental Health ]	C		0651			0	N					◎必須先修過【PCU0152  普通心理學（一）】			0			未定		三 8-9 和平 無可用教室	普通心理學（二） </br>[ 學分學程：社區與心理健康專業學分學程 ]						0		必				50		2		ZU4U
	EU01						0	0.00		心輔系（學）		PCU0170			0		2.0				115	半			The Theory and Practice of Psychological Consultation			0652			0	N					◎必須先修過【PCU0131  諮商技術】			0			未定		四 8-9 和平 無可用教室	諮詢理論與實務						0		選				50		2		
	EU01						10	0.40		心輔系（學）		PCU0176			2		2.0				115	半			Adolescent Problems and Guidance	B		0653			0	N					◎必須先修過【PCU0101  青少年心理學】、【00UE018  青少年心理學（教）】其中一門			0			未定		一 9-10 和平 無可用教室	青少年問題與輔導						0		選				50		2		
	EU01						10	0.40		心輔系（學）		PCU0180			0		2.0				115	半			Self-Awareness and Growth	B		0654			0	N		是						0			未定		二 1-2 和平 無可用教室	自我覺察與成長						0		選				50		2		
	EU01						10	0.40		心輔系（學）		PCU0193			0		2.0				115	半			Cross-Cultural Psychology			0655			0	N		是						0			藤原健		三 6-7 和平 無可用教室	跨文化心理學						0		選				50		2		
	EU01						10	0.20		心輔系（學）		PCC9001			0		2.0				115	半			Ecological Collaboration Practice			0656			0	N			9		◎必須先修過【PCU0146  學校輔導工作】			0			王麗斐	大碩	三 3-4 和平 無可用教室	生態系統合作實務						0		選				50		2		
	EU01						10	0.20		心輔系（學）		PCU0003			0		3.0				115	半			Developmental Psychology </br>[ Program: The Specialization Program of Learning and Instruction The Inter-disciplinary Program of PASSION Quality Education in Rural Schools ]	A		0657			0	N					◎必須先修過【PCU0152  普通心理學（一）】、【SPU6008  普通心理學（一）】其中一門			0			李俊仁		二 6-8 和平 無可用教室	發展心理學 </br>[ 學分學程：學習與教學專業學分學程 PASSION偏鄉優質教育學分學程 ]	一			1		0		必				50		2		ZU4W/ZU79
	EU01						10	0.15		心輔系（學）		PCU0039			0		2.0				115	半			Marriage and Family </br>[ Program: The Inter-disciplinary Program of Human Services and Social Work Credit ]			0658			0	N								0			未定		五 6-7 和平 無可用教室	婚姻與家庭 </br>[ 學分學程：人群服務與社會工作學分學程 ]	一			1		0		選				65		2		ZU37
	EU01						10	0.20		心輔系（學）		PCU0114			0		3.0				115	半			Educational Psychology </br>[ Program: The Inter-disciplinary Program of PASSION Quality Education in Rural Schools The Specialization Program of Learning and Instruction ]			0659			0	N					◎必須先修過【PCU0152  普通心理學（一）】、【SPU6008  普通心理學（一）】其中一門			0			陳慧娟		一 6-8 和平 無可用教室	教育心理學 </br>[ 學分學程：PASSION偏鄉優質教育學分學程 學習與教學專業學分學程 ]	一			1		0		必				50		2		ZU4W/ZU79
	EU01						10	0.20		心輔系（學）		PCU0153			0		2.0				115	半			General Psychology(II) </br>[ Program: The Specialization Program of Community and Mental Health ]	A		0660			0	N					◎必須先修過【PCU0152  普通心理學（一）】			0			許禕芳		一 3-4 和平 無可用教室	普通心理學（二） </br>[ 學分學程：社區與心理健康專業學分學程 ]	一			1		0		必				50		2		ZU4U
	EU01						10	0.20		心輔系（學）		PCU0172			0		2.0				115	半			Career Development and Planning			0661			0	N								0			未定		四 6-7 和平 無可用教室	生涯發展與規劃	一			1		0		選				50		2		
	EU01						10	0.20		心輔系（學）		PCU0178			0		2.0				115	半			Selected Readings in Psychology			0662			0	N		是						0			未定		二 A-B 和平 無可用教室	心理學名著選讀	一			1		0		選				50		2		
	EU01						10	0.40		心輔系（學）		PCU0180			0		2.0				115	半			Self-Awareness and Growth	A		0663			0	N		是						0			未定		三 6-7 和平 無可用教室	自我覺察與成長	一			1		0		選				50		2		
	EU01						10	0.40		心輔系（學）		PCU0191			0		2.0				115	半			Group Dynamics			0664			0	N		是						0			藤原健		三 3-4 和平 無可用教室	團體動力	一			1		0		選				50		2		
	EU01						10	0.20		心輔系（學）		PCU0015			0		3.0				115	半			Research Methods in Behavior Science </br>[ Program: The Specialization Program of Psychological Testing and Data Science ]	A		0665			0	N					◎必須先修過【E0U0002  教育統計學（二）】			0			簡郁芩		一 2-4 和平 無可用教室	行為科學研究法 </br>[ 學分學程：測驗評量與數據科學專業學分學程 ]	二			2		0		必				50		2		ZU4V
	EU01						10	0.20		心輔系（學）		PCU0036			0		3.0				115	半			Cognitive Psychology </br>[ Program: The Specialization Program of Learning and Instruction The Inter-disciplinary Program of PASSION Quality Education in Rural Schools ]			0666			0	N					◎必須先修過【PCU0152  普通心理學（一）】、【SPU6008  普通心理學（一）】其中一門			0			許禕芳		二 6-8 和平 無可用教室	認知心理學 </br>[ 學分學程：學習與教學專業學分學程 PASSION偏鄉優質教育學分學程 ]	二			2		0		選				50		2		ZU4W/ZU79
	EU01						10	0.20		心輔系（學）		PCU0048			0		3.0				115	半			Abnormal Psychology </br>[ Program: The Inter-disciplinary Program of Music-assisted Guidance and Special Education The Specialization Program of Community and Mental Health ]			0667			0	N					◎必須先修過【PCU0014  人格心理學】			0			林旻沛		二 2-4 和平 無可用教室	變態心理學 </br>[ 學分學程：音樂輔導與特教學分學程 社區與心理健康專業學分學程 ]	二			2		0		選				50		2		ZU4U/ZU59
	EU01						10	0.20		心輔系（學）		PCU0130			0		3.0				115	半			Theories of Counseling </br>[ Program: The Inter-disciplinary Program of Music-assisted Guidance and Special Education The Inter-disciplinary Program of PASSION Quality Education in Rural Schools The Inter-disciplinary Program of Cultivating Seniors Service Talent in Community ]	A		0668			0	N					◎必須先修過(也可以同時修)【PCU0014  人格心理學】◎必須先修過【PCU0117  輔導原理與實務】、【00UE008  輔導原理與實務（教）】其中一門			0			姜兆眉		四 2-4 和平 無可用教室	諮商理論 </br>[ 學分學程：音樂輔導與特教學分學程 PASSION偏鄉優質教育學分學程 社區高齡者服務人才培力學分學程 ]	二			2		0		必				50		2		ZU59/ZU79/ZU98
	EU01						10	0.20		心輔系（學）		PCU0167			0		2.0				115	半			Introduction to Integrative Activities Areas </br>[ Program: The Inter-disciplinary Program of PASSION Quality Education in Rural Schools ]			0669			0	N					◎必須先修過【PCU0114  教育心理學】、【PCU0117  輔導原理與實務】			0			張雨霖		一 6-7 和平 無可用教室	綜合活動領域概論 </br>[ 學分學程：PASSION偏鄉優質教育學分學程 ]	二			2		0		選				50		2		ZU79
	EU01						10	0.40		心輔系（學）		PCU0176			0		2.0				115	半			Adolescent Problems and Guidance	A		0670			0	N					◎必須先修過【PCU0101  青少年心理學】、【00UE018  青少年心理學（教）】其中一門			0			陳孟筳		五 3-4 和平 無可用教室	青少年問題與輔導	二			2		0		選				50		2		
	EU01						10	0.40		心輔系（學）		PCU0181			0		3.0				115	半			Multiculturalism and Social Justice			0671			0	N		是						0			喬虹		三 8-10 和平 無可用教室	多元文化與社會正義	二			2		0		選				50		2		
	EU01						10	0.20		心輔系（學）		PCU0004			0		2.0				115	半			Educational Guidance </br>[ Program: The Specialization Program of Learning and Instruction ]			0672			0	N					◎必須先修過(也可以同時修)【PCU0144  學習與教學心理學】、【PCU0036  認知心理學】其中一門			0			吳昭容		一 6-7 和平 無可用教室	學習輔導 </br>[ 學分學程：學習與教學專業學分學程 ]	三			3		0		選				50		2		ZU4W
	EU01						10	0.20		心輔系（學）		PCU0011			0		3.0				115	半			Group Guidance & Counseling </br>[ Program: The Inter-disciplinary Program of Cultivating Seniors Service Talent in Community ]	A		0673			0	N					◎必須先修過【PCU0131  諮商技術】			0			張世華		四 2-4 和平 無可用教室	團體輔導 </br>[ 學分學程：社區高齡者服務人才培力學分學程 ]	三			3		0		必				50		2		ZU98
	EU01						10	0.20		心輔系（學）		PCU0011			0		3.0				115	半			Group Guidance & Counseling </br>[ Program: The Inter-disciplinary Program of Cultivating Seniors Service Talent in Community ]	B		0674			0	N					◎必須先修過【PCU0131  諮商技術】			0			未定		四 2-4 和平 無可用教室	團體輔導 </br>[ 學分學程：社區高齡者服務人才培力學分學程 ]	三			3		0		必				50		2		ZU98
	EU01						10	0.40		心輔系（學）		PCU0033			0		2.0				115	半			Psychology of Juvenile Delinquency			0675			0	N								0			未定		三 10-A 和平 無可用教室	少年犯罪心理學	三			3		0		選				50		2		
	EU01						10	0.20		心輔系（學）		PCU0137			0		2.0				115	半			Analysis and Application of Career and Occupational Information </br>[ Program: The Specialization Program of Psychological Testing and Data Science ]			0676			0	N					◎必須先修過【PCU0086  心理與教育測驗】			0			未定		一 8-9 和平 無可用教室	生涯與職業資訊分析與應用 </br>[ 學分學程：測驗評量與數據科學專業學分學程 ]	三			3		0		選				50		2		ZU4V
	EU01						10	0.20		心輔系（學）		PCU0173			0		2.0				115	半			Futures Imagination and Career Adaptation			0677			0	N					◎必須先修過【PCU0009  生涯輔導】			0			張雨霖		三 6-7 和平 無可用教室	未來想像與生涯調適	三			3		0		選				50		2		
	EU01						10	0.20		心輔系（學）		PCUE001			0		2.0				115	半			Teaching Materials and Methods: Guidance			0678			0	N					◎必須先修過【PCU0167  綜合活動領域概論】			0			張雨霖		三 8-9 和平 無可用教室	輔導教材教法（教）	三			3		0		選				50		2		
	EU01						10	0.20		心輔系（學）		PCUE101			0		2.0				115	半			Materials and Methods in Career Planning			0679			0	N					◎必須先修過【PCU0009  生涯輔導】、【PCU0167  綜合活動領域概論】			0			王玉珍		三 8-9 和平 無可用教室	生涯規劃教材教法（教）	三			3		0		選				50		2		
	EU01						10	0.20		心輔系（學）		PCU0139			0		2.0				115	半			Solution-focused Brief Counseling </br>[ Program: The Inter-disciplinary Program of PASSION Quality Education in Rural Schools ]			0680			0	N					◎必須先修過【PCU0131  諮商技術】			0			未定		一 8-9 和平 無可用教室	焦點解決短期諮商 </br>[ 學分學程：PASSION偏鄉優質教育學分學程 ]	四			4		0		選				50		2		ZU79
	EU01						10	0.20		心輔系（學）		PCU0151			0	是	2.0				115	半	張世華		Practicum in School Counseling (II) </br>[ Program: The Inter-disciplinary Program of PASSION Quality Education in Rural Schools ]	A		0681			0	N					◎必須先修過【PCU0150  學校諮商實習（一）】			0			張世華		二 5-7 和平 無可用教室	學校諮商實習（二） </br>[ 學分學程：PASSION偏鄉優質教育學分學程 ]	四			4		0		選				50		2		ZU79
	EU01						10	0.20		心輔系（學）		PCU0151			0	是	2.0				115	半	姜兆眉		Practicum in School Counseling (II) </br>[ Program: The Inter-disciplinary Program of PASSION Quality Education in Rural Schools ]	B		0682			0	N					◎必須先修過【PCU0150  學校諮商實習（一）】			0			姜兆眉		二 5-7 和平 無可用教室	學校諮商實習（二） </br>[ 學分學程：PASSION偏鄉優質教育學分學程 ]	四			4		0		選				50		2		ZU79
	EU01						10	0.20		心輔系（學）		PCUE112			0		2.0				115	半			Teaching Practice in Career Planning (II)			0683			0	N					◎必須先修過【PCUE111  生涯規劃教學實習（一）（教）】、【PCU0150  學校諮商實習（一）】			0			王玉珍		二 1-4 和平 無可用教室	生涯規劃教學實習（二）（教）	四			4		0		選				50		2		
	EU01						10	0.20		心輔系（學）		PCUE310			0		2.0				115	半			Teaching Practicum: Guidance (II)			0684			0	N					◎限 二階生 教育學程生 不佔名額生 登記修習生 可修◎必須先修過【PCUE210  輔導教學實習（一）（教）】、【PCU0150  學校諮商實習（一）】			0			張雨霖		二 1-4 和平 無可用教室	輔導教學實習（二）（教）	四			4		0		選				50		2		
	EU02						10	0.40		社教系（學）		SOC9002			0		3.0				115	半			Studies in Social Innovation and Social Education (II)			0685			0	N			9		◎限本系(含雙主修)修習			0			未定	大碩	三 A-C 和平 無可用教室	社會教育專題實習（二）						0		選				50	(1)業師上課時段不可異動 (2)此課程為大碩合開之大三和大四選修	2		
	EU02						10	0.40		社教系（學）		SOU0055			2		2.0				115	半			Digital Image Process			0686			0	N					◎限本系(含雙主修)修習			0			未定		五 8-9 和平 無可用教室	數位攝影與後製作	一			1		0		選				50	(1)業師上課時段不可異動 (2)因課程所需，希望安排教103	2		
	EU02						10	0.40		社教系（學）		SOU0056			0		2.0				115	半			Administration and Management </br>[ Program: The Inter-disciplinary Program of Club Members Leadership And Empowerment Cultivation ]			0687			0	N					◎限本系(含雙主修)修習			0			鄭勝分		三 3-4 和平 無可用教室	行政管理學 </br>[ 學分學程：社團人專業領導培力學分學程 ]	一			1		0		選				50		2		ZU9Q
	EU02						10	0.40		社教系（學）		SOU0135			5		2.0				115	半			Cultural Anthropology			0688			0	N					◎限本系(含雙主修)修習			0			未定		二 6-7 和平 無可用教室	文化人類學	一			1		0		選				50	業師上課時段不可異動	2		
	EU02						10	0.40		社教系（學）		SOU0148			0		2.0				115	半			Sustainable Development Goals (SDGs) and Inner Development Goals (IDGs) Capacity Building			0689			0	N					◎限本系(含雙主修)修習			0			未定		一 8-9 和平 無可用教室	永續發展與內在能力建構	一			1		0		選				50	業師上課時段不可異動	2		
	EU02						10	0.40		社教系（學）		SOU5005			0		2.0				115	半			Social Problems			0690			0	N					◎限本系(含雙主修)修習			0			未定		三 6-7 和平 無可用教室	社會問題	一			1		0		選				50	業師上課時段不可異動	2		
	EU02						10	0.40		社教系（學）		SOU5029			0		2.0				115	半			Community Education			0691			0	N					◎限本系(含雙主修)修習			0			張德永		二 8-9 和平 無可用教室	社區教育	一			1		0		必				50		2		
	EU02						10	0.40		社教系（學）		SOU5061			0		3.0				115	半			Social Psychology </br>[ Program: The Inter-disciplinary Program of Human Services and Social Work Credit ]			0692			0	N					◎限本系(含雙主修)修習			0			王雅鈴		四 2-4 和平 無可用教室	社會心理學 </br>[ 學分學程：人群服務與社會工作學分學程 ]	一			1		0		必				50		2		ZU37
	EU02						10	0.40		社教系（學）		SOU5082			0		2.0				115	半			Economics			0693			0	N					◎限本系(含雙主修)修習			0			楊智元		一 6-7 和平 無可用教室	經濟學	一			1		0		選				50	外系師資上課時段不可異動	2		
	EU02						10	0.40		社教系（學）		SOU0047			0		3.0				115	半			Research Method of Social Science			0694			0	N					◎限本系(含雙主修)修習			0			鄭勝分		三 6-8 和平 無可用教室	社會科學研究法	二			2		0		必				50	擬申請電腦教室	2		
	EU02						10	0.40		社教系（學）		SOU0058			0		2.0				115	半			Media Culture			0695			0	N					◎限本系(含雙主修)修習			0			黃靖惠		二 5-6 和平 無可用教室	媒介文化	二			2		0		選				50		2		
	EU02						10	0.40		社教系（學）		SOU0061			0		3.0				115	半			Museum Education			0696			0	N					◎限本系(含雙主修)修習			0			未定		五 6-8 和平 無可用教室	博物館教育	二			2		0		選				50	業師上課時段不可異動	2		
	EU02						10	0.40		社教系（學）		SOU0097			0		2.0				115	半			Introduction to Culture Creative Industry			0697			0	N					◎限本系(含雙主修)修習			0			廖世璋		四 8-9 和平 無可用教室	文化創意產業導論	二			2		0		必				50		2		
	EU02						10	0.40		社教系（學）		SOU0112			0		2.0				115	半			Introduction to Cultural Heritage			0698			0	N					◎限本系(含雙主修)修習			0			未定		五 3-4 和平 無可用教室	文化資產概論	二			2		0		選				50	業師上課時段不可異動	2		
	EU02						10	0.40		社教系（學）		SOU0132			0		2.0				115	半			Virtual Reality: Principles and Applications			0699			0	N		是			◎限本系(含雙主修)修習◎必須先修過【SOU0042  社會教育概論】			0			張振維		五 A-B 和平 無可用教室	虛擬實境媒體原理與應用	二			2		0		選				50		2		
	EU02						10	0.40		社教系（學）		SOU0049			0		2.0				115	半			Adult and Continuing Education Policies			0700			0	N					◎限本系(含雙主修)修習			0			鄭勝分		二 6-7 和平 無可用教室	社會教育政策	三			3		0		必				50		2		
	EU02						10	0.40		社教系（學）		SOU0051			0		2.0				115	半			Program Design and Development of Adult and Continuing Education			0701			0	N					◎限本系(含雙主修)修習			0			張德永		三 9-10 和平 無可用教室	社會教育方案規劃與實作	三			3		0		必				50		2		
	EU02						10	0.40		社教系（學）		SOU0054			2		3.0				115	半			Production of Special Project			0702			0	N					◎限本系(含雙主修)修習			0			未定		五 10-B 和平 無可用教室	專題製作	三			3		0		選				50	(1)業師上課時段不可異動 (2)因課程所需，希望安排教103 (3)此課程為大三和大四合開選修	2		
	EU02						10	0.40		社教系（學）		SOU0102			2		2.0				115	半			Topics on Practice of Adult & Continuing Education			0703			0	N					◎限本系(含雙主修)修習			0			未定		四 A-B 和平 無可用教室	社會教育實務專題	三			3		0		選				50	業師上課時段不可異動	2		
	EU02						10	0.40		社教系（學）		SOU0124			0		2.0				115	半			Editing and Translation for Cultural and Educational Information			0704			0	N		是			◎限本系(含雙主修)修習◎必須先修過【SOU0042  社會教育概論】			0			張振維		二 A-B 和平 無可用教室	文教議題編譯	三			3		0		選				50		2		
	EU02						10	0.40		社教系（學）		SOU0127			0		3.0				115	半			Planning and Production of Cultural and Educational Programs			0705			0	N					◎限本系(含雙主修)修習			0			未定		一 2-4 和平 無可用教室	文教節目企劃與製作	三			3		0		選				50	(1)業師上課時段不可異動 (2)擬申請電腦教室	2		
	EU02						10	0.40		社教系（學）		SOU0130			0		2.0				115	半			New Media and Social Initiative			0706			0	N		是			◎限本系(含雙主修)修習◎必須先修過【SOU0042  社會教育概論】			0			林玉鵬		三 6-7 和平 無可用教室	新媒體與社會倡議	三			3		0		選				50		2		
	EU05						10	0.20		衛教系（學）		HEU0143			1		2.0				115	半			Women's Health			0707			0	N		是						0			朱妮明		一 8-9 和平 無可用教室	婦女健康						0		選				50		2		
	EU05						10	0.20		衛教系（學）		HEC9002			1		2.0				115	半			Death Education </br>[ Program: The Inter-disciplinary Program of PASSION Quality Education in Rural Schools The Specialization Program of Healthy Aging Promotion ]			0708			0	N			9					0			余坤煌	大碩	二 10-A 和平 無可用教室	生命教育 </br>[ 學分學程：PASSION偏鄉優質教育學分學程 高齡健康促進專業學分學程 ]						0		選				50		2		ZU79/ZU7E
	EU05						10	0.20		衛教系（學）		HEC9003			1		3.0				115	半			Preventive Health Services and Practice </br>[ Program: The Specialization Program of Health Big Data and AI Communication Technologies ]			0709			0	N			9					0			李子奇	大碩	一 5-7 和平 無可用教室	預防保健服務與實務 </br>[ 學分學程：健康大數據與AI科技傳播專業學分學程 ]						0		必				50		2		ZU7D
	EU05						10	0.20		衛教系（學）		HEC9012			0		2.0				115	半			International Health Education Practicum			0710			0	N			9		◎必須先修過(也可以同時修)【HEUE110  健康教育（健康與護理）教學實習（教）】			0			張晏蓉	大碩	五 6-7 和平 無可用教室	海外健康教育見習						0		選				50		2		
	EU05						10	0.20		衛教系（學）		HEU0011			1		2.0				115	半			Personal Health			0711			0	N		是						0			朱妮明		四 3-4 和平 無可用教室	個人衛生	一			1		0		必				50		2		
	EU05						10	0.20		衛教系（學）		HEU0074			0		2.0				115	半			First Aids </br>[ Program: The Specialization Program of Occupational Safety and Health ]	A		0712			0	N					◎必須先修過(也可以同時修)【HEU0156  健康促進與衛生教育導論】			0			廖容瑜		二 6-7 和平 無可用教室	急救 </br>[ 學分學程：職業安全衛生管理專業學分學程 ]	一			1		0		必				50		2		ZU7G
	EU05						10	0.20		衛教系（學）		HEU0074			0		2.0				115	半			First Aids </br>[ Program: The Specialization Program of Occupational Safety and Health ]	B		0713			0	N					◎必須先修過(也可以同時修)【HEU0156  健康促進與衛生教育導論】			0			胡益進		二 8-9 和平 無可用教室	急救 </br>[ 學分學程：職業安全衛生管理專業學分學程 ]	一			1		0		必				50		2		ZU7G
	EU05						10	0.40		衛教系（學）		HEU0164			0		3.0				115	半			Environmental Planning and Management			0714			0	N								0			曾治乾		一 6-8 和平 無可用教室	環境規劃與管理	一			1		0		選				50		2		
	EU05						10	0.20		衛教系（學）		HEU0181			1		3.0				115	半			Biological Statistics </br>[ Program: The Specialization Program of Public Health Specialist The Specialization Program of Occupational Safety and Health The Inter-disciplinary Program of Geospatial Information Science The Specialization Program of Health Big Data and AI Communication Technologies ]			0715			0	N					◎必須先修過(也可以同時修)【HEU0156  健康促進與衛生教育導論】			0			李子奇		一 2-4 和平 無可用教室	生物統計學 </br>[ 學分學程：公共衛生師專業學分學程 職業安全衛生管理專業學分學程 空間資訊學分學程 健康大數據與AI科技傳播專業學分學程 ]	一			1		0		必				50		2		ZU7D/ZU7F/ZU7G/ZU9B
	EU05						10	0.20		衛教系（學）		HEU0188			1		2.0				115	半			Essentials of Public Health </br>[ Program: The Specialization Program of Public Health Specialist The Inter-disciplinary Program of Geospatial Information Science ]			0716			0	N					◎必須先修過(也可以同時修)【HEU0156  健康促進與衛生教育導論】			0			吳文琪		四 6-7 和平 無可用教室	公共衛生學 </br>[ 學分學程：公共衛生師專業學分學程 空間資訊學分學程 ]	一			1		0		必				50		2		ZU7F/ZU9B
	EU05						10	0.20		衛教系（學）		HEU0019			1		2.0				115	半			School Health			0717			0	N					◎必須先修過(也可以同時修)【HEU0156  健康促進與衛生教育導論】			0			李銘杰		五 3-4 和平 無可用教室	學校衛生	二			2		0		必				50		2		
	EU05						10	0.20		衛教系（學）		HEU0020			0	是	2.0				115	半	李銘杰		School Health Practice			0718			0	N					◎必須先修過(也可以同時修)【HEU0156  健康促進與衛生教育導論】			0			李銘杰		五 5-8 和平 無可用教室	學校衛生實習	二			2		0		必				50		2		
	EU05						10	0.20		衛教系（學）		HEU0133			1		2.0				115	半			Introduction of Health Care in Traditional Chinese Medicine			0719			0	N								0			陳建霖		四 6-7 和平 無可用教室	中醫保健概論	二			2		0		選				50		2		
	EU05						10	0.20		衛教系（學）		HEU0138			1		2.0				115	半			Introduction to Health and Physical Education </br>[ Program: The Inter-disciplinary Program of Cultivating Seniors Service Talent in Community ]			0720			0	N					◎必須先修過(也可以同時修)【HEU0156  健康促進與衛生教育導論】			0			陳信亨 廖容瑜		二 3-4 和平 無可用教室	健康與體育概論 </br>[ 學分學程：社區高齡者服務人才培力學分學程 ]	二			2		0		必				50		2		ZU98
	EU05						10	0.20		衛教系（學）		HEU0148			1		2.0				115	半			Theories and Practice of Healthy Life Skills			0721			0	N					◎必須先修過(也可以同時修)【HEU0156  健康促進與衛生教育導論】			0			高松景		一 6-7 和平 無可用教室	健康生活技能理論與實務	二			2		0		必				50		2		
	EU05						10	0.20		衛教系（學）		HEU0151			1		2.0				115	半			Hotel Worksite Health & Management			0722			0	N								0			林宗毅		四 8-9 和平 無可用教室	休閒職場衛生與管理	二			2		0		選				50		2		
	EU05						10	0.20		衛教系（學）		HEU0021			1		2.0				115	半			Mental Health </br>[ Program: The Specialization Program of Healthy Aging Promotion The Inter-disciplinary Program of Cultivating Seniors Service Talent in Community ]			0723			0	N					◎必須先修過(也可以同時修)【HEU0156  健康促進與衛生教育導論】			0			李思賢		二 3-4 和平 無可用教室	心理衛生 </br>[ 學分學程：高齡健康促進專業學分學程 社區高齡者服務人才培力學分學程 ]	三			3		0		必				50		2		ZU7E/ZU98
	EU05						10	0.20		衛教系（學）		HEU0028			1		2.0				115	半			Public Health Education </br>[ Program: The Specialization Program of Public Health Specialist ]			0724			0	N					◎必須先修過(也可以同時修)【HEU0156  健康促進與衛生教育導論】、【HEU0155  健康促進與衛生教育計畫】			0			吳文琪		三 6-7 和平 無可用教室	公共衛生教育 </br>[ 學分學程：公共衛生師專業學分學程 ]	三			3		0		必				50		2		ZU7F
	EU05						10	0.20		衛教系（學）		HEU0067			1		2.0				115	半			School Health Administration & Evaluation			0725			0	N								0			高松景		三 10-A 和平 無可用教室	學校衛生行政與評鑑	三			3		0		選				50		2		
	EU05						10	0.20		衛教系（學）		HEU0070			1		2.0				115	半			Adolescent Health Behavior and Problems			0726			0	N								0			高松景		二 8-9 和平 無可用教室	青少年健康行為與問題	三			3		0		選				50		2		
	EU05						10	0.20		衛教系（學）		HEU0140			1		2.0				115	半			Community Health Education Practice </br>[ Program: The Inter-disciplinary Program of Human Services and Social Work Credit ]			0727			0	N		是			◎必須先修過(也可以同時修)【HEU0156  健康促進與衛生教育導論】			0			張家臻		二 6-7 和平 無可用教室	社區健康營造實務 </br>[ 學分學程：人群服務與社會工作學分學程 ]	三			3		0		必				50		2		ZU37
	EU05						10	0.20		衛教系（學）		HEU0149			1		2.0				115	半			Human Development and Health Promotion			0728			0	N								0			李碧霞		四 8-9 和平 無可用教室	人類發展與健康促進	三			3		0		選				50		2		
	EU05						10	0.20		衛教系（學）		HEU0178			1		2.0				115	半			Occupational Health Promotion			0729			0	1					◎必須先修過(也可以同時修)【HEU0156  健康促進與衛生教育導論】			0			張家臻		四 6-7 和平 無可用教室	職場健康促進	三			3		0		必				50	◎數位課程	2		
	EU05						10	0.20		衛教系（學）		HEU0187			1		2.0				115	半			Health Creative Design and 3DVR </br>[ Program: The Specialization Program of Health Big Data and AI Communication Technologies ]			0730			0	N								0			林宗毅		四 10-A 和平 無可用教室	健康創意設計與3DVR </br>[ 學分學程：健康大數據與AI科技傳播專業學分學程 ]	三			3		0		選				50		2		ZU7D
	EU05						10	0.20		衛教系（學）		HEU0189			1		2.0				115	半			Health Policy and Administration </br>[ Program: The Specialization Program of Public Health Specialist ]			0731			0	N					◎必須先修過(也可以同時修)【HEU0156  健康促進與衛生教育導論】			0			李銘杰		一 8-9 和平 無可用教室	衛生政策與行政 </br>[ 學分學程：公共衛生師專業學分學程 ]	三			3		0		必				50		2		ZU7F
	EU05						10	0.20		衛教系（學）		HEUE101			0		2.0				115	半			Methods and Material Health Education (Health and Nursing)			0732			0	N					◎限 二階生 教育學程生 不佔名額生 登記修習生 可修			0			高松景		三 8-9 和平 無可用教室	健康教育（健康與護理）教材教法（教）	三			3		0		選				50		2		
	EU05						10	0.20		衛教系（學）		HEU0146			1		2.0				115	半			Creative Health Teaching			0733			0	N								0			余坤煌		四 8-9 和平 無可用教室	創新健康教學	四			4		0		選				50		2		
	EU05						10	0.20		衛教系（學）		HEU0184			1		2.0				115	半			Acupuncture Massage and Health Promotion </br>[ Program: The Inter-disciplinary Program of Cultivating Seniors Service Talent in Community ]			0734			0	N								0			陳建霖		五 3-4 和平 無可用教室	針灸按摩與健康促進 </br>[ 學分學程：社區高齡者服務人才培力學分學程 ]	四			4		0		選				50		2		ZU98
	EU06						10	0.40		幼家科學系（學）		HGU0413			0		3.0				115	半			Child and Youth Development Across Cultures </br>[ Program: The EMI Specialization Program of Child Development Science The EMI Specialization Program of Youth and Family Development across Cultures ]			0735			0	N		是						0			Yena Kyeong		一 2-4 和平 無可用教室	跨文化與兒童、青少年發展 </br>[ 學分學程：幼兒發展科學全英語專業學分學程 跨文化青少年與家庭發展全英語專業學分學程 ]						0		選				50		2		ZU6A/ZU6C
	EU06						10	0.40		幼家科學系（學）		HGU0003			0		2.0				115	半			Color Theory			0736			0	N								0			楊翠竹		一 3-4 和平 無可用教室	色彩學	一			1		0		選				50		2		
	EU06						10	0.40		幼家科學系（學）		HGU0249			0		3.0				115	半			Philosophy of Early Childhood Education			0737			0	N								0			未定		四 2-4 和平 無可用教室	幼兒教育哲學	一			1		0		選				50		2		
	EU06						10	0.40		幼家科學系（學）		HGU0253			0		3.0				115	半			Perceptual and Motor Development in Infancy and Early Childhood </br>[ Program: The EMI Specialization Program of Child Development Science ]			0738			0	N		是						0			洪宜芳		一 6-8 和平 無可用教室	嬰幼兒感覺動作發展 </br>[ 學分學程：幼兒發展科學全英語專業學分學程 ]	一			1		0		選				50		2		ZU6A
	EU06						10	0.40		幼家科學系（學）		HGU0303			0		3.0				115	半			Multicultural Early Childhood Education </br>[ Program: The Specialization Program of Bilingual Education in Early Childhood The Specialization Program of Inclusive Education in Early Childhood ]			0739			0	N								0			賴文鳳		三 9-A 和平 無可用教室	多元文化幼兒教育 </br>[ 學分學程：幼兒雙語教育專業學分學程 幼兒園融合教育專業學分學程 ]	一			1		0		選				50		2		ZU6B/ZU8Y
	EU06						10	0.40		幼家科學系（學）		HGU0265			0		3.0				115	半			Clothing			0740			0	N								0			楊翠竹		三 6-8 和平 無可用教室	服裝學	二			2		0		選				50		2		
	EU06						10	0.40		幼家科學系（學）		HGU0280			0		3.0				115	半			Special Child Development and Guidance </br>[ Program: The Specialization Program of Inclusive Education in Early Childhood ]			0741			0	N								0			洪宜芳		四 6-8 和平 無可用教室	特殊幼兒發展與輔導 </br>[ 學分學程：幼兒園融合教育專業學分學程 ]	二			2		0		選				50		2		ZU8Y
	EU06						10	0.40		幼家科學系（學）		HGU0400			0		3.0				115	半			Early Childhood Environment Design			0742			0	N								0			周姍姍		三 6-8 和平 無可用教室	幼兒學習環境設計	二			2		0		選				50		2		
	EU06						10	0.40		幼家科學系（學）		HGU0244			0		3.0				115	半			Family Stress Management </br>[ Program: The Inter-disciplinary Program of Human Services and Social Work Credit The Specialization Program of Social and Emotional Learning for Child and Family The Specialization Program of Family Systems and Individual Adaptation ]			0743			0	N								0			吳志文		三 6-8 和平 無可用教室	家庭壓力管理 </br>[ 學分學程：人群服務與社會工作學分學程 兒童與家庭社會情緒學習專業學分學程 家庭系統與個人適應專業學分學程 ]	三			3		0		選				50		2		ZU37/ZU5Z/ZU6D
	EU06						10	0.40		幼家科學系（學）		HGU0331			0		3.0				115	半			Assessment in Infancy and Early Childhood Education			0744			0	N								0			未定		一 6-8 和平 無可用教室	嬰幼兒發展與學習評量	三			3		0		選				50		2		
	EU06						10	0.40		幼家科學系（學）		HGU0387			0		3.0				115	半			Psychology in Family </br>[ Program: The Specialization Program of Family Systems and Individual Adaptation ]			0745			0	N								0			吳志文		四 6-8 和平 無可用教室	家庭心理學 </br>[ 學分學程：家庭系統與個人適應專業學分學程 ]	三			3		0		選				50		2		ZU6D
	EU06						10	0.20		幼家科學系（學）		HGUE310			0		2.0				115	半			Teaching Practicum: Home Economics Education (I)			0746			0	N					◎必須先修過【HGU0001  家政教育概論】、【HGUE001  家政教材教法（教）】			0			葉明芬		一 6-9 和平 無可用教室	家政教學實習（一）（教）	三			3		0		選				50		2		
	EU06						10	0.40		幼家科學系（學）		HGU0167			0		2.0				115	半			Baking			0747			0	N								0			未定		五 1-4 和平 無可用教室	烘焙學	四			4		0		選				50		2		
	EU06	B					10	0.20		幼家科學系（學）		HGU0191			0		3.0				115	半			Family Development </br>[ Program: The Specialization Program of Family Systems and Individual Adaptation ]			0748			0	N								0	幼兒發展與教育組		陳虹仰		二 2-4 和平 無可用教室	家庭發展 </br>[ 學分學程：家庭系統與個人適應專業學分學程 ]	一			1		0		必				50		2		ZU6D/ZU6D
	EU06	B					10	0.20		幼家科學系（學）		HGU0225			0		3.0				115	半			Drama for Young Children			0749			0	N					◎必須先修過【HGU0004  人類發展】			0	幼兒發展與教育組		未定		三 6-8 和平 無可用教室	幼兒戲劇	一			1		0		選				50		2		
	EU06	B					10	0.20		幼家科學系（學）		HGU0251			0		3.0				115	半			Cognitive Development in Infancy and Early Childhood </br>[ Program: The EMI Specialization Program of Child Development Science ]	A		0750			0	N		是			◎必須先修過【HGU0004  人類發展】			0	幼兒發展與教育組		王馨敏		二 6-8 和平 無可用教室	嬰幼兒認知發展 </br>[ 學分學程：幼兒發展科學全英語專業學分學程 ]	一			1		0		必				50		2		ZU6A
	EU06	B					10	0.20		幼家科學系（學）		HGU0251			0		3.0				115	半			Cognitive Development in Infancy and Early Childhood </br>[ Program: The EMI Specialization Program of Child Development Science ]	B		0751			0	N		是			◎必須先修過【HGU0004  人類發展】			0	幼兒發展與教育組		未定		四 6-8 和平 無可用教室	嬰幼兒認知發展 </br>[ 學分學程：幼兒發展科學全英語專業學分學程 ]	一			1		0		必				50		2		ZU6A
	EU06	B					10	0.20		幼家科學系（學）		HGU0250			0		3.0				115	半			Social and Personality Development in Infancy and Early Childhood </br>[ Program: The EMI Specialization Program of Child Development Science ]	A		0752			0	N		是			◎必須先修過【HGU0004  人類發展】			0	幼兒發展與教育組		吳怡萱		一 6-8 和平 無可用教室	嬰幼兒社會與人格發展 </br>[ 學分學程：幼兒發展科學全英語專業學分學程 ]	二			2		0		必				50		2		ZU6A
	EU06	B					10	0.20		幼家科學系（學）		HGU0374			0		3.0				115	半			Health and Safety for Young Children			0753			0	N					◎必須先修過【HGU0004  人類發展】			0	幼兒發展與教育組		聶西平		二 2-4 和平 無可用教室	嬰幼兒健康與安全	二			2		0		必				50		2		
	EU06	B					10	0.20		幼家科學系（學）		HGU0375			0		3.0				115	半			Teaching Materials and Methods in Preschool (I)			0754			0	N					◎必須先修過【HGU0373  幼兒教保概論】、【HGU0147  幼兒教育課程設計】			0	幼兒發展與教育組		周姍姍		一 2-4 和平 無可用教室	幼兒教育教材教法（一）	二			2		0		必				50		2		
	EU06	B					10	0.20		幼家科學系（學）		HGU0399			0		3.0				115	半			Classroom Management in Early Childhood Education			0755			0	N								0	幼兒發展與教育組		未定		五 2-4 和平 無可用教室	幼兒園課室經營	二			2		0		選				50		2		
	EU06	B					10	0.20		幼家科學系（學）		HGU0252			0		3.0				115	半			Professional Ethics of Early Childhood Education			0756			0	N								0	幼兒發展與教育組		未定		五 6-8 和平 無可用教室	幼保人員專業倫理	三			3		0		必				50		2		
	EU06	B					10	0.20		幼家科學系（學）		HGU0332			0		3.0				115	半			Design and Production of Child and Family Programs			0757			0	N								0	幼兒發展與教育組		未定		四 2-4 和平 無可用教室	兒童與家庭節目設計與製作	三			3		0		選				50		2		
	EU06	B					10	0.20		幼家科學系（學）		HGU0388			0		1.0				115	半			The Preparation for Internship in Early Childhood Education			0758			0	N					◎必須先修過【HGU0373  幼兒教保概論】、【HGU0374  嬰幼兒健康與安全】			0	幼兒發展與教育組		王馨敏		三 5 和平 無可用教室	幼教職場觀摩	三			3		0		必				50		2		
	EU06	B					10	0.20		幼家科學系（學）		HGU0392			0		2.0				115	半			Practicum at Preschools (I)			0759			0	N					◎必須先修過【HGU0375  幼兒教育教材教法（一）】、【HGU0376  幼兒教育教材教法（二）】			0	幼兒發展與教育組		吳怡萱 賴文鳳 洪宜芳 周姍姍		二 1-4 和平 無可用教室	幼兒園教保實習（一）	三			3		0		必				50		2		
	EU06	B					10	0.20		幼家科學系（學）		HGU0393			0		2.0				115	半			Practicum at Preschools (II)			0760			0	N					◎必須先修過【HGU0375  幼兒教育教材教法（一）】、【HGU0376  幼兒教育教材教法（二）】			0	幼兒發展與教育組		吳怡萱 賴文鳳 洪宜芳 周姍姍		二 5-8 和平 無可用教室	幼兒園教保實習（二）	三			3		0		必				50		2		
	EU06	E					0	0.00		幼家科學系（學）		HGU0010			0	是	2.0				115	半	沈賜川		Food Preparation			0761			0	N								0	家庭生活教育組		沈賜川		一 6-9 和平 無可用教室	食物製備	一			1		0		選				50		2		
	EU06	E					10	0.20		幼家科學系（學）		HGU0191			0		3.0				115	半			Family Development </br>[ Program: The Specialization Program of Family Systems and Individual Adaptation ]			0762			0	N								0	家庭生活教育組		陳虹仰		二 8-10 和平 無可用教室	家庭發展 </br>[ 學分學程：家庭系統與個人適應專業學分學程 ]	一			1		0		必				50		2		ZU6D/ZU6D
	EU06	E					10	0.20		幼家科學系（學）		HGU0292			0		3.0				115	半			Adolescent Development </br>[ Program: The EMI Specialization Program of Youth and Family Development across Cultures ]			0763			0	N		是						0	家庭生活教育組		聶西平		四 6-8 和平 無可用教室	青少年發展 </br>[ 學分學程：跨文化青少年與家庭發展全英語專業學分學程 ]	一			1		0		選				50		2		ZU6C
	EU06	E					10	0.20		幼家科學系（學）		HGU0198			0		3.0				115	半			Family Theories			0764			0	N								0	家庭生活教育組		黃淑滿		二 2-4 和平 無可用教室	家庭理論	二			2		0		必				50		2		
	EU06	E					10	0.20		幼家科學系（學）		HGU0242			0		3.0				115	半			Adolescent and Family </br>[ Program: The EMI Specialization Program of Youth and Family Development across Cultures ]			0765			0	N		是						0	家庭生活教育組		陳虹仰		五 2-4 和平 無可用教室	青少年與家庭 </br>[ 學分學程：跨文化青少年與家庭發展全英語專業學分學程 ]	二			2		0		選				50		2		ZU6C
	EU06	E					10	0.20		幼家科學系（學）		HGU0309			0		3.0				115	半			Consumer Behavior and Education			0766			0	N								0	家庭生活教育組		聶西平		一 6-8 和平 無可用教室	消費者行為與教育	二			2		0		必				50		2		
	EU06	E					10	0.20		幼家科學系（學）		HGU0394			0		2.0				115	半			Introduction to Integrative Activities Areas </br>[ Program: The Inter-disciplinary Program of PASSION Quality Education in Rural Schools ]			0767			0	N					◎必須先修過【HGU0001  家政教育概論】			0	家庭生活教育組		葉明芬		二 6-7 和平 無可用教室	綜合活動領域概論 </br>[ 學分學程：PASSION偏鄉優質教育學分學程 ]	二			2		0		選				50		2		ZU79
	EU06	E					10	0.20		幼家科學系（學）		HGU0023			0		3.0				115	半			Parent Education </br>[ Program: The Specialization Program of Social and Emotional Learning for Child and Family ]			0768			0	N					◎必須先修過【HGU0004  人類發展】、【HGU0191  家庭發展】			0	家庭生活教育組		吳志文		五 2-4 和平 無可用教室	親職教育 </br>[ 學分學程：兒童與家庭社會情緒學習專業學分學程 ]	三			3		0		必				50		2		ZU5Z
	EU06	E					10	0.20		幼家科學系（學）		HGU0338			0		3.0				115	半			Marriage Education			0769			0	N					◎必須先修過【HGU0237  家庭生活教育方案設計】			0	家庭生活教育組		黃淑滿		二 6-8 和平 無可用教室	婚姻教育	三			3		0		必				50		2		
	EU06	E					10	0.20		幼家科學系（學）		HGU0390			0		1.0				115	半			The Preparation for Internship in Family Life Education			0770			0	N					◎必須先修過【HGU0237  家庭生活教育方案設計】			0	家庭生活教育組		楊翠竹		三 5 和平 無可用教室	家庭生活教育職場觀摩	三			3		0		必				50		2		
	EU06	E					10	0.20		幼家科學系（學）		HGU0404			0		3.0				115	半			Family Counseling and Guidance </br>[ Program: The Inter-disciplinary Program of Human Services and Social Work Credit The Specialization Program of Family Systems and Individual Adaptation ]			0771			0	N								0	家庭生活教育組		未定		二 2-4 和平 無可用教室	家庭諮詢與輔導 </br>[ 學分學程：人群服務與社會工作學分學程 家庭系統與個人適應專業學分學程 ]	三			3		0		選				50		2		ZU37/ZU6D
	EU07						2	0.04		公領系（學）		CEU0002			1		2.0				115	半			Civic Education </br>[ Program: The Inter-disciplinary Program of PASSION Quality Education in Rural Schools ]			0772			0	N								0			呂啟民		五 10-A 和平 無可用教室	公民教育 </br>[ 學分學程：PASSION偏鄉優質教育學分學程 ]						0		必				50		2		ZU79/ZU79/ZU79
	EU07						10	0.20		公領系（學）		CEUE006			0		2.0				115	半			Teaching Practicum: Civics and Society (II)	A		0773			0	N					◎限本系(含雙主修)修習◎限大四修習     ◎限 二階生 教育學程生 不佔名額生 登記修習生 可修◎必須先修過【CEUE004  公民與社會教學實習（一）（教）】			0			王錦雀		二 6-9 和平 無可用教室	公民與社會教學實習（二）（教）						0		選				50	以國中公民為主。	2		
	EU07						10	0.20		公領系（學）		CEUE006			0		2.0				115	半			Teaching Practicum: Civics and Society (II)	B		0774			0	N					◎限本系(含雙主修)修習◎限大四修習     ◎限 二階生 教育學程生 不佔名額生 登記修習生 可修◎必須先修過【CEUE004  公民與社會教學實習（一）（教）】			0			王錦雀		五 6-9 和平 無可用教室	公民與社會教學實習（二）（教）						0		選				50	以高中公民為主。	2		
	EU07						10	0.20		公領系（學）		CEUE009			0		2.0				115	半			Teaching Practicum: Scout Education (II)			0775			0	N					◎限本系(含雙主修)修習◎限大四修習     ◎限 二階生 教育學程生 不佔名額生 登記修習生 可修◎必須先修過【CEUE008  童軍教學實習（一）（教）】			0			徐秀婕		二 6-9 和平 無可用教室	童軍教學實習（二）（教）						0		選				50		2		
	EU07						10	0.10		公領系（學）		CEU0001			1		2.0				115	半			The Theory of Scout Education			0776			0	N								0			蔡居澤		二 8-9 和平 無可用教室	童軍教育原理	一			1		0		必				100		2		
	EU07						10	0.05		公領系（學）		CEU0332			10		2.0				115	半			Civil Law (I) </br>[ Program: The Specialization Program of Law ]			0777			0	N								0			林安邦		二 6-7 和平 無可用教室	民法（一） </br>[ 學分學程：法律專業學分學程 ]	一			1		0		必				200		2		ZU7I
	EU07						10	0.20		公領系（學）		CEU0479			1		2.0				115	半			Outdoor Activity (I) </br>[ Program: The Specialization Program of Outdoor Leadership The Inter-disciplinary Program of Outdoor Adventure Leadership ]			0778			0	N								0			未定		四 6-7 和平 無可用教室	戶外活動（一） </br>[ 學分學程：戶外活動領導專業學分學程 戶外探索領導學分學程 ]	一			1		0		選				50		2		ZU66/ZU8W
	EU07						2	0.04		公領系（學）		CEU0002			1		2.0				115	半			Civic Education </br>[ Program: The Inter-disciplinary Program of PASSION Quality Education in Rural Schools ]			0779			0	N			1					0			呂啟民	甲	一 6-7 和平 無可用教室	公民教育 </br>[ 學分學程：PASSION偏鄉優質教育學分學程 ]	一			1		0		必				50		2		ZU79/ZU79/ZU79
	EU07						10	0.20		公領系（學）		CEU0005			1		2.0				115	半			Sociology </br>[ Program: The Specialization Program of Student Affairs The Inter-disciplinary Program of Human Services and Social Work Credit ]			0780			0	N			1					0			未定	甲	一 8-9 和平 無可用教室	社會學 </br>[ 學分學程：學生事務專業學分學程 人群服務與社會工作學分學程 ]	一			1		0		必				50		2		ZU37/ZU37/ZU7K/ZU7K
	EU07						9	0.10		公領系（學）		CEU0007			3		2.0				115	半			The Constitution of R.O.C. </br>[ Program: The Specialization Program of Law ]			0781			0	N			1					0			劉恆妏	甲	三 6-7 和平 無可用教室	中華民國憲法 </br>[ 學分學程：法律專業學分學程 ]	一			1		0		必				90		2		ZU7I/ZU7I
	EU07						10	0.07		公領系（學）		CEU0011			7		2.0				115	半			Economics </br>[ Program: The Specialization Program of International Economics and Finance The Inter-disciplinary Program of Finance ]			0782			0	N			1					0			周有熙	甲	三 9-10 和平 無可用教室	經濟學 </br>[ 學分學程：國際經濟與金融專業學分學程 財務金融學分學程 ]	一			1		0		必				150		2		ZU7J/ZU7J/ZU84/ZU84
	EU07						5	0.10		公領系（學）		CEU0480			1		2.0				115	半			Outdoor Experiential Education </br>[ Program: The Specialization Program of Outdoor Leadership ]			0783			0	N			1					0			李晟瑋 未定	甲	四 1-2 和平 無可用教室	戶外體驗教育 </br>[ 學分學程：戶外活動領導專業學分學程 ]	一			1		0		必				50		2		ZU8W/ZU8W
	EU07						2	0.04		公領系（學）		CEU0002			1		2.0				115	半			Civic Education </br>[ Program: The Inter-disciplinary Program of PASSION Quality Education in Rural Schools ]			0784			0	N			2					0			呂啟民	乙	一 8-9 和平 無可用教室	公民教育 </br>[ 學分學程：PASSION偏鄉優質教育學分學程 ]	一			1		0		必				50		2		ZU79/ZU79/ZU79
	EU07						10	0.20		公領系（學）		CEU0005			1		2.0				115	半			Sociology </br>[ Program: The Specialization Program of Student Affairs The Inter-disciplinary Program of Human Services and Social Work Credit ]			0785			0	N			2					0			未定	乙	一 3-4 和平 無可用教室	社會學 </br>[ 學分學程：學生事務專業學分學程 人群服務與社會工作學分學程 ]	一			1		0		必				50		2		ZU37/ZU37/ZU7K/ZU7K
	EU07						9	0.10		公領系（學）		CEU0007			3		2.0				115	半			The Constitution of R.O.C. </br>[ Program: The Specialization Program of Law ]			0786			0	N			2					0			劉恆妏	乙	三 8-9 和平 無可用教室	中華民國憲法 </br>[ 學分學程：法律專業學分學程 ]	一			1		0		必				90		2		ZU7I/ZU7I
	EU07						10	0.07		公領系（學）		CEU0011			7		2.0				115	半			Economics </br>[ Program: The Specialization Program of International Economics and Finance The Inter-disciplinary Program of Finance ]			0787			0	N			2					0			周有熙	乙	三 6-7 和平 無可用教室	經濟學 </br>[ 學分學程：國際經濟與金融專業學分學程 財務金融學分學程 ]	一			1		0		必				150		2		ZU7J/ZU7J/ZU84/ZU84
	EU07						5	0.10		公領系（學）		CEU0480			1		2.0				115	半			Outdoor Experiential Education </br>[ Program: The Specialization Program of Outdoor Leadership ]			0788			0	N			2					0			李晟瑋 未定	乙	四 3-4 和平 無可用教室	戶外體驗教育 </br>[ 學分學程：戶外活動領導專業學分學程 ]	一			1		0		必				50		2		ZU8W/ZU8W
	EU07						10	0.20		公領系（學）		CEU0073			1		2.0				115	半			Macro-Economics </br>[ Program: The Specialization Program of International Economics and Finance ]	A		0789			0	N								0			楊怡雯		四 6-7 和平 無可用教室	總體經濟學 </br>[ 學分學程：國際經濟與金融專業學分學程 ]	二			2		0		必				50		2		ZU7J
	EU07						10	0.20		公領系（學）		CEU0073			1		2.0				115	半			Macro-Economics </br>[ Program: The Specialization Program of International Economics and Finance ]	B		0790			0	N								0			楊怡雯		四 8-9 和平 無可用教室	總體經濟學 </br>[ 學分學程：國際經濟與金融專業學分學程 ]	二			2		0		必				50		2		ZU7J
	EU07						10	0.40		公領系（學）		CEU0095			1		3.0				115	半			Community Organization & Development </br>[ Program: The Inter-disciplinary Program of Human Services and Social Work Credit ]			0791			0	N		是						0			何家騏		五 3-5 和平 無可用教室	社區組織與發展 </br>[ 學分學程：人群服務與社會工作學分學程 ]	二			2		0		選				50		2		ZU37
	EU07						10	0.13		公領系（學）		CEU0317			3		3.0				115	半			Investment </br>[ Program: The Specialization Program of International Economics and Finance The Inter-disciplinary Program of Finance ]			0792			0	N								0			楊智元		一 A-C 和平 無可用教室	投資學 </br>[ 學分學程：國際經濟與金融專業學分學程 財務金融學分學程 ]	二			2		0		選				80		2		ZU7J/ZU84
	EU07						10	0.40		公領系（學）		CEU0326			1		2.0				115	半			Introduction to Experiential Education </br>[ Program: The Specialization Program of Outdoor Leadership The Specialization Program of Student Affairs ]			0793			0	N								0			吳崇旗 未定		二 3-4 和平 無可用教室	經驗教育概論 </br>[ 學分學程：戶外活動領導專業學分學程 學生事務專業學分學程 ]	二			2		0		必				50		2		ZU7K/ZU8W
	EU07						9	0.10		公領系（學）		CEU0335			5		2.0				115	半			Criminal Law(II) </br>[ Program: The Specialization Program of Law ]			0794			0	N								0			林佳範		二 1-2 和平 無可用教室	刑法（二） </br>[ 學分學程：法律專業學分學程 ]	二			2		0		選				90		2		ZU7I
	EU07						10	0.20		公領系（學）		CEU0356			1		2.0				115	半			Group Dynamics </br>[ Program: The Inter-disciplinary Program of Sports Leadership The Inter-disciplinary Program of Sports Industry Management The Specialization Program of Outdoor Leadership The Inter-disciplinary Program of Cultivating Seniors Service Talent in Community The Inter-disciplinary Program of Club Members Leadership And Empowerment Cultivation The Specialization Program of Student Affairs ]			0795			0	N		是						0			王伯宇		四 1-2 和平 無可用教室	團體動力學 </br>[ 學分學程：運動領導學分學程 運動產業經營管理學分學程 戶外活動領導專業學分學程 社區高齡者服務人才培力學分學程 社團人專業領導培力學分學程 學生事務專業學分學程 ]	二			2		0		必				50		2		ZU33/ZU7K/ZU8W/ZU98/ZU9Q/ZU9W
	EU07						10	0.40		公領系（學）		CEU0364			1		2.0				115	半			Theories of Moral Education			0796			0	N								0			鍾明倫		三 6-7 和平 無可用教室	道德教育原理	二			2		0		選				50		2		
	EU07						10	0.20		公領系（學）		CEU0381			1		2.0				115	半			Nature-Experiencing Programming </br>[ Program: The Specialization Program of Outdoor Leadership The Specialization Program of Student Affairs ]			0797			0	N								0			未定		五 8-9 和平 無可用教室	自然體驗活動 </br>[ 學分學程：戶外活動領導專業學分學程 學生事務專業學分學程 ]	二			2		0		選				50		2		ZU7K/ZU8W
	EU07						10	0.20		公領系（學）		CEU0386			1		2.0				115	半			Theories and Practices of Play			0798			0	N								0			未定		五 3-4 和平 無可用教室	遊戲理論與實施	二			2		0		選				50		2		
	EU07						10	0.10		公領系（學）		CEU0399			3		3.0				115	半			Financial Management </br>[ Program: The Inter-disciplinary Program of Sports Industry Management The Specialization Program of International Economics and Finance The Inter-disciplinary Program of Finance ]			0799			0	N								0			朱文增		五 6-8 和平 無可用教室	財務管理 </br>[ 學分學程：運動產業經營管理學分學程 國際經濟與金融專業學分學程 財務金融學分學程 ]	二			2		0		選				100		2		ZU33/ZU7J/ZU84
	EU07						10	0.40		公領系（學）		CEU0428			1		2.0				115	半			Environmental Sociology </br>[ Program: The Specialization Program of Student Affairs ]			0800			0	N		是						0			何家騏		四 3-4 和平 無可用教室	環境社會學 </br>[ 學分學程：學生事務專業學分學程 ]	二			2		0		選				50		2		ZU7K
	EU07						10	0.05		公領系（學）		CEU0434			10		2.0				115	半			Civil Law (III) </br>[ Program: The Specialization Program of Law ]			0801			0	N								0			林安邦		二 3-4 和平 無可用教室	民法（三） </br>[ 學分學程：法律專業學分學程 ]	二			2		0		選				200		2		ZU7I
	EU07						10	0.20		公領系（學）		CEU0460			1		2.0				115	半			Theory of Student Affairs </br>[ Program: The Specialization Program of Student Affairs ]			0802			0	N		是						0			鍾明倫		一 6-7 和平 無可用教室	學生事務原理 </br>[ 學分學程：學生事務專業學分學程 ]	二			2		0		必				50		2		ZU7K
	EU07						10	0.20		公領系（學）		CEU0470			1		2.0				115	半			Scouting Camp Activities(II)			0803			0	N					◎必須先修過【CEU0469  童軍露營活動（一）】			0			未定		五 6-7 和平 無可用教室	童軍露營活動（二）	二			2		0		選				50		2		
	EU07						0	0.00		公領系（學）		CEU0483			1		2.0				115	半			Outdoor Activity (III) </br>[ Program: The Inter-disciplinary Program of Outdoor Adventure Leadership The Specialization Program of Outdoor Leadership ]			0804			0	N								0			王伯宇		四 3-4 和平 無可用教室	戶外活動（三） </br>[ 學分學程：戶外探索領導學分學程 戶外活動領導專業學分學程 ]	二			2		0		選				50	本課程因攀岩課的安全性，限修人數25人。	2		ZU66/ZU8W
	EU07						0	0.00		公領系（學）		CEU0500			1		2.0				115	半			Experiential Activists			0805			0	N								0			未定		二 10-A 和平 無可用教室	體驗教育平面活動	二			2		0		選				50		2		
	EU07						10	0.10		公領系（學）		CEU0503			10		3.0				115	半			Sociology of Gender			0806			0	N								0			未定		一 2-4 和平 無可用教室	性別社會學	二			2		0		選				100		2		
	EU07						10	0.20		公領系（學）		CEU0508			1		2.0				115	半			Introduction to Integrative Activities Areas			0807			0	N								0			徐秀婕		一 8-9 和平 無可用教室	綜合活動領域概論	二			2		0		選				50		2		
	EU07						10	0.20		公領系（學）		CEU0018			1		2.0				115	半			Research Methods for Social  Science			0808			0	N			1					0			陳素秋	甲	二 8-9 和平 無可用教室	社會科學研究法	二			2		0		必				50		2		
	EU07						10	0.20		公領系（學）		CEU0018			1		2.0				115	半			Research Methods for Social  Science			0809			0	N			2					0			陳素秋	乙	二 6-7 和平 無可用教室	社會科學研究法	二			2		0		必				50		2		
	EU07						9	0.10		公領系（學）		CEU0038			1		2.0				115	半			Comparative Government & Politics </br>[ Program: The Specialization Program of Politics and Public Affairs ]			0810			0	N								0			鄭楷立		五 3-4 和平 無可用教室	比較政府與政治 </br>[ 學分學程：政治與公共事務專業學分學程 ]	三			3		0		必				91		2		ZU7H
	EU07						9	0.10		公領系（學）		CEU0063			3		2.0				115	半			Code of Civil Procedure </br>[ Program: The Specialization Program of Law ]			0811			0	N								0			劉恆妏		一 6-7 和平 無可用教室	民事訴訟法 </br>[ 學分學程：法律專業學分學程 ]	三			3		0		選				90		2		ZU7I
	EU07						9	0.10		公領系（學）		CEU0064			5		2.0				115	半			Code of Criminal Procedure </br>[ Program: The Specialization Program of Law ]			0812			0	N								0			林佳範		二 6-7 和平 無可用教室	刑事訴訟法 </br>[ 學分學程：法律專業學分學程 ]	三			3		0		選				90		2		ZU7I
	EU07						10	0.07		公領系（學）		CEU0313			7		3.0				115	半			International Finance </br>[ Program: The Inter-disciplinary Program of Economics The Specialization Program of International Economics and Finance The Inter-disciplinary Program of Finance ]			0813			0	N								0			周有熙		二 8-10 和平 無可用教室	國際金融 </br>[ 學分學程：經濟學學分學程 國際經濟與金融專業學分學程 財務金融學分學程 ]	三			3		0		選				150		2		ZU42/ZU7J/ZU84
	EU07						12	0.24		公領系（學）		CEU0367			1		2.0				115	半			Introduction to Multicultural Education </br>[ Program: The Inter-disciplinary Program of Sports Leadership ]			0814			0	N								0			陳素秋		三 6-7 和平 無可用教室	多元文化通論 </br>[ 學分學程：運動領導學分學程 ]	三			3		0		必				50		2		ZU9W
	EU07						10	0.20		公領系（學）		CEU0378			1		2.0				115	半			Outdoor Skills			0815			0	N								0			王伯宇		五 1-2 和平 無可用教室	野外生活技能	三			3		0		選				50		2		
	EU07						10	0.20		公領系（學）		CEU0383			1		2.0				115	半			Outdoor Adventure Programming </br>[ Program: The Inter-disciplinary Program of Outdoor Adventure Leadership ]			0816			0	N								0			未定		四 8-9 和平 無可用教室	戶外探索設計與實施 </br>[ 學分學程：戶外探索領導學分學程 ]	三			3		0		選				50		2		ZU66
	EU07						10	0.20		公領系（學）		CEU0464			1		2.0				115	半			The Principles and Practice of Positive Discipline </br>[ Program: The Specialization Program of Student Affairs ]			0817			0	N								0			未定		一 B-C 和平 無可用教室	正向管教原理與實施 </br>[ 學分學程：學生事務專業學分學程 ]	三			3		0		選				50		2		ZU7K
	EU07						9	0.10		公領系（學）		CEU0475			5		3.0				115	半			Youth Law </br>[ Program: The Specialization Program of Law The Specialization Program of Student Affairs ]			0818			0	N								0			林佳範		一 8-10 和平 無可用教室	少年事件相關法律 </br>[ 學分學程：法律專業學分學程 學生事務專業學分學程 ]	三			3		0		選				90		2		ZU7I/ZU7K
	EU07						10	0.20		公領系（學）		CEU0484			1		2.0				115	半			Outdoor Leadership </br>[ Program: The Inter-disciplinary Program of Outdoor Adventure Leadership The Specialization Program of Outdoor Leadership ]			0819			0	N		是						0			李晟瑋		四 6-7 和平 無可用教室	戶外領導 </br>[ 學分學程：戶外探索領導學分學程 戶外活動領導專業學分學程 ]	三			3		0		必				50		2		ZU66/ZU8W
	EU07						10	0.20		公領系（學）		CEU0509			1		2.0				115	半			Integrated Activity Curriculum Design and Application			0820			0	N								0			徐秀婕		三 10-A 和平 無可用教室	綜合活動領域課程設計與實施	三			3		0		選				50		2		
	EU07						10	0.40		公領系（學）		CEU0514			1		2.0				115	半			Comparative Civic Education			0821			0	N		是						0			何家騏		三 8-9 和平 無可用教室	比較公民教育	三			3		0		選				50		2		
	EU07						10	0.20		公領系（學）		CEUE007			0		2.0				115	半			Teaching Materials and Methods: Scouting			0822			0	N					◎限本系(含雙主修)修習◎限大三大四修習     ◎限 二階生 教育學程生 不佔名額生 登記修習生 可修 ◎必須先修過【CEU0508  綜合活動領域概論】、【CEU0510  綜合活動領域教學與評量】、【CEU0411  綜合活動學習領域概論】、【CEU0472  綜合活動學習領域教學與評量】其中一門			0			徐秀婕		一 6-7 和平 無可用教室	童軍教材教法（教）	三			3		0		選				50		2		
	EU07						10	0.20		公領系（學）		CEUE003			0		2.0				115	半			Teaching Materials and Methods: Civics and Society			0823			0	N			2		◎限本系(含雙主修)修習◎限大三大四修習     ◎限 二階生 教育學程生 不佔名額生 登記修習生 可修			0			陳素秋	乙	二 3-4 和平 無可用教室	公民與社會教材教法（教）	三			3		0		選				50		2		
	EU07						10	0.40		公領系（學）		CEU0255			1		2.0				115	半			Practices of Scout Troops			0824			0	N								0			徐秀婕		二 3-4 和平 無可用教室	童軍團實務	四			4		0		選				50		2		
	EU07						10	0.20		公領系（學）		CEU0465			1		2.0				115	半			Campus Crisis Management </br>[ Program: The Specialization Program of Student Affairs ]			0825			0	N								0			未定		一 10-A 和平 無可用教室	校園危機處理 </br>[ 學分學程：學生事務專業學分學程 ]	四			4		0		選				50		2		ZU7K
	EU07						10	0.20		公領系（學）		CEU0481			1		2.0				115	半			Adventure Therapy			0826			0	N								0			未定		四 3-4 和平 無可用教室	冒險治療	四			4		0		選				50		2		
	EU07						10	0.20		公領系（學）		CEU0501			0		2.0				115	半			Special Topics in the Inquiry and Practice of Social Studies			0827			0	N					◎必須先修過【CEU0507  社會領域課程概論】			0			王錦雀		五 3-4 和平 無可用教室	社會領域探究與實作專題	四			4		0		選				50		2		
	EU07						0	0.00		公領系（學）		CEU0506			1		2.0				115	半			Facilitation Skill and Reflection in Outdoors </br>[ Program: The Inter-disciplinary Program of Outdoor Adventure Leadership The Specialization Program of Outdoor Leadership ]			0828			0	N								0			吳崇旗 未定		二 6-7 和平 無可用教室	戶外探索引導與反思 </br>[ 學分學程：戶外探索領導學分學程 戶外活動領導專業學分學程 ]	四			4		0		必				50		2		ZU66/ZU8W
	EU09						5	0.10		特教系（學）		SPU5007			5		3.0				115	半			Introduction to Special Education </br>[ Program: The Inter-disciplinary Program of Art Education Therapy The Inter-disciplinary Program of Music-assisted Guidance and Special Education The Inter-disciplinary Program of PASSION Quality Education in Rural Schools The Specialization Program of Communication Disorders Education ]	A		0829			0	N		是						0			趙本強		一 2-4 和平 特113	特殊教育導論 </br>[ 學分學程：藝術教育治療學分學程 音樂輔導與特教學分學程 PASSION偏鄉優質教育學分學程 溝通障礙教育領域專業學分學程 ]						0		必				50		2		ZU36/ZU59/ZU79/ZU8V
	EU09						5	0.10		特教系（學）		SPU5007			0		3.0				115	半			Introduction to Special Education </br>[ Program: The Inter-disciplinary Program of Art Education Therapy The Inter-disciplinary Program of Music-assisted Guidance and Special Education The Inter-disciplinary Program of PASSION Quality Education in Rural Schools The Specialization Program of Communication Disorders Education ]	B		0830			0	N		是						0			未定		二 6-8 和平 特113	特殊教育導論 </br>[ 學分學程：藝術教育治療學分學程 音樂輔導與特教學分學程 PASSION偏鄉優質教育學分學程 溝通障礙教育領域專業學分學程 ]						0		必				50	授課教師：林淑莉。非全英語授課(已開授一門全英課程，此科目為教檢重要科目，加開中文課程)。	2		ZU36/ZU59/ZU79/ZU8V
	EU09						10	0.20		特教系（學）		SPU6017			1		2.0				115	半			Gifted and Talented Education for Language			0831			0	N								0			王宏均		二 6-7 和平 特114視聽室	語文資優教育						0		選				50		2		
	EU09						3	0.06		特教系（學）		SPC9001			1		2.0				115	半			Training of Higher Level Thinking Skills			0832			0	N			9					0			陳偉仁	大碩	五 6-7 和平 特113	高層思考訓練						0		選				50		2		
	EU09						10	0.20		特教系（學）		SPC9004			0		2.0				115	半			Case Study of Students with Severe and Multiple Disabilities			0833			0	N			9		◎必須先修過【SPU0073  特殊教育學生評量】、【SPU1025  重度與多重障礙】			0			張千惠	大碩	五 6-7 和平 特230	重度與多重障礙學生個案研究						0		選				50		2		
	EU09						10	0.20		特教系（學）		SPC9005			2		2.0				115	半			Self-Directed Learning and Learning Strategies			0834			0	N			9		◎必須先修過【SPU0092  特殊教育課程調整與教學設計】、【SPU1019  學習障礙】			0			王宣惠	大碩	一 9-10 和平 特113	自主學習與學習策略						0		必				50		2		
	EU09						5	0.10		特教系（學）		SPU0056			0		2.0				115	半			Introduction to Gifted and Talented Education	A		0835			0	N		是						0			陳偉仁		四 3-4 和平 特115	資優教育概論	一			1		0		必				50		2		
	EU09						10	0.20		特教系（學）		SPU0056			3		2.0				115	半			Introduction to Gifted and Talented Education	B		0836			0	N		是						0			未定		四 A-B 和平 特115	資優教育概論	一			1		0		必				50	授課教師：潘宏倫。非全英語授課(已開授一門全英課程，此科目為教檢重要科目，加開中文課程)。	2		
	EU09						10	0.20		特教系（學）		SPU0096			2		3.0				115	半			Introduction of Rehabilitation Counseling </br>[ Program: The Inter-disciplinary Program of Music-assisted Guidance and Special Education ]			0837			0	N		是						0			吳亭芳 陳貞夙		三 6-8 和平 特115	復健諮商導論 </br>[ 學分學程：音樂輔導與特教學分學程 ]	一			1		0		選				50		2		ZU59
	EU09						10	0.20		特教系（學）		SPU0102			2		3.0				115	半			Advocacy and Practice of Adapted Sports			0838			0	N		是						0			姜義村		二 8-10 和平 特115	適應運動倡議與實踐	一			1		0		選				50	若選修人數過多時，(1)以本系特殊教育學系與本校體育師陪生優先，以鼓勵未來跨域合作教學。(2)鼓勵本校運動績優生、體育學系或運動競技學系跨系選修(3)鼓勵本校金牌書院生選修。	2		
	EU09						10	0.20		特教系（學）		SPU1015			3		2.0				115	半			Intellectual Disabilities			0839			0	N								0			邱春瑜		四 1-2 和平 特115	智能障礙	一			1		0		必				50		2		
	EU09						10	0.20		特教系（學）		SPU1016			5		2.0				115	半			Visual Impairment			0840			0	N								0			張千惠		三 9-10 和平 特114視聽室	視覺障礙	一			1		0		必				50		2		
	EU09						10	0.20		特教系（學）		SPU1017			2		2.0				115	半			Hearing Impairment </br>[ Program: The Specialization Program of Communication Disorders Education ]			0841			0	N					◎必須先修過【SPU5007  特殊教育導論】			0			劉秀丹		二 1-2 和平 特113	聽覺障礙 </br>[ 學分學程：溝通障礙教育領域專業學分學程 ]	一			1		0		必				50		2		ZU8V
	EU09						10	0.20		特教系（學）		SPU1028			2		2.0				115	半			Communication Disorders </br>[ Program: The Specialization Program of Communication Disorders Education ]			0842			0	N					◎必須先修過【SPU5007  特殊教育導論】			0			劉惠美		五 6-7 和平 特115	溝通障礙 </br>[ 學分學程：溝通障礙教育領域專業學分學程 ]	一			1		0		必				50		2		ZU8V
	EU09						10	0.20		特教系（學）		SPU0073			0		3.0				115	半			Assessment of Students with Special Needs	A		0843			0	N					◎必須先修過【SPU0070  心理與教育測驗】			0			趙本強		一 6-8 和平 特113	特殊教育學生評量	二			2		0		必				50		2		
	EU09						10	0.20		特教系（學）		SPU0073			0		3.0				115	半			Assessment of Students with Special Needs	B		0844			0	N					◎必須先修過【SPU0070  心理與教育測驗】			0			王宣惠		一 6-8 和平 特114視聽室	特殊教育學生評量	二			2		0		必				50		2		
	EU09						10	0.20		特教系（學）		SPU0099			5		2.0				115	半			Curriculum and Instructional Designs for Braille			0845			0	N								0			張千惠		三 6-7 和平 特230	點字教材教法	二			2		0		選				50		2		
	EU09						10	0.20		特教系（學）		SPU0101			2		2.0				115	半			Advanced Taiwan Sign Language </br>[ Program: The Specialization Program of Communication Disorders Education ]			0846			0	N					◎必須先修過【SPU0009  手語】			0			劉秀丹		四 1-2 和平 特114視聽室	進階臺灣手語 </br>[ 學分學程：溝通障礙教育領域專業學分學程 ]	二			2		0		選				50		2		ZU8V
	EU09						10	0.20		特教系（學）		SPU1020			2		2.0				115	半			Autism			0847			0	N					◎必須先修過【SPU5007  特殊教育導論】			0			王慧婷		二 1-2 和平 特115	自閉症	二			2		0		必				50		2		
	EU09						10	0.20		特教系（學）		SPU1021			1		2.0				115	半			Curriculum and Instructional designs for Students with Disabilities(I)			0848			0	N					◎必須先修過【SPU0092  特殊教育課程調整與教學設計】			0			王宣惠		四 3-4 和平 特114視聽室	身心障礙學生教材教法（輕／重）（一）	二			2		0		必				50		2		
	EU09						10	0.20		特教系（學）		SPU1032			2		2.0				115	半			Emotional and Behavioral Disorders			0849			0	N					◎必須先修過【SPU5007  特殊教育導論】◎必須先修過(也可以同時修)【SPU0073  特殊教育學生評量】			0			未定		二 3-4 和平 特115	情緒行為障礙	二			2		0		必				50	授課教師：林靜如。	2		
	EU09						10	0.20		特教系（學）		SPU3009			2		3.0				115	半			Auditory and Speech Training			0850			0	N					◎必須先修過【SPU3001  聽力學】			0			劉秀丹		四 6-8 和平 特115	聽能說話訓練	二			2		0		選				50		2		
	EU09						10	0.20		特教系（學）		SPU4022			0		2.0				115	半			Curriculum and Instructional designs for Gifted and Talented Students(I)			0851			0	N					◎必須先修過【SPU0092  特殊教育課程調整與教學設計】			0			陳偉仁		五 3-4 和平 特115	資賦優異學生教材教法（一）	二			2		0		必				50		2		
	EU09						10	0.20		特教系（學）		SPU6005			5		2.0				115	半			Independent Living Skill Training			0852			0	N					◎必須先修過【SPU5007  特殊教育導論】◎必須先修過(也可以同時修)【SPU1021  身心障礙學生教材教法（輕／重）（一）】			0			佘永吉		二 6-7 和平 特230	生活技能訓練	二			2		0		選				50		2		
	EU09						10	0.20		特教系（學）		SPU0075			2		2.0				115	半			Concepts and Implementation of the Individualized Education Program			0853			0	N					◎必須先修過【SPU0073  特殊教育學生評量】			0			趙本強		二 9-10 和平 特114視聽室	個別化教育計畫的理念與實施	三			3		0		必				50		2		
	EU09						10	0.20		特教系（學）		SPU0079			0		2.0				115	半			Career Guidance and Transition Services for Students with Disabilities			0854			0	N								0			陳貞夙		三 9-10 和平 特113	身心障礙學生生涯與轉銜	三			3		0		必				50	建議大三、大四同學選修，並以大四優先。	2		
	EU09						10	0.20		特教系（學）		SPU0094			3		2.0				115	半			Inclusive Education			0855			0	N								0			邱春瑜		二 1-2 和平 特114視聽室	融合教育	三			3		0		必				50		2		
	EU09						10	0.20		特教系（學）		SPU1023			0		4.0				115	半			Practicum in Teaching Students with Disabilities	A		0856			0	N					◎必須先修過【SPU1022  身心障礙學生教材教法（輕／重）（二）】			0			王曉嵐 未定		四 6-9 和平 特113, 五 1-4 和平 特113	身心障礙教學實習（輕╱重）	三			3		0		必				50	授課教師：王曉嵐、曾冠婷。	2		
	EU09						10	0.20		特教系（學）		SPU1023			0		4.0				115	半			Practicum in Teaching Students with Disabilities	B		0857			0	N					◎必須先修過【SPU1022  身心障礙學生教材教法（輕／重）（二）】			0			王宣惠 未定		四 6-9 和平 特103, 五 1-4 和平 特103	身心障礙教學實習（輕╱重）	三			3		0		必				50	授課教師：王宣惠、朱尹安。	2		
	EU09						10	0.20		特教系（學）		SPU4036			2		2.0				115	半			Counseling for Gifted and Talented Students			0858			0	N								0			于曉平		三 A-B 和平 特115	資優學生心理輔導與情意教育	三			3		0		必				50		2		
	EU09						10	0.20		特教系（學）		SPU5009			0		2.0				115	半			Practicum in Students with Visual Impairments			0859			0	N								0			未定		二 3-4 和平 特113	視覺障礙教學實務	三			3		0		選				50	授課教師：何世芸。	2		
	EU09						10	0.20		特教系（學）		SPU6016			2		2.0				115	半			Positive Behavior Support			0860			0	N					◎必須先修過(也可以同時修)【SPU1033  行為改變理論與技術】			0			王慧婷		三 6-7 和平 特113	正向行為支持	三			3		0		選				50		2		
	EU09						10	0.20		特教系（學）		SPU2011			0		2.0				115	半			Interprofessional Cooperation and Communication			0861			0	N					◎必須先修過【SPU1022  身心障礙學生教材教法（輕／重）（二）】			0			王曉嵐		一 6-7 和平 特230	專業合作與溝通	四			4		0		選				50		2		
	EU09						20	0.40		特教系（學）		SPU4031			1		2.0				115	半			Guiding Independent Study for Gifted and Talented Students			0862			0	N								0			潘裕豐		四 3-4 和平 特113	資優學生獨立研究指導	四			4		0		必				50	依照修業規定開大四必修課。	2		
	EU09						10	0.20		特教系（學）		SPU6011			0		2.0				115	半			Practicum in Teaching Students with Special Needs (II) </br>[ Program: The Inter-disciplinary Program of PASSION Quality Education in Rural Schools ]	A		0863			0	N					◎必須先修過【SPU6010  特殊教育教學實習（一）】			0			廖靜宜 陳貞夙		四 6-9 和平 特114視聽室	特殊教育教學實習（二） </br>[ 學分學程：PASSION偏鄉優質教育學分學程 ]	四			4		0		必				50	依照修業規定開大四必修課。	2		ZU79
	EU09						10	0.20		特教系（學）		SPU6011			0		2.0				115	半			Practicum in Teaching Students with Special Needs (II) </br>[ Program: The Inter-disciplinary Program of PASSION Quality Education in Rural Schools ]	B		0864			0	N					◎必須先修過【SPU6010  特殊教育教學實習（一）】			0			邱春瑜 未定		四 6-9 和平 特112	特殊教育教學實習（二） </br>[ 學分學程：PASSION偏鄉優質教育學分學程 ]	四			4		0		必				50	1.授課教師：邱春瑜、謝佳男。2.依照修業規定開大四必修課。	2		ZU79
	EU09						10	0.20		特教系（學）		SPU6011			0		2.0				115	半			Practicum in Teaching Students with Special Needs (II) </br>[ Program: The Inter-disciplinary Program of PASSION Quality Education in Rural Schools ]	C		0865			0	N					◎必須先修過【SPU6010  特殊教育教學實習（一）】			0			陳偉仁		四 6-9 和平 特230	特殊教育教學實習（二） </br>[ 學分學程：PASSION偏鄉優質教育學分學程 ]	四			4		0		必				50	依照修業規定開大四必修課。	2		ZU79
	EU11						10	0.40		學習科學學位學程（學）		LSU0002			0		3.0				115	半			Programming (II) </br>[ Program: The Inter-disciplinary Program of Geospatial Information Science ]			0866			0	N								0			李良一		一 6-8 和平 無可用教室	程式設計（二） </br>[ 學分學程：空間資訊學分學程 ]						0		必				50		2		ZU9B
	EU11						10	0.40		學習科學學位學程（學）		LSU0004			0		3.0				115	半			Algorithms			0867			0	N								0			李良一		二 2-4 和平 無可用教室	演算法						0		必				50		2		
	EU11						10	0.40		學習科學學位學程（學）		LSU0031			0		3.0				115	半			Information Architecture			0868			0	N					◎限本系(含雙主修)修習			0			林宗進		四 6-8 和平 教室自排	資訊架構						0		選				50		2		
	EU11						10	0.40		學習科學學位學程（學）		LSU0047			0		3.0				115	半			Information Behavior			0869			0	N					◎限本系(含雙主修)修習◎限大一大二修習			0			林宗進		三 3-5 和平 教室自排	資訊行為						0		選				50		2		
	EU11						10	0.20		學習科學學位學程（學）		LSU0057			0		3.0				115	半			Cognitive Psychology </br>[ Program: The Inter-disciplinary Program of PASSION Quality Education in Rural Schools ]			0870			0	N								0			吳清麟		一 3-5 和平 教室自排	認知心理學 </br>[ 學分學程：PASSION偏鄉優質教育學分學程 ]						0		必				50		2		ZU79
	EU11						10	0.40		學習科學學位學程（學）		LSU0061			0		2.0				115	半			Capstone (II)			0871			0	N								0			吳清麟 林宗進		二 6-7 和平 教室自排	總整課程（二）						0		必				50		2		
	EU11						10	0.40		學習科學學位學程（學）		LSC9005			0		3.0				115	半			Learning Analytics			0872			0	N			9					0			張欣怡	大碩	三 6-8 和平 教室自排	學習分析技術						0		選				50		2		
	EU11						10	0.40		學習科學學位學程（學）		LSC9006			0		3.0				115	半			Robotics AI Education </br>[ Program: The Specialization Program of Learning Sciences and Technologies ]			0873			0	N			9					0			蔡孟蓉	大碩	四 6-8 和平 教室自排	機器人AI教育 </br>[ 學分學程：學習科學與科技專業學分學程 ]						0		選				50		2		ZU8U
	EU13						10	0.40		教院學士班（學）		TEU0020			0		3.0				115	半			Qualitative Research			0874			0	N		是						0			未定		五 6-8 和平 無可用教室	質性研究	一			1		0		選				50		2		
	EU13						10	0.40		教院學士班（學）		TEU0022			0		2.0				115	半			Sociology of Education			0875			0	N		是						0			未定		三 3-4 和平 無可用教室	教育社會學	一			1		0		選				50		2		
	EU13						10	0.40		教院學士班（學）		TEU0025			0		2.0				115	半			Therapeutic Recreation Programming			0876			0	N		是						0			未定		二 9-10 和平 無可用教室	休閒治療方案設計	一			1		0		選				50		2		
	EU13						10	0.40		教院學士班（學）		TEU0029			0		3.0				115	半			Intercultural Communication			0877			0	N		是						0			胡翠君		四 2-4 和平 無可用教室	跨文化溝通	一			1		0		必				50		2		
	EU13						10	0.40		教院學士班（學）		TEU0030			0		3.0				115	半			Introduction to Educational Innovation			0878			0	N		是			◎限本系(含雙主修)修習◎限大二修習			0			未定		五 6-8 和平 無可用教室	教育創新導論	一			1		0		必				50		2		
	EU13						10	0.40		教院學士班（學）		TEU0031			0		3.0				115	半			Creativity and Innovative Design			0879			0	N		是			◎限本系(含雙主修)修習◎限大二修習			0			未定		三 6-8 和平 無可用教室	創造力與創新設計	一			1		0		必				50		2		
	EU13						10	0.40		教院學士班（學）		TEU0034			0		3.0				115	半			Talent Assessment and Selection			0880			0	N		是						0			未定		四 6-8 和平 無可用教室	人才評估與選用	一			1		0		選				50		2		
	EU13						10	0.40		教院學士班（學）		TEU0035			0		2.0				115	半			Adult Education			0881			0	N		是						0			未定		四 9-10 和平 無可用教室	成人教育	一			1		0		選				50		2		
	EU13						10	0.40		教院學士班（學）		TEU0038			0		3.0				115	半			Introduction to Human Resource Management			0882			0	N		是						0			未定		五 2-4 和平 無可用教室	人力資源管理概論	一			1		0		選				50		2		
	EU13						10	0.40		教院學士班（學）		TEU0004			0		3.0				115	半			Educational Research Methods			0883			0	N		是						0			林子斌		四 6-8 和平 無可用教室	教育研究法	二			2		0		必				50		2		
	EU13						10	0.40		教院學士班（學）		TEU0010			0		3.0				115	半			Special Topics in Educational Industry Innovation Leadership and Management			0884			0	N		是						0			未定		一 6-8 和平 無可用教室	教育產業創新領導與管理專題	三			3		0		必				50		2		
	EU13						10	0.40		教院學士班（學）		TEU0012			0		3.0				115	半			Capstone Project B			0885			0	N		是						0			林子斌 郭鐘隆 張家臻 李晟瑋 胡翠君		一 2-4 和平 無可用教室	總整課程B	三			3		0		必				50		2		
	EU13						10	0.40		教院學士班（學）		TEU0019			0		2.0				115	半			Corporate Education and Training			0886			0	N		是						0			未定		三 9-10 和平 無可用教室	企業教育訓練	三			3		0		選				50		2		
	GU						0	0.00		通識		01UG003			0		2.0				115	半			Classical Music	A		0887			0	N		是			◎音樂系（學）不得選修			0			未定		二 6-7 公館 無可用教室	西洋古典音樂						0		通				50	劉錦紋	2	A1	
	GU						10	0.15		通識		01UG003			0		2.0				115	半			Classical Music	B		0888			0	N		是			◎音樂系（學）不得選修			0			吳佩蓉		三 3-4 和平 音樂系演奏廳	西洋古典音樂						0		通				65	中文授課	2	A1	
	GU						6	0.12		通識		01UG004			0		2.0				115	半			Music Appreciation </br>[ Program: The Inter-disciplinary Program of Club Members Leadership And Empowerment Cultivation The Inter-disciplinary Program of Cultivating Seniors Service Talent in Community ]	A		0889			0	N		是			◎音樂系（學）不得選修			0			未定		一 8-9 公館 無可用教室	音樂鑑賞 </br>[ 學分學程：社團人專業領導培力學分學程 社區高齡者服務人才培力學分學程 ]						0		通				50	劉錦紋	2	A1	ZU98/ZU9Q
	GU						6	0.12		通識		01UG004			2		2.0				115	半			Music Appreciation </br>[ Program: The Inter-disciplinary Program of Club Members Leadership And Empowerment Cultivation The Inter-disciplinary Program of Cultivating Seniors Service Talent in Community ]	B		0890			0	N		是			◎音樂系（學）不得選修			0			未定		二 8-9 公館 無可用教室	音樂鑑賞 </br>[ 學分學程：社團人專業領導培力學分學程 社區高齡者服務人才培力學分學程 ]						0		通				50	劉錦紋	2	A1	ZU98/ZU9Q
	GU						10	0.20		通識		01UG004			1		2.0				115	半			Music Appreciation </br>[ Program: The Inter-disciplinary Program of Club Members Leadership And Empowerment Cultivation The Inter-disciplinary Program of Cultivating Seniors Service Talent in Community ]	C		0891			0	N		是			◎音樂系（學）不得選修			0			林芝良		五 1-2 和平 音308	音樂鑑賞 </br>[ 學分學程：社團人專業領導培力學分學程 社區高齡者服務人才培力學分學程 ]						0		通				50	中文授課	2	A1	ZU98/ZU9Q
	GU						0	0.00		通識		01UG008			0		2.0				115	半			Travelling Literature	A		0892			0	N								0			未定		一 9-10 公館 無可用教室	旅行文學						0		通				50	本課程授課為全臺灣台語授課進行為主。魏俊陽	2	A1	
	GU						0	0.00		通識		01UG011			0		2.0				115	半			Forms of Asian American Literature and Film	A		0893			0	1		是						0			左乙萱		二 10-A 和平 無可用教室	亞裔美國文學與電影的藝術形式						0		通				85	◎數位課程 ◎數位課程。一切資訊可能異動，例如但不限本學期有無此課。無授權碼，網上加退選。建議英語閱讀能力中高級者選修。上課前請學會用Microsoft Teams、Moodle，有關Microsoft Teams之資訊見網大同步教學工具便利包與登入Moodle。作業、信件與簡訊請註明(1)姓名、(2)課名、A組、(3)學號、(4)星期幾與節次、(5)中文授課。學生應有內建或外接麥克風。	2	A1	
	GU						0	0.00		通識		01UG011			0		2.0				115	半			Forms of Asian American Literature and Film	B		0894			0	N		是						0			左乙萱		一 10-A 和平 無可用教室	亞裔美國文學與電影的藝術形式						0		通				72	The course may or may not be offered. Add the course online. Students should be able to read journal articles written in English and write an essay in English. Learn how to use Microsoft Teams and Moodle. Include your name, your student number, course title, and group B in all correspondence.	2	A1	
	GU						5	0.10		通識		01UG012			5		3.0				115	半			Dance Appreciation </br>[ Program: The Inter-disciplinary Program of Club Members Leadership And Empowerment Cultivation The Inter-disciplinary Program of Cultivating Seniors Service Talent in Community ]			0895			0	N								0			王宏豪		一 6-8 公館 無可用教室	舞蹈鑑賞 </br>[ 學分學程：社團人專業領導培力學分學程 社區高齡者服務人才培力學分學程 ]						0		通				50		2	A1	ZU98/ZU9Q
	GU						0	0.00		通識		01UG021			10		3.0				115	半			Literature and Film			0896			0	1								0			蘇榕		四 2-4 和平 無可用教室	文學與電影						0		通				110	◎數位課程	2	A1	
	GU						10	0.20		通識		01UG027			3		2.0				115	半			Appreciation of Japanese Art			0897			0	N								0			蔡家丘		四 8-9 和平 無可用教室	日本美術鑑賞						0		通				50		2	A1	
	GU						10	0.20		通識		01UG033			3		2.0				115	半			Music and Drama			0898			0	N					◎音樂系（學）不得選修			0			王望舒		三 8-9 和平 音樂系演奏廳	音樂與戲劇						0		通				50		2	A1/B2	
	GU						10	0.20		通識		01UG037			0		2.0				115	半			Gao Xingjian and the Performance Art			0899			0	N								0			未定		三 8-9 和平 無可用教室	高行健與表演藝術						0		通				50		2	A1	
	GU						10	0.20		通識		01UG039			1		2.0				115	半			The Golden Age of Piano			0900			0	N		是			◎音樂系（學）不得選修			0			廖皎含		四 3-4 和平 音308	鋼琴黃金年代						0		通				50		2	A1	
	GU						0	0.00		通識		02UG001			0		2.0				115	半			Introduction to Philosophy			0901			0	N					◎公領系（學）不得選修			0			未定		一 3-4 和平 無可用教室	哲學入門						0		通				95		2	A2	
	GU						0	0.00		通識		02UG002			0		2.0				115	半			Methods of Thinking			0902			0	N								0			郭芳如		三 3-4 和平 無可用教室	思考方法						0		通				50		2	A2	
	GU						10	0.10		通識		02UG005			0		2.0				115	半			Moral Reasoning			0903			0	N								0			洪仁進		一 8-9 和平 無可用教室	道德推理						0		通				100	請排教201演講廳	2	A2	
	GU						0	0.00		通識		02UG009			0		2.0				115	半			Know Yourself			0904			0	N								0			劉滄龍		一 8-9 和平 無可用教室	認識自我						0		通				50		2	A2	
	GU						0	0.00		通識		02UG010			0		2.0				115	半			A Good Life and Critical Thinking	A		0905			0	N								0			未定		三 3-4 公館 無可用教室	人生哲學與批判性思考						0		通				65	不發放授權碼。鄭鈞瑋	2	A2	
	GU						0	0.00		通識		02UG010			0		2.0				115	半			A Good Life and Critical Thinking	B		0906			0	N								0			未定		三 6-7 公館 無可用教室	人生哲學與批判性思考						0		通				65	不發放授權碼。鄭鈞瑋	2	A2	
	GU						5	0.10		通識		02UG010			0		2.0				115	半			A Good Life and Critical Thinking	C		0907			0	N								0			未定		五 3-4 和平 無可用教室	人生哲學與批判性思考						0		通				50	劉育兆	2	A2	
	GU						10	0.40		通識		02UG014			0		2.0				115	半			"""A Journey to the West"" and Life"			0908			0	N								0			李志宏		四 6-7 和平 無可用教室	西遊記與人生						0		通				50		2	A1	
	GU						10	0.08		通識		02UG019			0		2.0				115	半			Wisdom of Life from Buddhism			0909			0	N								0			未定		四 8-9 和平 無可用教室	佛學中的人生智慧						0		通				120	釋見見。請排綜210展覽廳	2	A2	
	GU						0	0.00		通識		03UG003			0		2.0				115	半			Multicultural Literacy </br>[ Program: The Inter-disciplinary Program of PASSION Quality Education in Rural Schools The Inter-disciplinary Program of Club Members Leadership And Empowerment Cultivation ]	A		0910			0	N		是						0			未定		四 8-9 公館 無可用教室	多元文化 </br>[ 學分學程：PASSION偏鄉優質教育學分學程 社團人專業領導培力學分學程 ]						0		通				50	范俊銘	2	A2	ZU79/ZU9Q
	GU						10	0.40		通識		03UG003			0		2.0				115	半			Multicultural Literacy </br>[ Program: The Inter-disciplinary Program of PASSION Quality Education in Rural Schools The Inter-disciplinary Program of Club Members Leadership And Empowerment Cultivation ]	B		0911			0	N		是						0			鄭楷立		五 6-7 和平 無可用教室	多元文化 </br>[ 學分學程：PASSION偏鄉優質教育學分學程 社團人專業領導培力學分學程 ]						0		通				50		2	A2	ZU79/ZU9Q
	GU						10	0.40		通識		03UG006			0		2.0				115	半			Constitution and Human Rights </br>[ Program: The Inter-disciplinary Program of Club Members Leadership And Empowerment Cultivation ]			0912			0	N					◎公領系（學）不得選修			0			呂啟民		四 6-7 和平 無可用教室	憲法與人權 </br>[ 學分學程：社團人專業領導培力學分學程 ]						0		通				50		2	A2	ZU9Q
	GU						12	0.10		通識		03UG012			3		2.0				115	半			Taiwan Popular Culture			0913			0	N		是						0			莊佳穎		五 3-4 和平 無可用教室	臺灣流行文化						0		通				120		2	A2/B2	
	GU						10	0.10		通識		03UG024			0		2.0				115	半			Environment and Communication			0914			0	N								0			未定		一 3-4 公館 無可用教室	環境與傳播						0		通				100	楊樺	2	A2	
	GU						0	0.00		通識		03UG027			0		2.0				115	半			Women's Literature, Feminist Theory, and the Women's Movement	A		0915			0	1		是						0			左乙萱		二 8-9 和平 無可用教室	女性文學、性別平等理論與婦運						0		通				85	◎數位課程 ◎數位課程。一切資訊可能異動，例如但不限本學期有無此課。無授權碼，網上加退選。建議英語閱讀能力中高級者選修。上課前請學會用Microsoft Teams、Moodle，有關Microsoft Teams之資訊見網大同步教學工具便利包與登入Moodle。作業、信件與簡訊請註明(1)姓名、(2)課名、A組、(3)學號、(4)星期幾與節次、(5)中文授課。學生應有內建或外接麥克風。	2	A1	
	GU						0	0.00		通識		03UG027			0		2.0				115	半			Women's Literature, Feminist Theory, and the Women's Movement	B		0916			0	N		是						0			左乙萱		一 8-9 和平 無可用教室	女性文學、性別平等理論與婦運						0		通				72	The course may or may not be offered. Add the course online. Students should be able to read journal articles written in English and write an essay in English. Learn how to use Microsoft Teams and Moodle. Include your name, your student number, course title, and group B in all correspondence.	2	A1	
	GU						15	0.10		通識		03UG031			0		2.0				115	半			Introduction to Forensic Sciences			0917			0	N								0			未定		三 8-9 和平 無可用教室	鑑識科學概論						0		通				150	李承龍	2	A2	
	GU						10	0.40		通識		03UG033			0		2.0				115	半			Dietary Culture and Food Education			0918			0	N								0			陳玉箴		一 3-4 和平 無可用教室	飲食文化與食育						0		通				50		2	A2	
	GU						10	0.20		通識		03UG034			0		2.0				115	半			Love Study			0919			0	N								0			高松景		三 3-4 和平 無可用教室	愛情學						0		通				50		2	A2	
	GU						9	0.09		通識		03UG041			0		2.0				115	半			Introduction to Management </br>[ Program: The Inter-disciplinary Program of Sports Leadership ]	A		0920			0	N					◎企管系（學）不得選修			0			未定		二 8-9 和平 無可用教室	管理學入門 </br>[ 學分學程：運動領導學分學程 ]						0		通				100	廖仁傑	2	A2/B2	ZU9W
	GU						5	0.10		通識		03UG041			0		2.0				115	半			Introduction to Management </br>[ Program: The Inter-disciplinary Program of Sports Leadership ]	B		0921			0	N					◎企管系（學）不得選修			0			施友元		五 3-4 公館 無可用教室	管理學入門 </br>[ 學分學程：運動領導學分學程 ]						0		通				50		2	A2/B2	ZU9W
	GU						0	0.00		通識		03UG042			0		2.0				115	半			Trade Secret Protection and Intellectual Property Rights of Technology Industry			0922			0	N								0			劉傳璽		五 6-7 和平 無可用教室	科技產業營業秘密保護與智慧財產權						0		通				110		2	A2	
	GU						0	0.00		通識		03UG045			0		2.0				115	半			Key Issues of Contemporary Society and Culture	A		0923			0	N		是						0			未定		一 A-B 公館 無可用教室	當代社會與文化關鍵議題						0		通				50	范俊銘	2	A2	
	GU						10	0.40		通識		03UG045			0		2.0				115	半			Key Issues of Contemporary Society and Culture	B		0924			0	N		是						0			何家騏		三 3-4 和平 無可用教室	當代社會與文化關鍵議題						0		通				50		2	A2	
	GU						10	0.20		通識		03UG046			0		2.0				115	半			Domestic Implementation of International Human Rights Law			0925			0	N		是						0			未定		三 A-B 公館 無可用教室	國際人權法之在地實踐						0		通				50	陳彥?	2	A2	
	GU						0	0.00		通識		03UG049			0		2.0				115	半			Design and Practice of Community-Based Program </br>[ Program: The Inter-disciplinary Program of Human Services and Social Work Credit ]			0926			0	N								0			未定		三 10-A 和平 無可用教室	社區方案規劃與實踐 </br>[ 學分學程：人群服務與社會工作學分學程 ]						0		通				60	蔡昕璋、吳振邦	2	A2	ZU37
	GU						0	0.00		通識		03UG053			0		2.0				115	半			Gender Equity Education and Case Studies			0927			0	N								0			未定		五 3-4 和平 無可用教室	校園性別事件解析						0		通				145	林麗燕。請排綜210展覽廳，學生分組討論需要移動的桌椅	2	A2	
	GU						10	0.40		通識		04UG003			0		2.0				115	半			The Exploration of Civilization	A		0928			0	N								0			陳南旭		三 6-7 和平 無可用教室	文明的探索						0		通				50		2	A1/B2	
	GU						10	0.40		通識		04UG003			0		2.0				115	半			The Exploration of Civilization	B		0929			0	N								0			陳健文		三 6-7 和平 無可用教室	文明的探索						0		通				50		2	A1/B2	
	GU						10	0.40		通識		04UG003			0		2.0				115	半			The Exploration of Civilization	C		0930			0	N								0			陳昭揚		三 3-4 和平 無可用教室	文明的探索						0		通				50		2	A1/B2	
	GU						10	0.15		通識		04UG024			0		2.0				115	半			Culture, History and Urban Development of Taiwan	A		0931			0	N								0			黃玫瑄		二 3-4 和平 無可用教室	臺灣文史與城市發展						0		通				65		2	A1	
	GU						10	0.15		通識		04UG024			0		2.0				115	半			Culture, History and Urban Development of Taiwan	B		0932			0	N								0			黃玫瑄		二 6-7 和平 無可用教室	臺灣文史與城市發展						0		通				65		2	A1	
	GU						0	0.00		通識		04UG025			0		2.0				115	半			Chinese Classics and Culture			0933			0	N								0			許華峰		一 6-7 和平 無可用教室	中國經典與文化						0		通				50		2	A1	
	GU						10	0.15		通識		04UG030			0		2.0				115	半			Social Inquiry of Hakka Community </br>[ Program: The Inter-disciplinary Program of Hakka Language and Culture ]			0934			0	N								0			黃玫瑄		三 3-4 和平 無可用教室	客家社會探究 </br>[ 學分學程：客語與客家文化學分學程 ]						0		通				65		2	A2	ZU46
	GU						2	0.04		通識		04UG035			1		2.0				115	半			Topics in Southeast Asian Culture and History			0935			0	N		是						0			未定		五 3-4 和平 無可用教室	東南亞文化與歷史專題						0		通				50	修課學生需具備 流利??英語能力。廖弘民	2	A1	
	GU						5	0.10		通識		04UG036			0		2.0				115	半			Taiwan Indigenous Cultural Performance </br>[ Program: The Inter-disciplinary Program of Indigenous Education and Culture ]			0936			0	N								0			王宏豪		二 6-7 和平 金牌講堂	臺灣原住民族文化展演 </br>[ 學分學程：原住民族教育文化學分學程 ]						0		通				50		2	A1	ZU9U
	GU						0	0.00		通識		04UG037			0		2.0				115	半			Exploring Taiwan Food Culture			0937			0	N		是						0			未定		二 9-10 公館 無可用教室	探索臺灣飲食文化						0		通				50	本課程授課為全臺灣台語授課進行為主。魏俊陽	2	A1	
	GU						10	0.20		通識		04UG041			1		2.0				115	半			East Asian Cultures in the Game of Go			0938			0	N								0			未定		二 6-7 公館 無可用教室	圍棋與東亞文化						0		通				50	張曉茵	2	A1	
	GU						0	0.00		通識		05UG001			15		2.0				115	半			Logical Thinking and Application	A		0939			0	N								0			王銀國		二 3-4 和平 無可用教室	邏輯思考與應用						0		通				155	全國最有個性的通識課，但保證教到會(免費個別教導)。	2	A3/B2	
	GU						0	0.00		通識		05UG001			15		2.0				115	半			Logical Thinking and Application	B		0940			0	N								0			王銀國		二 8-9 和平 無可用教室	邏輯思考與應用						0		通				155	全國最有個性的通識課，但保證教到會(免費個別教導)。	2	A3/B2	
	GU						0	0.00		通識		05UG001			2		2.0				115	半			Logical Thinking and Application	C		0941			0	N								0			未定		二 6-7 公館 無可用教室	邏輯思考與應用						0		通				50	蔡承志	2	A3/B2	
	GU						0	0.00		通識		05UG001			0		2.0				115	半			Logical Thinking and Application	D		0942			0	N								0			未定		五 3-4 公館 無可用教室	邏輯思考與應用						0		通				50	王鍾山	2	A3/B2	
	GU						0	0.00		通識		05UG002			0		2.0				115	半			Introduction to Scientific Thinking </br>[ Program: The Inter-disciplinary Program of Technology-assisted Teaching Industry The Inter-disciplinary Program of STEM Innovation and Practices ]	A		0943			0	N								0			未定		一 10-A 和平 無可用教室	科學思維 </br>[ 學分學程：科技化教學產業學分學程 理工創新與實作學分學程 ]						0		通				75	不開放授權碼。鍾兆晉	2	A3	ZU47/ZU62
	GU						0	0.00		通識		05UG002			0		2.0				115	半			Introduction to Scientific Thinking </br>[ Program: The Inter-disciplinary Program of Technology-assisted Teaching Industry The Inter-disciplinary Program of STEM Innovation and Practices ]	B		0944			0	N								0			未定		一 B-C 和平 無可用教室	科學思維 </br>[ 學分學程：科技化教學產業學分學程 理工創新與實作學分學程 ]						0		通				75	不開放授權碼。鍾兆晉	2	A3	ZU47/ZU62
	GU						10	0.20		通識		05UG005			0		2.0				115	半			Mathematical Thinking in Fiction and Films			0945			0	N								0			未定		三 3-4 公館 Ｂ101	小說與電影中的數學思維						0		通				50	授課教師為謝佳叡老師	2	A3	
	GU						4	0.08		通識		05UG006			0		2.0				115	半			The Development and Application of Mathematical Thinking </br>[ Program: The Inter-disciplinary Program of Technology-assisted Teaching Industry The Inter-disciplinary Program of STEM Innovation and Practices ]			0946			0	N								0			劉柏宏		三 3-4 公館 Ｓ503	數學思維的發展與應用 </br>[ 學分學程：科技化教學產業學分學程 理工創新與實作學分學程 ]						0		通				50		2	A3	ZU47/ZU62
	GU						0	0.00		通識		05UG010			2		2.0				115	半			The Language of Sciences			0947			0	N								0			未定		二 8-9 公館 無可用教室	科學的語言						0		通				50	蔡承志	2	A3	
	GU						0	0.00		通識		05UG011			3		2.0				115	半			Technology Ethics	A		0948			0	N								0			未定		一 6-7 公館 無可用教室	科技倫理						0		通				70	劉啟民	2	A2	
	GU						0	0.00		通識		05UG011			3		2.0				115	半			Technology Ethics	B		0949			0	N								0			未定		一 8-9 公館 無可用教室	科技倫理						0		通				70	劉啟民	2	A2	
	GU						12	0.09		通識		05UG012			1		2.0				115	半			Worldview: An Overview of the History and Philosophy of Science			0950			0	N								0			未定		五 1-2 和平 無可用教室	科技史哲思維下的世界觀						0		通				140	陳珍源	2	A3	
	GU						10	0.40		通識		05UG014			0		2.0				115	半			Different Sciences </br>[ Program: The Inter-disciplinary Program of Technology-assisted Teaching Industry ]			0951			0	N								0			張欣怡		二 6-7 和平 無可用教室	科學不一樣 </br>[ 學分學程：科技化教學產業學分學程 ]						0		通				50		2	A3	ZU47
	GU						4	0.08		通識		05UG016			3		2.0				115	半			Computational Thinking and Programming </br>[ Program: The Inter-disciplinary Program of Metaverse Narrative The Inter-disciplinary Program of Computer Music and Audio Technology The Inter-disciplinary Program of AI Digital Art The Inter-disciplinary Program of Application of Information Technology ]	A		0952			0	N								0			未定		一 9-10 公館 無可用教室	運算思維與程式設計 </br>[ 學分學程：AI暨元宇宙敘事學分學程 電腦音樂與音訊技術學分學程 AI與數位藝術學分學程 資訊科技應用學分學程 ]						0		通				50	張凌倩	2	A4/B2	ZU48/ZU60/ZU63/ZU77
	GU						4	0.08		通識		05UG016			3		2.0				115	半			Computational Thinking and Programming </br>[ Program: The Inter-disciplinary Program of Metaverse Narrative The Inter-disciplinary Program of Computer Music and Audio Technology The Inter-disciplinary Program of AI Digital Art The Inter-disciplinary Program of Application of Information Technology ]	B		0953			0	N								0			未定		二 9-10 公館 無可用教室	運算思維與程式設計 </br>[ 學分學程：AI暨元宇宙敘事學分學程 電腦音樂與音訊技術學分學程 AI與數位藝術學分學程 資訊科技應用學分學程 ]						0		通				50	張凌倩	2	A4/B2	ZU48/ZU60/ZU63/ZU77
	GU						4	0.08		通識		05UG016			3		2.0				115	半			Computational Thinking and Programming </br>[ Program: The Inter-disciplinary Program of Metaverse Narrative The Inter-disciplinary Program of Computer Music and Audio Technology The Inter-disciplinary Program of AI Digital Art The Inter-disciplinary Program of Application of Information Technology ]	C		0954			0	N								0			未定		四 3-4 公館 無可用教室	運算思維與程式設計 </br>[ 學分學程：AI暨元宇宙敘事學分學程 電腦音樂與音訊技術學分學程 AI與數位藝術學分學程 資訊科技應用學分學程 ]						0		通				50	邵森蘭	2	A4/B2	ZU48/ZU60/ZU63/ZU77
	GU						4	0.08		通識		05UG016			3		2.0				115	半			Computational Thinking and Programming </br>[ Program: The Inter-disciplinary Program of Metaverse Narrative The Inter-disciplinary Program of Computer Music and Audio Technology The Inter-disciplinary Program of AI Digital Art The Inter-disciplinary Program of Application of Information Technology ]	D		0955			0	N								0			未定		四 6-7 公館 無可用教室	運算思維與程式設計 </br>[ 學分學程：AI暨元宇宙敘事學分學程 電腦音樂與音訊技術學分學程 AI與數位藝術學分學程 資訊科技應用學分學程 ]						0		通				50	邵森蘭	2	A4/B2	ZU48/ZU60/ZU63/ZU77
	GU						4	0.08		通識		05UG016			3		2.0				115	半			Computational Thinking and Programming </br>[ Program: The Inter-disciplinary Program of Metaverse Narrative The Inter-disciplinary Program of Computer Music and Audio Technology The Inter-disciplinary Program of AI Digital Art The Inter-disciplinary Program of Application of Information Technology ]	E		0956			0	N								0			未定		四 6-7 公館 無可用教室	運算思維與程式設計 </br>[ 學分學程：AI暨元宇宙敘事學分學程 電腦音樂與音訊技術學分學程 AI與數位藝術學分學程 資訊科技應用學分學程 ]						0		通				50	蔡明男	2	A4/B2	ZU48/ZU60/ZU63/ZU77
	GU						4	0.08		通識		05UG016			3		2.0				115	半			Computational Thinking and Programming </br>[ Program: The Inter-disciplinary Program of Metaverse Narrative The Inter-disciplinary Program of Computer Music and Audio Technology The Inter-disciplinary Program of AI Digital Art The Inter-disciplinary Program of Application of Information Technology ]	F		0957			0	N								0			未定		四 8-9 公館 無可用教室	運算思維與程式設計 </br>[ 學分學程：AI暨元宇宙敘事學分學程 電腦音樂與音訊技術學分學程 AI與數位藝術學分學程 資訊科技應用學分學程 ]						0		通				50	蔡明男	2	A4/B2	ZU48/ZU60/ZU63/ZU77
	GU						4	0.08		通識		05UG016			3		2.0				115	半			Computational Thinking and Programming </br>[ Program: The Inter-disciplinary Program of Metaverse Narrative The Inter-disciplinary Program of Computer Music and Audio Technology The Inter-disciplinary Program of AI Digital Art The Inter-disciplinary Program of Application of Information Technology ]	G		0958			0	N								0			未定		三 9-10 公館 無可用教室	運算思維與程式設計 </br>[ 學分學程：AI暨元宇宙敘事學分學程 電腦音樂與音訊技術學分學程 AI與數位藝術學分學程 資訊科技應用學分學程 ]						0		通				50	黃芳蘭	2	A4/B2	ZU48/ZU60/ZU63/ZU77
	GU						10	0.20		通識		05UG017			5		2.0				115	半			Data Science and Computer Programming </br>[ Program: The Inter-disciplinary Program of Computer Music and Audio Technology The Inter-disciplinary Program of Application of Information Technology ]			0959			0	N		是						0			未定		一 4-5 和平 無可用教室	資料科學與程式設計 </br>[ 學分學程：電腦音樂與音訊技術學分學程 資訊科技應用學分學程 ]						0		通				50	林耘逸	2	A4	ZU60/ZU77
	GU						5	0.10		通識		05UG019			1		2.0				115	半			Mobile App Development </br>[ Program: The Inter-disciplinary Program of Computer Music and Audio Technology The Inter-disciplinary Program of AI Digital Art The Inter-disciplinary Program of Application of Information Technology ]			0960			0	N								0			劉建成		五 3-4 公館 無可用教室	行動App程式設計 </br>[ 學分學程：電腦音樂與音訊技術學分學程 AI與數位藝術學分學程 資訊科技應用學分學程 ]						0		通				50		2	A4	ZU60/ZU63/ZU77
	GU						10	0.40		通識		05UG020			0		2.0				115	半			Statistics	A		0961			0	N								0			未定		二 3-4 和平 無可用教室	統計學						0		通				50		2	A2/B1	
	GU						10	0.40		通識		05UG020			0		2.0				115	半			Statistics	B		0962			0	N								0			未定		二 6-7 和平 無可用教室	統計學						0		通				50		2	A2/B1	
	GU						5	0.10		通識		05UG021			3		2.0				115	半			Advanced Applications of Spreadsheets and Programming	A		0963			0	N								0			未定		三 3-4 公館 無可用教室	試算表進階應用與程式設計						0		通				50	吳清輝	2	A4	
	GU						5	0.10		通識		05UG021			3		2.0				115	半			Advanced Applications of Spreadsheets and Programming	B		0964			0	N								0			未定		三 6-7 公館 無可用教室	試算表進階應用與程式設計						0		通				50	吳清輝	2	A4	
	GU						4	0.08		通識		05UG022			3		2.0				115	半			Learning Programming for Music </br>[ Program: The Inter-disciplinary Program of Computer Music and Audio Technology ]			0965			0	N								0			未定		二 3-4 公館 無可用教室	學程式玩音樂 </br>[ 學分學程：電腦音樂與音訊技術學分學程 ]						0		通				50	林宜徵	2	A4	ZU60
	GU						5	0.10		通識		05UG023			3		2.0				115	半			Textual Data Analysis	A		0966			0	N								0			未定		五 3-4 公館 無可用教室	文本分析與程式設計						0		通				50	王祥安	2	A4	
	GU						5	0.10		通識		05UG023			3		2.0				115	半			Textual Data Analysis	B		0967			0	N								0			未定		五 6-7 公館 無可用教室	文本分析與程式設計						0		通				50	王祥安	2	A4	
	GU						5	0.10		通識		05UG025			1		2.0				115	半			Learn to Code: Images, Animation, and Games </br>[ Program: The Inter-disciplinary Program of AI Digital Art The Inter-disciplinary Program of Application of Information Technology ]	A		0968			0	N								0			劉建成		一 6-7 公館 無可用教室	遊戲程式設計 </br>[ 學分學程：AI與數位藝術學分學程 資訊科技應用學分學程 ]						0		通				50		2	A4	ZU63/ZU77
	GU						5	0.10		通識		05UG025			1		2.0				115	半			Learn to Code: Images, Animation, and Games </br>[ Program: The Inter-disciplinary Program of AI Digital Art The Inter-disciplinary Program of Application of Information Technology ]	B		0969			0	N								0			劉建成		四 6-7 公館 無可用教室	遊戲程式設計 </br>[ 學分學程：AI與數位藝術學分學程 資訊科技應用學分學程 ]						0		通				50		2	A4	ZU63/ZU77
	GU						4	0.08		通識		05UG026			3		2.0				115	半			Computer Programming and Data Analysis in Sports			0970			0	N								0			未定		三 B-C 和平 無可用教室	運動數據分析與程式設計						0		通				50	劉爾剛	2	A4	
	GU						4	0.08		通識		05UG027			3		2.0				115	半			Fundamental Programming for Digital Music and Sound Synthesis			0971			0	N		是						0			未定		二 6-7 公館 無可用教室	數位音樂與聲音合成之基礎程式設計						0		通				50	林宜徵	2	A4	
	GU						5	0.10		通識		05UG028			1		2.0				115	半			Advanced Spreadsheet Tools for Business Analysis	A		0972			0	N								0			劉建成		一 3-4 公館 無可用教室	試算表與商務資料分析						0		通				50		2	A4	
	GU						5	0.10		通識		05UG028			1		2.0				115	半			Advanced Spreadsheet Tools for Business Analysis	B		0973			0	N								0			劉建成		四 3-4 公館 無可用教室	試算表與商務資料分析						0		通				50		2	A4	
	GU						10	0.40		通識		05UG029			5		2.0				115	半			Biomedical and Health Data Analytics			0974			0	1		是						0			未定		三 C-D 和平 無可用教室	生醫與健康數據分析						0		通				50	◎數位課程 林耘逸	2	A4	
	GU						10	0.40		通識		05UG031			1		3.0				115	半			Data Science in Education Research </br>[ Program: The Inter-disciplinary Program of Big Data in Education ]			0975			0	1								0			未定		三 6-8 和平 無可用教室	資料科學在教育上的應用 </br>[ 學分學程：教育大數據微學分學程 ]						0		通				50	◎數位課程 張維元	2	A4	ZU55
	GU						5	0.10		通識		05UG032			2		3.0				115	半			Learning Analytics Tools Implementation Applications </br>[ Program: The Inter-disciplinary  Program of Sports Technology The Inter-disciplinary Program of Big Data in Education ]			0976			0	N								0			未定		四 7-9 和平 無可用教室	學習分析工具實務應用 </br>[ 學分學程：運動科技學分學程 教育大數據微學分學程 ]						0		通				50	陳俊豪	2	A4	ZU39/ZU55
	GU						4	0.08		通識		05UG033			3		2.0				115	半			Fine Arts and Programming </br>[ Program: The Inter-disciplinary Program of AI Digital Art ]			0977			0	N								0			未定		三 3-4 和平 無可用教室	藝術創作與程式設計 </br>[ 學分學程：AI與數位藝術學分學程 ]						0		通				50	謝諭	2	A4	ZU63
	GU						5	0.10		通識		05UG037			5		2.0				115	半			Introduction to Python Programming			0978			0	N								0			黃浩霆		三 A-B 和平 無可用教室	Python程式設計入門						0		通				50	◎臺語授課	2	A4	
	GU						9	0.10		通識		05UG038			3		2.0				115	半			Practical Applications of Generative AI </br>[ Program: The Inter-disciplinary Program of Metaverse Narrative The Inter-disciplinary Program of AI Digital Art ]			0979			0	N								0			未定		三 3-4 公館 無可用教室	生成式AI實務應用 </br>[ 學分學程：AI暨元宇宙敘事學分學程 AI與數位藝術學分學程 ]						0		通				90	尹相志	2	A4	ZU48/ZU63
	GU						0	0.00		通識		05UG039			0		2.0				115	半			AI and Everyday Life			0980			0	N		是						0			未定		三 6-7 和平 無可用教室	人工智慧與日常生活						0		通				102	陳立新	2	A2	
	GU						12	0.10		通識		06UG002			0		2.0				115	半			The Impact of Biotechnology on Society			0981			0	N								0			呂國棟		三 3-4 公館 Ｅ102	生物技術對社會之衝擊						0		通				120		2	A3	
	GU						9	0.09		通識		06UG004			25		2.0				115	半			Introduction to Astronomy </br>[ Program: The Inter-disciplinary Program of  Astronomy and Gravitation ]	A		0982			0	N		是			◎地科系（學）不得選修			0			橋本康弘		三 3-4 公館 Ｅ202	星星月亮太陽－天文漫談 </br>[ 學分學程：天文與重力學分學程 ]						0		通				97		2	A3	ZU61
	GU						5	0.05		通識		06UG004			1		2.0				115	半			Introduction to Astronomy </br>[ Program: The Inter-disciplinary Program of  Astronomy and Gravitation ]	B		0983			0	N		是			◎地科系（學）不得選修			0			曾瑋玲		三 3-4 公館 Ｓ102	星星月亮太陽－天文漫談 </br>[ 學分學程：天文與重力學分學程 ]						0		通				110	中文授課	2	A3	ZU61
	GU						10	0.07		通識		06UG005			0		2.0				115	半			Nano Technology			0984			0	N								0			郭金國		五 3-4 和平 無可用教室	奈米科技						0		通				150		2	A3/B2	
	GU						10	0.10		通識		06UG006			0		2.0				115	半			Environmental Ethics and Sustainable Development </br>[ Program: The Inter-disciplinary Program of STEM Innovation and Practices ]	A		0985			0	N								0			未定		二 A-B 和平 無可用教室	環境倫理與永續發展 </br>[ 學分學程：理工創新與實作學分學程 ]						0		通				100	李清安	2	A3	ZU62
	GU						10	0.10		通識		06UG006			0		2.0				115	半			Environmental Ethics and Sustainable Development </br>[ Program: The Inter-disciplinary Program of STEM Innovation and Practices ]	C		0987			0	N								0			未定		三 A-B 和平 無可用教室	環境倫理與永續發展 </br>[ 學分學程：理工創新與實作學分學程 ]						0		通				100	李清安	2	A3	ZU62
	GU						6	0.12		通識		06UG012			0		2.0				115	半			Information Technology and the Way of Life </br>[ Program: The Inter-disciplinary Program of Cultivating Seniors Service Talent in Community ]	A		0988			0	N								0			劉建成		二 3-4 和平 無可用教室	資訊科技與生活 </br>[ 學分學程：社區高齡者服務人才培力學分學程 ]						0		通				50		2	A4	ZU98
	GU						6	0.12		通識		06UG012			0		2.0				115	半			Information Technology and the Way of Life </br>[ Program: The Inter-disciplinary Program of Cultivating Seniors Service Talent in Community ]	B		0989			0	N								0			劉建成		二 6-7 和平 無可用教室	資訊科技與生活 </br>[ 學分學程：社區高齡者服務人才培力學分學程 ]						0		通				50		2	A4	ZU98
	GU						0	0.00		通識		06UG014			0		2.0				115	半			Dialogue between Technology and Humanity			0990			0	N								0			王銀國		三 3-4 和平 無可用教室	科技與人文的對話						0		通				100	全國最有個性的通識課，但保證教到會(免費個別教導)。	2	A3	
	GU						5	0.04		通識		06UG016			1		2.0				115	半			Diseases, Medicine and Civilization			0991			0	N								0			梁至中		二 6-7 和平 無可用教室	疾病、醫學與文明						0		通				115		2	A3	
	GU						9	0.09		通識		06UG021			30		2.0				115	半			Life in the Universe and the Space Environments </br>[ Program: The Inter-disciplinary Program of  Astronomy and Gravitation ]			0992			0	1		是						0			橋本康弘		三 6-7 公館 無可用教室	宇宙中的生命與太空環境 </br>[ 學分學程：天文與重力學分學程 ]						0		通				97	◎數位課程  數位課程；授權碼人數:30人。  All distance learning courses display only synchronous learning and face-to-face instruction hours.	2	A3	ZU61
	GU						10	0.20		通識		06UG029			0		2.0				115	半			Pharmacology of Daily Life			0993			0	N		是						0			呂國棟		五 3-4 公館 無可用教室	日常生活藥理學						0		通				50		2	A3	
	GU						5	0.10		通識		0AUG229			0		2.0				115	半			Love in Literature and Films			0994			0	N								0			鄭怡庭		一 9-10 和平 無可用教室	文學、電影中的情感經驗						0		通				50		2	A1	
	GU						0	0.00		通識		0AUG402			0		2.0				115	半			Psychology </br>[ Program: The Inter-disciplinary Program of Art Education Therapy The Inter-disciplinary Program of Human Services and Social Work Credit The Inter-disciplinary Program of Strength and Conditioning The Inter-disciplinary Program of Music-assisted Guidance and Special Education ]	A		0995			0	N								0			未定		四 3-4 和平 無可用教室	心理學 </br>[ 學分學程：藝術教育治療學分學程 人群服務與社會工作學分學程 肌力與體能訓練學分學程 音樂輔導與特教學分學程 ]						0		通				50		2	A2/B1	ZU36/ZU37/ZU52/ZU59
	GU						0	0.00		通識		0AUG402			0		2.0				115	半			Psychology </br>[ Program: The Inter-disciplinary Program of Art Education Therapy The Inter-disciplinary Program of Human Services and Social Work Credit The Inter-disciplinary Program of Strength and Conditioning The Inter-disciplinary Program of Music-assisted Guidance and Special Education ]	B		0996			0	N								0			未定		一 10-A 和平 無可用教室	心理學 </br>[ 學分學程：藝術教育治療學分學程 人群服務與社會工作學分學程 肌力與體能訓練學分學程 音樂輔導與特教學分學程 ]						0		通				50		2	A2/B1	ZU36/ZU37/ZU52/ZU59
	GU						0	0.00		通識		0AUG402			0		2.0				115	半			Psychology </br>[ Program: The Inter-disciplinary Program of Art Education Therapy The Inter-disciplinary Program of Human Services and Social Work Credit The Inter-disciplinary Program of Strength and Conditioning The Inter-disciplinary Program of Music-assisted Guidance and Special Education ]	C		0997			0	N								0			未定		三 10-A 和平 無可用教室	心理學 </br>[ 學分學程：藝術教育治療學分學程 人群服務與社會工作學分學程 肌力與體能訓練學分學程 音樂輔導與特教學分學程 ]						0		通				50		2	A2/B1	ZU36/ZU37/ZU52/ZU59
	GU						10	0.17		通識		0AUG408			5		2.0				115	半			Health and Life			0998			0	N								0			黃玫瑄		四 3-4 和平 無可用教室	健康與生活						0		通				60		2	A3	
	GU						0	0.00		通識		0AUG442			0		2.0				115	半			The Bible and Human Life			0999			0	N		是						0			未定		一 C-D 公館 無可用教室	聖經與人生						0		通				50	范俊銘	2	A1	
	GU						10	0.06		通識		0AUG462			0		2.0				115	半			Personal Finance	A		1000			0	N								0			朱文增		三 3-4 和平 無可用教室	個人投資理財						0		通				170		2	A2	
	GU						10	0.07		通識		0AUG462			0		2.0				115	半			Personal Finance	B		1001			0	N								0			未定		三 8-9 和平 無可用教室	個人投資理財						0		通				140	廖仁傑	2	A2	
	GU						10	0.20		通識		0AUG463			0		2.0				115	半			Leisure in Our Daily Life </br>[ Program: The Inter-disciplinary Program of Strength and Conditioning ]			1002			0	N								0			李晶		三 3-4 和平 無可用教室	休閒與生活 </br>[ 學分學程：肌力與體能訓練學分學程 ]						0		通				50		2	A2	ZU52
	GU						10	0.20		通識		0HUG011			1		2.0				115	半			Academic Writing			1003			0	N								0			謝秀卉		二 3-4 和平 無可用教室	學術寫作						0		通				50		2	A1	
	GU						10	0.20		通識		0HUG210			0		2.0				115	半			Introduction to Southern Min Chinese	A		1004			0	N								0			林香薇		四 6-7 和平 無可用教室	閩南語概論						0		通				50		2	A1	
	GU						0	0.00		通識		0HUG210			0		2.0				115	半			Introduction to Southern Min Chinese	B		1005			0	N								0			未定		三 9-10 公館 無可用教室	閩南語概論						0		通				50	本課程授課為全臺灣台語授課進行為主。魏俊陽	2	A1	
	GU						10	0.14		通識		0HUG432			0		2.0				115	半			Shakespeare			1006			0	N								0			蘇子中		二 6-7 和平 無可用教室	莎士比亞的故事						0		通				70		2	A1/B2	
	GU						10	0.17		通識		0HUG501			0		2.0				115	半			Beginning Japanese	A		1007			0	N								0			未定		二 3-4 公館 無可用教室	日語（一）						0		通				60	1.日語母語者不可修本課程  2.不接受旁聽  3.只限三校聯盟選課  張怡倩	2	A1	
	GU						0	0.00		通識		0HUG501			0		2.0				115	半			Beginning Japanese	B		1008			0	N								0			未定		三 6-7 公館 無可用教室	日語（一）						0		通				50	(1)日語為母語者不可選課。(2)本課程不開放授權碼，亦不簽停修單。  許菁娟	2	A1	
	GU						5	0.10		通識		0HUG503			0		2.0				115	半			Spanish (I) </br>[ Program: The Inter-disciplinary Program of International Relations and Diplomacy ]			1009			0	N								0			未定		三 3-4 公館 無可用教室	西班牙語（一） </br>[ 學分學程：國際關係與外交學分學程 ]						0		通				50	母語人士不可選課。張乃翠	2	A1	ZU56
	GU						5	0.10		通識		0HUG504			0		2.0				115	半			Spanish (II)			1010			0	N								0			未定		三 6-7 公館 無可用教室	西班牙語（二）						0		通				50	母語人士不可選課。張乃翠	2	A1	
	GU						0	0.00		通識		0HUG505			0		2.0				115	半			French (II)			1011			0	N								0			未定		三 6-7 公館 無可用教室	法語（二）						0		通				50	需修過法文一或學過30小時以上法文。李曉芸	2	A1	
	GU						5	0.10		通識		0HUG506			0		2.0				115	半			Korean (I)			1012			0	N								0			未定		二 3-4 公館 無可用教室	韓語（一）						0		通				50	1.韓語為母語者不可選課。2.授權碼發放以大四或延畢同學為優先。魯水晶	2	A1	
	GU						5	0.10		通識		0HUG507			0		2.0				115	半			Thai Language and Culture			1013			0	N								0			未定		四 8-9 公館 無可用教室	泰國語言與文化						0		通				50	母語人士不可選課。譚華德	2	A1	
	GU						5	0.10		通識		0HUG510			0		2.0				115	半			Thai Language (II)			1014			0	N								0			未定		四 6-7 公館 無可用教室	泰語（二）						0		通				50	母語人士不可選課。譚華德	2	A1	
	GU						0	0.00		通識		0HUG649			0		2.0				115	半			Vietnamese (I) </br>[ Program: The Inter-disciplinary Program of International Relations and Diplomacy ]			1015			0	N								0			未定		三 A-B 公館 無可用教室	越南語（一） </br>[ 學分學程：國際關係與外交學分學程 ]						0		通				50	母語人士不可選課。劉陳石草	2	A1	ZU56
	GU						5	0.10		通識		0HUG650			0		2.0				115	半			Vietnamese (II)			1016			0	N								0			未定		四 A-B 公館 無可用教室	越南語（二）						0		通				50	母語人士不可選課。劉陳石草	2	A1	
	GU						5	0.10		通識		0HUG651			0		2.0				115	半			Korean (II)			1017			0	N								0			未定		二 6-7 公館 無可用教室	韓語（二）						0		通				50	1.韓語為母語者不可選課。2.韓語(二)須修過韓語(一)課程。3.授權碼發放以大四或延畢同學為優先。魯水晶	2	A1	
	GU						10	0.17		通識		0HUG652			0		2.0				115	半			Japanese (II)	A		1018			0	N								0			未定		二 6-7 公館 無可用教室	日語（二）						0		通				60	1.日語母語者不可修本課程  2.不接受旁聽  3.只限三校聯盟選課  張怡倩	2	A1	
	GU						10	0.17		通識		0HUG652			0		2.0				115	半			Japanese (II)	B		1019			0	N								0			未定		二 8-9 公館 無可用教室	日語（二）						0		通				60	1.日語母語者不可修本課程  2.不接受旁聽  3.只限三校聯盟選課  張怡倩	2	A1	
	GU						0	0.00		通識		0HUG652			0		2.0				115	半			Japanese (II)	C		1020			0	N								0			未定		三 8-9 公館 無可用教室	日語（二）						0		通				50	(1)日語為母語者不可選課。(2)本課程不開放授權碼，亦不簽停修單。  許菁娟	2	A1	
	GU						0	0.00		通識		0HUG652			0		2.0				115	半			Japanese (II)	D		1021			0	N								0			未定		一 8-9 公館 無可用教室	日語（二）						0		通				50	(1)日語為母語者不可選課。(2)本課程不開放授權碼，亦不簽停修單。  許菁娟	2	A1	
	GU						0	0.00		通識		0HUG652			0		2.0				115	半			Japanese (II)	E		1022			0	N								0			未定		五 3-4 和平 無可用教室	日語（二）						0		通				50	(1)日語為母語者不可選課。(2)本課程不開放授權碼。僅限三校聯盟學生旁聽 (需來信詢問)。簡嘉菁老師希望能排在本部教室有支援日語學程課程。	2	A1	
	GU						0	0.00		通識		0HUG655			0		2.0				115	半			Malay Language (I)			1023			0	N								0			未定		一 A-B 公館 無可用教室	馬來語 （一）						0		通				50	馬來西亞籍及印尼籍同學不得修習與旁聽。旁聽者需提前知會講師。陳際宇	2	A1	
	GU						0	0.00		通識		0HUG656			0		2.0				115	半			Malay Language (II)			1024			0	N								0			未定		二 A-B 公館 無可用教室	馬來語 （二）						0		通				50	馬來西亞籍及印尼籍同學不得修習與旁聽。旁聽者需提前知會講師。陳際宇	2	A1	
	GU						20	0.25		通識		0NUG253			0		2.0				115	半			3 D Printing and Innovative Applications			1025			0	N								0			沈林琥		三 3-4 公館 Ｅ101	３Ｄ列印與創新應用						0		通				80		2	A3	
	GU						5	0.10		通識		0SUG411			1		2.0				115	半			Social Development of Taiwan Aborigines </br>[ Program: The Inter-disciplinary Program of Indigenous Education and Culture ]			1026			0	N								0			汪明輝		三 3-4 和平 無可用教室	臺灣原住民社會發展 </br>[ 學分學程：原住民族教育文化學分學程 ]						0		通				50		2	A2	ZU9U
	GU						10	0.17		通識		0SUG514			5		2.0				115	半			Exploration of Museum			1027			0	N								0			黃玫瑄		三 6-7 和平 無可用教室	博物館探索						0		通				60		2	A2	
	GU						10	0.40		通識		0SUG528			0		2.0				115	半			Education in Taiwan	A		1028			0	N								0			陳信亨 高松景 吳柏菱		三 6-7 和平 無可用教室	臺灣教育						0		通				50		2	A2	
	GU						10	0.40		通識		0SUG528			0		2.0				115	半			Education in Taiwan	B		1029			0	N								0			陳育霖 洪麗卿 廖純英		三 6-7 和平 無可用教室	臺灣教育						0		通				50		2	A2	
	GU						5	0.10		通識		0SUG544			0		2.0				115	半			Career Planning and Development			1030			0	N								0			林怡君		四 6-7 和平 無可用教室	職涯規劃與發展						0		通				50	請排綜210展覽廳	2	B3	
	H						10	0.40		科技學院		H5M0001			0		4.0				115	半			Independent Study			1031			0	N		是			◎課程開放上修			0			未定		一 A-D 和平 教室自排	專題研究						0		必				50		2		
	HD70						10	0.20		工教系（博）		IED0069			0		2.0				115	半			Studies in Policy and Law of Technological and Vocational Education			1032			0	N		是			◎課程開放上修			0			胡茹萍		二 3-4 和平 研討四	技職教育政策與法規研究						0		選				50		2		
	HD70						10	0.20		工教系（博）		IED0074			0		2.0				115	半			Research Methods in advanced Industrial Education			1033			0	N		是			◎課程開放上修			0			宋修德		一 3-4 和平 研討四	高等工業教育研究法						0		必				50		2		
	HD70						10	0.20		工教系（博）		IED0089			0		2.0				115	半			Special Topics in Technical Vocational Education of Asia-Pacific Area			1034			0	N					◎課程開放上修			0			宋修德		一 9-10 和平 研討三	亞太地區技職教育專題						0		選				50		2		
	HD70						10	0.20		工教系（博）		IED0092			0		2.0				115	半			Technical-Vocational Education Administration and Supervision			1035			0	N		是			◎課程開放上修			0			胡茹萍		二 5-6 和平 研討四	技職教育行政與視導						0		選				50		2		
	HD70						10	0.20		工教系（博）		IED0112			0		1.0				115	半			Seminar (IV)			1036			0	N		是			◎必須先修過【IED0118  書報討論（二）】 ◎課程開放上修			0			胡茹萍		二 2 和平 研討三	書報討論（四）						0		必				50		2		
	HD70						10	0.20		工教系（博）		IED0118			0		1.0				115	半			Seminar (II)			1037			0	N		是			◎課程開放上修			0			詹育		一 2 和平 研討三	書報討論（二）						0		必				50		2		
	HD70						10	0.20		工教系（博）		IED0121			0		2.0				115	半			Special Topics in Industry Human Resource Development and Planning			1038			0	N					◎課程開放上修			0			郭金國		一 6-7 和平 研討三	產業人力發展與規劃專題研究						0		選				50		2		
	HD70						10	0.20		工教系（博）		IED0125			0		2.0				115	半			Special Topics in Technical-Vocational Education Curriculum Development			1039			0	N					◎課程開放上修			0			宋修德		一 7-8 和平 研討四	技職教育課程發展專題研究						0		選				50		2		
	HD71						10	0.33		科技系（博）		ITD0023			3		3.0				115	半			Special Topics in Cross-culture Human Resource Development			1040			0	N					◎限本系(含雙主修)修習 ◎課程不開放上修			0			陳怡靜		四 7-9 和平 科技系TB211教室	跨文化人力資源發展專題研究						0		選				30		2		
	HD71						5	0.17		科技系（博）		ITD0037			5		3.0				115	半			Special Topics on Digital Learning and Training Assessment			1041			0	N					◎限本系(含雙主修)修習 ◎課程不開放上修			0			張基成		五 2-4 和平 科技系TA513教室	數位化學習與訓練評量專題研究						0		選				30		2		
	HD71						5	0.17		科技系（博）		ITD0038			0		2.0				115	半			Seminar (I)			1042			0	N					◎限本系(含雙主修)修習 ◎課程不開放上修			0			張基成		五 7-8 和平 科技系TA513教室	書報討論（一）						0		必				30		2		
	HD71						10	0.33		科技系（博）		ITD0042			0		3.0				115	半			Special Topics on Curriculum for Technology and Engineering Education			1043			0	N					◎限本系(含雙主修)修習 ◎課程不開放上修			0			未定		四 7-9 和平 科技系TA513教室	科技與工程教育課程專題研究						0		選				30		2		
	HD78						5	0.17		科工學位學程（博）		STD0006			0		3.0				115	半			Research on STEM Education			1044			0	N		是			◎課程開放上修			0			詹育		二 6-8 和平 教室自排	科學—科技—工程—數學教育研究法	一			1		0		選				30		2		
	HM70						10	0.20		工教系（碩）		IEM0019			0		2.0				115	半			Evaluation in Vocational Technological Education			1045			0	N					◎課程開放上修			0			未定		三 5-6 和平 研討二	技職教育評鑑研究						0		選				50		2		
	HM70						10	0.20		工教系（碩）		IEM0084			0		2.0				115	半			Research Methods in Industrial Education (II)			1046			0	N					◎課程開放上修			0			詹育		二 3-4 和平 研討二	工業教育研究法（二）						0		必				50		2		
	HM70						10	0.20		工教系（碩）		IEM0095			0		2.0				115	半			Advanced Educational Statistics (I)			1047			0	N					◎課程開放上修			0			李懿芳		二 6-7 和平 研討六	高等教育統計學（一）						0		必				50		2		
	HM70						10	0.20		工教系（碩）		IEM0178			0		1.0				115	半			Seminar on Vocational Technical (II)			1048			0	N					◎課程開放上修			0			曾璧光		三 7 和平 研討六	書報討論－技職教育（二）						0		必				50		2		
	HM70						10	0.20		工教系（碩）		IEM0179			0		2.0				115	半			Theories and Methods in Vocational Technical Education			1049			0	N					◎課程開放上修			0			曾璧光		二 8-9 和平 研討六	技職教育理論與實務						0		必				50		2		
	HM70						10	0.20		工教系（碩）		IEM0378			0		1.0				115	半			Seminar on Vocational Technical(IV)			1050			0	N					◎課程開放上修			0			曾璧光		三 8 和平 研討六	書報討論－技職教育（四）						0		必				50		2		
	HM70						10	0.20		工教系（碩）		IEM0388			0		1.0				115	半			Seminar on Technological Application Management(IV)			1051			0	N					◎課程開放上修			0			陳麗妃		三 8 和平 研討二	書報討論－科技應用管理（四）						0		必				50		2		
	HM70						10	0.20		工教系（碩）		IEM0396			0		1.0				115	半			Seminar on Technological Application Management(II)			1052			0	N					◎課程開放上修			0			蘇友珊		三 7 和平 研討二	書報討論－科技應用管理（二）						0		必				50		2		
	HM70						10	0.20		工教系（碩）		IEM0403			0		2.0				115	半			Practice Course and Instructional Design of Technical-Vocational Education			1053			0	N					◎課程開放上修			0			未定		三 9-10 和平 研討六	技職實習課程與教學設計研究						0		選				50		2		
	HM70						10	0.20		工教系（碩）		IEM0410			0		2.0				115	半			Curriculum Development of Technical-Vocational Education			1054			0	N					◎課程開放上修			0			曾璧光		二 10-A 和平 研討三	技職教育課程發展研究						0		選				50		2		
	HM70						10	0.20		工教系（碩）		IEC8003			0		2.0				115	半			Organization Innovation and Development			1055			0	N			8		◎課程開放上修			0			蘇友珊	碩博	一 3-4 和平 研討二	組織創新發展研究						0		選				50		2		
	HM70						10	0.20		工教系（碩）		IEC8004			0		2.0				115	半			Special Topics in Creative Thinking and Innovation of Technical-Vocational Education			1056			0	N			8		◎課程開放上修			0			周明	碩博	二 A-B 和平 教室自排	想像力與創造力應用於技職教育專題研究						0		選				50		2		
	HM70						10	0.20		工教系（碩）		IEC8013			0		3.0				115	半			Special Topics in Digitalized Learning of Technical-Vocational Education			1057			0	N			8		◎課程開放上修			0			周明	碩博	三 A-C 和平 研討六	技職教育數位化學習專題研究						0		選				50		2		
	HM70						10	0.20		工教系（碩）		IEC8015			0		3.0				115	半			Technology and Methodology			1058			0	N			8		◎課程開放上修			0			周明	碩博	一 A-C 和平 研討二	科技與方法論						0		選				50		2		
	HM70						10	0.20		工教系（碩）		IEC8017			0		2.0				115	半			Entrepreneurship Management			1059			0	N			8		◎課程開放上修			0			蘇友珊 吳彥濬	碩博	一 6-7 和平 研討二	創業管理						0		選				50		2		
	HM71						10	0.33		科技系（碩）		ITM0055			0		3.0				115	半			Studies in Curriculum Design for Human Resource Development			1060			0	N					◎限本系(含雙主修)修習 ◎課程不開放上修			0			陳淑媛		一 7-9 和平 科技系TA513教室	人力資源發展課程設計研究						0		選				30		2		
	HM71						10	0.33		科技系（碩）		ITM0065			0		3.0				115	半			Network multimedia system			1061			0	N					◎限本系(含雙主修)修習 ◎課程不開放上修			0			蕭顯勝		二 7-9 和平 科技系TA513教室	網路多媒體系統						0		選				30		2		
	HM71						10	0.33		科技系（碩）		ITM0067			0		3.0				115	半			Web-based course design			1062			0	N					◎限本系(含雙主修)修習 ◎課程開放上修			0			丁玉良		三 2-4 和平 科技系TC411教室	網路課程設計理論與實務						0		選				30		2		
	HM71						10	0.29		科技系（碩）		ITM0068			0		3.0				115	半			Web-based Test and Assessment			1063			0	N					◎限本系(含雙主修)修習 ◎課程不開放上修			0			蕭顯勝		四 7-9 和平 無可用教室	網路化測驗與評量						0		選				35		2		
	HM71						10	0.33		科技系（碩）		ITM0080			3		3.0				115	半			Studies in Teaching and Training of Online Learning			1064			0	N		是			◎限本系(含雙主修)修習 ◎課程開放上修			0			嚴萬軒		二 7-9 和平 科技系TA509教室	網路教育與訓練研究						0		選				30		2		
	HM71						10	0.33		科技系（碩）		ITM0081			3		3.0				115	半			Studies in Network-aided Learning Systems			1065			0	N		是			◎限本系(含雙主修)修習 ◎課程開放上修			0			蔡芸琤		一 2-4 和平 科技系TC411教室	網路輔助學習系統研究						0		選				30	本課程適合已經擁有Python程式語言基礎者選修。	2		
	HM71						10	0.33		科技系（碩）		ITM0087			0		3.0				115	半			Study in Teaching Aids Design			1066			0	N					◎限本系(含雙主修)修習 ◎課程不開放上修			0			張玉山		三 2-4 和平 無可用教室	教具設計研究						0		選				30		2		
	HM71						10	0.33		科技系（碩）		ITM0093			5		3.0				115	半			Studies in Integrative Science, Technology, Engineering, and Mathematics Education </br>[ Program: The Inter-disciplinary Program of STEM Innovation and Practices ]			1067			0	N					◎限本系(含雙主修)修習 ◎課程開放上修			0			林坤誼		一 7-9 和平 科技系TB211教室	科學、科技、工程與數學整合教育研究 </br>[ 學分學程：理工創新與實作學分學程 ]						0		選				30		2		ZU62
	HM71						10	0.33		科技系（碩）		ITM0102			0		3.0				115	半			Corporate Recruitment and Selection			1068			0	N					◎限本系(含雙主修)修習 ◎課程不開放上修			0			陳淑媛		二 2-4 和平 科技系TA513教室	企業招募與甄選						0		選				30		2		
	HM71						10	0.29		科技系（碩）		ITM0006			0		3.0				115	半			Advanced Statistics (I) </br>[ Program: The Inter-disciplinary Program of Business Data Analysis ]			1069			0	N					◎限本系(含雙主修)修習 ◎課程不開放上修			0			陳怡靜 張敬珣		五 2-4 和平 科技系TB211教室	高等統計學（一） </br>[ 學分學程：商業分析學分學程 ]	一			1		0		必				35		2		ZU50
	HM71						10	0.29		科技系（碩）		ITM0086			0		3.0				115	半			Research Methods (II)			1070			0	N					◎限本系(含雙主修)修習  ◎限碩一修習◎必須先修過【ITM0085  研究方法（一）】 ◎課程不開放上修			0			陳怡靜		四 2-4 和平 科技系TB211教室	研究方法 （二）	一			1		0		必				35		2		
	HM71						10	0.33		科技系（碩）		ITM0084			0		2.0				115	半			Seminar (II)			1071			0	N					◎限本系(含雙主修)修習  ◎限碩二修習◎必須先修過【ITM0083  書報討論（一）】 ◎課程不開放上修			0			張敬珣		三 7-8 和平 科技系TB211教室	書報討論（二）	二			2		0		必				30		2		
	HM72						10	0.33		圖傳系（碩）		GCM0011			0		3.0				115	半			Production Management of Printing			1072			0	N					◎限本系(含雙主修)修習 ◎課程不開放上修			0			廖信		二 8-10 和平 視聽教室	印刷生產作業管理	一			1		0		選				30		2		
	HM72						10	0.33		圖傳系（碩）		GCM0038			0		2.0				115	半			Seminar (II)			1073			0	N					◎必須先修過【GCM0111  書報討論（一）】 ◎課程不開放上修			0			王希俊		四 7-8 和平 綜701	書報討論（二）	一			1		0		必				30		2		
	HM72						10	0.33		圖傳系（碩）		GCM0086			0		3.0				115	半			Studies in Anti-Forgery Technology			1074			0	N					◎限本系(含雙主修)修習 ◎課程不開放上修			0			王希俊		一 7-9 和平 綜701	圖像防偽科技研究	一			1		0		選				30		2		
	HM72						10	0.33		圖傳系（碩）		GCM0018			0		3.0				115	半			Printing Quality Control and Analysis			1075			0	N					◎限本系(含雙主修)修習  ◎限碩二碩三以上修習 ◎課程不開放上修			0			廖信		一 2-4 和平 視聽教室	圖像品質控制分析	二			2		0		選				30		2		
	HM72						10	0.33		圖傳系（碩）		GCM0029			0		2.0				115	半			Special Topics in Graphic Communications			1076			0	N					◎限本系(含雙主修)修習  ◎限碩二碩三以上修習 ◎課程不開放上修			0			陳明秀		五 A-B 和平 教室自排	影像傳播科技專題研究	二			2		0		選				30		2		
	HM72						10	0.33		圖傳系（碩）		GCM0039			0		2.0				115	半			Special Topics in Advance Pre-press Engineering			1077			0	N					◎限本系(含雙主修)修習  ◎限碩二碩三以上修習 ◎課程不開放上修			0			王希俊		四 A-B 和平 教室自排	印前科技專題研究	二			2		0		選				30		2		
	HM72						10	0.40		圖傳系（碩）		GCM0042			0		2.0				115	半			Special Topics in Internet Communications			1078			0	N					◎限本系(含雙主修)修習  ◎限碩二碩三以上修習 ◎課程不開放上修			0			周遵儒 方淳薏		一 A-B 和平 教室自排	網際網路傳播專題研究	二			2		0		選				50		2		
	HM72						10	0.33		圖傳系（碩）		GCM0043			0		2.0				115	半			Special Topics in History of Graphic Arts and Communications			1079			0	N					◎限本系(含雙主修)修習  ◎限碩二碩三以上修習 ◎課程不開放上修			0			涂卉		三 A-B 和平 教室自排	圖文傳播科技史專題研究	二			2		0		選				30		2		
	HM72						10	0.33		圖傳系（碩）		GCM0044			0		2.0				115	半			Special Topics in Digital Image Processing			1080			0	N					◎限本系(含雙主修)修習  ◎限碩二碩三以上修習 ◎課程不開放上修			0			張晏榕		二 A-B 和平 教室自排	數位影像科技專題研究	二			2		0		選				30		2		
	HM73						2	0.04		機電系（碩）		MTC8005			0		3.0				115	半			Optimization			1081			0	N		是	8		◎課程開放上修			0			辜漢文	碩博	三 7-9 和平 機電302會議室	最佳化理論						0		選				50		2		
	HM73						0	0.00		機電系（碩）		MTC8006			0		3.0				115	半			Experimental Design Method </br>[ Program: The Inter-disciplinary Program of NTNU and TSMC Semiconductor ]			1082			0	N			8		◎課程開放上修			0			劉傳璽	碩博	三 2-4 和平 教室自排	實驗設計法 </br>[ 學分學程：台積電半導體學分學程 ]						0		選				50		2		ZU45
	HM73						2	0.04		機電系（碩）		MTC8010			0		3.0				115	半			Microprocessor Controlled Systems			1083			0	N			8		◎課程開放上修			0			呂有勝	碩博	五 2-4 和平 機電整合實驗室	微處理器控制系統						0		選				50		2		
	HM73						2	0.03		機電系（碩）		MTC8016			0		1.0				115	半			Seminar (I)			1084			0	N		是	8		允許重複修◎必須先修過【MTC8017  書報討論（二）】 ◎課程開放上修			0			莊家維	碩博	四 7 和平 教室自排	書報討論（一）						0		必				60		2		
	HM73						2	0.03		機電系（碩）		MTC8017			0		1.0				115	半			Seminar (II)			1085			0	N		是	8		允許重複修◎必須先修過【MTC8016  書報討論（一）】 ◎課程開放上修			0			鄭淳護	碩博	四 8 和平 教室自排	書報討論（二）						0		必				60		2		
	HM75						10	0.13		電機系（碩）		AEC8001			0	是	1.0				115	半	王嘉斌		Seminar (I)			1086			0	N		是	8		允許重複修 ◎課程開放上修			0			王嘉斌	碩博	四 3-4 和平 教室自排	書報討論（一）						0		必				80		2		
	HM75						10	0.10		電機系（碩）		AEC8002			0	是	1.0				115	半	呂成凱		Seminar (II)			1087			0	N		是	8		允許重複修 ◎課程開放上修			0			呂成凱	碩博	四 3-4 和平 無可用教室	書報討論（二）						0		必				100		2		
	HM75						10	0.33		電機系（碩）		AEC8011			0		3.0				115	半			Embedded Systems </br>[ Program: The Specialization Program of Intelligent Chips ]			1088			0	N		是	8		◎課程開放上修			0			呂成凱	碩博	四 7-9 和平 多媒體與通訊實驗室	嵌入式系統 </br>[ 學分學程：智慧晶片專業學分學程 ]						0		選				30		2		ZU6Z
	HM75						10	0.33		電機系（碩）		AEC8018			5		3.0				115	半			Machine Learning </br>[ Program: The EMI Inter-disciplinary Program of Semiconductor The Inter-disciplinary Program of NTNU and TSMC Semiconductor The Specialization Program of Intelligent Image Processing and Video Analysis ]			1089			0	N		是	8		◎課程開放上修			0			Saeed Saeedvand	碩博	五 2-4 和平 多媒體與通訊實驗室	機器學習 </br>[ 學分學程：國際半導體全英語學分學程 台積電半導體學分學程 智慧影像處理與視訊分析專業學分學程 ]						0		選				30		2		ZU32/ZU45/ZU6Y
	HM75						10	0.33		電機系（碩）		AEC8020			0		3.0				115	半			Pattern Recognition </br>[ Program: The Specialization Program of Intelligent Image Processing and Video Analysis ]			1090			0	N			8		◎課程開放上修			0			葉家宏	碩博	五 6-8 和平 教室自排	圖形識別 </br>[ 學分學程：智慧影像處理與視訊分析專業學分學程 ]						0		選				30		2		ZU6Y
	HM75						10	0.33		電機系（碩）		AEC8024			0		3.0				115	半			Mobile Communications </br>[ Program: The Specialization Program of Intelligent Multimedia Signals Communication Systems ]			1091			0	N			8		◎課程開放上修			0			王嘉斌	碩博	二 7-9 和平 多媒體與通訊實驗室	行動通訊 </br>[ 學分學程：智慧多媒體訊號與通訊系統專業學分學程 ]						0		選				30		2		ZU7C
	HM75						10	0.20		電機系（碩）		AEC8027			0		3.0				115	半			Design of Analog Integrated Circuits			1092			0	N			8		◎課程開放上修			0			郭建宏	碩博	一 6-8 和平 電機系電子實驗室	類比積體電路設計						0		選				50		2		
	HM75						10	0.33		電機系（碩）		AEC8039			0		3.0				115	半			Modern Control Systems			1093			0	N			8		◎課程開放上修			0			王偉彥	碩博	三 7-9 和平 電機系TA412會議室	現代控制系統						0		選				30		2		
	HM75						10	0.33		電機系（碩）		AEC8044			0		3.0				115	半			Artificial Neural Network </br>[ Program: The Specialization Program of Intelligent Control ]			1094			0	N			8		◎課程開放上修			0			陳瑄易	碩博	四 7-9 和平 電機系TA412會議室	類神經網路 </br>[ 學分學程：智慧型控制專業學分學程 ]						0		選				30		2		ZU7B
	HM75						10	0.33		電機系（碩）		AEC8054			0		3.0				115	半			Control Systems Designs			1095			0	N			8		◎課程開放上修			0			呂藝光	碩博	五 7-9 和平 電機與感測實驗室	控制系統設計						0		選				30		2		
	HM75						10	0.33		電機系（碩）		AEC8057			0		3.0				115	半			Evolutionary Computation </br>[ Program: The Specialization Program of Intelligent Control ]			1096			0	N		是	8		◎課程開放上修			0			未定	碩博	二 2-4 和平 多媒體與通訊實驗室	演化式計算 </br>[ 學分學程：智慧型控制專業學分學程 ]						0		選				30		2		ZU7B
	HM75						10	0.20		電機系（碩）		AEC8062			3		3.0				115	半			Multimedia Content Analytics and Applications </br>[ Program: The Specialization Program of Intelligent Image Processing and Video Analysis ]			1097			0	N			8		◎課程開放上修			0			康立威	碩博	三 6-8 和平 電機系電子實驗室	多媒體內容分析及應用 </br>[ 學分學程：智慧影像處理與視訊分析專業學分學程 ]						0		選				50		2		ZU6Y
	HM75						10	0.33		電機系（碩）		AEC8066			0		3.0				115	半			Motion Planning for Intelligent Robots </br>[ Program: The EMI Inter-disciplinary Program of Semiconductor The Inter-disciplinary Program of NTNU and TSMC Semiconductor The Specialization Program of Intelligent Robotics ]			1098			0	N		是	8		◎課程開放上修			0			包傑奇	碩博	一 7-9 和平 多媒體與通訊實驗室	智慧機器人動作規劃 </br>[ 學分學程：國際半導體全英語學分學程 台積電半導體學分學程 智慧型機器人專業學分學程 ]						0		選				30		2		ZU32/ZU45/ZU7A
	HM75						10	0.20		電機系（碩）		AEC8071			0		3.0				115	半			Electronic Communication			1099			0	N			8		◎課程開放上修			0			張譽騰	碩博	五 2-4 和平 電機系電子實驗室	通訊電子學						0		選				50		2		
	HM75						10	0.33		電機系（碩）		AEC8073			0		3.0				115	半			Foundational Models and Intelligent Robotics </br>[ Program: The Specialization Program of Intelligent Robotics ]			1100			0	N		是	8		◎課程開放上修			0			包傑奇	碩博	一 2-4 和平 多媒體與通訊實驗室	基礎模型與智慧機器人 </br>[ 學分學程：智慧型機器人專業學分學程 ]						0		選				30		2		ZU7A
	HM75						10	0.20		電機系（碩）		AEC8074			0		3.0				115	半			Generative Artificial Intelligence </br>[ Program: The Specialization Program of Intelligent Image Processing and Video Analysis ]			1101			0	N		是	8		◎課程開放上修			0			許閔傑	碩博	五 6-8 和平 電機系電子實驗室	生成式AI </br>[ 學分學程：智慧影像處理與視訊分析專業學分學程 ]						0		選				50		2		ZU6Y
	HM76						10	0.20		車能所（碩）		VEC8002			0		2.0				115	半			Seminar (II)			1102			0	N		是	8		◎課程開放上修			0			陳韋任	碩博	四 3-4 和平 汽車工場B102	論文與書報研討（二）						0		必				50		2		
	HM76						10	0.20		車能所（碩）		VEC8004			0		3.0				115	半			Special Topics on Internal Combustion Engines			1103			0	N			8		◎課程開放上修			0			未定	碩博	一 A-C 和平 汽車工場B102	內燃機特論						0		選				50		2		
	HM76						10	0.20		車能所（碩）		VEC8006			0		3.0				115	半			Electric Vehicle System Diagnosis and Analysis			1104			0	N			8		◎課程開放上修			0			張俊興	碩博	四 6-8 和平 汽車場一樓	電動車輛系統診斷與分析						0		選				50		2		
	HM77						10	0.20		光電所（碩）		OEC8102			0		3.0				115	半			Thin-film Technologies (II)			1105			0	N			8		◎必須先修過【OEC8101  薄膜技術（一）】 ◎課程開放上修			0			張菁文	碩博	三 2-4 公館 Ｓ307	薄膜技術（二）						0		選				50		2		
	HM77						10	0.20		光電所（碩）		OEC8114			0		3.0				115	半			Principles And Applications of Magnetic Resonance Images			1106			0	N			8		◎課程開放上修			0			廖書賢	碩博	三 7-9 公館 Ｓ307	核磁造影原理與應用						0		選				50		2		
	HM77						10	0.40		光電所（碩）		OEC8117			0		3.0				115	半			Physics and Applications of Nano-Magnetism (II)			1107			0	N		是	8		◎必須先修過【OEC8116  奈米磁性物理及其應用（一）】 ◎課程開放上修			0			謝振傑	碩博	二 10-B 公館 教室自排	奈米磁性物理及其應用（二）						0		選				50		2		
	HM77						10	0.40		光電所（碩）		OEC8121			0		3.0				115	半			Liquid crystal devices and applications			1108			0	N			8		◎課程不開放上修			0			未定	碩博	六 2-4 公館 無可用教室	液晶光學元件與應用						0		選				50		2		
	HM77						10	0.20		光電所（碩）		OEC8139			0		3.0				115	半			Modern Holography			1109			0	N		是	8		◎課程開放上修			0			鄭超仁	碩博	二 7-9 公館 Ｓ305	現代全像術						0		選				50		2		
	HM77						10	0.40		光電所（碩）		OEC8159			0		2.0				115	半			Seminar			1110			0	N		是	8		允許重複修 ◎課程開放上修			0			柯伯尼 張菁文 楊承山 呂杰翰 邱南福 梁伯維 廖書賢 鄭超仁 駱安亞 謝振傑	碩博	四 7-8 公館 教室自排	書報討論						0		必				50		2		
	HM77						10	0.20		光電所（碩）		OEC8169			5		3.0				115	半			Semiconductor Photoelectrochemistry </br>[ Program: The EMI Inter-disciplinary Program of Semiconductor ]			1111			0	N		是	8		◎課程開放上修			0			柯伯尼	碩博	一 7-9 公館 Ｓ305	半導體光電化學 </br>[ 學分學程：國際半導體全英語學分學程 ]						0		選				50		2		ZU32
	HU70						10	0.40		工教系（學）		IEU0082			0		2.0				115	半			Special Topics on Automotive Technology and Energy Technology (II)			1112			0	N								0			鄧敦平 洪翊軒 陳韋任 白凱仁 張俊興 劉華棟 林煜軒		六 C-D 和平 教室自排	車輛技術與能源科技專題研究（二）						0		必				50		2		
	HU70						10	0.20		工教系（學）		IEU3165			0		3.0				115	半			Technology of Energy Saving			1113			0	N								0			未定		二 A-C 和平 能源應用工場	節約能源科技						0		選				50		2		
	HU70						10	0.40		工教系（學）		IEU3324			0		3.0				115	半			Computer-Aided Drawing			1114			0	N								0			未定		五 7-9 和平 無可用教室	電腦輔助製圖						0		選				50		2		
	HU70						10	0.40		工教系（學）		IEU4363			0		3.0				115	半			Multi-Media App Programming			1115			0	N								0			未定		三 6-8 和平 教室自排	多媒體App程式設計						0		選				50		2		
	HU70						10	0.20		工教系（學）		IEU4370			0		3.0				115	半			Electric Circuits (I)			1116			0	N								0			陳美勇		五 6-8 和平 研討六	電路學（一）						0		必				50		2		
	HU70						10	0.40		工教系（學）		IEU4376			0		2.0				115	半			Training for Professional Techniques (II)			1117			0	N								0			未定		六 3-4 和平 無可用教室	分科專業技術（二）						0		必				50		2		
	HU70						10	0.20		工教系（學）		IEUE401			0		2.0				115	半			Teaching Practicum: Power Mechanical Engineering Group(I)			1118			0	N					◎限 二階生 教育學程生 不佔名額生 登記修習生 可修			0			張俊興		一 A-D 和平 教室自排	動力機械群教學實習（一）（教）						0		選				50		2		
	HU70						10	0.20		工教系（學）		IEC0031			0		3.0				115	半			Application and Development of Nanotechnology			1119			0	N			9					0			郭金國	大碩	五 6-8 和平 研討二	奈米科技發展與應用						0		選				50		2		
	HU70						10	0.20		工教系（學）		IEU0009			0		2.0				115	半			Industrial Safety and Hygiene </br>[ Program: The Specialization Program of Intelligent Industrial Education ]			1120			0	N								0			郭金國		一 8-9 和平 鑄造場	工業安全與衛生 </br>[ 學分學程：智慧工業教育專業學分學程 ]	一			1		0		必				50		2		ZU6I
	HU70						10	0.20		工教系（學）		IEU4371			0		3.0				115	半			Engineering Mathematics (I)			1121			0	N								0			劉華棟		一 6-8 和平 研討六	工程數學（一）	一			1		0		必				50		2		
	HU71						10	0.20		科技系（學）		ITC9001			0		3.0				115	半			Mechatronics Practice </br>[ Program: The Inter-disciplinary Program of STEM Innovation and Practices ]			1122			0	N			9		◎限本系(含雙主修)修習◎限大三 ◎限碩一碩二修習			0			未定	大碩	三 10-B 和平 科技系TB310教室	機電整合實務 </br>[ 學分學程：理工創新與實作學分學程 ]						0		選				50	設科組、科教組、師資生優先選課	2		ZU62
	HU71						10	0.20		科技系（學）		ITC9011			0		3.0				115	半			Studies in People Analytics </br>[ Program: The Specialization Program of Artificial Intelligence in Human Resource Development ]			1123			0	1		是	9		◎限本系(含雙主修)修習◎限大二修習◎必須先修過【ITU0057  人力資源管理】			0			孫弘岳	大碩	二 7-9 和平 科技系TC411教室	人員數據分析 </br>[ 學分學程：AI人力資源發展專業學分學程 ]						0		必				50	◎數位課程 學士班：學科組優先選課、碩士班：授權碼	2		ZU8T
	HU71						10	0.20		科技系（學）		ITC9013			0		3.0				115	半			Bilingual Education for Technology Education			1124			0	N			9		◎限本系(含雙主修)修習			0			嚴萬軒	大碩	五 7-9 和平 科技系TB211教室	雙語與科技教育						0		選				50		2		
	HU71						10	0.20		科技系（學）		ITC9016			0		3.0				115	半			Computational Social Science for Talent Assessment			1125			0	N			9		◎限本系(含雙主修)修習◎限大四 ◎限碩一碩二修習◎必須先修過【ITC9011  人員數據分析】			0			孫弘岳	大碩	一 A-C 和平 科技系TB211教室	計算社會科學與人才評鑑						0		選				50		2		
	HU71						10	0.20		科技系（學）		ITU0004			0	是	3.0				115	半	蔡其瑞		Graphics </br>[ Program: The Specialization Program of Design and Technology ]			1126			0	N					◎限本系(含雙主修)修習◎限大一修習			0			蔡其瑞		一 7-10 和平 無可用教室	圖學 </br>[ 學分學程：設計與科技專業學分學程 ]	一			1		0		必				50	設科組優先選課	2		ZU8S
	HU71						10	0.20		科技系（學）		ITU0057			2		3.0				115	半			Human Resource Management </br>[ Program: The Specialization Program of Artificial Intelligence in Human Resource Development ]			1127			0	1		是			◎限本系(含雙主修)修習◎限大一修習			0			孫弘岳		一 7-9 和平 科技系TC411教室	人力資源管理 </br>[ 學分學程：AI人力資源發展專業學分學程 ]	一			1		0		必				50	◎數位課程 學科組優先選課	2		ZU8T
	HU71						10	0.20		科技系（學）		ITU0165			0		3.0				115	半			Electronic and Electric Circuits </br>[ Program: The Inter-disciplinary Program of Solar Energy Engineering ]			1128			0	N					◎限本系(含雙主修)修習◎限大一修習			0			丁玉良		四 7-9 和平 科技系TC411教室	電子電路 </br>[ 學分學程：太陽能源與工程學分學程 ]	一			1		0		必				50	設科組優先選課	2		ZU68
	HU71						10	0.20		科技系（學）		ITU2063			0		3.0				115	半			Sketch and Presentation Technique for Design			1129			0	N					◎限本系(含雙主修)修習◎限大一修習			0			未定		二 2-4 和平 科技系TC411教室	設計素描與表現技法	一			1		0		選				50	設科組優先選課	2		
	HU71						5	0.10		科技系（學）		ITU0028			0		3.0				115	半			Image Processing </br>[ Program: The Inter-disciplinary Program of AI Digital Art ]			1130			0	N			1		◎限本系(含雙主修)修習◎限大一◎限甲班修習			0			張玉山	甲	四 2-4 和平 無可用教室	電腦影像處理 </br>[ 學分學程：AI與數位藝術學分學程 ]	一			1		0		必				50		2		ZU63
	HU71						10	0.20		科技系（學）		ITU0005			0		3.0				115	半			Basic Design </br>[ Program: The Specialization Program of Design and Technology ]			1131			0	N			2		◎限本系(含雙主修)修習◎限大一◎限乙班修習			0			簡佑宏	乙	二 7-9 和平 科技系TB310教室	基本設計 </br>[ 學分學程：設計與科技專業學分學程 ]	一			1		0		必				50		2		ZU8S
	HU71						10	0.20		科技系（學）		ITU1004			0		3.0				115	半			Introduction to Human Resource Development </br>[ Program: The Inter-disciplinary Program of Club Members Leadership And Empowerment Cultivation ]			1132			0	N			2		◎限本系(含雙主修)修習◎限大一◎限乙班修習			0			嚴萬軒	乙	一 2-4 和平 科技系TB211教室	人力資源發展概論 </br>[ 學分學程：社團人專業領導培力學分學程 ]	一			1		0		必				50		2		ZU9Q
	HU71						10	0.20		科技系（學）		ITU0050			0		3.0				115	半			Data Structure </br>[ Program: The Specialization Program of AI-driven Educational Information System Development ]			1133			0	N					◎限本系(含雙主修)修習◎限大二修習 ◎必須先修過(也可以同時修)【ITU0127  程式語言】			0			蔡芸琤		二 2-4 和平 科技系TA509教室	資料結構 </br>[ 學分學程：AI智慧教育資訊系統開發專業學分學程 ]	二			2		0		必				50	學科組優先選課	2		ZU7W
	HU71						10	0.20		科技系（學）		ITU0158			5	是	3.0				115	半	林弘昌		Wooden Product Design and Manufacture			1134			0	N		是			◎限本系(含雙主修)修習◎限大二修習◎必須先修過【ITU0002  木工製造】			0			林弘昌		二 1-4 和平 無可用教室	木器設計與製造	二			2		0		選				50	設科組優先選課	2		
	HU71						10	0.20		科技系（學）		ITU0166			0		2.0				115	半			Technological System and Social Development </br>[ Program: The Inter-disciplinary Program of STEM Innovation and Practices ]			1135			0	N					◎限本系(含雙主修)修習◎限大二修習			0			蔡其瑞		五 6-7 和平 無可用教室	科技系統與社會發展 </br>[ 學分學程：理工創新與實作學分學程 ]	二			2		0		選				50	師資生優先選課	2		ZU62
	HU71						10	0.20		科技系（學）		ITU2003			0		3.0				115	半			Principles of Shaping			1136			0	N					◎限本系(含雙主修)修習◎限大二修習			0			未定		二 6-8 和平 科技系TB211教室	造形原理	二			2		0		選				50	設科組優先選課	2		
	HU71						10	0.20		科技系（學）		ITU2057			0		3.0				115	半			Metal Product Design and Making			1137			0	N					◎限本系(含雙主修)修習◎限大二修習◎必須先修過【ITU0001  機械製造】			0			蔡其瑞		一 2-4 和平 無可用教室	金屬產品設計與製作	二			2		0		選				50	設科組優先選課	2		
	HU71						10	0.20		科技系（學）		ITU2077			0		3.0				115	半			Computer Network Theorem and Implementation			1138			0	N					◎限本系(含雙主修)修習◎限大二修習			0			未定		一 10-B 和平 科技系TA509教室	電腦網路原理與實作	二			2		0		選				50	學科組優先選課	2		
	HU71						10	0.20		科技系（學）		ITU0127			0		3.0				115	半			Programming Language </br>[ Program: The Inter-disciplinary  Program of Scientific Computation The Inter-disciplinary Program of Metaverse Narrative The Specialization Program of AI-driven Educational Information System Development ]			1139			0	N			2		◎限本系(含雙主修)修習◎限大二◎限乙班修習			0			蔡芸琤	乙	四 2-4 和平 科技系TA509教室	程式語言 </br>[ 學分學程：科學計算學分學程 AI暨元宇宙敘事學分學程 AI智慧教育資訊系統開發專業學分學程 ]	二			2		0		必				50		2		ZU48/ZU67/ZU7W
	HU71						10	0.20		科技系（學）		ITU0140			0		3.0				115	半			Virtual Reality </br>[ Program: The Inter-disciplinary  Program of Sports Technology ]			1140			0	N					◎限本系(含雙主修)修習◎限大三修習			0			未定		三 A-C 和平 科技系TA509教室	虛擬實境設計 </br>[ 學分學程：運動科技學分學程 ]	三			3		0		選				50	學科組優先選課	2		ZU39
	HU71						0	0.00		科技系（學）		ITU0155			0	是	1.0				115	半	未定		Capstone Projects (I) </br>[ Program: The Inter-disciplinary Program of STEM Innovation and Practices The Specialization Program of AI-driven Educational Information System Development ]	A		1141			0	N					◎限本系(含雙主修)修習◎限大三修習			0			未定		五 C-D 和平 科技系TB211教室	專題製作（一） </br>[ 學分學程：理工創新與實作學分學程 AI智慧教育資訊系統開發專業學分學程 ]	三			3		0		必				50	本系學生請依指導老師選課，外系勿選。	2		ZU62/ZU7W
	HU71						0	0.00		科技系（學）		ITU0155			0	是	1.0				115	半	未定		Capstone Projects (I) </br>[ Program: The Inter-disciplinary Program of STEM Innovation and Practices The Specialization Program of AI-driven Educational Information System Development ]	B		1142			0	N					◎限本系(含雙主修)修習◎限大三修習			0			未定		五 C-D 和平 科技系TC411教室	專題製作（一） </br>[ 學分學程：理工創新與實作學分學程 AI智慧教育資訊系統開發專業學分學程 ]	三			3		0		必				50	本系學生請依指導老師選課，外系勿選。	2		ZU62/ZU7W
	HU71						10	0.20		科技系（學）		ITU0155			0	是	1.0				115	半	未定		Capstone Projects (I) </br>[ Program: The Inter-disciplinary Program of STEM Innovation and Practices The Specialization Program of AI-driven Educational Information System Development ]	C		1143			0	N					◎限本系(含雙主修)修習◎限大三修習			0			未定		五 C-D 和平 科技系TA513教室	專題製作（一） </br>[ 學分學程：理工創新與實作學分學程 AI智慧教育資訊系統開發專業學分學程 ]	三			3		0		必				50	本系學生請依指導老師選課，外系勿選。	2		ZU62/ZU7W
	HU71						10	0.20		科技系（學）		ITU0155			0	是	1.0				115	半	未定		Capstone Projects (I) </br>[ Program: The Inter-disciplinary Program of STEM Innovation and Practices The Specialization Program of AI-driven Educational Information System Development ]	D		1144			0	N					◎限本系(含雙主修)修習◎限大三修習			0			未定		五 C-D 和平 科技系TA509教室	專題製作（一） </br>[ 學分學程：理工創新與實作學分學程 AI智慧教育資訊系統開發專業學分學程 ]	三			3		0		必				50	本系學生請依指導老師選課，外系勿選。	2		ZU62/ZU7W
	HU71						0	0.00		科技系（學）		ITU0155			0	是	1.0				115	半	未定		Capstone Projects (I) </br>[ Program: The Inter-disciplinary Program of STEM Innovation and Practices The Specialization Program of AI-driven Educational Information System Development ]	E		1145			0	N					◎限本系(含雙主修)修習◎限大三修習			0			未定		五 C-D 和平 無可用教室	專題製作（一） </br>[ 學分學程：理工創新與實作學分學程 AI智慧教育資訊系統開發專業學分學程 ]	三			3		0		必				50	本系學生請依指導老師選課，外系勿選。	2		ZU62/ZU7W
	HU71						10	0.20		科技系（學）		ITU0163			0		3.0				115	半			Structural Design			1146			0	N					◎限本系(含雙主修)修習◎限大三修習			0			未定		四 7-9 和平 無可用教室	結構設計	三			3		0		選				50	師資生優先選課	2		
	HU71						10	0.20		科技系（學）		ITU2005			0		3.0				115	半			Computer Architecture			1147			0	N					◎限本系(含雙主修)修習◎限大三修習			0			未定		一 2-4 和平 科技系TA513教室	計算機結構	三			3		0		選				50	學科組優先選課	2		
	HU71						10	0.20		科技系（學）		ITU2035			0		3.0				115	半			Human Factors Engineering			1148			0	N					◎限本系(含雙主修)修習◎限大三修習			0			簡佑宏		四 2-4 和平 科技系TB310教室	人因工程	三			3		0		必				50	設科組優先選課	2		
	HU71						10	0.20		科技系（學）		ITU2083			0		3.0				115	半			Manufacturing Technology </br>[ Program: The Inter-disciplinary Program of STEM Innovation and Practices ]			1149			0	N					◎限本系(含雙主修)修習◎限大三修習◎必須先修過【ITU0002  木工製造】			0			林弘昌		一 2-4 和平 無可用教室	製造科技 </br>[ 學分學程：理工創新與實作學分學程 ]	三			3		0		必				50	設科組優先選課	2		ZU62
	HU71						6	0.12		科技系（學）		ITUE101			0		2.0				115	半			Teaching Materials and Methods: Living Technology			1150			0	N					◎限本系(含雙主修)修習◎限大三修習     ◎限 二階生 教育學程生 不佔名額生 登記修習生 可修			0			林坤誼		二 3-4 和平 科技系TB211教室	生活科技科教材教法（教）	三			3		0		選				50	師資生優先選課	2		
	HU71						6	0.12		科技系（學）		ITUE310			0		2.0				115	半			Teaching Practicum: Living Technology(II)			1151			0	N					◎限本系(含雙主修)修習◎限大三修習     ◎限 二階生 教育學程生 不佔名額生 登記修習生 可修◎必須先修過【ITUE210  生活科技科教學實習（一）（教）】			0			張玉山		一 7-10 和平 科技系TD301教室	生活科技科教學實習（二）（教）	三			3		0		選				50	師資生優先選課	2		
	HU72						10	0.20		圖傳系（學）		GCC0012			0		3.0				115	半			Design Aesthetics </br>[ Program: The Specialization Program of Creative Industry Design ]			1152			0	N			9		◎限本系(含雙主修)修習			0			陳明秀	大碩	五 6-8 和平 綜701	設計美學 </br>[ 學分學程：創意產業設計專業學分學程 ]						0		選				50		2		ZU5E
	HU72						10	0.40		圖傳系（學）		GCC9002			0		3.0				115	半			Computer Programming for Art and Technology			1153			0	N			9		◎限本系(含雙主修)修習			0			周遵儒	大碩	二 8-10 和平 無可用教室	科技藝術程式設計						0		選				50		2		
	HU72						10	0.20		圖傳系（學）		GCC9012			0		3.0				115	半			Study for Contemporary News Story </br>[ Program: The Specialization Program of Film Production ]			1154			0	N		是	9		◎限本系(含雙主修)修習			0			方淳薏	大碩	五 3-5 和平 新媒體專業教室	當代新聞故事研究 </br>[ 學分學程：影視製作專業學分學程 ]						0		選				50		2		ZU5D
	HU72						10	0.40		圖傳系（學）		GCC9014			0		3.0				115	半			Theory and Practice in Documentary </br>[ Program: The Specialization Program of Film Production ]			1155			0	N		是	9		◎限本系(含雙主修)修習			0			陳明秀	大碩	五 3-5 和平 無可用教室	紀實影像理論與製作 </br>[ 學分學程：影視製作專業學分學程 ]						0		選				50		2		ZU5D
	HU72						10	0.40		圖傳系（學）		GCU0006			0		3.0				115	半			Introduction to Computer Science	A		1156			0	N					◎限本系(含雙主修)修習			0			周遵儒		一 8-10 和平 無可用教室	計算機概論	一			1		0		必				50		2		
	HU72						10	0.40		圖傳系（學）		GCU0006			0		3.0				115	半			Introduction to Computer Science	B		1157			0	N					◎限本系(含雙主修)修習			0			周遵儒		四 8-10 和平 無可用教室	計算機概論	一			1		0		必				50		2		
	HU72						10	0.20		圖傳系（學）		GCU0013			0		3.0				115	半			Basic Design </br>[ Program: The Specialization Program of Creative Industry Design ]	A		1158			0	N					◎限本系(含雙主修)修習			0			陳明秀		二 3-5 和平 綜701	基本設計 </br>[ 學分學程：創意產業設計專業學分學程 ]	一			1		0		必				50	115年入學管道身分為高職生，優先選課。	2		ZU5E
	HU72						10	0.20		圖傳系（學）		GCU0168			0		3.0				115	半			Graphic Drawing (I) </br>[ Program: The Specialization Program of Creative Industry Design ]			1159			0	N					◎限本系(含雙主修)修習			0			涂卉		三 6-8 和平 新媒體專業教室	圖學（一） </br>[ 學分學程：創意產業設計專業學分學程 ]	一			1		0		選				50		2		ZU5E
	HU72						10	0.20		圖傳系（學）		GCU0174			0		3.0				115	半			Basic Techniques of Graphic Communication(I)	B		1160			0	N					◎限本系(含雙主修)修習			0			廖信		二 2-4 和平 視聽教室	圖文傳播基礎技術（一）	一			1		0		必				50	115年入學管道身分為:高中生、外籍生、僑生，優先選課。	2		
	HU72						10	0.20		圖傳系（學）		GCU0015			0		3.0				115	半			Applied Photo Technique			1161			0	N					◎限本系(含雙主修)修習◎限大二大三大四修習			0			陳仙舟		一 2-4 和平 圖傳系攝影室	應用攝影	二			2		0		選				50		2		
	HU72						10	0.40		圖傳系（學）		GCU0036			0		3.0				115	半			3D Computer Graphics </br>[ Program: The Inter-disciplinary Program of Metaverse Narrative The Specialization Program of Digital Animation Production ]			1162			0	N					◎限本系(含雙主修)修習◎限大二大三大四修習			0			張晏榕		四 8-10 和平 無可用教室	電腦三次元繪圖 </br>[ 學分學程：AI暨元宇宙敘事學分學程 數位動畫製作專業學分學程 ]	二			2		0		必				50		2		ZU48/ZU5C
	HU72						10	0.20		圖傳系（學）		GCU0065			0		2.0				115	半			Materials for Graphic Arts and Communications			1163			0	N					◎限本系(含雙主修)修習◎限大二大三大四修習			0			陳仙舟		四 1-2 和平 新媒體專業教室	圖文複製材料	二			2		0		選				50		2		
	HU72						10	0.20		圖傳系（學）		GCU0131			0		2.0				115	半			Digital Publishing			1164			0	N					◎限本系(含雙主修)修習◎限大二大三大四修習			0			陳仙舟		四 3-4 和平 新媒體專業教室	數位出版	二			2		0		選				50		2		
	HU72						10	0.20		圖傳系（學）		GCU0188			0		3.0				115	半			Creative Thinking and Design Aesthetics </br>[ Program: The Specialization Program of Creative Industry Design ]			1165			0	N					◎限本系(含雙主修)修習◎限大二大三大四修習			0			涂卉		二 6-8 和平 新媒體專業教室	創意思考與設計美學 </br>[ 學分學程：創意產業設計專業學分學程 ]	二			2		0		選				50		2		ZU5E
	HU72						10	0.20		圖傳系（學）		GCU0200			0		3.0				115	半			World Film Aesthetics (Theory and Practice) </br>[ Program: The Specialization Program of Film Production ]			1166			0	N					◎限本系(含雙主修)修習◎限大二大三大四修習			0			方淳薏		一 5-7 和平 新媒體專業教室	世界電影美學理論與實踐（一） </br>[ 學分學程：影視製作專業學分學程 ]	二			2		0		選				50		2		ZU5D
	HU72						10	0.20		圖傳系（學）		GCU0177			0		3.0				115	半			Graduation Project (I)			1167			0	N					◎限本系(含雙主修)修習◎限大三大四修習			0			張晏榕 涂卉 陳明秀 方淳薏		四 A-C 和平 視聽教室	畢業製作（一）	三			3		0		必				50	外系選課學生:需已具(取得)本系雙主修資格。	2		
	HU72						10	0.20		圖傳系（學）		GCU0183			0		3.0				115	半			Digital Image </br>[ Program: The Inter-disciplinary Program of AI Digital Art ]			1168			0	N					◎限本系(含雙主修)修習◎限大三大四修習			0			陳仙舟		二 2-4 和平 圖傳系攝影室	數位影像 </br>[ 學分學程：AI與數位藝術學分學程 ]	三			3		0		選				50		2		ZU63
	HU72						10	0.20		圖傳系（學）		GCUE410			0		2.0				115	半			Teaching Practicum: Design Group(II)			1169			0	N					◎限本系(含雙主修)修習◎限大四修習     ◎限 二階生 教育學程生 不佔名額生 登記修習生 可修◎必須先修過【GCUE310  設計群教學實習（一）（教）】			0			廖信		一 7-10 和平 視聽教室	設計群教學實習（二）（教）	四			4		0		選				50	1.限大四以上具設計群師培生資格同學選課。2.第一次上課務必出席。3.如有任何選課問題請與授課老師聯繫。	2		
	HU73						2	0.04		機電系（學）		MTC0005			0		3.0				115	半			Practice of Miniature Machine Tool Design			1170			0	N			9					0			陳順同	大碩	四 A-C 和平 機電302會議室	微型工具機設計實務						0		選				50		2		
	HU73						2	0.04		機電系（學）		MTC0014			0		3.0				115	半			Nano Science and Technology </br>[ Program: The Specialization Program of Micro/Nano Manufacturing and Sensing The Specialization Program of Semiconductor Engineering ]			1171			0	N		是	9					0			楊啟榮	大碩	五 2-4 和平 機電301會議室	奈米科技 </br>[ 學分學程：微奈米製程與感測專業學分學程 半導體工程專業學分學程 ]						0		選				50		2		ZU5O/ZU5P
	HU73						2	0.04		機電系（學）		MTC0017			0		3.0				115	半			Linear Control Systems </br>[ Program: The EMI Inter-disciplinary Program of Semiconductor The Specialization Program of AI-Driven Mechatronics The Specialization Program of Intelligent Biomedical Engineering ]			1172			0	N		是	9					0			呂有勝	大碩	四 2-4 和平 機電整合實驗室	線性控制系統 </br>[ 學分學程：國際半導體全英語學分學程 AI智慧機電專業學分學程 智慧醫工專業學分學程 ]						0		選				50		2		ZU32/ZU5N/ZU5Q
	HU73						2	0.04		機電系（學）		MTC0020			0		3.0				115	半			Computer-Aided Mechanism Analysis			1173			0	N			9					0			未定	大碩	一 2-4 和平 CAD/CAM	電腦輔助機構分析						0		選				50		2		
	HU73						0	0.00		機電系（學）		MTC0024			0		3.0				115	半			Semiconductor Devices and Physics </br>[ Program: The Inter-disciplinary Program of NTNU and TSMC Semiconductor The Inter-disciplinary Program of Solar Energy Engineering ]			1174			0	N			9					0			劉傳璽	大碩	二 2-4 和平 機202會議室	半導體元件物理 </br>[ 學分學程：台積電半導體學分學程 太陽能源與工程學分學程 ]						0		選				60		2		ZU45/ZU68
	HU73						2	0.03		機電系（學）		MTC9010			0		3.0				115	半			Intelligent Manufacturing Technology </br>[ Program: The Inter-disciplinary Program of NTNU and TSMC Semiconductor ]			1175			0	N			9					0			柯坤呈	大碩	三 2-4 和平 無可用教室	智慧製造技術 </br>[ 學分學程：台積電半導體學分學程 ]						0		選				70		2		ZU45
	HU73						2	0.04		機電系（學）		MTC9015			0		3.0				115	半			Advanced Computer-Aided Optical Design			1176			0	N			9					0			鄧敦建	大碩	二 2-4 和平 CAD/CAM	電腦輔助光學設計進階						0		選				50		2		
	HU73						2	0.04		機電系（學）		MTC9020			0		3.0				115	半			Polymer Processing			1177			0	N			9		◎必須先修過【MTU0039  熱力學】			0			柯坤呈	大碩	一 7-9 和平 機電301會議室	高分子加工學						0		選				50		2		
	HU73						2	0.04		機電系（學）		MTU0021			0	是	2.0				115	半	莊家維		Computer Aided Drawing	A		1178			0	N								0			莊家維		二 6-9 和平 CAD/CAM	電腦輔助製圖	一			1		0		必				50		2		
	HU73						2	0.04		機電系（學）		MTU0021			0	是	2.0				115	半	陳順同		Computer Aided Drawing	B		1179			0	N								0			陳順同		四 6-9 和平 無可用教室	電腦輔助製圖	一			1		0		必				50		2		
	HU73						2	0.04		機電系（學）		MTU0024			0	是	1.0				115	半	張天立		Mechanical Engineering Experiments	A		1180			0	N								0			張天立		四 2-4 和平 機電301會議室	機械工程實驗	一			1		0		必				50		2		
	HU73						2	0.04		機電系（學）		MTU0024			0	是	1.0				115	半	鄭淳護		Mechanical Engineering Experiments	B		1181			0	N								0			鄭淳護		四 2-4 和平 機電302會議室	機械工程實驗	一			1		0		必				50		2		
	HU73						2	0.02		機電系（學）		MTU0098			0		2.0				115	半			Statics			1182			0	N								0			柯坤呈		一 3-4 和平 無可用教室	靜力學	一			1		0		必				90		2		
	HU73						2	0.03		機電系（學）		MTU0099			5		2.0				115	半			Digital Logic Design			1183			0	N								0			吳順德		五 3-4 和平 機202會議室	數位邏輯設計	一			1		0		必				58		2		
	HU73						2	0.04		機電系（學）		MTU0100			0	是	1.0				115	半	吳順德		Labs of Digital Logic	A		1184			0	N								0			吳順德		一 6-8 和平 CAD/CAM	數位邏輯實驗	一			1		0		必				50		2		
	HU73						2	0.04		機電系（學）		MTU0100			0	是	1.0				115	半	吳順德		Labs of Digital Logic	B		1185			0	N								0			吳順德		一 9-A 和平 CAD/CAM	數位邏輯實驗	一			1		0		必				50		2		
	HU73						2	0.03		機電系（學）		MTU0016			1		3.0				115	半			Engineering Mathematics (II)			1186			0	N					◎必須先修過【MAU0181  微積分乙（二）】			0			楊啟榮		二 2-4 和平 無可用教室	工程數學（二）	二			2		0		必				65		2		
	HU73						15	0.23		機電系（學）		MTU0026			0		3.0				115	半			Mechanics of Materials </br>[ Program: The Specialization Program of Semiconductor Engineering ]			1187			0	N								0			鄭淳護		五 6-8 和平 無可用教室	材料力學 </br>[ 學分學程：半導體工程專業學分學程 ]	二			2		0		必				65		2		ZU5P
	HU73						2	0.03		機電系（學）		MTU0039			0		3.0				115	半			Thermodynamics			1188			0	N								0			鄧敦建		二 7-9 和平 教室自排	熱力學	二			2		0		必				58		2		
	HU73						2	0.03		機電系（學）		MTU0075			0		3.0				115	半			Applied Electronics (I) </br>[ Program: The Specialization Program of Semiconductor Engineering ]			1189			0	N					◎必須先修過【MTU0013  電路學】			0			未定		一 2-4 和平 機202會議室	應用電子學（一） </br>[ 學分學程：半導體工程專業學分學程 ]	二			2		0		必				58		2		ZU5P
	HU73						2	0.04		機電系（學）		MTU0094			0	是	1.0				115	半	辜漢文		Experiment of Applied Electronics	A		1190			0	N		是			◎必須先修過【MTU0013  電路學】			0			辜漢文		四 2-4 和平 CAD/CAM	應用電子學實驗	二			2		0		必				50		2		
	HU73						2	0.04		機電系（學）		MTU0094			0	是	1.0				115	半	辜漢文		Experiment of Applied Electronics	B		1191			0	N		是			◎必須先修過【MTU0013  電路學】			0			辜漢文		四 7-9 和平 CAD/CAM	應用電子學實驗	二			2		0		必				50		2		
	HU73						2	0.04		機電系（學）		MTU0103			0		3.0				115	半			Computer-Aided Manufacturing			1192			0	N								0			未定		五 2-4 和平 CAD/CAM	電腦輔助製造	二			2		0		選				50		2		
	HU73						2	0.04		機電系（學）		MTU0123			0		3.0				115	半			Intelligent Automation and Robot </br>[ Program: The Specialization Program of AI-Driven Mechatronics The Specialization Program of Intelligent Biomedical Engineering ]			1193			0	N								0			陳俊達		三 7-9 和平 機電整合實驗室	智慧自動化與機器人 </br>[ 學分學程：AI智慧機電專業學分學程 智慧醫工專業學分學程 ]	二			2		0		選				50		2		ZU5N/ZU5Q
	HU73						2	0.04		機電系（學）		MTU0029			0	是	1.0				115	半	呂有勝		The Technology of Mechatronics	A		1194			0	N					◎必須先修過【MTU0075  應用電子學（一）】			0			呂有勝		五 6-7 和平 機電整合實驗室	機電整合技術	三			3		0		必				50		2		
	HU73						2	0.04		機電系（學）		MTU0029			0	是	1.0				115	半	呂有勝		The Technology of Mechatronics	B		1195			0	N					◎必須先修過【MTU0075  應用電子學（一）】			0			呂有勝		五 9-10 和平 機電整合實驗室	機電整合技術	三			3		0		必				50		2		
	HU73						2	0.04		機電系（學）		MTU0067			0		3.0				115	半			Heat Transfer </br>[ Program: The Specialization Program of Semiconductor Engineering The Specialization Program of Micro/Nano Manufacturing and Sensing ]			1196			0	N								0			張天立		二 2-4 和平 機電301會議室	熱傳學 </br>[ 學分學程：半導體工程專業學分學程 微奈米製程與感測專業學分學程 ]	三			3		0		選				50		2		ZU5O/ZU5P
	HU73						5	0.10		機電系（學）		MTU0105			0		3.0				115	半			Mechanical Engineering Design </br>[ Program: The Inter-disciplinary Program of NTNU and TSMC Semiconductor The Specialization Program of Intelligent Biomedical Engineering ]			1197			0	N								0			莊家維		四 2-4 和平 機202會議室	機械設計 </br>[ 學分學程：台積電半導體學分學程 智慧醫工專業學分學程 ]	三			3		0		必				52		2		ZU45/ZU5N
	HU73						2	0.04		機電系（學）		MTU0119			0		3.0				115	半			Electromagnetism (II)　			1198			0	N								0			鄧敦建		四 7-9 和平 教室自排	電磁學（二）	三			3		0		選				50		2		
	HU73						5	0.10		機電系（學）		MTUE210			0		2.0				115	半			Teaching Practicum: Area of Mechanics Group(I)			1199			0	N					◎限 二階生 教育學程生 不佔名額生 登記修習生 可修			0			鄭慶民		一 7-10 和平 機電302會議室	機械群教學實習（一）（教）	三			3		0		選				50		2		
	HU73						10	0.20		機電系（學）		MTU0055			0		3.0				115	半			Engineering Mathematics (III)			1200			0	N								0			未定		五 7-9 和平 教室自排	工程數學（三）	四			4		0		選				50		2		
	HU73						2	0.04		機電系（學）		MTU0104			0		3.0				115	半			The Principle and Technology of Computerized Numerical Control Machine Tools			1201			0	N								0			未定		五 6-9 和平 CAD/CAM	數控加工技術	四			4		0		選				50		2		
	HU73						10	0.20		機電系（學）		MTU0126			0		1.0				115	半			Special Project on Mechatronic Engineering (II)	A		1202			0	N					◎必須先修過【MTU0125  機電專題製作（一）】			0			吳順德 陳俊達 張天立 鄭淳護 柯坤呈 莊家維 未定		五 0 和平 教室自排	機電專題製作（二）	四			4		0		必				50		2		
	HU73						10	0.20		機電系（學）		MTU0126			0		1.0				115	半			Special Project on Mechatronic Engineering (II)	B		1203			0	N					◎必須先修過【MTU0125  機電專題製作（一）】			0			楊啟榮 程金保 呂有勝 陳美勇 陳順同 劉傳璽 鄧敦建 鄭慶民		五 0 和平 教室自排	機電專題製作（二）	四			4		0		必				50		2		
	HU73	B					0	0.00		機電系（學）		MTU0029			0	是	1.0				115	半	呂有勝		The Technology of Mechatronics			1204			0	N					◎必須先修過【MTU0075  應用電子學（一）】			0	智能鑄造產學攜手專班		呂有勝		六 3-4 和平 機電整合實驗室	機電整合技術						0		必				50		2		
	HU73	B					0	0.00		機電系（學）		MTU0046			0		3.0				115	半			Principle and Apply of the Fluid Control			1205			0	N								0	智能鑄造產學攜手專班		陳美勇		五 A-C 和平 機202會議室	液氣壓控制原理與應用						0		選				50		2		
	HU73	B					0	0.00		機電系（學）		MTU0127			0		3.0				115	半			Industry Practice			1206			0	N					允許重複修			0	智能鑄造產學攜手專班		陳美勇 程金保		一 A-C 和平 教室自排	產業實務	四			4		0		必				50		2		
	HU73	B					0	0.00		機電系（學）		MTU0128			0		2.0				115	半			Industrial Practice Seminar			1207			0	N					允許重複修			0	智能鑄造產學攜手專班		陳美勇 程金保		二 A-B 和平 教室自排	產業實務專題研討	四			4		0		必				50		2		
	HU75						10	0.20		電機系（學）		AEU0081			0		3.0				115	半			Introduction to Artificial Intelligence </br>[ Program: The Specialization Program of Intelligent Chips ]			1208			0	N								0			許閔傑		三 9-A 和平 電機系電子實驗室	人工智慧概論 </br>[ 學分學程：智慧晶片專業學分學程 ]						0		選				50		2		ZU6Z
	HU75						10	0.20		電機系（學）		AEU0004			0	是	2.0				115	半	林承鴻		Digital Systems Laboratory			1209			0	N		是			◎必須先修過【AEU0003  數位系統】			0			林承鴻		四 6-9 和平 電機系電子實驗室	數位系統實驗	一			1		0		必				50		2		
	HU75						10	0.40		電機系（學）		AEU0008			0		3.0				115	半			Engineering Mathematics (I) </br>[ Program: The Specialization Program of Intelligent Image Processing and Video Analysis The Specialization Program of Intelligent Control The Specialization Program of Intelligent Multimedia Signals Communication Systems ]			1210			0	N		是						0			賴以威		一 6-8 和平 無可用教室	工程數學（一） </br>[ 學分學程：智慧影像處理與視訊分析專業學分學程 智慧型控制專業學分學程 智慧多媒體訊號與通訊系統專業學分學程 ]	一			1		0		必				50		2		ZU6Y/ZU7B/ZU7C
	HU75						10	0.40		電機系（學）		AEU0014			0		3.0				115	半			Electric Circuits (I) </br>[ Program: The Inter-disciplinary Program of Solar Energy Engineering The Specialization Program of Intelligent Chips ]	A		1211			0	N								0			郭建宏		二 6-8 和平 無可用教室	電路學（一） </br>[ 學分學程：太陽能源與工程學分學程 智慧晶片專業學分學程 ]	一			1		0		必				50		2		ZU68/ZU6Z
	HU75						10	0.40		電機系（學）		AEU0014			0		3.0				115	半			Electric Circuits (I) </br>[ Program: The Inter-disciplinary Program of Solar Energy Engineering The Specialization Program of Intelligent Chips ]	B		1212			0	N								0			郭建宏		二 2-4 和平 無可用教室	電路學（一） </br>[ 學分學程：太陽能源與工程學分學程 智慧晶片專業學分學程 ]	一			1		0		必				50		2		ZU68/ZU6Z
	HU75						10	0.40		電機系（學）		AEU0011			0		3.0				115	半			Electronics (II) </br>[ Program: The Inter-disciplinary Program of NTNU and TSMC Semiconductor The Inter-disciplinary Program of Solar Energy Engineering The Specialization Program of Intelligent Chips ]			1213			0	N					◎必須先修過【AEU0006  電子學（一）】			0			蘇崇彥		五 2-4 和平 教室自排	電子學（二） </br>[ 學分學程：台積電半導體學分學程 太陽能源與工程學分學程 智慧晶片專業學分學程 ]	二			2		0		必				50		2		ZU45/ZU68/ZU6Z
	HU75						10	0.20		電機系（學）		AEU0012			0	是	2.0				115	半	蔡政翰		Electronics Laboratory (II)			1214			0	N								0			蔡政翰		二 6-9 和平 電機系電子實驗室	電子學實驗（二）	二			2		0		必				50		2		
	HU75						10	0.20		電機系（學）		AEU0016			0		3.0				115	半			Computer Architectures			1215			0	1		是						0			高文忠		一 2-4 和平 電機系電子實驗室	計算機結構	二			2		0		選				50	◎數位課程	2		
	HU75						10	0.40		電機系（學）		AEU0025			0		3.0				115	半			Signals and Systems </br>[ Program: The Specialization Program of Intelligent Image Processing and Video Analysis The Specialization Program of Intelligent Control The Specialization Program of Intelligent Multimedia Signals Communication Systems ]			1216			0	N								0			王嘉斌		二 2-4 和平 無可用教室	訊號與系統 </br>[ 學分學程：智慧影像處理與視訊分析專業學分學程 智慧型控制專業學分學程 智慧多媒體訊號與通訊系統專業學分學程 ]	二			2		0		必				50		2		ZU6Y/ZU7B/ZU7C
	HU75						12	0.24		電機系（學）		AEU0029			0		3.0				115	半			Programmable Logic Control			1217			0	N								0			未定		一 6-8 和平 電機與感測實驗室	可程式控制	二			2		0		選				50		2		
	HU75						10	0.40		電機系（學）		AEU0066			0		3.0				115	半			Linear Algebra			1218			0	N								0			方士豪		五 6-8 和平 無可用教室	線性代數	二			2		0		選				50		2		
	HU75						10	0.40		電機系（學）		AEU0069			0		3.0				115	半			Electromagnetics </br>[ Program: The Inter-disciplinary Program of NTNU and TSMC Semiconductor ]			1219			0	N								0			未定		四 2-4 和平 無可用教室	電磁學 </br>[ 學分學程：台積電半導體學分學程 ]	二			2		0		選				50		2		ZU45
	HU75						10	0.20		電機系（學）		AEU0044			0		3.0				115	半			Single Chip Control			1220			0	N								0			呂藝光		五 2-4 和平 電機與感測實驗室	單晶片控制	三			3		0		選				50		2		
	HU75						10	0.20		電機系（學）		AEU0049			0		3.0				115	半			Operating Systems			1221			0	N								0			林政宏		四 2-4 和平 電機系電子實驗室	作業系統	三			3		0		選				50		2		
	HU75						10	0.20		電機系（學）		AEU0051			0		3.0				115	半			Electronic Circuits Design </br>[ Program: The Inter-disciplinary Program of Solar Energy Engineering ]			1222			0	N								0			未定		三 7-9 和平 電機與感測實驗室	電子電路設計 </br>[ 學分學程：太陽能源與工程學分學程 ]	三			3		0		選				50		2		ZU68
	HU75						10	0.20		電機系（學）		AEU0071			0		2.0				115	半			Special Project on Electrical Engineering (II)	A		1223			0	N					◎必須先修過【AEU0070  電機專題製作（一）】			0			林承鴻		五 6-7 和平 多媒體與通訊實驗室	電機專題製作（二）	三			3		0		必				50		2		
	HU75						10	0.20		電機系（學）		AEU0071			0		2.0				115	半			Special Project on Electrical Engineering (II)	B		1224			0	N					◎必須先修過【AEU0070  電機專題製作（一）】			0			康立威		五 6-7 和平 電機系TA412會議室	電機專題製作（二）	三			3		0		必				50		2		
	HU75						10	0.20		電機系（學）		AEU0071			0		2.0				115	半			Special Project on Electrical Engineering (II)	C		1225			0	N					◎必須先修過【AEU0070  電機專題製作（一）】			0			陳瑄易		五 6-7 和平 TA512	電機專題製作（二）	三			3		0		必				50		2		
	HU75						10	0.20		電機系（學）		AEU0075			0		3.0				115	半			Introduction to VLSI Design </br>[ Program: The Inter-disciplinary Program of NTNU and TSMC Semiconductor The Specialization Program of Intelligent Chips ]			1226			0	N					◎必須先修過【AEU0006  電子學（一）】、【AEU0011  電子學（二）】			0			林承鴻		二 2-4 和平 電機系電子實驗室	超大型積體電路設計導論 </br>[ 學分學程：台積電半導體學分學程 智慧晶片專業學分學程 ]	三			3		0		選				50		2		ZU45/ZU6Z
	HU75						10	0.20		電機系（學）		AEU0078			0		3.0				115	半			Introduction to Analog Integrated Circuits </br>[ Program: The Specialization Program of Intelligent Chips ]			1227			0	N					◎必須先修過【AEU0006  電子學（一）】、【AEU0011  電子學（二）】			0			張譽騰		四 7-9 和平 TA512	類比積體電路導論 </br>[ 學分學程：智慧晶片專業學分學程 ]	三			3		0		選				50		2		ZU6Z
	HU76						10	0.20		車能學位學程（學）		VEU0051			0		3.0				115	半			Food Refrigeration			1228			0	N								0			未定		一 A-C 和平 汽車工場B101	食品冷凍						0		選				50		2		
	HU76						10	0.20		車能學位學程（學）		VEU0058			0	是	3.0				115	半	鄧敦平		Energy Application Practice			1229			0	N								0			鄧敦平		三 6-9 和平 能源應用工場	能源應用實習						0		選				50		2		
	HU76						10	0.20		車能學位學程（學）		VEU0065			0		2.0				115	半			Vehicle and Energy Evaluation Exercise			1230			0	N								0			未定		四 A-B 和平 汽車場一樓	車輛與能源技術評量						0		選				50		2		
	HU76						10	0.20		車能學位學程（學）		VEU0071			0		3.0				115	半			Automotive Chassis Repair (II)			1231			0	N								0			張俊興 未定		三 A-D 和平 汽車場一樓	車輛底盤實習（二）						0		選				50		2		
	HU76						10	0.20		車能學位學程（學）		VEU0074			0	是	3.0				115	半	未定		Gasoline Engine Diagnosis			1232			0	N								0			未定		三 6-9 和平 汽車場一樓	汽油引擎實習						0		選				50		2		
	HU76						10	0.20		車能學位學程（學）		VEU0075			0	是	3.0				115	半	鄧敦平		Introduction to Energy Technology			1233			0	N								0			鄧敦平		四 1-4 和平 能源應用工場	能源基礎實習						0		必				50		2		
	HU76						10	0.20		車能學位學程（學）		VEU0076			0	是	3.0				115	半	張俊興		Vehicle Basic Technology </br>[ Program: The Specialization Program of Vehicle Technical Service and Management ]			1234			0	N								0			張俊興		四 1-4 和平 汽車場一樓	車輛基礎實習 </br>[ 學分學程：車輛技術服務與管理專業學分學程 ]						0		必				50		2		ZU5F
	HU76						10	0.20		車能學位學程（學）		VEU0077			0		3.0				115	半			Vehicle Identification Technology </br>[ Program: The Specialization Program of Vehicle Technical Service and Management ]			1235			0	N								0			未定		二 A-C 和平 汽車場一樓	車輛鑑定技術 </br>[ 學分學程：車輛技術服務與管理專業學分學程 ]						0		選				50		2		ZU5F
	HU76						10	0.20		車能學位學程（學）		VEU0078			0		3.0				115	半			Training for Professional Techniques (III)			1236			0	N								0			洪翊軒 陳韋任 白凱仁 張俊興 劉華棟 林煜軒 鄧敦平 未定		六 2-4 和平 汽車工場B101	專業技術訓練（三）						0		選				50		2		
	HU76						10	0.20		車能學位學程（學）		VEU0079			0		3.0				115	半			Training for Professional Techniques (IV)			1237			0	N								0			洪翊軒 陳韋任 白凱仁 張俊興 劉華棟 林煜軒 鄧敦平 未定		六 8-10 和平 汽車工場B101	專業技術訓練（四）						0		選				50		2		
	HU76						10	0.20		車能學位學程（學）		VEC9003			0		3.0				115	半			Technology of Energy Saving </br>[ Program: The Specialization Program of Energy Technology and Intelligent Environmental Control The Specialization Program of Renewable Energy ]			1238			0	N			9					0			未定	大碩	二 A-C 和平 汽車工場B101	節約能源科技 </br>[ 學分學程：能源科技與智慧環控專業學分學程 再生能源專業學分學程 ]						0		選				50		2		ZU5H/ZU5I
	HU76						10	0.20		車能學位學程（學）		VEC9005			0		3.0				115	半			Refrigeration Engineering and Design			1239			0	N			9					0			鄧敦平	大碩	四 6-8 和平 能源應用工場	冷凍工程與設計						0		選				50		2		
	HU76						10	0.20		車能學位學程（學）		VEC9010			0		3.0				115	半			Building Energy Conservation </br>[ Program: The Specialization Program of Energy Technology and Intelligent Environmental Control ]			1240			0	N		是	9					0			陳韋任	大碩	二 6-8 和平 教室自排	建築節能設計 </br>[ 學分學程：能源科技與智慧環控專業學分學程 ]						0		選				50		2		ZU5I
	HU76						10	0.20		車能學位學程（學）		VEC9017			0		3.0				115	半			Vehicle Performance Testing			1241			0	N			9					0			張俊興	大碩	一 6-8 和平 教室自排	車輛性能測試與檢驗						0		選				50		2		
	HU76						10	0.20		車能學位學程（學）		VEU0006			5		3.0				115	半			Introduction to Power Mechanics </br>[ Program: The Specialization Program of Intelligent Vehicles ]			1242			0	N								0			劉華棟 林煜軒		四 6-8 和平 汽車工場B101	動力機械概論 </br>[ 學分學程：智慧車輛專業學分學程 ]	一			1		0		必				50		2		ZU5G
	HU76						10	0.20		車能學位學程（學）		VEU0007			5		3.0				115	半			Electronics (I) </br>[ Program: The Inter-disciplinary Program of Solar Energy Engineering ]			1243			0	N								0			白凱仁		五 2-4 和平 汽車工場B101	電子學（一） </br>[ 學分學程：太陽能源與工程學分學程 ]	一			1		0		必				50		2		ZU68
	HU76						10	0.20		車能學位學程（學）		VEU0008			0	是	3.0				115	半	白凱仁		Electronics Laboratory			1244			0	N		是						0			白凱仁		二 1-4 和平 教室自排	電子學實驗	一			1		0		必				50		2		
	HU76						10	0.20		車能學位學程（學）		VEU0012			5		3.0				115	半			Internal Combustion Engine			1245			0	N								0			林煜軒		二 2-4 和平 汽車工場B101	內燃機	二			2		0		必				50		2		
	HU76						10	0.20		車能學位學程（學）		VEU0013			0		3.0				115	半			Applied Mechanics			1246			0	N		是						0			洪翊軒		四 2-4 和平 TA512	應用力學	二			2		0		必				50		2		
	HU76						10	0.20		車能學位學程（學）		VEU0016			5		3.0				115	半			Electric Vehicle </br>[ Program: The Specialization Program of Intelligent Vehicles ]			1247			0	N								0			洪翊軒 白凱仁		一 2-4 和平 汽車工場B101	電動車輛 </br>[ 學分學程：智慧車輛專業學分學程 ]	三			3		0		必				50		2		ZU5G
	HU76						10	0.20		車能學位學程（學）		VEU0070			0		2.0				115	半			Special Topics (II)			1248			0	N		是						0			鄧敦平 洪翊軒 陳韋任 白凱仁 張俊興 劉華棟 林煜軒 未定		六 6-7 和平 汽車工場B101	專題研究（二）	三			3		0		必				50		2		
	HU76						10	0.20		車能學位學程（學）		VEU0072			0	是	3.0				115	半	林煜軒		Automotive Chassis Repair			1249			0	N								0			林煜軒		二 6-9 和平 汽車場一樓	車輛底盤實習（一）	三			3		0		必				50		2		
	HU77						10	0.20		光電學位學程（學）		OEU0006			0		3.0				115	半			Electromagnetism (II) </br>[ Program: The EMI Inter-disciplinary Program of Semiconductor ]			1250			0	N		是						0			呂杰翰		四 2-4 公館 Ｓ307	電磁學（二） </br>[ 學分學程：國際半導體全英語學分學程 ]						0		必				50		2		ZU32
	HU77						10	0.40		光電學位學程（學）		OEU0020			0		1.0				115	半			Independent Study and Practice (III)			1251			0	N		是						0			柯伯尼 張菁文 楊承山 呂杰翰 邱南福 梁伯維 廖書賢 鄭超仁 駱安亞 謝振傑		五 0 公館 教室自排	專題與實習（三）						0		選				50		2		
	HU77						10	0.20		光電學位學程（學）		OEU0023			0		3.0				115	半			Electric Circuits			1252			0	N								0			梁伯維		五 2-4 公館 應科大樓B1多功能教室	電路學						0		選				50		2		
	HU77						10	0.20		光電學位學程（學）		OEU0025			0		2.0				115	半			Semiconductor Optoelectronics in Life			1253			0	N								0			邱南福		四 1-2 公館 應科大樓B1多功能教室	生活半導體光電						0		選				50		2		
	HU77						10	0.40		光電學位學程（學）		OEC9002			5		3.0				115	半			Physical Optics			1254			0	N			9					0			未定 楊承山	大碩	一 2-4 公館 無可用教室	物理光學						0		必				50		2		
	HU77						10	0.20		光電學位學程（學）		OEC9005			0		3.0				115	半			Introduction to Numerical Methods			1255			0	N			9					0			未定	大碩	一 7-9 公館 Ｓ307	數值模擬						0		選				50		2		
	HU77						10	0.40		光電學位學程（學）		OEC9114			0		3.0				115	半			Materials Science </br>[ Program: The EMI Inter-disciplinary Program of Semiconductor ]			1256			0	N		是	9					0			駱安亞	大碩	一 6-8 公館 無可用教室	材料科學 </br>[ 學分學程：國際半導體全英語學分學程 ]						0		選				50	非理工科系不建議修習	2		ZU32
	HU77						10	0.20		光電學位學程（學）		OEC9119			6		3.0				115	半			Introduction to Semiconductors </br>[ Program: The Specialization Program of Semiconductor Devices ]			1257			0	N		是	9					0			柯伯尼	大碩	二 7-9 公館 Ｓ307	半導體導論 </br>[ 學分學程：半導體元件專業學分學程 ]						0		選				50		2		ZU4S
	HU77						10	0.20		光電學位學程（學）		OEC9120			0		3.0				115	半			Introduction to Photonic Quantum Logic Design			1258			0	N			9					0			邱南福	大碩	五 2-4 公館 Ｓ307	光量子邏輯設計導論						0		選				50		2		
	HU77						10	0.40		光電學位學程（學）		OEU0002			0		3.0				115	半			Introduction to Computer Science			1259			0	N								0			未定		五 2-4 公館 教室自排	計算機概論	一			1		0		必				50		2		
	HU77						10	0.20		光電學位學程（學）		OEU0004			0		3.0				115	半			Engineering Mathematics (II)			1260			0	N					◎必須先修過【OEU0003  工程數學（一）】			0			謝振傑		二 7-9 公館 應科大樓B1多功能教室	工程數學（二）	二			2		0		必				50		2		
	HU77						10	0.20		光電學位學程（學）		OEU0008			0		1.0				115	半			Optoelectronics Experiments (I)			1261			0	N		是						0			楊承山		一 6-7 公館 教室自排	光電實驗（一）	二			2		0		必				50		2		
	HU77						10	0.40		光電學位學程（學）		OEU0013			0	是	2.0				115	半	鄭超仁 謝振傑 邱南福 廖書賢 楊承山 呂杰翰 駱安亞 梁伯維 張菁文 柯伯尼		Independent Study and Practice (I)			1262			0	N		是						0			柯伯尼 張菁文 楊承山 呂杰翰 邱南福 梁伯維 廖書賢 鄭超仁 駱安亞 謝振傑		一 5 公館 教室自排, 二 5 公館 教室自排, 四 5 公館 教室自排	專題與實習（一）	二			2		0		必				50		2		
	HU77						10	0.20		光電學位學程（學）		OEU0011			0		3.0				115	半			Modern Physics </br>[ Program: The Specialization Program of Semiconductor Devices The Inter-disciplinary Program of NTNU and TSMC Semiconductor ]			1263			0	N								0			廖書賢		五 6-8 公館 Ｓ307	近代物理 </br>[ 學分學程：半導體元件專業學分學程 台積電半導體學分學程 ]	三			3		0		必				50		2		ZU45/ZU4S
	I						10	0.20		國社學院		I0U0002			5		3.0				115	半			Elementary Russian (II)			1264			0	N								0			未定		四 6-8 和平 博402	俄羅斯語（二）						0		選				50		2		
	ID84						0	0.00		華語系（博）		CLD0032			0		3.0				115	半			Special Topics on Chinese Syntax			1265			0	1					◎課程不開放上修			0			洪嘉馡		二 3-5 和平 博1003	漢語語法學專題研究						0		選				30	◎數位課程	2		
	ID84						0	0.00		華語系（博）		CLD0037			0		3.0				115	半			Seminar on Second Language Acquisition			1266			0	N					◎課程不開放上修			0			徐東伯		三 6-8 和平 綜903	第二語言習得專題						0		選				30		2		
	IM82						10	0.33		歐文所（碩）		ETM0002			2		3.0				115	半			Research Methodology			1267			0	N		是			◎課程開放上修			0			賴嘉玲		三 7-9 和平 博413	研究方法						0		必				30		2		
	IM82						10	0.33		歐文所（碩）		ETM0037			2		3.0				115	半			Basic Latin			1268			0	N		是			◎課程開放上修			0			陳學毅		五 6-8 和平 博413	基礎拉丁文						0		必				30		2		
	IM82						10	0.33		歐文所（碩）		ETM0043			2		3.0				115	半			Special Topics on European Literature			1269			0	N		是			◎課程開放上修			0			梁孫傑		一 7-9 和平 博413	歐洲文學專題研究						0		選				30		2		
	IM82						10	0.20		歐文所（碩）		ETM0088			0		3.0				115	半			Special Topics on European Intellectual and Cultural History (II)			1270			0	N		是			◎課程開放上修			0			路狄諾		二 3-5 和平 博413	歐洲觀念史與文化史專題研究（二）						0		選				50		2		
	IM82						10	0.33		歐文所（碩）		ETM0092			2		3.0				115	半			Special Topics on Comparative Study of English Language and French Language			1271			0	N		是			◎課程開放上修			0			蔡倩玟		二 7-9 和平 博413	英法語比較研究專題						0		選				30		2		
	IM83						10	0.40		東亞系（碩）		EAM0009			3		3.0				115	半			Statistical Methods in Social Sciences			1272			0	N					◎課程不開放上修			0			林昌平		一 6-8 和平 教室自排	社會科學統計方法						0		選				50	上課教室以校本部綜合大樓7樓為主。（請參考本系所網頁公告之課表）	2		
	IM83						10	0.20		東亞系（碩）		EAM0024			3		3.0				115	半			Special Topics on Northeast Asian Culture			1273			0	N					◎課程不開放上修			0			金恩美		一 6-8 和平 東亞系第三教室	東北亞文化專題研究						0		選				50	上課教室以校本部綜合大樓7樓為主。（請參考本系所網頁公告之課表）	2		
	IM83						10	0.20		東亞系（碩）		EAM0031			3		3.0				115	半			Seminar on Research Design and Essay Writing			1274			0	N					◎課程不開放上修			0			張崑將 關弘昌		二 6-8 和平 東亞系第三教室	研究設計與論文寫作專題						0		必				50	1. 兩領域共同必修，碩士生皆須修習。2. 上課教室以校本部綜合大樓7樓為主。（請參考本系所網頁公告之課表）	2		
	IM83						10	0.20		東亞系（碩）		EAM0043			3		3.0				115	半			Special Topics on International Relations			1275			0	N					◎課程不開放上修			0			王冠雄		三 9-A 和平 教室自排	國際關係專題研究						0		必				50	1. 政經與區域發展領域必修。2. 上課教室以校本部綜合大樓7樓為主。（請參考本系所網頁公告之課表）	2		
	IM83						10	0.20		東亞系（碩）		EAM0045			3		3.0				115	半			Special Topics on East Asian Thoughts			1276			0	N					◎課程不開放上修			0			張崑將 未定		二 9-A 和平 教室自排	東亞思想專題研究						0		必				50	1. 文化與應用領域必修。2. 上課教室以校本部綜合大樓7樓為主。（請參考本系所網頁公告之課表）	2		
	IM83						10	0.20		東亞系（碩）		EAC8001			3		3.0				115	半			Special Topics on Cross-Strait Relations and Mainland Policy			1277			0	N			8		◎課程不開放上修			0			關弘昌	碩博	四 6-8 和平 東亞系第三教室	兩岸關係與大陸政策專題研究						0		選				50	上課教室以校本部綜合大樓7樓為主。（請參考本系所網頁公告之課表）	2		
	IM83						10	0.20		東亞系（碩）		EAC8018			3		3.0				115	半			Special Topics on International Business Management			1278			0	N		是	8		◎課程不開放上修			0			田正利	碩博	三 6-8 和平 東亞系第三教室	國際企業管理專題研究						0		選				50	上課教室以校本部綜合大樓7樓為主。（請參考本系所網頁公告之課表）	2		
	IM83						10	0.20		東亞系（碩）		EAC8023			3		3.0				115	半			Special Topics on Singapore and ASEAN Politics and Economy			1279			0	N		是	8		◎課程不開放上修			0			未定	碩博	五 2-4 和平 教室自排	新加坡與東協政經專題研究						0		選				50	上課教室以校本部綜合大樓7樓為主。（請參考本系所網頁公告之課表）	2		
	IM83						10	0.20		東亞系（碩）		EAC8032			3		3.0				115	半			Currents of Thought in Modern East Asia			1280			0	N			8		◎課程不開放上修			0			張崑將	碩博	三 2-4 和平 東亞系第三教室	東亞現代思潮						0		選				50	上課教室以校本部綜合大樓7樓為主。（請參考本系所網頁公告之課表）	2		
	IM83						10	0.20		東亞系（碩）		EAC8037			3		3.0				115	半			Seminar on the Overseas Chinese and China Studies			1281			0	N			8		◎課程不開放上修			0			江柏煒	碩博	二 2-4 和平 東亞系第三教室	海外華人與中國研究專題討論						0		選				50	上課教室以校本部綜合大樓7樓為主。（請參考本系所網頁公告之課表）	2		
	IM83						10	0.40		東亞系（碩）		EAC8042			3		3.0				115	半			Special Topics on Southeast Asian Culture			1282			0	N			8		◎課程不開放上修			0			張碧君	碩博	四 2-4 和平 教室自排	東南亞文化專題研究						0		選				50	上課教室以校本部綜合大樓7樓為主。（請參考本系所網頁公告之課表）	2		
	IM83						10	0.20		東亞系（碩）		EAC8046			3		3.0				115	半			Special Topics on International Political Economy			1283			0	N		是	8		◎課程不開放上修			0			關弘昌	碩博	四 2-4 和平 東亞系第三教室	國際政治經濟學專題研究						0		選				50	上課教室以校本部綜合大樓7樓為主。（請參考本系所網頁公告之課表）	2		
	IM83						10	0.40		東亞系（碩）		EAC8047			3		3.0				115	半			Buddhist Thought and East-West Philosophical Issues			1284			0	N		是	8		◎課程不開放上修			0			胡元玲	碩博	四 6-8 和平 教室自排	佛學思想與東西哲學議題						0		選				50	上課教室以校本部綜合大樓7樓為主。（請參考本系所網頁公告之課表）	2		
	IM83						10	0.20		東亞系（碩）		EAC8058			3		3.0				115	半			Special Topics on Political Economy in Southeast Asia			1285			0	N			8		◎課程不開放上修			0			范世平	碩博	一 2-4 和平 東亞系第三教室	東南亞政經專題研究						0		選				50	上課教室以校本部綜合大樓7樓為主。（請參考本系所網頁公告之課表）	2		
	IM84						0	0.00		華語系（碩）		CLM0036			0		3.0				115	半			Pragmatics			1286			0	N					◎課程不開放上修			0			謝佳玲		五 3-5 和平 博1002	語用學						0		選				50		2		
	IM84						0	0.00		華語系（碩）		CLM0049			0		3.0				115	半			Special Topics on Classical Chinese Literature			1287			0	N					◎課程不開放上修			0			林振興		四 6-8 和平 博1002	中國古典文學專題研究						0		選				50		2		
	IM84						0	0.00		華語系（碩）		CLM0053			0		3.0				115	半			Studies in Overseas Chinese of North America			1288			0	N					◎課程不開放上修			0			簡瑛瑛		三 6-8 和平 博1002	北美華人專題研究						0		選				50		2		
	IM84						0	0.00		華語系（碩）		CLM0055			0		3.0				115	半			Special Topics on Chinese Culture			1289			0	N					◎課程不開放上修			0			陳寅清		二 6-8 和平 博1003	中國文化專題研究						0		選				30		2		
	IM84						0	0.00		華語系（碩）		CLM0066			0		3.0				115	半			Qualitative Research			1290			0	N					◎課程不開放上修			0			楊秉煌		一 3-5 和平 博1002	質化研究方法						0		選				50		2		
	IM84						0	0.00		華語系（碩）		CLM0076			0		3.0				115	半			Seminar on Chinese Language Teaching Methods and Materials </br>[ Program: The Inter-disciplinary Program of International Baccalaureate Educator Certificate-Chinese Language Education ]			1291			0	N					◎課程不開放上修			0			蔡雅薰		一 6-8 和平 博1002	華語文教材教法研究 </br>[ 學分學程：國際教師學分學程-華語文教育 ]						0		選				50		2		ZU74
	IM84						0	0.00		華語系（碩）		CLM0090			0		3.0				115	半			Studies in Comparative Education			1292			0	N					◎課程不開放上修			0			吳龍雲		二 3-5 和平 綜901	比較教育研究						0		選				42		2		
	IM84						0	0.00		華語系（碩）		CLM0105			0		3.0				115	半			Studies on Second Language Acquisition			1293			0	N					◎課程不開放上修			0			徐東伯		三 3-5 和平 綜901	第二語言習得研究						0		選				42		2		
	IM84						0	0.00		華語系（碩）		CLM0107			0		3.0				115	半			Target-Oriented Teaching Practicum: International School			1294			0	N					◎課程不開放上修			0			未定		五 8-10 和平 博1003	分項華語文教學實習：國際學校						0		選				30		2		
	IM84						0	0.00		華語系（碩）		CLC0014			0		3.0				115	半			Studies in Phonetic Instruction in Chinese			1295			0	N			8		◎課程不開放上修			0			曾金金	碩博	一 6-8 和平 綜901	華語語音教學研究						0		選				42		2		
	IM84						0	0.00		華語系（碩）		CLC0020			0		3.0				115	半			Studies in Language and Culture			1297			0	N			8		◎課程不開放上修			0			曾金金	碩博	五 8-10 和平 綜901	語言與文化研究						0		選				42		2		
	IM84						0	0.00		華語系（碩）		CLC8016			0		3.0				115	半			Language Policies for Tcsl			1298			0	N			8		◎課程不開放上修			0			楊聰榮	碩博	一 3-5 和平 博1003	華語文語言政策研究						0		選				30		2		
	IM84						0	0.00		華語系（碩）		CLC8035			0		3.0				115	半			Studies in the Psychology of Reading in Chinese			1299			0	N			8		◎課程不開放上修			0			官英華	碩博	三 6-8 和平 綜901	中文閱讀之心理認知研究						0		選				42		2		
	IM84						0	0.00		華語系（碩）		CLC8052			0		3.0				115	半			Content and Language Integrated Learning: An Introductory Course			1300			0	N			8		◎課程不開放上修			0			杜昭玫	碩博	三 3-5 和平 博1002	內容整合語言學習概論						0		選				50		2		
	IM84						0	0.00		華語系（碩）		CLC8065			0		3.0				115	半			Special Topics on Chinese Cinema			1301			0	N			8		◎課程不開放上修			0			簡瑛瑛	碩博	四 6-8 和平 綜901	華人電影專題研究						0		選				42		2		
	IM84						0	0.00		華語系（碩）		CLC8068			0		3.0				115	半			Special Topic on Chinese Immigration Studies			1302			0	N			8		◎課程不開放上修			0			楊聰榮	碩博	四 3-5 和平 博1003	華人移民專題研究						0		選				30		2		
	IM84						0	0.00		華語系（碩）		CLC8070			0		3.0				115	半			Special Topics on Digital Chinese Language Teaching			1303			0	N			8		◎課程不開放上修			0			籃玉如	碩博	二 6-8 和平 博1002	數位華語教學專題研究						0		選				50		2		
	IM84						0	0.00		華語系（碩）		CLC8073			0		3.0				115	半			Quantitative Research Methods			1304			0	N			8		◎課程不開放上修			0			籃玉如	碩博	四 6-8 和平 教619	量化研究方法						0		選				50		2		
	IM86						10	0.28		人資所（碩）		IWM0043			0		3.0				115	半			Training in Business and Industry			1305			0	N		是			◎限本系(含雙主修)修習  ◎限碩一碩二碩三以上修習 ◎課程不開放上修			0			張雯		一 6-8 和平 B810 Conference Room	企業訓練實務研究	一			1		0		選				36		2		
	IM86						10	0.28		人資所（碩）		IWM0047			0		3.0				115	半			Compensation Management			1306			0	N		是			◎限本系(含雙主修)修習  ◎限碩一碩二碩三以上修習 ◎課程不開放上修			0			葉俶禎		三 7-9 和平 B810 Conference Room	薪酬管理研究	一			1		0		選				36		2		
	IM86						10	0.28		人資所（碩）		IWM0070			0		3.0				115	半			Performance Management			1307			0	N		是			◎限本系(含雙主修)修習  ◎限碩一碩二碩三以上修習 ◎課程不開放上修			0			林怡君		四 2-4 和平 B810 Conference Room	績效管理研究	一			1		0		選				36		2		
	IM86						10	0.28		人資所（碩）		IWM0076			0		3.0				115	半			Thesis Writing			1308			0	N		是			◎限本系(含雙主修)修習  ◎限碩一碩二碩三以上修習 ◎課程不開放上修			0			盧承杰		一 2-4 和平 B810 Conference Room	論文寫作	一			1		0		選				36		2		
	IM86						10	0.33		人資所（碩）		IWM0084			0		3.0				115	半			Leadership and Talent Development Practices			1309			0	N		是			◎限本系(含雙主修)修習  ◎限碩一碩二碩三以上修習 ◎課程不開放上修			0			未定		二 7-9 和平 無可用教室	領導與人才發展實務研究	一			1		0		選				30		2		
	IM86						10	0.40		人資所（碩）		IWM0086			1		3.0				115	半			International Education and Development			1310			0	N		是			◎課程開放上修			0			未定		一 2-4 和平 無可用教室	國際教育與發展研究	一			1		0		選				50		2		
	IM86						10	0.28		人資所（碩）		IWM0089			0		3.0				115	半			Electronic Human Resource Management			1311			0	N		是			◎限本系(含雙主修)修習  ◎限碩一碩二碩三以上修習 ◎課程不開放上修			0			張育菱		五 2-4 和平 B810 Conference Room	電子化人力資源管理研究	一			1		0		選				36		2		
	IM86						10	0.33		人資所（碩）		IWM0069			0		3.0				115	半			Special Topic on Human Resources in Asia Pacific			1312			0	N		是			◎限本系(含雙主修)修習  ◎限碩二碩三以上修習 ◎課程不開放上修			0			盧承杰		四 7-9 和平 教室自排	亞太地區人力資源專題研究	二			2		0		選				30		2		
	IM86						10	0.33		人資所（碩）		IWM0079			0		3.0				115	半			Special Topic on Employee Psychology and Career Development			1313			0	N		是			◎限本系(含雙主修)修習  ◎限碩二碩三以上修習 ◎課程不開放上修			0			林怡君		一 2-4 和平 教室自排	員工心理與職涯發展專題研究	二			2		0		選				30		2		
	IM86						10	0.33		人資所（碩）		IWM0087			0		3.0				115	半			Special Topic on Workplace Communications			1314			0	N		是			◎限本系(含雙主修)修習  ◎限碩二碩三以上修習 ◎課程不開放上修			0			葉俶禎		一 7-9 和平 教室自排	職場溝通專題研究	二			2		0		選				30		2		
	IM86						10	0.33		人資所（碩）		IWM0092			0		3.0				115	半			Special Topic on Management Development			1315			0	N		是			◎限本系(含雙主修)修習  ◎限碩二碩三以上修習 ◎課程不開放上修			0			賴志		五 7-9 和平 教室自排	管理人才發展專題研究	二			2		0		選				30		2		
	IM86						10	0.33		人資所（碩）		IWM0802			0		3.0				115	半			Special Topic on Artificial Intelligence (AI) Applications in Human Resource			1316			0	N		是			◎限本系(含雙主修)修習  ◎限碩二碩三以上修習 ◎課程不開放上修			0			張育菱		三 7-9 和平 教室自排	AI之人力資源應用專題研究	二			2		0		選				30		2		
	IM88						10	0.33		大傳所（碩）		MCM0002			0		3.0				115	半			Research Methods			1317			0	N					◎課程不開放上修			0			蔣旭政 蕭維傑		二 3-5 和平 綜7樓大傳所大教室	研究方法						0		必				30		2		
	IM88						10	0.33		大傳所（碩）		MCM0102			2		3.0				115	半			Internet Culture and Communication </br>[ Program: The Inter-disciplinary Program of Science Communication ]			1318			0	N					◎課程不開放上修			0			胡綺珍		三 3-5 和平 綜7樓大傳所大教室	網路文化與傳播 </br>[ 學分學程：科學傳播學分學程 ]						0		選				30		2		ZU34
	IM88						10	0.29		大傳所（碩）		MCM0113			0		1.0				115	半			Seminar in Communication (II)			1319			0	N					◎課程不開放上修			0			蔡如音		三 7 和平 綜7樓大傳所大教室	傳播專題討論（二）						0		選				35		2		
	IM88						10	0.33		大傳所（碩）		MCM0122			0		3.0				115	半			Communication and Information Theories </br>[ Program: The Inter-disciplinary Program of Science Communication ]			1320			0	N					◎課程不開放上修			0			王維菁 蕭維傑		一 3-5 和平 綜7樓大傳所大教室	傳播與資訊理論 </br>[ 學分學程：科學傳播學分學程 ]						0		必				30		2		ZU34
	IM88						10	0.33		大傳所（碩）		MCM0127			2		3.0				115	半			Human-Centered Design in Tech </br>[ Program: The Inter-disciplinary Program of Science Communication ]			1321			0	N					◎課程不開放上修			0			蕭維傑		一 7-9 和平 綜7樓大傳所大教室	科技與人本設計 </br>[ 學分學程：科學傳播學分學程 ]						0		選				30		2		ZU34
	IM89						2	0.07		社工所（碩）		SWM0004			3		3.0				115	半			Qualitative Research			1322			0	N					◎課程開放上修			0			游美貴		一 8-10 和平 教室自排	質性研究						0		選				30		2		
	IM89						0	0.00		社工所（碩）		SWM0005			0		3.0				115	半			Social Work Practicum (I)			1323			0	N					◎課程開放上修			0			未定		六 2-4 和平 教室自排, 六 6-8 和平 教室自排	社會工作實習（一）						0		選				30		2		
	IM89						0	0.00		社工所（碩）		SWM0065			0		3.0				115	半			Field Practicum: Social Welfare Services (I)			1324			0	N					◎課程開放上修			0			張文		六 2-4 和平 教室自排, 六 6-8 和平 教室自排	社會福利實習（一）						0		選				30		2		
	IM89						0	0.00		社工所（碩）		SWM0075			0		3.0				115	半			Special Topics on Strengths and Resilience			1325			0	N					◎課程開放上修			0			陳杏容		三 A-C 和平 教室自排	優勢與復原力專題						0		選				30		2		
	IM89						0	0.00		社工所（碩）		SWM0078			0		3.0				115	半			Field Practicum: Social Work Filed Work (I)			1326			0	N					◎課程開放上修			0			未定		六 2-4 和平 教室自排, 六 6-8 和平 教室自排	社會工作實地工作（一）						0		選				30		2		
	IM89						0	0.00		社工所（碩）		SWM0080			0		3.0				115	半			Seminar on Substance Use and Interventions			1327			0	N					◎課程開放上修			0			陳杏容		二 8-10 和平 教室自排	物質使用與處遇專題						0		選				30		2		
	IM89						0	0.00		社工所（碩）		SWM0088			0		3.0				115	半			Seminar on Mental Health in Contemporary Society			1328			0	N					◎課程開放上修			0			張文		二 2-4 和平 教室自排	當代精神健康專題						0		選				30		2		
	IU82						10	0.17		歐文所（學）		ETU0002			4		3.0				115	半			Introduction to the European Cinema </br>[ Program: The Inter-disciplinary Program of European Cultures and Languages ]			1329			0	N								0			梁孫傑		三 10-B 和平 博413	歐洲電影概論 </br>[ 學分學程：歐洲文化與語言學分學程 ]						0		選				60		2		ZU93
	IU83						10	0.40		東亞系（學）		EAC9001			5		3.0				115	半			Western Learning and Modern China			1330			0	N			9					0			潘鳳娟	大碩	一 6-8 和平 無可用教室	西學與近代中國						0		選				50	大碩合開選修，文化與應用領域，建議大三~碩士班學生修習。	2		
	IU83						10	0.40		東亞系（學）		EAC9003			5		3.0				115	半			Public International Law </br>[ Program: The Inter-disciplinary Program of International Relations and Diplomacy ]			1331			0	N			9		◎必須先修過【EAU0128  社會科學研究方法】、【EAM0046  東亞區域研究】其中一門			0			王冠雄	大碩	三 6-8 和平 無可用教室	國際公法 </br>[ 學分學程：國際關係與外交學分學程 ]						0		選				50	1. 大碩合開選修，政經與區域發展領域。2. 大三或大四以上的外系生（含雙主修、輔系、學程、三校聯盟學生）如希望修課，經授課老師同意後，可用授權碼修課。	2		ZU56
	IU83						10	0.40		東亞系（學）		EAC9004			5		3.0				115	半			Social Changes in Modern China			1332			0	N			9					0			范世平	大碩	四 2-4 和平 無可用教室	中國大陸社會變遷						0		選				50	大碩合開選修，政經與區域發展領域，建議大三~碩士班學生修習。	2		
	IU83						10	0.40		東亞系（學）		EAC9020			5		3.0				115	半			International Relations between China and Southeast Asia </br>[ Program: The EMI Specialization Program of Global Political Economy The EMI Specialization Program of Asia-Pacific Studies ]			1333			0	N		是	9					0			巫俊穎	大碩	二 6-8 和平 無可用教室	中國與東南亞的國際關係 </br>[ 學分學程：全球政治經濟專業學分學程 亞太研究全英課程專業學分學程 ]						0		選				50	大碩合開選修，政經與區域發展領域，建議大三~碩士班學生修習。	2		ZU5R/ZU5T
	IU83						10	0.40		東亞系（學）		EAC9024			5		2.0				115	半			Current Issues in South Korea </br>[ Program: The Inter-disciplinary Program of Korean Studies and Language ]			1334			0	1		是	9					0			未定	大碩	四 6-7 公館 無可用教室	韓國當前的議題 </br>[ 學分學程：韓國學與語文學分學程 ]						0		選				50	◎數位課程 1. 大碩合開選修，文化與應用領域。2. 建議大三~碩士班學生修習。3. 本課程為2學分數位EMI課程。	2		ZU9P
	IU83						10	0.40		東亞系（學）		EAC9025			0		3.0				115	半			Foreign Policy Analysis			1335			0	N			9		◎必須先修過【EAU0128  社會科學研究方法】、【EAM0046  東亞區域研究】其中一門			0			徐筱琦	大碩	三 2-4 和平 無可用教室	外交決策分析						0		選				50	1. 大碩合開選修，政經與區域發展領域，建議大三~碩士班學生修習。2. 大三或大四以上的外系生（含雙主修、輔系、學程、三校聯盟學生）如希望修課，經授課老師同意後，可用授權碼修課。	2		
	IU83						10	0.40		東亞系（學）		EAU0071			5		2.0				115	半			Elementary Korean(II)			1336			0	N					◎限本系(含雙主修)修習◎限大一修習			0			李圭旼		二 3-4 和平 無可用教室	初級韓語（二）	一			1		0		選				50	1. 韓語為母語者（包括韓國僑生與韓國籍學生等）不可選課。2. 大一初級語言課程限本系大一生修習，於第一階段選課結束後，開放大二以上修習。(外系生請於全校加退選階段登錄系統即時選課）	2		
	IU83						10	0.40		東亞系（學）		EAU0072			5		2.0				115	半			Elementary Japanese (II)			1337			0	N					◎限本系(含雙主修)修習◎限大一修習			0			未定		三 3-4 和平 無可用教室	初級日語（二）	一			1		0		選				50	1. 日語為母語者（包括日本僑生與日本籍學生等）不可選課。2. 大一初級語言課程限本系大一生修習，於第一階段選課結束後，開放大二以上修習。(外系生請於全校加退選階段登錄系統即時選課）	2		
	IU83						10	0.40		東亞系（學）		EAU0144			5		3.0				115	半			East-West Cultural Encounter			1338			0	N					◎限大一修習			0			潘鳳娟		二 6-8 和平 無可用教室	東西文化交流	一			1		0		選				50	文化與應用領域，限大一修習。（於第一階段選課結束後，開放大二以上修習）	2		
	IU83						10	0.40		東亞系（學）		EAU0151			5		3.0				115	半			Origins and Developments of Chinese Thought			1339			0	N					◎限大一修習			0			胡元玲		二 9-A 和平 無可用教室	中國思想源流與發展	一			1		0		選				50	文化與應用領域，限大一修習。（於第一階段選課結束後，開放大二以上修習）	2		
	IU83						10	0.40		東亞系（學）		EAU0154			5		3.0				115	半			Critical Thinking and Writing </br>[ Program: The Inter-disciplinary Program of Philosophy ]			1340			0	N					◎限大一修習			0			張崑將		三 6-8 和平 無可用教室	批判性思考與寫作 </br>[ 學分學程：哲學學分學程 ]	一			1		0		選				50	文化與應用領域，限大一修習。（於第一階段選課結束後，開放大二以上修習）	2		ZU9X
	IU83						10	0.14		東亞系（學）		EAU0184			5		3.0				115	半			Cultural Heritage in East Asia </br>[ Program: The Specialization Program of Cultural Industry and Urban Development The Specialization Program of East Asian Culture and Its Applications ]			1341			0	N					◎限大一修習			0			江柏煒		一 9-A 和平 無可用教室	東亞文化遺產 </br>[ 學分學程：文化產業與城市發展專業學分學程 東亞文化與應用專業學分學程 ]	一			1		0		必				70	大一共同必修，限本系大一修習。（於第一階段選課結束後，始開放本系大二以上學生與外系生修習）	2		ZU5S/ZU7Y
	IU83						10	0.14		東亞系（學）		EAU0189			5		3.0				115	半			Principle of Economics </br>[ Program: The Specialization Program of East Asian Political Economy and Regional Development ]			1342			0	N					◎限大一修習			0			田正利 林昌平		三 9-A 和平 無可用教室	經濟學原理 </br>[ 學分學程：東亞政經與區域發展專業學分學程 ]	一			1		0		必				70	大一共同必修，限本系大一修習。（於第一階段選課結束後，始開放本系大二以上學生與外系生修習）	2		ZU7X
	IU83						10	0.40		東亞系（學）		EAU0221			5		3.0				115	半			Modern Diplomatic History </br>[ Program: The Inter-disciplinary Program of International Relations and Diplomacy ]			1343			0	N					◎限大一修習			0			王冠雄 徐筱琦		二 6-8 和平 無可用教室	近代外交史 </br>[ 學分學程：國際關係與外交學分學程 ]	一			1		0		選				50	政經與區域發展領域，限大一修習。（於第一階段選課結束後，開放大二以上修習）	2		ZU56
	IU83						10	0.40		東亞系（學）		EAU0224			5		3.0				115	半			Contemporary East Asian Cinemas			1344			0	N					◎限大一修習			0			未定		一 6-8 和平 無可用教室	當代東亞電影	一			1		0		選				50	文化與應用領域，限大一修習。（於第一階段選課結束後，開放大二以上修習）	2		
	IU83						10	0.40		東亞系（學）		EAU0244			5		2.0				115	半			Elementary Vietnamese (II)			1345			0	N								0			未定		一 3-4 和平 無可用教室	初級越南文（二）	一			1		0		選				50	越南語為母語者（包括越南僑生與越南籍學生等）不可選課。	2		
	IU83						10	0.40		東亞系（學）		EAU0084			5		2.0				115	半			Intermediate Korean(II)			1346			0	N								0			金恩美		三 3-4 和平 無可用教室	中級韓語（二）	二			2		0		選				50	韓語為母語者（包括韓國僑生與韓國籍學生等）不可選課。	2		
	IU83						10	0.40		東亞系（學）		EAU0086			5		2.0				115	半			Intermediate Japanese(II)			1347			0	N								0			未定		三 6-7 和平 無可用教室	中級日語（二）	二			2		0		選				50	日語為母語者（包括日本僑生與日本籍學生等）不可選課。	2		
	IU83						10	0.14		東亞系（學）		EAU0128			5		3.0				115	半			Research Methods in Social Sciences </br>[ Program: The Specialization Program of East Asian Political Economy and Regional Development ]			1348			0	N					◎限大二修習			0			林昌平		四 2-4 和平 無可用教室	社會科學研究方法 </br>[ 學分學程：東亞政經與區域發展專業學分學程 ]	二			2		0		必				70	大二共同必修，選課第一階段限大二修習。（不開放大三、大四下修）	2		ZU7X
	IU83						10	0.40		東亞系（學）		EAU0192			5		3.0				115	半			East Asian Zen Buddhist Culture			1349			0	N								0			胡元玲		二 6-8 和平 無可用教室	東亞禪學文化	二			2		0		選				50	文化與應用領域，建議大二~大四學生修習。	2		
	IU83						10	0.40		東亞系（學）		EAU0206			5		3.0				115	半			American Foreign Policy </br>[ Program: The Inter-disciplinary Program of International Relations and Diplomacy ]			1350			0	N								0			徐筱琦		四 6-8 和平 無可用教室	美國外交政策 </br>[ 學分學程：國際關係與外交學分學程 ]	二			2		0		選				50	政經與區域發展領域，建議大二~大四學生修習。	2		ZU56
	IU83						10	0.40		東亞系（學）		EAU0209			5		3.0				115	半			Regional Culture of Southeast Asia </br>[ Program: The Specialization Program of East Asian Culture and Its Applications ]			1351			0	N					◎限大二修習			0			張碧君		三 9-A 和平 無可用教室	東南亞區域文化 </br>[ 學分學程：東亞文化與應用專業學分學程 ]	二			2		0		必				50	大二共同必修，選課第一階段限大二修習。（不開放大三、大四下修）	2		ZU7Y
	IU83						10	0.40		東亞系（學）		EAU0215			5		3.0				115	半			Theories and Practices in Regional Studies			1352			0	N								0			范世平		二 2-4 和平 無可用教室	區域研究理論與實務	二			2		0		選				50	政經與區域發展領域，建議大二~大四學生修習。	2		
	IU83						10	0.40		東亞系（學）		EAU0236			5		3.0				115	半			Qualitative Research and Academic Writing			1353			0	N								0			邱愷欣		四 9-A 和平 無可用教室	質性研究與論文寫作	二			2		0		選				50	文化與應用領域，建議大二~大四學生修習。	2		
	IU83						10	0.40		東亞系（學）		EAU0242			5		3.0				115	半			International Trade Practice			1354			0	N								0			田正利		二 9-A 和平 無可用教室	國際貿易實務	二			2		0		選				50	政經與區域發展領域，建議大二~大四學生修習。	2		
	IU83						10	0.40		東亞系（學）		EAU0246			5		2.0				115	半			Intermediate Vietnamese (II)			1355			0	N								0			未定		一 1-2 和平 無可用教室	中級越南文（二）	二			2		0		選				50	越南語為母語者（包括越南僑生與越南籍學生等）不可選課。	2		
	IU83						10	0.40		東亞系（學）		EAU0249			5		3.0				115	半			East Asia in Hollywood Cinema </br>[ Program: The EMI Specialization Program of Asia-Pacific Studies ]			1356			0	N		是						0			林書媺		四 6-8 和平 無可用教室	好萊塢電影中的東亞 </br>[ 學分學程：亞太研究全英課程專業學分學程 ]	二			2		0		選				50	文化與應用領域，建議大二~大四學生修習。	2		ZU5T
	IU83						10	0.40		東亞系（學）		EAU0130			5		3.0				115	半			Politics and Economics in Southeast Asia </br>[ Program: The Specialization Program of East Asian Political Economy and Regional Development ]			1357			0	N								0			巫俊穎		三 2-4 和平 無可用教室	東南亞政治與經濟 </br>[ 學分學程：東亞政經與區域發展專業學分學程 ]	三			3		0		選				50	政經與區域發展領域，建議大二~大四學生修習。	2		ZU7X
	IU83						10	0.40		東亞系（學）		EAU0227			5		3.0				115	半			Southeast Asian Societal Development since Colonial Times			1358			0	N								0			張碧君		三 6-8 和平 無可用教室	東南亞社會發展歷程	三			3		0		選				50	文化與應用領域，建議大二~大四學生修習。	2		
	IU83						10	0.40		東亞系（學）		EAU0113			5		3.0				115	半			Studies in Taiwan's Diplomacy </br>[ Program: The Inter-disciplinary Program of International Relations and Diplomacy ]			1359			0	N								0			關弘昌		二 2-4 和平 無可用教室	臺灣外交研究 </br>[ 學分學程：國際關係與外交學分學程 ]	四			4		0		選				50	政經與區域發展領域，建議大二~大四學生修習。	2		ZU56
	IU84						3	0.06		華語系（學）		CLU1046			0		3.0				115	半			Cross-Cultural Relations </br>[ Program: The Specialization Program of International Communication and Cross-cultural Narratives ]			1360			0	N					◎限本系(含雙主修)修習			0			未定		五 8-10 和平 無可用教室	跨文化交流 </br>[ 學分學程：國際溝通與跨文化敘事專業學分學程 ]						0		選				50		2		ZU5V
	IU84						3	0.06		華語系（學）		CLU1060			0		3.0				115	半			Culinary Literature and Culture			1361			0	N		是			◎限本系(含雙主修)修習			0			杜昭玫		二 6-8 和平 無可用教室	飲食文學與文化						0		選				50		2		
	IU84						3	0.06		華語系（學）		CLU1093			0		3.0				115	半			Operation and Management of Chinese Language Education Industry			1362			0	N					◎限本系(含雙主修)修習			0			楊聰榮		五 2-4 和平 無可用教室	華語文教育產業之經營管理						0		選				50		2		
	IU84	A					10	0.20		華語系（學）		CLU0063			0		4.0				115	半			Integrated Chinese (II)	A		1363			0	N					◎限本系(含雙主修)、外籍生修習◎必須先修過【CLU0062  綜合華語（一）】、【CLU0066  讀寫訓練（一）】			0	國際華語與文化組		張雅惠		一 3-4 和平 無可用教室, 四 1-2 和平 綜903	綜合華語（二）	一			1		0		必				50		2		
	IU84	A					10	0.20		華語系（學）		CLU0063			0		4.0				115	半			Integrated Chinese (II)	B		1364			0	N					◎限本系(含雙主修)、外籍生修習◎必須先修過【CLU0062  綜合華語（一）】、【CLU0066  讀寫訓練（一）】			0	國際華語與文化組		劉欣怡		一 3-4 和平 綜903, 四 1-2 和平 無可用教室	綜合華語（二）	一			1		0		必				50		2		
	IU84	A					10	0.20		華語系（學）		CLU0063			0		4.0				115	半			Integrated Chinese (II)	C		1365			0	N					◎限本系(含雙主修)、外籍生修習◎必須先修過【CLU0062  綜合華語（一）】、【CLU0066  讀寫訓練（一）】			0	國際華語與文化組		王慧娟		一 3-4 和平 博406, 四 1-2 和平 博1002	綜合華語（二）	一			1		0		必				50		2		
	IU84	A					10	0.20		華語系（學）		CLU0066			0		4.0				115	半			Training in Reading and Writing (I)			1366			0	N					◎限本系(含雙主修)、外籍生修習			0	國際華語與文化組		未定		五 1-2 和平 綜903, 五 3-4 和平 綜903	讀寫訓練（一）	一			1		0		必				50		2		
	IU84	A					10	0.20		華語系（學）		CLU0067			0		4.0				115	半			Training in Reading and Writing (II)	A		1367			0	N					◎限本系(含雙主修)、外籍生修習◎必須先修過【CLU0066  讀寫訓練（一）】			0	國際華語與文化組		李育娟		一 6-7 和平 博1003, 四 6-7 和平 博1003	讀寫訓練（二）	一			1		0		必				50		2		
	IU84	A					10	0.20		華語系（學）		CLU0067			0		4.0				115	半			Training in Reading and Writing (II)	B		1368			0	N					◎限本系(含雙主修)、外籍生修習◎必須先修過【CLU0066  讀寫訓練（一）】			0	國際華語與文化組		吳馥如		二 6-7 和平 博411A, 四 6-7 和平 博406	讀寫訓練（二）	一			1		0		必				50		2		
	IU84	A					10	0.20		華語系（學）		CLU0067			0		4.0				115	半			Training in Reading and Writing (II)	C		1369			0	N					◎限本系(含雙主修)、外籍生修習◎必須先修過【CLU0066  讀寫訓練（一）】			0	國際華語與文化組		劉欣怡		二 6-7 和平 綜903, 四 3-4 和平 綜903	讀寫訓練（二）	一			1		0		必				50		2		
	IU84	A					10	0.20		華語系（學）		CLU0071			0		2.0				115	半			Contemporary Chinese (II)	B		1370			0	N					◎限本系(含雙主修)、外籍生修習◎必須先修過【CLU0066  讀寫訓練（一）】			0	國際華語與文化組		王慧娟		一 6-7 和平 博411A	當代華語（二）	一			1		0		選				50		2		
	IU84	A					10	0.20		華語系（學）		CLU0071			0		2.0				115	半			Contemporary Chinese (II)	C		1371			0	N					◎限本系(含雙主修)、外籍生修習◎必須先修過【CLU0066  讀寫訓練（一）】			0	國際華語與文化組		未定		二 3-4 和平 綜903	當代華語（二）	一			1		0		選				50		2		
	IU84	A					10	0.20		華語系（學）		CLU0073			0		2.0				115	半			Training in Listening (II)	A		1372			0	N					◎限本系(含雙主修)、外籍生修習◎必須先修過【CLU0066  讀寫訓練（一）】、【CLU0072  聽力訓練（一）】			0	國際華語與文化組		王慧娟		三 6-7 和平 無可用教室	聽力訓練（二）	一			1		0		選				50		2		
	IU84	A					10	0.20		華語系（學）		CLU0073			0		2.0				115	半			Training in Listening (II)	B		1373			0	N					◎限本系(含雙主修)、外籍生修習◎必須先修過【CLU0066  讀寫訓練（一）】、【CLU0072  聽力訓練（一）】			0	國際華語與文化組		未定		二 8-9 和平 綜903	聽力訓練（二）	一			1		0		選				50		2		
	IU84	A					10	0.40		華語系（學）		CLU0073			0		2.0				115	半			Training in Listening (II)	C		1374			0	N					◎限本系(含雙主修)、外籍生修習◎必須先修過【CLU0066  讀寫訓練（一）】、【CLU0072  聽力訓練（一）】			0	國際華語與文化組		吳馥如		一 6-7 和平 無可用教室	聽力訓練（二）	一			1		0		選				50		2		
	IU84	A					10	0.20		華語系（學）		CLU0077			0		2.0				115	半			Training in Conversation (II)	A		1375			0	N					◎限本系(含雙主修)、外籍生修習◎必須先修過【CLU0066  讀寫訓練（一）】、【CLU0076  會話訓練（一）】			0	國際華語與文化組		吳馥如		三 8-9 和平 博420	會話訓練（二）	一			1		0		選				50		2		
	IU84	A					10	0.20		華語系（學）		CLU0077			0		2.0				115	半			Training in Conversation (II)	B		1376			0	N					◎限本系(含雙主修)、外籍生修習◎必須先修過【CLU0066  讀寫訓練（一）】、【CLU0076  會話訓練（一）】			0	國際華語與文化組		劉欣怡		二 3-4 和平 博406	會話訓練（二）	一			1		0		選				50		2		
	IU84	A					10	0.20		華語系（學）		CLU0077			0		2.0				115	半			Training in Conversation (II)	C		1377			0	N					◎限本系(含雙主修)、外籍生修習◎必須先修過【CLU0066  讀寫訓練（一）】、【CLU0076  會話訓練（一）】			0	國際華語與文化組		王慧娟		三 8-9 和平 博411A	會話訓練（二）	一			1		0		選				50		2		
	IU84	A					10	0.20		華語系（學）		CLU0082			0		2.0				115	半			Stories from Chinese History			1378			0	N					◎限本系(含雙主修)、外籍生修習◎必須先修過【CLU0066  讀寫訓練（一）】			0	國際華語與文化組		張雅惠		一 8-9 和平 教315	中國歷史故事	一			1		0		選				50		2		
	IU84	A					10	0.20		華語系（學）		CLU0090			0		2.0				115	半			Traditional Chinese Festivals			1379			0	N					◎限本系(含雙主修)、外籍生修習◎必須先修過【CLU0066  讀寫訓練（一）】			0	國際華語與文化組		李育娟		五 3-4 和平 綜901	華人傳統節慶	一			1		0		選				50		2		
	IU84	A					10	0.20		華語系（學）		CLU0118			0		2.0				115	半			Humanity and Society across Strait			1380			0	N					◎限本系(含雙主修)、外籍生修習◎必須先修過【CLU0066  讀寫訓練（一）】			0	國際華語與文化組		未定		五 1-2 和平 綜901	兩岸人文與社會	一			1		0		選				50		2		
	IU84	A					10	0.20		華語系（學）		CLU0128			0		2.0				115	半			Chinese Daily Life Culture			1381			0	N					◎必須先修過【CLU0066  讀寫訓練（一）】			0	國際華語與文化組		吳馥如		三 1-2 和平 綜901	華人生活文化	一			1		0		選				50		2		
	IU84	A					10	0.20		華語系（學）		CLU0140			0		4.0				115	半			Practical Chinese (II)			1382			0	N					◎限本系(含雙主修)、外籍生修習◎必須先修過【CLU0139  實用華語（一）】			0	國際華語與文化組		未定		三 6-7 和平 博1003, 五 3-4 和平 博1003	實用華語（二）	一			1		0		選				50		2		
	IU84	A					10	0.20		華語系（學）		CLU0007			0		2.0				115	半			Classical Chinese (II)			1383			0	N					◎限本系(含雙主修)、外籍生修習◎必須先修過【CLU0068  讀寫訓練（三）】			0	國際華語與文化組		張雅惠		五 1-2 和平 博1002	文言文（二）	二			2		0		選				50		2		
	IU84	A					10	0.20		華語系（學）		CLU0017			0		2.0				115	半			Listening in Chinese News			1384			0	N					◎限本系(含雙主修)、外籍生修習◎必須先修過【CLU0068  讀寫訓練（三）】			0	國際華語與文化組		張雅惠		四 3-4 和平 綜901	華語新聞聽力	二			2		0		選				50		2		
	IU84	A					10	0.20		華語系（學）		CLU0069			0		4.0				115	半			Training in Reading and Writing (IV)	A		1385			0	N					◎限本系(含雙主修)、外籍生修習◎必須先修過【CLU0068  讀寫訓練（三）】			0	國際華語與文化組		陳寅清		一 6-7 和平 教101, 三 6-7 和平 無可用教室	讀寫訓練（四）	二			2		0		必				50		2		
	IU84	A					10	0.20		華語系（學）		CLU0069			0		4.0				115	半			Training in Reading and Writing (IV)	B		1386			0	N					◎限本系(含雙主修)、外籍生修習◎必須先修過【CLU0068  讀寫訓練（三）】			0	國際華語與文化組		未定		一 1-2 和平 博1002, 三 1-2 和平 無可用教室	讀寫訓練（四）	二			2		0		必				50		2		
	IU84	A					10	0.20		華語系（學）		CLU0075			0		2.0				115	半			Training in Listening (IV)	A		1387			0	N					◎限本系(含雙主修)、外籍生修習◎必須先修過【CLU0068  讀寫訓練（三）】、【CLU0074  聽力訓練（三）】			0	國際華語與文化組		張雅惠		五 3-4 和平 教101	聽力訓練（四）	二			2		0		選				50		2		
	IU84	A					10	0.20		華語系（學）		CLU0075			0		2.0				115	半			Training in Listening (IV)	B		1388			0	N					◎限本系(含雙主修)、外籍生修習◎必須先修過【CLU0068  讀寫訓練（三）】、【CLU0074  聽力訓練（三）】			0	國際華語與文化組		吳馥如		一 3-4 和平 綜901	聽力訓練（四）	二			2		0		選				50		2		
	IU84	A					10	0.20		華語系（學）		CLU0079			0		2.0				115	半			Training in Conversation (IV)	A		1389			0	N					◎限本系(含雙主修)、外籍生修習◎必須先修過【CLU0068  讀寫訓練（三）】、【CLU0078  會話訓練（三）】			0	國際華語與文化組		吳馥如		一 1-2 和平 綜901	會話訓練（四）	二			2		0		選				50		2		
	IU84	A					10	0.20		華語系（學）		CLU0079			0		2.0				115	半			Training in Conversation (IV)	B		1390			0	N					◎限本系(含雙主修)、外籍生修習◎必須先修過【CLU0068  讀寫訓練（三）】、【CLU0078  會話訓練（三）】			0	國際華語與文化組		未定		三 3-4 和平 教315	會話訓練（四）	二			2		0		選				50		2		
	IU84	A					10	0.20		華語系（學）		CLU0080			0		2.0				115	半			A General Introduction to Chinese History			1391			0	N					◎限本系(含雙主修)、外籍生修習◎必須先修過【CLU0068  讀寫訓練（三）】			0	國際華語與文化組		杜昭玫		二 3-4 和平 博1002	中國歷史概論	二			2		0		必				50		2		
	IU84	A					10	0.20		華語系（學）		CLU0091			0		2.0				115	半			Taiwanese Folk Beliefs			1392			0	N					◎限本系(含雙主修)、外籍生修習◎必須先修過【CLU0068  讀寫訓練（三）】			0	國際華語與文化組		未定		三 8-9 和平 教315	臺灣民間信仰	二			2		0		選				50		2		
	IU84	A					10	0.20		華語系（學）		CLU0018			0		2.0				115	半			Practical Writing			1393			0	N					◎限本系(含雙主修)、外籍生修習◎必須先修過【CLU0069  讀寫訓練（四）】			0	國際華語與文化組		陳嘉凌		三 6-7 和平 教315	應用文寫作	三			3		0		選				50		2		
	IU84	A					10	0.20		華語系（學）		CLU0030			0		2.0				115	半			Professional Chinese: Tour Guide			1394			0	N					◎限本系(含雙主修)、外籍生修習◎必須先修過【CLU0069  讀寫訓練（四）】			0	國際華語與文化組		王慧娟		四 3-4 和平 博1002	專業華語：導遊	三			3		0		選				50		2		
	IU84	A					10	0.20		華語系（學）		CLU0093			0		2.0				115	半			Chinese Cultural Exchange with Other Countries			1395			0	N					◎限本系(含雙主修)、外籍生修習◎必須先修過【CLU0069  讀寫訓練（四）】			0	國際華語與文化組		李育娟		二 6-7 和平 綜901	中外文化交流	三			3		0		選				50		2		
	IU84	A					10	0.20		華語系（學）		CLU0099			0		2.0				115	半			Training in Reading and Writing (VI)	A		1396			0	N					◎限本系(含雙主修)、外籍生修習◎必須先修過【CLU0098  讀寫訓練（五）】			0	國際華語與文化組		王慧娟		二 1-2 和平 綜901	讀寫訓練（六）	三			3		0		必				50		2		
	IU84	A					10	0.20		華語系（學）		CLU0099			0		2.0				115	半			Training in Reading and Writing (VI)	B		1397			0	N					◎限本系(含雙主修)、外籍生修習◎必須先修過【CLU0098  讀寫訓練（五）】			0	國際華語與文化組		張雅惠		二 1-2 和平 博1002	讀寫訓練（六）	三			3		0		必				50		2		
	IU84	A					10	0.20		華語系（學）		CLU0116			0		2.0				115	半			Introduction to Teaching Chinese as A Second Language </br>[ Program: The Inter-disciplinary Program of Technology-assisted Teaching Industry ]			1398			0	N					◎限本系(含雙主修)、外籍生修習◎必須先修過【CLU0098  讀寫訓練（五）】			0	國際華語與文化組		劉欣怡		一 6-7 和平 教315	華語文教學概論 </br>[ 學分學程：科技化教學產業學分學程 ]	三			3		0		必				50		2		ZU47
	IU84	A					10	0.20		華語系（學）		CLU0132			0		2.0				115	半			Introduction Chinese Medicine			1399			0	N					◎限本系(含雙主修)、外籍生修習◎必須先修過【CLU0069  讀寫訓練（四）】			0	國際華語與文化組		未定		二 8-9 和平 無可用教室	中醫概論	三			3		0		選				50		2		
	IU84	A					10	0.20		華語系（學）		CLU0124			0		2.0				115	半			Training in Written-Style Chinese			1400			0	N					◎限本系(含雙主修)、外籍生修習◎必須先修過【CLU0069  讀寫訓練（四）】、【CLU0075  聽力訓練（四）】、【CLU0079  會話訓練（四）】			0	國際華語與文化組		王慧娟		三 3-4 和平 無可用教室	華語書面語訓練	四			4		0		選				50		2		
	IU84	A					10	0.20		華語系（學）		CLU0126			0		2.0				115	半			A General Introduction to History of Chinese Thought			1401			0	N					◎限本系(含雙主修)、外籍生修習◎必須先修過【CLU0069  讀寫訓練（四）】			0	國際華語與文化組		邱詩雯		一 8-9 和平 教101	中國思想史概論	四			4		0		選				50		2		
	IU84	A					10	0.20		華語系（學）		CLU1094			0		2.0				115	半			Chinese for Technology			1402			0	N					◎限本系(含雙主修)、外籍生修習◎必須先修過【CLU0069  讀寫訓練（四）】			0	國際華語與文化組		劉欣怡		三 1-2 和平 博1002	科技華語	四			4		0		選				50		2		
	IU84	B					3	0.06		華語系（學）		CLU1056			0		2.0				115	半			Chinese Language Curriculum and Instructional Design </br>[ Program: The Specialization Program of AI and Chinese Language Material Development The Inter-disciplinary Program of Technology-assisted Teaching Industry ]	A		1403			0	N					◎限本系(含雙主修)修習			0	應用華語文學組		陳嘉凌		二 6-7 和平 無可用教室	華語課程與教學設計 </br>[ 學分學程：AI與語言教材研發專業學分學程 科技化教學產業學分學程 ]						0		必				50		2		ZU47/ZU5W
	IU84	B					3	0.06		華語系（學）		CLU1056			0		2.0				115	半			Chinese Language Curriculum and Instructional Design </br>[ Program: The Specialization Program of AI and Chinese Language Material Development The Inter-disciplinary Program of Technology-assisted Teaching Industry ]	B		1404			0	N					◎限本系(含雙主修)修習			0	應用華語文學組		邱詩雯		二 8-9 和平 無可用教室	華語課程與教學設計 </br>[ 學分學程：AI與語言教材研發專業學分學程 科技化教學產業學分學程 ]						0		必				50		2		ZU47/ZU5W
	IU84	B					3	0.06		華語系（學）		CLU1095			0		3.0				115	半			Pedagogy of Chinese Reading and Writing </br>[ Program: The Specialization Program of Cross-Border Transitional Chinese Language Teaching ]			1405			0	N					◎限本系(含雙主修)修習			0	應用華語文學組		未定		四 7-9 和平 無可用教室	華語閱讀與寫作教學 </br>[ 學分學程：跨國銜轉教學專業學分學程 ]						0		選				50		2		ZU5X
	IU84	B					3	0.06		華語系（學）		CLU1096			0		3.0				115	半			Pedagogy of Chinese Listening and Speaking </br>[ Program: The Specialization Program of Cross-Border Transitional Chinese Language Teaching ]			1406			0	N					◎限本系(含雙主修)修習			0	應用華語文學組		未定		三 2-4 和平 無可用教室	華語聽力與口說教學 </br>[ 學分學程：跨國銜轉教學專業學分學程 ]						0		選				50		2		ZU5X
	IU84	B					3	0.06		華語系（學）		CLU1004			0		2.0				115	半			Introduction to Linguistics </br>[ Program: The Specialization Program of Teaching Chinese as a Second Language ]	A		1407			0	N					◎限本系(含雙主修)、輔系修習			0	應用華語文學組		官英華		四 6-7 和平 無可用教室	語言學概論 </br>[ 學分學程：華語文教學領域專業學分學程 ]	一			1		0		必				50		2		ZU8O
	IU84	B					3	0.06		華語系（學）		CLU1004			0		2.0				115	半			Introduction to Linguistics </br>[ Program: The Specialization Program of Teaching Chinese as a Second Language ]	B		1408			0	N					◎限本系(含雙主修)、輔系修習			0	應用華語文學組		官英華		四 9-10 和平 無可用教室	語言學概論 </br>[ 學分學程：華語文教學領域專業學分學程 ]	一			1		0		必				50		2		ZU8O
	IU84	B					10	0.40		華語系（學）		CLU1008			0		2.0				115	半			Modern Literature </br>[ Program: The Specialization Program of International Communication and Cross-cultural Narratives ]			1409			0	N					◎限本系(含雙主修)修習			0	應用華語文學組		林振興		四 3-4 和平 無可用教室	現代文學史 </br>[ 學分學程：國際溝通與跨文化敘事專業學分學程 ]	一			1		0		必				50		2		ZU5V
	IU84	B					3	0.06		華語系（學）		CLU1024			0		2.0				115	半			German (I)			1410			0	N					◎限本系(含雙主修)修習			0	應用華語文學組		官英華		二 3-4 和平 無可用教室	德語（一）	一			1		0		選				50		2		
	IU84	B					3	0.06		華語系（學）		CLU1027			0		3.0				115	半			Confucian Classics and Culture			1411			0	N					◎限本系(含雙主修)修習			0	應用華語文學組		未定		一 7-9 和平 無可用教室	儒家文化與經典	一			1		0		選				50		2		
	IU84	B					3	0.06		華語系（學）		CLU1090			0		3.0				115	半			Western Culture History			1412			0	N					◎限本系(含雙主修)修習			0	應用華語文學組		吳龍雲		二 7-9 和平 無可用教室	西洋文化史	一			1		0		選				50		2		
	IU84	B					3	0.06		華語系（學）		CLU1097			0		2.0				115	半			Chinese Society and Culture </br>[ Program: The Specialization Program of AI and Chinese Language Material Development The Specialization Program of Digital Humanities and Knowledge Translation for Chinese as a Second Language The Specialization Program of Teaching Chinese as a Second Language ]	A		1413			0	N					◎限本系(含雙主修)、輔系修習			0	應用華語文學組		吳龍雲		一 1-2 和平 無可用教室	華人社會與文化 </br>[ 學分學程：AI與語言教材研發專業學分學程 數位人文與知識轉譯專業學分學程 華語文教學領域專業學分學程 ]	一			1		0		必				50		2		ZU5U/ZU5W/ZU8O
	IU84	B					3	0.06		華語系（學）		CLU1097			0		2.0				115	半			Chinese Society and Culture </br>[ Program: The Specialization Program of AI and Chinese Language Material Development The Specialization Program of Digital Humanities and Knowledge Translation for Chinese as a Second Language The Specialization Program of Teaching Chinese as a Second Language ]	B		1414			0	N					◎限本系(含雙主修)、輔系修習			0	應用華語文學組		吳龍雲		一 3-4 和平 無可用教室	華人社會與文化 </br>[ 學分學程：AI與語言教材研發專業學分學程 數位人文與知識轉譯專業學分學程 華語文教學領域專業學分學程 ]	一			1		0		必				50		2		ZU5U/ZU5W/ZU8O
	IU84	B					3	0.06		華語系（學）		CLU1011			0		2.0				115	半			Chinese Syntax </br>[ Program: The Specialization Program of Teaching Chinese as a Second Language ]	A		1415			0	N					◎限本系(含雙主修)、輔系修習			0	應用華語文學組		未定		一 1-2 和平 無可用教室	華語語法學 </br>[ 學分學程：華語文教學領域專業學分學程 ]	二			2		0		必				50		2		ZU8O
	IU84	B					3	0.06		華語系（學）		CLU1011			0		2.0				115	半			Chinese Syntax </br>[ Program: The Specialization Program of Teaching Chinese as a Second Language ]	B		1416			0	N					◎限本系(含雙主修)、輔系修習			0	應用華語文學組		未定		二 3-4 和平 無可用教室	華語語法學 </br>[ 學分學程：華語文教學領域專業學分學程 ]	二			2		0		必				50		2		ZU8O
	IU84	B					3	0.06		華語系（學）		CLU1040			0		2.0				115	半			Introduction to Multiculturalism </br>[ Program: The Specialization Program of International Communication and Cross-cultural Narratives The Specialization Program of Cross-Border Transitional Chinese Language Teaching The Specialization Program of Teaching Chinese as a Second Language ]	A		1417			0	N					◎限本系(含雙主修)、輔系修習			0	應用華語文學組		楊秉煌		四 3-4 和平 無可用教室	多元文化導論 </br>[ 學分學程：國際溝通與跨文化敘事專業學分學程 跨國銜轉教學專業學分學程 華語文教學領域專業學分學程 ]	二			2		0		必				50		2		ZU5V/ZU5X/ZU8O
	IU84	B					3	0.06		華語系（學）		CLU1040			0		2.0				115	半			Introduction to Multiculturalism </br>[ Program: The Specialization Program of International Communication and Cross-cultural Narratives The Specialization Program of Cross-Border Transitional Chinese Language Teaching The Specialization Program of Teaching Chinese as a Second Language ]	B		1418			0	N					◎限本系(含雙主修)、輔系修習			0	應用華語文學組		楊秉煌		四 1-2 和平 無可用教室	多元文化導論 </br>[ 學分學程：國際溝通與跨文化敘事專業學分學程 跨國銜轉教學專業學分學程 華語文教學領域專業學分學程 ]	二			2		0		必				50		2		ZU5V/ZU5X/ZU8O
	IU84	B					3	0.06		華語系（學）		CLU1071			0		3.0				115	半			Introduction to Learning Theories </br>[ Program: The Specialization Program of Cross-Border Transitional Chinese Language Teaching ]			1419			0	N					◎限本系(含雙主修)修習			0	應用華語文學組		未定		五 2-4 和平 無可用教室	學習理論概論 </br>[ 學分學程：跨國銜轉教學專業學分學程 ]	二			2		0		選				50		2		ZU5X
	IU84	B					3	0.06		華語系（學）		CLU1079			0		3.0				115	半			Introduction to Chinese Cinema </br>[ Program: The Specialization Program of Digital Humanities and Knowledge Translation for Chinese as a Second Language ]			1420			0	N					◎限本系(含雙主修)修習			0	應用華語文學組		鄭怡庭		一 6-8 和平 無可用教室	華人電影導論 </br>[ 學分學程：數位人文與知識轉譯專業學分學程 ]	二			2		0		選				50		2		ZU5U
	IU84	B					3	0.06		華語系（學）		CLU1084			0		2.0				115	半			Language Testing and Statistics	A		1421			0	N					◎限本系(含雙主修)修習			0	應用華語文學組		張瓅勻		四 1-2 和平 無可用教室	語言測驗與統計	二			2		0		必				50		2		
	IU84	B					3	0.06		華語系（學）		CLU1084			0		2.0				115	半			Language Testing and Statistics	B		1422			0	N					◎限本系(含雙主修)修習			0	應用華語文學組		張瓅勻		四 3-4 和平 無可用教室	語言測驗與統計	二			2		0		必				50		2		
	IU84	B					3	0.06		華語系（學）		CLU1087			0		2.0				115	半			Chinese Pronunciation and Oral Expression			1423			0	N					◎限本系(含雙主修)修習			0	應用華語文學組		未定		三 6-7 和平 無可用教室	華語正音與口語表達	二			2		0		選				50		2		
	IU84	B					3	0.06		華語系（學）		CLU1013			0		2.0				115	半			Chinese Language Materials Design	A		1424			0	N					◎限本系(含雙主修)修習			0	應用華語文學組		邱詩雯		二 3-4 和平 無可用教室	華語文教材編寫	三			3		0		必				50		2		
	IU84	B					3	0.06		華語系（學）		CLU1013			0		2.0				115	半			Chinese Language Materials Design	B		1425			0	N					◎限本系(含雙主修)修習			0	應用華語文學組		邱詩雯		二 1-2 和平 無可用教室	華語文教材編寫	三			3		0		必				50		2		
	IU84	B					3	0.06		華語系（學）		CLU1016			0		2.0				115	半			Chinese Language Teaching Practicum	A		1426			0	N					◎限本系(含雙主修)、輔系修習			0	應用華語文學組		邱詩雯		一 1-2 和平 無可用教室	華語文教學實務	三			3		0		必				50		2		
	IU84	B					3	0.06		華語系（學）		CLU1016			0		2.0				115	半			Chinese Language Teaching Practicum	B		1427			0	N					◎限本系(含雙主修)、輔系修習			0	應用華語文學組		邱詩雯		一 3-4 和平 無可用教室	華語文教學實務	三			3		0		必				50		2		
	IU84	B					3	0.06		華語系（學）		CLU1059			0		3.0				115	半			Cognitive Psychology </br>[ Program: The Inter-disciplinary Program of PASSION Quality Education in Rural Schools ]			1428			0	N					◎限本系(含雙主修)修習			0	應用華語文學組		張瓅勻		三 8-10 和平 無可用教室	認知心理學 </br>[ 學分學程：PASSION偏鄉優質教育學分學程 ]	三			3		0		選				50		2		ZU79
	IU84	B					3	0.06		華語系（學）		CLU1064			0		3.0				115	半			Chinese Pragmatics </br>[ Program: The Specialization Program of International Communication and Cross-cultural Narratives ]			1429			0	N					◎限本系(含雙主修)修習			0	應用華語文學組		未定		五 7-9 和平 無可用教室	華語語用學 </br>[ 學分學程：國際溝通與跨文化敘事專業學分學程 ]	三			3		0		選				50		2		ZU5V
	IU84	B					3	0.06		華語系（學）		CLU1082			0		3.0				115	半			Language and Culture			1430			0	N					◎限本系(含雙主修)修習			0	應用華語文學組		未定		四 2-4 和平 無可用教室	語言與文化	三			3		0		選				50		2		
	IU84	B					3	0.06		華語系（學）		CLU1051			0		3.0				115	半			Taiwanese Folk and Culture </br>[ Program: The Specialization Program of Digital Humanities and Knowledge Translation for Chinese as a Second Language The Specialization Program of International Communication and Cross-cultural Narratives ]			1431			0	N					◎限本系(含雙主修)修習			0	應用華語文學組		楊秉煌		三 2-4 和平 無可用教室	臺灣民俗與文化 </br>[ 學分學程：數位人文與知識轉譯專業學分學程 國際溝通與跨文化敘事專業學分學程 ]	四			4		0		選				50		2		ZU5U/ZU5V
	IU84	B					3	0.06		華語系（學）		CLU1092			0		3.0				115	半			Mandarin Curriculum Design for the Education of Children </br>[ Program: The Specialization Program of Cross-Border Transitional Chinese Language Teaching ]			1432			0	N					◎限本系(含雙主修)修習			0	應用華語文學組		未定		三 6-8 和平 無可用教室	兒童華語教學 </br>[ 學分學程：跨國銜轉教學專業學分學程 ]	四			4		0		選				50		2		ZU5X
	IU88						10	0.20		大傳所（學）		MCC9001			5		3.0				115	半			Nonfiction: Audio Content and Practice </br>[ Program: The Inter-disciplinary Program of Science Communication ]			1433			0	N			9					0			蔡如音	大碩	五 3-5 和平 綜7樓大傳所大教室	非虛構：音頻內容與實踐 </br>[ 學分學程：科學傳播學分學程 ]						0		選				50		2		ZU34
	IU88						10	0.40		大傳所（學）		MCC9003			5		3.0				115	半			Multimedia Production </br>[ Program: The Inter-disciplinary Program of Science Communication ]			1434			0	N			9					0			蔣旭政	大碩	四 7-9 和平 無可用教室	多媒體製作 </br>[ 學分學程：科學傳播學分學程 ]						0		選				50		2		ZU34
	IU88						10	0.20		大傳所（學）		MCC9006			5		3.0				115	半			Media Industry and Media Practices </br>[ Program: The Inter-disciplinary Program of Science Communication The Inter-disciplinary Program of Society and Communication Application ]			1435			0	N			9					0			王維菁	大碩	二 7-9 和平 綜7樓大傳所大教室	傳播產業與媒體實務 </br>[ 學分學程：科學傳播學分學程 社會與傳播應用學分學程 ]						0		選				50		2		ZU34/ZU9E
	IU89						10	0.20		社工所（學）		SWC9003			0		3.0				115	半			Environmental Social Work - Practice, Policy, and People			1436			0	N		是	9					0			Senjooti Roy	大碩	三 3-5 和平 教室自排	環境社會工作—實踐、政策與人員						0		選				50		2		
	IU89						10	0.40		社工所（學）		SWC9004			0		3.0				115	半			Qualitative Research Methods for Social Work			1437			0	N		是	9					0			Senjooti Roy	大碩	四 2-4 和平 教室自排	社會工作質性研究方法						0		選				50		2		
	IUH0						10	0.20		全球研究學位學程（學）		GBU0002			3		3.0				115	半			Introduction to Global Studies (II) </br>[ Program: The EMI Specialization Program of Global Political Economy ]			1438			0	N		是						0			邱愷欣		五 6-8 和平 無可用教室	全球研究導論（二） </br>[ 學分學程：全球政治經濟專業學分學程 ]						0		必				50		2		ZU5R
	IUH0						10	0.20		全球研究學位學程（學）		GBU0009			3		3.0				115	半			East Asian Cities in Films			1439			0	N		是						0			鄭怡庭		一 2-4 和平 無可用教室	電影中的東亞城市						0		選				50		2		
	IUH0						10	0.20		全球研究學位學程（學）		GBU0021			3		3.0				115	半			Immigrants and Overseas Chinese Studies			1440			0	N		是						0			未定		四 7-9 和平 無可用教室	移民與海外華人研究						0		選				50		2		
	IUH0						10	0.20		全球研究學位學程（學）		GBU0030			3		3.0				115	半			Globalization in East Asian States </br>[ Program: The EMI Specialization Program of Global Political Economy ]			1441			0	N		是						0			未定		二 6-8 和平 無可用教室	東亞國家的全球化 </br>[ 學分學程：全球政治經濟專業學分學程 ]						0		選				50		2		ZU5R
	IUH0						10	0.20		全球研究學位學程（學）		GBU0034			3		3.0				115	半			Introduction to Social Science Studies			1442			0	N		是						0			姚仕帆		三 6-8 和平 無可用教室	社會科學研究導論						0		必				50		2		
	IUH0						10	0.20		全球研究學位學程（學）		GBU0036			3		3.0				115	半			Research Methods for Global Studies			1443			0	N		是						0			姚仕帆		四 6-8 和平 無可用教室	全球研究方法						0		選				50		2		
	IUH0						10	0.40		全球研究學位學程（學）		GBC9001			3		3.0				115	半			Environment and Asian Society			1444			0	N		是	9					0			未定	大碩	三 6-8 和平 無可用教室	環境與亞洲社會						0		選				50		2		
	IUH0						10	0.20		全球研究學位學程（學）		GBU0004			3		3.0				115	半			Global Economy and Business Development			1445			0	N		是						0			田正利		一 6-8 和平 無可用教室	全球經濟與企業發展	一			1		0		必				50		2		
	IUH0						10	0.20		全球研究學位學程（學）		GBU0013			3		3.0				115	半			Seminar on Global Media Studies			1446			0	N		是						0			邱愷欣		四 3-5 和平 無可用教室	全球媒體專題	二			2		0		選				50		2		
	IUH0						10	0.20		全球研究學位學程（學）		GBU0014			3		3.0				115	半			Introduction to International Political Economics </br>[ Program: The EMI Specialization Program of Global Political Economy ]			1447			0	N		是						0			姚仕帆		五 6-8 和平 無可用教室	國際政治經濟學概論 </br>[ 學分學程：全球政治經濟專業學分學程 ]	二			2		0		選				50		2		ZU5R
	IUH0						10	0.40		全球研究學位學程（學）		GBU0033			0		3.0				115	半			Writing for Academic Success			1448			0	N		是			◎限教院學士班（學）、全球研究學位學程（學）選修			0			未定		二 2-4 和平 無可用教室	英文專題寫作	二			2		0		選				50		2		
	IUH0						10	0.40		全球研究學位學程（學）		GBU0006			3		3.0				115	半			Intercultural Communication			1449			0	N		是						0			張雯		二 2-4 和平 無可用教室	跨文化溝通研究	三			3		0		必				50		2		
	L						10	0.20		文學院		L0U1002			5		2.0				115	半			Japanese for Beginners (II) </br>[ Program: The Inter-disciplinary Program of Japanese as a Foreign Language ]	A		1450			0	N					◎初選 日本語文學分學程 研究生得下修 ◎必須先修過【L0U1001  初級日文（一）】、【PGUT012  初級日文（一）】其中一門			0			未定		一 A-B 和平 無可用教室	初級日文（二） </br>[ 學分學程：日本語文學分學程 ]						0		必				50		2		ZU97
	L						10	0.20		文學院		L0U1002			5		2.0				115	半			Japanese for Beginners (II) </br>[ Program: The Inter-disciplinary Program of Japanese as a Foreign Language ]	B		1451			0	N					◎初選 日本語文學分學程 研究生得下修 ◎必須先修過【L0U1001  初級日文（一）】、【PGUT012  初級日文（一）】其中一門			0			未定		二 A-B 和平 無可用教室	初級日文（二） </br>[ 學分學程：日本語文學分學程 ]						0		必				50		2		ZU97
	L						10	0.20		文學院		L0U1002			5		2.0				115	半			Japanese for Beginners (II) </br>[ Program: The Inter-disciplinary Program of Japanese as a Foreign Language ]	C		1452			0	N					◎初選 日本語文學分學程 研究生得下修 ◎必須先修過【L0U1001  初級日文（一）】、【PGUT012  初級日文（一）】其中一門			0			未定		五 8-9 和平 無可用教室	初級日文（二） </br>[ 學分學程：日本語文學分學程 ]						0		必				50		2		ZU97
	L						10	0.20		文學院		L0U1002			5		2.0				115	半			Japanese for Beginners (II) </br>[ Program: The Inter-disciplinary Program of Japanese as a Foreign Language ]	D		1453			0	N					◎初選 日本語文學分學程 研究生得下修 ◎必須先修過【L0U1001  初級日文（一）】、【PGUT012  初級日文（一）】其中一門			0			未定		四 1-2 和平 無可用教室	初級日文（二） </br>[ 學分學程：日本語文學分學程 ]						0		必				50		2		ZU97
	L						10	0.20		文學院		L0U1004			5		2.0				115	半			Intermediate Japanese (II) </br>[ Program: The Inter-disciplinary Program of Japanese as a Foreign Language ]	A		1454			0	N					◎初選 日本語文學分學程 研究生得下修 ◎必須先修過【L0U1003  中級日文（一）】、【PGUT014  中級日文（一）】其中一門			0			未定		三 A-B 和平 無可用教室	中級日文（二） </br>[ 學分學程：日本語文學分學程 ]						0		必				50		2		ZU97
	L						10	0.20		文學院		L0U1004			5		2.0				115	半			Intermediate Japanese (II) </br>[ Program: The Inter-disciplinary Program of Japanese as a Foreign Language ]	B		1455			0	N					◎初選 日本語文學分學程 研究生得下修 ◎必須先修過【L0U1003  中級日文（一）】、【PGUT014  中級日文（一）】其中一門			0			未定		四 3-4 和平 無可用教室	中級日文（二） </br>[ 學分學程：日本語文學分學程 ]						0		必				50		2		ZU97
	L						10	0.20		文學院		L0U1006			5		2.0				115	半			Japanese Conversation and Listening Comprehension (II) </br>[ Program: The Inter-disciplinary Program of Japanese as a Foreign Language ]	A		1456			0	N					◎初選 日本語文學分學程 研究生得下修 ◎必須先修過【L0U1005  日語會話與聽講（一）】、【PGUT016  日語會話與聽講（一）】其中一門			0			未定		二 A-B 和平 無可用教室	日語會話與聽講（二） </br>[ 學分學程：日本語文學分學程 ]						0		必				50		2		ZU97
	L						10	0.20		文學院		L0U1006			5		2.0				115	半			Japanese Conversation and Listening Comprehension (II) </br>[ Program: The Inter-disciplinary Program of Japanese as a Foreign Language ]	B		1457			0	N					◎初選 日本語文學分學程 研究生得下修 ◎必須先修過【L0U1005  日語會話與聽講（一）】、【PGUT016  日語會話與聽講（一）】其中一門			0			未定		一 6-7 和平 無可用教室	日語會話與聽講（二） </br>[ 學分學程：日本語文學分學程 ]						0		必				50		2		ZU97
	L						10	0.20		文學院		L0U1010			5		2.0				115	半			Advanced Japanese (II) </br>[ Program: The Inter-disciplinary Program of Japanese as a Foreign Language ]			1458			0	N					◎初選 日本語文學分學程 研究生得下修			0			未定		一 8-9 和平 無可用教室	進階日文（二） </br>[ 學分學程：日本語文學分學程 ]						0		必				50		2		ZU97
	L						10	0.20		文學院		L0U1012			5		2.0				115	半			Advanced Japanese Conversation and Listening Comprehension (II) </br>[ Program: The Inter-disciplinary Program of Japanese as a Foreign Language ]			1459			0	N					◎初選 日本語文學分學程 研究生得下修			0			未定		四 3-4 和平 無可用教室	進階日語會話與聽講（二） </br>[ 學分學程：日本語文學分學程 ]						0		選				50		2		ZU97
	L						10	0.20		文學院		L0U1016			5		2.0				115	半			Selected Reading in Japanese Literature </br>[ Program: The Inter-disciplinary Program of Japanese as a Foreign Language ]			1460			0	N					◎初選 日本語文學分學程 研究生得下修			0			未定		四 5-6 和平 無可用教室	日本文學名著選讀 </br>[ 學分學程：日本語文學分學程 ]						0		選				50		2		ZU97
	L						10	0.20		文學院		L0U1018			5		2.0				115	半			News Japanese </br>[ Program: The Inter-disciplinary Program of Japanese as a Foreign Language ]			1461			0	N					◎初選 日本語文學分學程 研究生得下修 ◎必須先修過【L0U1002  初級日文（二）】、【PGUT012  初級日文（一）】、【PGUT013  初級日文（二）】、【L0U1001  初級日文（一）】其中一門			0			未定		五 6-7 和平 無可用教室	新聞日語 </br>[ 學分學程：日本語文學分學程 ]						0		選				50		2		ZU97
	L						10	0.20		文學院		L0U1019			5		2.0				115	半			Japanese Reading and Writing </br>[ Program: The Inter-disciplinary Program of Japanese as a Foreign Language ]	A		1462			0	N					◎必須先修過【L0U1001  初級日文（一）】、【L0U1002  初級日文（二）】、【PGUT012  初級日文（一）】、【PGUT013  初級日文（二）】、【L0U1003  中級日文（一）】、【L0U1004  中級日文（二）】、【PGUT014  中級日文（一）】、【PGUT015  中級日文（二）】其中一門			0			未定		二 8-9 和平 無可用教室	日文閱讀與寫作 </br>[ 學分學程：日本語文學分學程 ]						0		必				50		2		ZU97
	L						10	0.20		文學院		L0U1019			5		2.0				115	半			Japanese Reading and Writing </br>[ Program: The Inter-disciplinary Program of Japanese as a Foreign Language ]	B		1463			0	N					◎必須先修過【L0U1001  初級日文（一）】、【L0U1002  初級日文（二）】、【PGUT012  初級日文（一）】、【PGUT013  初級日文（二）】、【L0U1003  中級日文（一）】、【L0U1004  中級日文（二）】、【PGUT014  中級日文（一）】、【PGUT015  中級日文（二）】其中一門			0			未定		五 6-7 和平 無可用教室	日文閱讀與寫作 </br>[ 學分學程：日本語文學分學程 ]						0		必				50		2		ZU97
	L						10	0.20		文學院		L0U2002			5		2.0				115	半			Korean for Beginners (II) </br>[ Program: The Inter-disciplinary Program of Korean Studies and Language ]	A		1464			0	N					◎必須先修過【L0U2001  初級韓文（一）】、【PGU7001  初級韓文（一）】、【0HUG506  韓語（一）】、【EAU0075  初級韓語（一）】其中一門			0			金恩美		一 3-4 和平 無可用教室	初級韓文（二） </br>[ 學分學程：韓國學與語文學分學程 ]						0		必				50		2		ZU9P
	L						10	0.20		文學院		L0U2002			5		2.0				115	半			Korean for Beginners (II) </br>[ Program: The Inter-disciplinary Program of Korean Studies and Language ]	B		1465			0	N					◎必須先修過【L0U2001  初級韓文（一）】、【PGU7001  初級韓文（一）】、【0HUG506  韓語（一）】、【EAU0075  初級韓語（一）】其中一門			0			金家絃		一 1-2 和平 無可用教室	初級韓文（二） </br>[ 學分學程：韓國學與語文學分學程 ]						0		必				50		2		ZU9P
	L						10	0.20		文學院		L0U2002			5		2.0				115	半			Korean for Beginners (II) </br>[ Program: The Inter-disciplinary Program of Korean Studies and Language ]	C		1466			0	N					◎必須先修過【L0U2001  初級韓文（一）】、【PGU7001  初級韓文（一）】、【0HUG506  韓語（一）】、【EAU0075  初級韓語（一）】其中一門			0			李圭旼		二 6-7 和平 無可用教室	初級韓文（二） </br>[ 學分學程：韓國學與語文學分學程 ]						0		必				50		2		ZU9P
	L						10	0.20		文學院		L0U2002			5		2.0				115	半			Korean for Beginners (II) </br>[ Program: The Inter-disciplinary Program of Korean Studies and Language ]	D		1467			0	N					◎必須先修過【L0U2001  初級韓文（一）】、【PGU7001  初級韓文（一）】、【0HUG506  韓語（一）】、【EAU0075  初級韓語（一）】其中一門			0			康雲柱		二 3-4 和平 無可用教室	初級韓文（二） </br>[ 學分學程：韓國學與語文學分學程 ]						0		必				50		2		ZU9P
	L						10	0.20		文學院		L0U2002			5		2.0				115	半			Korean for Beginners (II) </br>[ Program: The Inter-disciplinary Program of Korean Studies and Language ]	E		1468			0	N					◎必須先修過【L0U2001  初級韓文（一）】、【PGU7001  初級韓文（一）】、【0HUG506  韓語（一）】、【EAU0075  初級韓語（一）】其中一門			0			洪攸善		四 1-2 和平 無可用教室	初級韓文（二） </br>[ 學分學程：韓國學與語文學分學程 ]						0		必				50		2		ZU9P
	L						10	0.20		文學院		L0U2004			5		2.0				115	半			Intermediate Korean (II) </br>[ Program: The Inter-disciplinary Program of Korean Studies and Language ]	A		1469			0	N					◎必須先修過【L0U2003  中級韓文（一）】、【PGU7002  中級韓文（一）】、【EAU0083  中級韓語（一）】、【0HUG651  韓語（二）】其中一門			0			金家絃		一 3-4 和平 無可用教室	中級韓文（二） </br>[ 學分學程：韓國學與語文學分學程 ]						0		必				50		2		ZU9P
	L						10	0.20		文學院		L0U2004			5		2.0				115	半			Intermediate Korean (II) </br>[ Program: The Inter-disciplinary Program of Korean Studies and Language ]	B		1470			0	N					◎必須先修過【L0U2003  中級韓文（一）】、【PGU7002  中級韓文（一）】、【EAU0083  中級韓語（一）】、【0HUG651  韓語（二）】其中一門			0			崔熲		三 8-9 和平 無可用教室	中級韓文（二） </br>[ 學分學程：韓國學與語文學分學程 ]						0		必				50		2		ZU9P
	L						10	0.20		文學院		L0U2006			5		2.0				115	半			Korean Conversation and Listening Practice (II) </br>[ Program: The Inter-disciplinary Program of Korean Studies and Language ]	A		1471			0	N					◎必須先修過【L0U2005  韓語會話與聽力練習（一）】、【PGU7003  韓語會話與聽力練習（一）】其中一門			0			金恩美		三 6-7 和平 無可用教室	韓語會話與聽力練習（二） </br>[ 學分學程：韓國學與語文學分學程 ]						0		必				50		2		ZU9P
	L						10	0.20		文學院		L0U2006			5		2.0				115	半			Korean Conversation and Listening Practice (II) </br>[ Program: The Inter-disciplinary Program of Korean Studies and Language ]	B		1472			0	N					◎必須先修過【L0U2005  韓語會話與聽力練習（一）】、【PGU7003  韓語會話與聽力練習（一）】其中一門			0			洪攸善		二 A-B 和平 無可用教室	韓語會話與聽力練習（二） </br>[ 學分學程：韓國學與語文學分學程 ]						0		必				50		2		ZU9P
	L						10	0.20		文學院		L0U2006			5		2.0				115	半			Korean Conversation and Listening Practice (II) </br>[ Program: The Inter-disciplinary Program of Korean Studies and Language ]	C		1473			0	N					◎必須先修過【L0U2005  韓語會話與聽力練習（一）】、【PGU7003  韓語會話與聽力練習（一）】其中一門			0			康雲柱		一 1-2 和平 無可用教室	韓語會話與聽力練習（二） </br>[ 學分學程：韓國學與語文學分學程 ]						0		必				50		2		ZU9P
	L						10	0.20		文學院		L0U2012			5		2.0				115	半			Business Korean </br>[ Program: The Inter-disciplinary Program of Korean Studies and Language ]			1474			0	N								0			金佳圓		五 8-9 和平 無可用教室	商用韓語 </br>[ 學分學程：韓國學與語文學分學程 ]						0		選				50		2		ZU9P
	L						10	0.20		文學院		L0U2021			5		2.0				115	半			Korean Movies and Democratization </br>[ Program: The Inter-disciplinary Program of Korean Studies and Language ]			1475			0	N								0			林志豪		五 8-9 和平 無可用教室	韓國電影與民主化 </br>[ 學分學程：韓國學與語文學分學程 ]						0		選				50		2		ZU9P
	L						10	0.20		文學院		L0U2022			5		2.0				115	半			Korean Reading and Writing </br>[ Program: The Inter-disciplinary Program of Korean Studies and Language ]	A		1476			0	N								0			金佳圓		五 6-7 和平 無可用教室	韓文閱讀與寫作 </br>[ 學分學程：韓國學與語文學分學程 ]						0		必				50		2		ZU9P
	L						10	0.20		文學院		L0U2022			5		2.0				115	半			Korean Reading and Writing </br>[ Program: The Inter-disciplinary Program of Korean Studies and Language ]	B		1477			0	N								0			康雲柱		二 1-2 和平 無可用教室	韓文閱讀與寫作 </br>[ 學分學程：韓國學與語文學分學程 ]						0		必				50		2		ZU9P
	L						10	0.20		文學院		L0U2025			5		2.0				115	半			The Practical Usage and Grammar of Korean </br>[ Program: The Inter-disciplinary Program of Korean Studies and Language ]			1478			0	N								0			李圭旼		一 8-9 和平 無可用教室	韓語實用語法與應用 </br>[ 學分學程：韓國學與語文學分學程 ]						0		選				50		2		ZU9P
	L						10	0.20		文學院		L0U2030			5		2.0				115	半			Advanced Korean (II) </br>[ Program: The Inter-disciplinary Program of Korean Studies and Language ]			1479			0	N					◎必須先修過【L0U2029  高級韓文（一）】			0			金家絃		一 6-7 和平 無可用教室	高級韓文（二） </br>[ 學分學程：韓國學與語文學分學程 ]						0		選				50		2		ZU9P
	L						10	0.20		文學院		L0U2032			5		2.0				115	半			Folktales and Legends of Korea </br>[ Program: The Inter-disciplinary Program of Korean Studies and Language ]			1480			0	N								0			洪攸善		五 6-7 和平 無可用教室	韓國民間故事與傳說 </br>[ 學分學程：韓國學與語文學分學程 ]						0		選				50		2		ZU9P
	L						10	0.40		文學院		L0U3004			5		2.0				115	半			History of Western Philosophy (II) </br>[ Program: The Inter-disciplinary Program of Philosophy ]			1481			0	N					◎初選 哲學學分學程 研究生得下修			0			未定		五 8-9 和平 無可用教室	西洋哲學史（二） </br>[ 學分學程：哲學學分學程 ]						0		選				50		2		ZU9X
	L						10	0.40		文學院		L0U3006			5		2.0				115	半			Political Philosophy </br>[ Program: The Inter-disciplinary Program of Philosophy ]			1482			0	N					◎初選 哲學學分學程 研究生得下修			0			鄭楷立		四 8-9 和平 無可用教室	政治哲學 </br>[ 學分學程：哲學學分學程 ]						0		選				50	強烈建議大一的同學不要選課	2		ZU9X
	L						10	0.40		文學院		L0U3011			5		2.0				115	半			Contemporary French Philosophy </br>[ Program: The Inter-disciplinary Program of Philosophy ]			1483			0	N					◎初選 哲學學分學程 研究生得下修			0			未定		五 6-7 和平 無可用教室	當代法國哲學 </br>[ 學分學程：哲學學分學程 ]						0		選				50		2		ZU9X
	L						10	0.40		文學院		L0U3012			5		2.0				115	半			Ethics: An Introduction </br>[ Program: The Inter-disciplinary Program of Philosophy ]			1484			0	N					◎初選 哲學學分學程 研究生得下修			0			未定		四 A-B 和平 無可用教室	倫理學 </br>[ 學分學程：哲學學分學程 ]						0		選				50		2		ZU9X
	L						10	0.40		文學院		L0U3017			0		2.0				115	半			Philosophy of Technology and AI Society </br>[ Program: The Inter-disciplinary Program of Philosophy ]			1485			0	N					◎初選 哲學學分學程 研究生得下修			0			未定		二 A-B 和平 無可用教室	技術哲學與AI社會 </br>[ 學分學程：哲學學分學程 ]						0		選				50		2		ZU9X
	L						10	0.40		文學院		L0U4003			0		2.0				115	半			Indigenous Policy and Laws </br>[ Program: The Inter-disciplinary Program of Indigenous Education and Culture ]			1486			0	N								0			未定		二 10-A 和平 無可用教室	原住民族政策與法規 </br>[ 學分學程：原住民族教育文化學分學程 ]						0		選				50		2		ZU9U
	L						10	0.40		文學院		L0U4004			5		2.0				115	半			Introduction to Indigenous Education </br>[ Program: The Inter-disciplinary Program of Indigenous Education and Culture ]			1487			0	N								0			未定		四 A-B 和平 無可用教室	原住民族教育概論 </br>[ 學分學程：原住民族教育文化學分學程 ]						0		必				50		2		ZU9U
	L						10	0.40		文學院		L0U4005			5		3.0				115	半			Experiential Learning in the Indigenous Communities </br>[ Program: The Inter-disciplinary Program of Indigenous Education and Culture ]			1488			0	N								0			胡哲豪		二 2-4 和平 無可用教室	原住民族部落學習與體驗 </br>[ 學分學程：原住民族教育文化學分學程 ]						0		選				50		2		ZU9U
	L						10	0.40		文學院		L0U4020			5		3.0				115	半			Ethnographic Research Methods </br>[ Program: The Inter-disciplinary Program of Indigenous Education and Culture ]			1489			0	N								0			胡哲豪		五 6-8 和平 無可用教室	民族誌方法概論 </br>[ 學分學程：原住民族教育文化學分學程 ]						0		選				50		2		ZU9U
	L						10	0.40		文學院		L0U6002			8		2.0				115	半			Hakka for Beginners (II) </br>[ Program: The Inter-disciplinary Program of Hakka Language and Culture ]			1490			0	N								0			左春香		三 6-7 和平 無可用教室	初級客語（二） </br>[ 學分學程：客語與客家文化學分學程 ]						0		必				50		2		ZU46
	L						10	0.40		文學院		L0U6004			8		2.0				115	半			Intermediate Hakka (II) </br>[ Program: The Inter-disciplinary Program of Hakka Language and Culture ]			1491			0	N								0			左春香		三 8-9 和平 無可用教室	中級客語（二） </br>[ 學分學程：客語與客家文化學分學程 ]						0		必				50		2		ZU46
	L						10	0.40		文學院		L0U6008			0		2.0				115	半			Practical Hakka Drama </br>[ Program: The Inter-disciplinary Program of Hakka Language and Culture ]			1492			0	N								0			廖芳瀅		一 8-9 和平 無可用教室	客家影劇實務 </br>[ 學分學程：客語與客家文化學分學程 ]						0		選				50		2		ZU46
	L						10	0.40		文學院		L0U6011			8		2.0				115	半			Hakka Curriculum Design </br>[ Program: The Inter-disciplinary Program of Hakka Language and Culture ]			1493			0	N								0			廖芳瀅		四 8-9 和平 無可用教室	客語課程設計 </br>[ 學分學程：客語與客家文化學分學程 ]						0		選				50		2		ZU46
	L						10	0.40		文學院		L0U6014			8		2.0				115	半			Studies on Historical Archives of Hakka Culture </br>[ Program: The Inter-disciplinary Program of Hakka Language and Culture ]			1494			0	N								0			曾建元		二 3-4 和平 無可用教室	客家文化歷史檔案研究 </br>[ 學分學程：客語與客家文化學分學程 ]						0		選				50		2		ZU46
	L						10	0.40		文學院		L0U6017			8		2.0				115	半			Hakka Broadcasting Practices </br>[ Program: The Inter-disciplinary Program of Hakka Language and Culture ]			1495			0	N								0			廖芳瀅		二 8-9 和平 無可用教室	客語廣播實務 </br>[ 學分學程：客語與客家文化學分學程 ]						0		選				50		2		ZU46
	L						10	0.40		文學院		L0U6019			8		2.0				115	半			Hakka Culinary Culture </br>[ Program: The Inter-disciplinary Program of Hakka Language and Culture ]			1496			0	N								0			廖芳瀅		四 6-7 和平 無可用教室	客家飲食文化 </br>[ 學分學程：客語與客家文化學分學程 ]						0		選				50		2		ZU46
	L						10	0.40		文學院		L0U6021			0		2.0				115	半			Hakka Folk Songs Performance: Practice and Multiple Interpretations </br>[ Program: The Inter-disciplinary Program of Hakka Language and Culture ]			1497			0	N								0			未定		四 3-4 和平 無可用教室	客家歌謠表演實務與多元詮釋 </br>[ 學分學程：客語與客家文化學分學程 ]						0		選				50		2		ZU46
	L						10	0.40		文學院		L0U6022			8		2.0				115	半			Hakka Proverbs </br>[ Program: The Inter-disciplinary Program of Hakka Language and Culture ]			1498			0	N								0			廖芳瀅		一 6-7 和平 無可用教室	客家諺語 </br>[ 學分學程：客語與客家文化學分學程 ]						0		選				50		2		ZU46
	L						10	0.40		文學院		L0U6023			8		2.0				115	半			Hakka Children's Literature </br>[ Program: The Inter-disciplinary Program of Hakka Language and Culture ]			1499			0	N								0			賴文英		二 6-7 和平 無可用教室	客家兒童文學 </br>[ 學分學程：客語與客家文化學分學程 ]						0		選				50		2		ZU46
	L						10	0.40		文學院		L0U6025			8		2.0				115	半			Hakka Law and Administration </br>[ Program: The Inter-disciplinary Program of Hakka Language and Culture ]			1500			0	N								0			曾建元		一 6-7 和平 無可用教室	客家法制與行政 </br>[ 學分學程：客語與客家文化學分學程 ]						0		選				50		2		ZU46
	L						10	0.20		文學院		L0C2001			5		2.0				115	半			Society and Culture in Korea </br>[ Program: The Inter-disciplinary Program of Korean Studies and Language ]			1501			0	1			9					0			未定	大碩	三 6-7 和平 無可用教室	韓國社會文化 </br>[ 學分學程：韓國學與語文學分學程 ]						0		選				50	◎數位課程	2		ZU9P
	LD21						10	0.33		英語系（博）		END1008			1		3.0				115	半			Special Topics in American Renaissance			1502			0	N		是			◎課程不開放上修			0			貝格泰		四 2-4 和平 無可用教室	美國文藝復興專題研究						0		選				30		2		
	LD21						10	0.33		英語系（博）		END2017			0		3.0				115	半			Seminar in Sociolinguistics			1503			0	N		是			◎課程不開放上修			0			蘇席瑤		一 3-5 和平 無可用教室	社會語言學專題討論						0		選				30		2		
	LD21						10	0.33		英語系（博）		END3006			0		3.0				115	半			Seminar on Second/Foreign Language Acquisition			1504			0	N		是			◎課程不開放上修			0			程玉秀		二 7-9 和平 無可用教室	外語習得專題討論						0		選				30		2		
	LD21						10	0.33		英語系（博）		END3021			0		3.0				115	半			Seminar on Learning and Writing			1505			0	N		是			◎課程不開放上修			0			張珮青		四 6-8 和平 無可用教室	學習與寫作專題討論						0		選				30		2		
	LD23						5	0.17		地理系（博）		GED0080			0		1.0				115	半			Seminar on Geography			1506			0	N		是			允許重複修 ◎課程開放上修			0			吳秉昇		三 3 和平 無可用教室	地理學專題討論						0		必				30		2		
	LD23						5	0.17		地理系（博）		GED0081			0		1.0				115	半			Field Work in Geography			1507			0	N		是			允許重複修 ◎課程開放上修			0			陳瑩		三 4 和平 無可用教室	地理學野外調查						0		必				30		2		
	LD25						10	0.33		翻譯所（博）		TID0046			3		3.0				115	半			Literary Translations in Late-ming China			1508			0	N					◎課程開放上修			0			未定		五 7-9 和平 無可用教室	明末翻譯文學						0		選				30		2		
	LM20						10	0.40		國文系（碩）		CHC0008			0		3.0				115	半			Seminar on the History of Chinese Literature			1509			0	N			8		◎課程不開放上修			0			胡衍南	碩博	一 5-7 和平 無可用教室	中國文學史專題討論						0		選				50		2		
	LM20						6	0.20		國文系（碩）		CHC0085			3		3.0				115	半			Special Topics in Chinese Calligraphy			1510			0	N			8		◎課程不開放上修			0			黃明理	碩博	一 8-10 和平 無可用教室	書法專題研討						0		選				30		2		
	LM20						6	0.20		國文系（碩）		CHC0109			3		3.0				115	半			Research in Teaching Prose			1511			0	N			8		◎課程不開放上修			0			范宜如	碩博	二 1-3 和平 無可用教室	散文教學研究						0		選				30		2		
	LM20						6	0.20		國文系（碩）		CHC0134			3		3.0				115	半			Studies in the Morphology of Chinese Characters			1512			0	N			8		◎課程不開放上修			0			羅凡晸	碩博	三 1-3 和平 無可用教室	漢字形體學研究						0		選				30		2		
	LM20						6	0.20		國文系（碩）		CHC7010			3		3.0				115	半			Special Topics on Divine Biography			1513			0	N			8		◎課程不開放上修			0			謝聰輝	碩博	二 8-10 和平 無可用教室	神仙傳記專題研究						0		選				30		2		
	LM20						6	0.20		國文系（碩）		CHC8016			3		3.0				115	半			Seminar on Chinese Buddhist Literature			1514			0	N			8		◎限本系(含雙主修)修習 ◎課程開放上修			0			黃敬家	碩博	一 1-3 和平 無可用教室	佛教文學專題研究						0		選				30		2		
	LM20						10	0.33		國文系（碩）		CHC8017			3		3.0				115	半			Seminar in Dunhuang Studies			1515			0	N			8		◎課程不開放上修			0			李幸玲	碩博	二 1-3 和平 無可用教室	敦煌學專題研討						0		選				30		2		
	LM20						6	0.20		國文系（碩）		CHC8025			3		3.0				115	半			Studies in Mythology			1516			0	N			8		◎課程不開放上修			0			鍾宗憲	碩博	三 8-10 和平 無可用教室	神話學研究						0		選				30		2		
	LM20						6	0.20		國文系（碩）		CHC8035			3		3.0				115	半			Studies of Rhapsody			1517			0	N			8		◎課程不開放上修			0			祁立峰	碩博	四 8-10 和平 無可用教室	辭賦專題研究						0		選				30		2		
	LM20						6	0.20		國文系（碩）		CHC8045			3		3.0				115	半			Special Topics on the Study of Chinese Ancient Schools of Philosophy			1518			0	N			8		◎課程不開放上修			0			曾暐傑	碩博	二 8-10 和平 無可用教室	諸子學專題研究						0		選				30		2		
	LM21						10	0.33		英語系（碩）		ENM1058			0		2.0				115	半			English Writing and Research Methods (II)			1519			0	N		是			◎必須先修過【ENM1057  英文寫作與研究方法（一）】 ◎課程不開放上修			0			曾思旭		三 3-4 和平 無可用教室	英文寫作與研究方法（二）						0		必				30		2		
	LM21						10	0.33		英語系（碩）		ENM2004			1		3.0				115	半			Syntax			1520			0	N		是			◎課程不開放上修			0			颯楊		四 7-9 和平 無可用教室	句法學						0		必				30		2		
	LM21						10	0.33		英語系（碩）		ENM2019			0		3.0				115	半			Statistics and Experimental Design			1521			0	N		是			◎課程不開放上修			0			未定		一 6-8 和平 無可用教室	統計與實驗設計						0		選				30		2		
	LM21						10	0.33		英語系（碩）		ENM3001			0		3.0				115	半			Literature in EFL Instruction			1522			0	N		是			◎課程不開放上修			0			未定		四 7-9 和平 無可用教室	文學作品教學						0		選				30		2		
	LM21						10	0.33		英語系（碩）		ENM3020			0		3.0				115	半			Pedagogical Grammar in Tesl/tefl			1523			0	N		是			◎課程不開放上修			0			未定		二 7-9 和平 無可用教室	英語教學文法研究						0		選				30		2		
	LM21						10	0.33		英語系（碩）		ENM3031			0		3.0				115	半			Academic Writing			1524			0	N		是			◎必須先修過(也可以同時修)【ENM3017  英語教學研討】、【ENM3020  英語教學文法研究】、【ENC3029  語言測驗與評量】、【ENC3035  外語習得】其中一門 ◎課程不開放上修			0			張珮青		一 2-4 和平 無可用教室	英文學術論文寫作						0		必				30		2		
	LM21						10	0.33		英語系（碩）		ENC1109			2		3.0				115	半			Special Topics on Horror Genre			1525			0	N		是	8		◎課程不開放上修			0			黃涵榆	碩博	二 2-4 和平 無可用教室	恐怖文學專題研究						0		選				30		2		
	LM21						10	0.33		英語系（碩）		ENC1125			1		3.0				115	半			Southeast Asian Literature in English </br>[ Program: The EMI Inter-disciplinary Program of Environmental Humanities ]			1526			0	N		是	8		◎課程不開放上修			0			未定	碩博	五 8-10 和平 無可用教室	東南亞英語文學 </br>[ 學分學程：環境人文全英語學分學程 ]						0		選				30		2		ZU38
	LM21						10	0.33		英語系（碩）		ENC2014			1		3.0				115	半			Studies in Semantics			1527			0	N		是	8		◎課程不開放上修			0			李臻儀	碩博	三 7-9 和平 無可用教室	語意學研討						0		選				30		2		
	LM21						10	0.33		英語系（碩）		ENC2031			1		3.0				115	半			English Vocabulary and Etymology			1528			0	N		是	8		◎課程不開放上修			0			陳乃嫻	碩博	一 7-9 和平 無可用教室	英語詞源學						0		選				30		2		
	LM21						10	0.40		英語系（碩）		ENC2044			1		3.0				115	半			Linguistic Typology and Language Universals			1529			0	N		是	8		◎課程不開放上修			0			吳靜蘭	碩博	三 2-4 和平 無可用教室	語言類型學與語言的普遍性						0		選				50		2		
	LM21						10	0.33		英語系（碩）		ENC2047			1		3.0				115	半			Neurolinguistics			1530			0	N		是	8		◎課程不開放上修			0			詹曉蕙	碩博	二 7-9 和平 無可用教室	神經語言學						0		選				30		2		
	LM21						10	0.33		英語系（碩）		ENC2065			0		3.0				115	半			Pragmatics			1531			0	N		是	8		◎課程不開放上修			0			張妙霞	碩博	二 2-4 和平 無可用教室	語用學						0		選				30		2		
	LM21						10	0.33		英語系（碩）		ENC3035			0		3.0				115	半			Second/Foreign Language Acquisition			1532			0	N		是	8		◎課程不開放上修			0			劉宇挺	碩博	四 2-4 和平 無可用教室	外語習得						0		選				30		2		
	LM21						10	0.33		英語系（碩）		ENC3037			1		3.0				115	半			Studies in Second Language Vocabulary Acquisition			1533			0	N		是	8		◎課程不開放上修			0			陳浩然	碩博	二 2-4 和平 無可用教室	第二語言字彙習得專題						0		選				30		2		
	LM22						10	0.40		歷史系（碩）		HIC0014			1		2.0				115	半			Special Topics on Archives of National Palace Museum			1534			0	N			8		◎課程不開放上修			0			葉高樹	碩博	二 3-4 和平 無可用教室	故宮檔案專題研究						0		選				50		2		
	LM22						10	0.40		歷史系（碩）		HIC0021			1		3.0				115	半			Special Topics in Sui,Tang History			1535			0	N			8		◎課程不開放上修			0			陳登武	碩博	一 5-7 和平 無可用教室	隋唐史專題研究						0		選				50		2		
	LM22						10	0.40		歷史系（碩）		HIC0055			1		2.0				115	半			Special Topics on the Intellectual Change in Modern China			1536			0	N			8		◎課程不開放上修			0			未定	碩博	二 7-8 和平 無可用教室	近代中國思想變遷專題研究						0		選				50		2		
	LM22						10	0.40		歷史系（碩）		HIC8011			1		3.0				115	半			Special Topics on History of Sino-American Relations			1537			0	N			8		◎課程不開放上修			0			吳翎君	碩博	三 6-8 和平 無可用教室	中美關係史專題研究						0		選				50		2		
	LM22						10	0.40		歷史系（碩）		HIC8024			1		3.0				115	半			Special Topics on the Military History of the Ming Dynasty			1538			0	N			8		◎課程不開放上修			0			未定	碩博	二 7-9 和平 無可用教室	明代軍事史專題研究						0		選				50		2		
	LM22						10	0.40		歷史系（碩）		HIC8026			2		3.0				115	半			Texts and Thoughts: Special Topics in Chinese Intellectual History of the Ming-Qing Periods			1539			0	N			8		◎課程不開放上修			0			未定	碩博	五 6-8 和平 無可用教室	文本與思想：明清思想史專題研究						0		選				50		2		
	LM22						10	0.40		歷史系（碩）		HIM0134			0		2.0				115	半			Seminar in Research Methods of Historiography (II)			1540			0	N					◎課程不開放上修			0			葉高樹		三 1-2 和平 無可用教室	歷史學研究法（二）	二			2		0		必				50		2		
	LM23						5	0.17		地理系（碩）		GEM0032			0		2.0				115	半			Literature Review in Geography			1541			0	N		是			◎課程開放上修			0			譚鴻仁		三 3-4 和平 無可用教室	地理論著評讀						0		必				30		2		
	LM23						10	0.33		地理系（碩）		GEM0127			0		3.0				115	半			Geospatial Artificial Intelligence			1542			0	N					◎課程開放上修			0			詹竣翔		一 2-4 和平 無可用教室	地理人工智慧						0		選				30		2		
	LM23						5	0.17		地理系（碩）		GEC0011			0		2.0				115	半			Studies in Settlement Geography			1543			0	N			8		◎課程開放上修			0			譚鴻仁	碩博	一 1-2 和平 無可用教室	聚落地理研討						0		選				30		2		
	LM23						5	0.17		地理系（碩）		GEC0023			0		2.0				115	半			Digital Elevation Model Analysis			1544			0	N			8		◎課程開放上修			0			未定	碩博	三 A-B 和平 無可用教室	數值地形模擬分析						0		選				30		2		
	LM23						5	0.17		地理系（碩）		GEC0034			0		3.0				115	半			Studies in Agricultural Geography			1545			0	N			8		◎課程開放上修			0			許嘉麟	碩博	二 A-C 和平 無可用教室	農業地理研討						0		選				30		2		
	LM23						5	0.17		地理系（碩）		GEC0041			3		2.0				115	半			Studies in Taiwan Aboriginal Geography </br>[ Program: The Inter-disciplinary Program of Indigenous Education and Culture ]			1546			0	N			8		◎課程開放上修			0			汪明輝	碩博	三 A-B 和平 無可用教室	臺灣原住民族地理研討 </br>[ 學分學程：原住民族教育文化學分學程 ]						0		選				30		2		ZU9U
	LM23						5	0.17		地理系（碩）		GEC0049			3		2.0				115	半			Qualitative Methodologies and Thesis Writing			1547			0	N			8		◎課程開放上修			0			譚鴻仁	碩博	三 9-10 和平 無可用教室	質性研究與論文寫作						0		選				30		2		
	LM23						5	0.17		地理系（碩）		GEC0064			0		2.0				115	半			Studies in Regional Geography			1548			0	N			8		◎課程開放上修			0			洪致文	碩博	二 8-9 和平 無可用教室	區域地理研討						0		選				30		2		
	LM23						5	0.17		地理系（碩）		GEC8013			0		3.0				115	半			Watershed Assessment and Modeling			1549			0	N			8		◎課程開放上修			0			李宗祐	碩博	一 7-9 和平 無可用教室	流域評估與模擬						0		選				30		2		
	LM23						10	0.33		地理系（碩）		GEC8020			0		2.0				115	半			Cyber City Modeling			1550			0	N			8		◎課程開放上修			0			王聖鐸	碩博	五 8-9 和平 無可用教室	智慧城市模型						0		選				30		2		
	LM23						5	0.17		地理系（碩）		GEC8025			0		2.0				115	半			Studies in Industrial Ecology			1551			0	N			8		◎課程開放上修			0			郭乃文	碩博	二 6-7 和平 無可用教室	產業生態學研討						0		選				30		2		
	LM23						5	0.17		地理系（碩）		GEC8026			3		3.0				115	半			Mitigation of and Adaptation to Climate Change			1552			0	N			8		◎課程開放上修			0			洪立三	碩博	四 7-9 和平 無可用教室	氣候變遷的減緩與調適						0		選				30		2		
	LM23						5	0.17		地理系（碩）		GEC8027			0		3.0				115	半			Studies in Political Ecology			1553			0	N		是	8		◎課程開放上修			0			莫家俊	碩博	一 2-4 和平 無可用教室	政治生態學研討						0		選				30		2		
	LM23						5	0.17		地理系（碩）		GEC8032			3		3.0				115	半			Topics on Geography of Everyday Life			1554			0	N		是	8		◎課程開放上修			0			吳鄭重	碩博	五 8-10 和平 無可用教室	日常生活地理學特論						0		選				30		2		
	LM23						5	0.17		地理系（碩）		GEC8079			0		2.0				115	半			Seminar on Geographical Studies	A		1555			0	N		是	8		允許重複修 ◎課程開放上修			0			王雪卿	碩博	三 7-8 和平 無可用教室	地理學專題演講						0		必				30		2		
	LM23						5	0.10		地理系（碩）		GEC8079			0		2.0				115	半			Seminar on Geographical Studies	B		1556			0	N		是	8		允許重複修 ◎課程開放上修			0			王文誠	碩博	三 7-8 和平 無可用教室	地理學專題演講						0		必				50		2		
	LM25						10	0.33		翻譯所（碩）		TIC0045			1		3.0				115	半			Community Interpreting			1557			0	N			8		◎課程開放上修			0			陳子瑋	碩博	二 6-8 和平 譯506	社區口譯						0		選				30		2		
	LM25						10	0.33		翻譯所（碩）		TIC0065			1		3.0				115	半			Quantitative Research Methods			1558			0	N			8		◎課程開放上修			0			廖柏森	碩博	三 6-8 和平 譯506	量性研究方法						0		選				30		2		
	LM25						10	0.33		翻譯所（碩）		TIC8005			1		3.0				115	半			Greek and Translation (II)			1559			0	N			8		◎必須先修過【TIC8004  希臘文與翻譯（一）】 ◎課程不開放上修			0			胡宗文	碩博	二 6-8 和平 無可用教室	希臘文與翻譯（二）						0		選				30		2		
	LM25						10	0.33		翻譯所（碩）		TIC8009			0		3.0				115	半			Theories of Translation & Interpretation Teaching			1560			0	N			8		◎限本系(含雙主修)修習 ◎課程不開放上修			0			廖柏森	碩博	五 6-8 和平 譯506	翻譯教學						0		選				30		2		
	LM25						10	0.33		翻譯所（碩）		TIC8013			1		3.0				115	半			History of Translation in Taiwan			1561			0	N			8		◎課程不開放上修			0			賴慈芸	碩博	四 2-4 和平 無可用教室	台灣翻譯史						0		選				30		2		
	LM25						10	0.33		翻譯所（碩）		TIC8029			1		3.0				115	半			The King James Bible in Translation			1562			0	N			8		◎課程不開放上修			0			胡宗文	碩博	四 7-9 和平 無可用教室	欽定版聖經翻譯						0		選				30		2		
	LM25						10	0.33		翻譯所（碩）		TIM0016			1		2.0				115	半			Subtitling			1563			0	N					◎課程開放上修			0			林濬棋		五 3-4 和平 譯506	影視翻譯	一			1		0		選				30		2		
	LM25						10	0.33		翻譯所（碩）		TIM0091			0		2.0				115	半			Introduction to Translation Studies			1564			0	N					◎限本系(含雙主修)修習 ◎課程不開放上修			0			朱雯琪		三 6-7 和平 無可用教室	翻譯概論	一			1		0		必				30		2		
	LM25						10	0.33		翻譯所（碩）		TIM0099			0		3.0				115	半			Interpreting Skills (II)			1565			0	N					◎限本系(含雙主修)修習◎必須先修過【TIM2042  口譯技巧（一）】 ◎課程不開放上修			0			范大龍 江世麒		五 6-8 和平 無可用教室	口譯技巧（二）	一			1		0		選				30		2		
	LM25						10	0.40		翻譯所（碩）		TIM0105			0		2.0				115	半			Research Methods and Academic Writing			1566			0	N					◎限本系(含雙主修)修習 ◎課程不開放上修			0			廖柏森		一 6-7 和平 無可用教室	研究方法與學術寫作	一			1		0		必				50		2		
	LM25						10	0.33		翻譯所（碩）		TIM1040			0		3.0				115	半			Translation of Specific Text (Chinese into English)			1567			0	N					◎限本系(含雙主修)修習 ◎課程不開放上修			0			未定		一 8-10 和平 博403	專業筆譯（中譯英）	一			1		0		選				30		2		
	LM25						10	0.33		翻譯所（碩）		TIM1041			0		3.0				115	半			Translation of Specific Text (English into Chinese)			1568			0	N					◎限本系(含雙主修)修習 ◎課程不開放上修			0			賴慈芸		三 2-4 和平 無可用教室	專業筆譯（英譯中）	一			1		0		選				30		2		
	LM25						10	0.33		翻譯所（碩）		TIM2003			0		3.0				115	半			Consecutive Interpretation (English into Chinese) (II)			1569			0	N					◎限本系(含雙主修)修習 ◎課程不開放上修			0			詹柏勻		三 2-4 和平 無可用教室	逐步口譯（英譯中）（二）	一			1		0		選				30		2		
	LM25						10	0.33		翻譯所（碩）		TIM2004			0		3.0				115	半			Consecutive Interpretation (Chinese into English) (II)			1570			0	N					◎限本系(含雙主修)修習 ◎課程不開放上修			0			范大龍		五 2-4 和平 無可用教室	逐步口譯（中譯英）（二）	一			1		0		選				30		2		
	LM25						10	0.33		翻譯所（碩）		TIM2026			0		2.0				115	半			Interpretation as a Profession			1571			0	N					◎限本系(含雙主修)修習 ◎課程不開放上修			0			陳子瑋		二 2-3 和平 譯506	口譯專業實務	一			1		0		選				30		2		
	LM25						10	0.33		翻譯所（碩）		TIM2043			0		3.0				115	半			Basic Simultaneous Interpretation			1572			0	N					◎限本系(含雙主修)修習 ◎課程不開放上修			0			陳子瑋		一 2-4 和平 無可用教室	基礎同步口譯	一			1		0		選				30		2		
	LM25						10	0.33		翻譯所（碩）		TIM0101			0		3.0				115	半			Interpreting Skills (IV)			1573			0	N					◎限本系(含雙主修)修習◎必須先修過【TIM0100  口譯技巧（三）】 ◎課程不開放上修			0			汝明麗		一 2-4 和平 譯506	口譯技巧（四）	二			2		0		選				30		2		
	LM25						10	0.33		翻譯所（碩）		TIM2046			0		3.0				115	半			Consecutive Interpretation (English into Chinese) (IV)			1574			0	N					◎限本系(含雙主修)修習 ◎課程不開放上修			0			汝明麗		四 2-4 和平 譯506	逐步口譯（英譯中）（四）	二			2		0		選				30		2		
	LM25						10	0.33		翻譯所（碩）		TIM2047			0		3.0				115	半			Consecutive Interpretation (Chinese into English) (IV)			1575			0	N					◎限本系(含雙主修)修習 ◎課程不開放上修			0			馬思揚		一 9-A 和平 譯506	逐步口譯（中譯英）（四）	二			2		0		選				30		2		
	LM25						10	0.20		翻譯所（碩）		TIM2050			0		3.0				115	半			Simultaneous Interpretation (English into Chinese) (II)			1576			0	N					◎限本系(含雙主修)修習◎必須先修過【TIM2043  基礎同步口譯】 ◎課程不開放上修			0			曾逢祥		三 2-4 和平 譯506	同步口譯（英譯中）（二）	二			2		0		選				50		2		
	LM26						10	0.33		臺文系（碩）		TCM3033			3		3.0				115	半			Special Topics on Taiwan Folk Literature			1577			0	N					◎課程開放上修			0			陳龍廷		二 8-10 和平 雲303	臺灣民間文學專題研究						0		選				30		2		
	LM26						10	0.33		臺文系（碩）		TCC0009			3		3.0				115	半			Introduction to Studies in Taiwan Culture			1578			0	N			8		◎課程開放上修			0			陳龍廷	碩博	一 2-4 和平 雲306會議室	臺灣文化研究導論						0		選				30		2		
	LM26						10	0.33		臺文系（碩）		TCC0011			3		3.0				115	半			Research Methods and Academic Writing			1579			0	N			8		◎課程開放上修			0			曾秀萍	碩博	五 8-10 和平 雲306會議室	研究方法與論文寫作						0		選				30		2		
	LM26						10	0.33		臺文系（碩）		TCC1016			3		3.0				115	半			Personal Documents as Source for 20th Century Taiwan Histography			1581			0	N		是	8		◎課程開放上修			0			賀安娟	碩博	二 7-9 和平 雲306會議室	臺灣二十世紀歷史學研究中的個人文獻						0		選				30		2		
	LM26						10	0.33		臺文系（碩）		TCC1020			3		3.0				115	半			Rhetorical Criticism of Social and Political Movement			1582			0	N			8		◎課程開放上修			0			未定	碩博	四 5-7 和平 雲306會議室	社會和政治運動的語藝批評						0		選				30		2		
	LM26						10	0.33		臺文系（碩）		TCC1027			3		3.0				115	半			Sinophone Queer / Tongzhi Cinema Studies			1583			0	N			8		◎課程開放上修			0			曾秀萍	碩博	四 8-10 和平 雲306會議室	華語同志電影專題研究						0		選				30		2		
	LM26						10	0.33		臺文系（碩）		TCC1029			3		3.0				115	半			Contemporary Cultural Histories of Taiwan </br>[ Program: The EMI Inter-disciplinary Program of Environmental Humanities ]			1584			0	N		是	8		◎課程開放上修			0			天江喜久	碩博	五 2-4 和平 雲306會議室	臺灣當代文化歷史 </br>[ 學分學程：環境人文全英語學分學程 ]						0		選				30		2		ZU38
	LM26						10	0.33		臺文系（碩）		TCC2030			3		3.0				115	半			Taiwanese Syntax			1585			0	N			8		◎課程開放上修			0			劉承賢	碩博	三 6-8 和平 雲306會議室	臺語句法學						0		選				30	◎臺語授課	2		
	LM26						10	0.33		臺文系（碩）		TCC2031			3		3.0				115	半			Introduction and Research of Taiwan Historical Materials			1586			0	N		是	8		◎課程開放上修			0			賀安娟 天江喜久	碩博	一 8-10 和平 雲306會議室	臺灣文獻導讀與研究						0		選				30		2		
	LM26						10	0.33		臺文系（碩）		TCC2039			3		3.0				115	半			Statistical Analyses for Linguistic Data			1587			0	N			8		◎課程開放上修			0			莊育穎	碩博	四 2-4 和平 雲306會議室	語言資料的統計分析						0		選				30		2		
	LM26						10	0.33		臺文系（碩）		TCC3030			3		3.0				115	半			Special Topics on Food Literature Studies			1588			0	N			8		◎課程開放上修			0			陳玉箴	碩博	二 2-4 和平 雲306會議室	飲食文學專題研究						0		選				30		2		
	LM26						10	0.33		臺文系（碩）		TCC3033			3		3.0				115	半			Special Topics on Tan Lui's Literature			1589			0	N			8		◎課程開放上修			0			呂美親	碩博	一 8-10 和平 雲303	陳雷文學專題研究						0		選				30	◎臺語授課	2		
	LM27						10	0.33		臺史所（碩）		THM0031			5		3.0				115	半			Introduction to Japanese Materials in Taiwan History			1590			0	N					◎課程開放上修			0			新田龍希		二 7-9 和平 無可用教室	臺灣史日文史料導讀						0		選				30		2		
	LM27						10	0.33		臺史所（碩）		THM0032			5		2.0				115	半			Studies in Taiwan History under Dutch and Spanish Regime			1591			0	N					◎課程開放上修			0			未定		三 3-4 和平 無可用教室	荷蘭、西班牙時代臺灣史研究						0		選				30		2		
	LM27						10	0.33		臺史所（碩）		THM0040			5		2.0				115	半			History of Taiwan Economy(1895-1945)			1592			0	N					◎課程開放上修			0			未定		四 8-9 和平 無可用教室	臺灣經濟史（1895－1945）						0		選				30		2		
	LM27						10	0.33		臺史所（碩）		THM0048			5		2.0				115	半			Studies in Methods and Practices of Oral History			1593			0	N					◎課程開放上修			0			未定		五 3-4 和平 無可用教室	口述歷史方法與實務						0		選				30		2		
	LM27						10	0.33		臺史所（碩）		THM0054			5		2.0				115	半			Seminar in Taiwan Historical Materials and the Research Method of Taiwan History(II)			1594			0	N					◎課程開放上修			0			許佩賢		一 7-8 和平 無可用教室	臺灣史料與研究法（二）						0		必				30		2		
	LM27						10	0.33		臺史所（碩）		THM0068			5		3.0				115	半			Analysis and Research on Historical Materials of Qing Taiwan			1595			0	N					◎課程開放上修			0			陳志豪		一 2-4 和平 無可用教室	清代臺灣史料解析						0		選				30		2		
	LM27						10	0.33		臺史所（碩）		THM0086			5		2.0				115	半			Studies in Historical Materials and Archives of Postwar Taiwan			1596			0	N					◎課程開放上修			0			陳佳宏		四 3-4 和平 無可用教室	戰後臺灣史料與檔案研究						0		選				30		2		
	LM27						10	0.33		臺史所（碩）		THM0087			5		2.0				115	半			Practicum (II)			1597			0	N					◎課程開放上修			0			未定		五 6-9 和平 無可用教室	專業實習（二）						0		選				30		2		
	LM27						10	0.33		臺史所（碩）		THM0088			5		2.0				115	半			Practicum (I)			1598			0	N					◎課程開放上修			0			未定		五 6-9 和平 無可用教室	專業實習（一）						0		選				30		2		
	LM27						10	0.33		臺史所（碩）		THM0092			5		2.0				115	半			Special Topics on the Archives of Governor-General of Taiwan (I)			1599			0	N					◎課程開放上修			0			未定		四 6-7 和平 無可用教室	臺灣總督府公文類纂專題研究（一）						0		選				30		2		
	LM27						10	0.33		臺史所（碩）		THM0097			5		3.0				115	半			Seminar on the Social History in the Late Period of Japanese Colonial Rule			1600			0	N					◎課程開放上修			0			新田龍希		三 7-9 和平 無可用教室	日治後期社會史專題研究						0		選				30		2		
	LU20						10	0.20		國文系（學）		CHU0348			5		2.0				115	半			Media Writing </br>[ Program: The Inter-disciplinary Program of Literature Creation ]			1601			0	N								0			丁逸筠		一 3-4 和平 無可用教室	媒體寫作 </br>[ 學分學程：文學創作學分學程 ]						0		選				50		2		ZU94
	LU20						10	0.40		國文系（學）		CHU0378			5		2.0				115	半			The Grammar of Hakka </br>[ Program: The Inter-disciplinary Program of Hakka Language and Culture ]			1602			0	N								0			未定		二 8-9 和平 無可用教室	客語語法學 </br>[ 學分學程：客語與客家文化學分學程 ]						0		選				50		2		ZU46
	LU20						10	0.20		國文系（學）		CHU0380			5		2.0				115	半			Hakka Language Translation and Application </br>[ Program: The Inter-disciplinary Program of Hakka Language and Culture ]			1603			0	N								0			廖芳瀅		二 6-7 和平 無可用教室	客語翻譯與實務 </br>[ 學分學程：客語與客家文化學分學程 ]						0		選				50		2		ZU46
	LU20						10	0.40		國文系（學）		CHU0384			0		2.0				115	半			Transcultural Taiwan Thinking			1604			0	N								0			劉滄龍		二 8-9 和平 無可用教室	跨文化臺灣思想						0		選				50		2		
	LU20						10	0.40		國文系（學）		CHU0391			0		2.0				115	半			Shu-king (II)			1605			0	N								0			許華峰		三 8-9 和平 無可用教室	書經（二）						0		選				50		2		
	LU20						10	0.20		國文系（學）		CHC0120			5		3.0				115	半			The Selected Readings of Chinese translation of Buddhist Scriptures			1606			0	N			9					0			李幸玲	大碩	三 8-10 和平 無可用教室	漢譯佛典選讀						0		選				50		2		
	LU20						10	0.40		國文系（學）		CHC9002			5		3.0				115	半			Studies on Chapters of Warring States Periods Qin Bamboo Slips			1607			0	N			9					0			黃麗娟	大碩	四 8-10 和平 無可用教室	戰國秦簡篇章研讀						0		選				50		2		
	LU20						10	0.20		國文系（學）		CHC9007			5		3.0				115	半			Special Topics on Literati Seal Studies and Button Carving Culture </br>[ Program: The Specialization Program of Aesthetics and Life ]			1608			0	N			9					0			林宜蓉	大碩	四 8-10 和平 無可用教室	文人印學與鈕雕文化專題 </br>[ 學分學程：美學與生活專業學分學程 ]						0		選				50		2		ZU4I
	LU20						10	0.20		國文系（學）		CHC9009			0		2.0				115	半			Transcultural Daoist Philosophy: Laozi and Zhuangzi </br>[ Program: The EMI Inter-disciplinary Program of Environmental Humanities The EMI Specialization Program of Humanistic Diversity The Inter-disciplinary Program of Philosophy ]			1609			0	1		是	9					0			劉滄龍 何乏筆	大碩	三 A-B 和平 無可用教室	跨文化道家哲學：老子與莊子 </br>[ 學分學程：環境人文全英語學分學程 人文多樣性全英語專業學分學程 哲學學分學程 ]						0		選				50	◎數位課程	2		ZU38/ZU4G/ZU9X
	LU20						10	0.40		國文系（學）		CHC9010			5		2.0				115	半			Discover Formosan Languages </br>[ Program: The Inter-disciplinary Program of Indigenous Education and Culture The EMI Specialization Program of Humanistic Diversity ]			1610			0	N		是	9					0			理克	大碩	二 3-4 和平 無可用教室	發現臺灣南島語 </br>[ 學分學程：原住民族教育文化學分學程 人文多樣性全英語專業學分學程 ]						0		選				50		2		ZU4G/ZU9U
	LU20						10	0.40		國文系（學）		CHC9012			5		2.0				115	半			Introduction to Language Questionnaires </br>[ Program: The EMI Specialization Program of Humanistic Diversity ]			1611			0	N		是	9					0			理克	大碩	二 10-A 和平 無可用教室	語言問卷 </br>[ 學分學程：人文多樣性全英語專業學分學程 ]						0		選				50		2		ZU4G
	LU20						10	0.40		國文系（學）		CHC9016			5		2.0				115	半			Themes in Early Chinese Philosophy			1612			0	N		是	9					0			郭芳如	大碩	四 8-9 和平 無可用教室	早期中國哲學的核心主題						0		選				50		2		
	LU20						10	0.40		國文系（學）		CHC9018			5		2.0				115	半			Japanese Classical Literature (II) </br>[ Program: The Inter-disciplinary Program of Japanese as a Foreign Language ]			1613			0	N			9					0			大木康	大碩	二 8-9 和平 無可用教室	日本古典文學（二） </br>[ 學分學程：日本語文學分學程 ]						0		選				50		2		ZU97
	LU20						10	0.20		國文系（學）		CHU0186			5		2.0				115	半			Mandarin Phonetics			1614			0	N								0			林香薇		一 3-4 和平 無可用教室	國語語音學	一			1		0		選				50		2		
	LU20						10	0.20		國文系（學）		CHU0260			5		2.0				115	半			Shih-Chi  (II)	A		1615			0	N								0			許華峰		三 3-4 和平 無可用教室	史記（二）	一			1		0		選				50		2		
	LU20						10	0.20		國文系（學）		CHU0260			5		2.0				115	半			Shih-Chi  (II)	B		1616			0	N								0			陳炫瑋		四 6-7 和平 無可用教室	史記（二）	一			1		0		選				50		2		
	LU20						10	0.20		國文系（學）		CHU0264			5		2.0				115	半			Hsun-Tzu (II)			1617			0	N								0			黃瑩暖		二 10-A 和平 無可用教室	荀子（二）	一			1		0		選				50		2		
	LU20						10	0.20		國文系（學）		CHU0311			5		2.0				115	半			Four Books (II)	A		1618			0	N								0			金培懿		二 8-9 和平 無可用教室	四書（二）	一			1		0		選				50		2		
	LU20						10	0.20		國文系（學）		CHU0311			5		2.0				115	半			Four Books (II)	B		1619			0	N								0			黃瑩暖		三 6-7 和平 無可用教室	四書（二）	一			1		0		選				50		2		
	LU20						10	0.20		國文系（學）		CHU0315			5		2.0				115	半			Han Fei-Tzu (II)			1620			0	N								0			曾暐傑		二 3-4 和平 無可用教室	韓非子（二）	一			1		0		選				50		2		
	LU20						10	0.20		國文系（學）		CHU0325			5		2.0				115	半			Modern Prose </br>[ Program: The Inter-disciplinary Program of Literature Creation ]			1621			0	N								0			石曉楓		三 8-9 和平 無可用教室	現代散文 </br>[ 學分學程：文學創作學分學程 ]	一			1		0		選				50		2		ZU94
	LU20						10	0.20		國文系（學）		CHU0325			5		2.0				115	半			Modern Prose </br>[ Program: The Inter-disciplinary Program of Literature Creation ]	A		1622			0	N								0			范宜如		一 6-7 和平 無可用教室	現代散文 </br>[ 學分學程：文學創作學分學程 ]	一			1		0		選				50		2		ZU94
	LU20						10	0.20		國文系（學）		CHU0338			5		2.0				115	半			Chinese Calligraphy (II) </br>[ Program: The Specialization Program of Aesthetics and Life ]	A		1623			0	N								0			林宜蓉		一 3-4 和平 無可用教室	書法及習作（二） </br>[ 學分學程：美學與生活專業學分學程 ]	一			1		0		選				50		2		ZU4I
	LU20						10	0.20		國文系（學）		CHU0338			0		2.0				115	半			Chinese Calligraphy (II) </br>[ Program: The Specialization Program of Aesthetics and Life ]	B		1624			0	N								0			羅凡晸		四 3-4 和平 無可用教室	書法及習作（二） </br>[ 學分學程：美學與生活專業學分學程 ]	一			1		0		選				50		2		ZU4I
	LU20						10	0.20		國文系（學）		CHU3007			5		2.0				115	半			Introduction to Confucian Classics (II)			1625			0	N			1		◎限本系(含雙主修)修習			0			金培懿	甲	二 6-7 和平 工501(TA501)	經學通論（二）	一			1		0		必				50		2		
	LU20						10	0.20		國文系（學）		CHU3007			5		2.0				115	半			Introduction to Confucian Classics (II)			1626			0	N			2		◎限本系(含雙主修)修習			0			許華峰	乙	二 6-7 和平 無可用教室	經學通論（二）	一			1		0		必				50		2		
	LU20						10	0.20		國文系（學）		CHU3007			5		2.0				115	半			Introduction to Confucian Classics (II)			1627			0	N			3		◎限本系(含雙主修)修習			0			陳炫瑋	丙	一 8-9 和平 工501(TA501)	經學通論（二）	一			1		0		必				50		2		
	LU20						10	0.20		國文系（學）		CHU0179			5		2.0				115	半			Chinese Short Short Stories </br>[ Program: The Inter-disciplinary Program of Metaverse Narrative The Inter-disciplinary Program of Literature Creation ]			1628			0	N								0			鄭瑜雯		四 6-7 和平 無可用教室	極短篇小說 </br>[ 學分學程：AI暨元宇宙敘事學分學程 文學創作學分學程 ]	二			2		0		選				50		2		ZU48/ZU94
	LU20						10	0.20		國文系（學）		CHU0195			5		2.0				115	半			Travel Literature </br>[ Program: The Inter-disciplinary Program of Metaverse Narrative The Inter-disciplinary Program of Literature Creation ]			1629			0	N								0			陳室如		二 6-7 和平 無可用教室	旅行文學 </br>[ 學分學程：AI暨元宇宙敘事學分學程 文學創作學分學程 ]	二			2		0		選				50		2		ZU48/ZU94
	LU20						10	0.40		國文系（學）		CHU0197			5		2.0				115	半			Readings in Classics and Critical Thinking			1630			0	N								0			李志宏		一 6-7 和平 無可用教室	經典導讀與批判思考	二			2		0		選				50		2		
	LU20						10	0.20		國文系（學）		CHU0214			5		2.0				115	半			Selection of Poems & Writing Practice (II)	A		1631			0	N					◎限本系(含雙主修)修習			0			未定		一 6-7 和平 無可用教室	詩選及習作（二）	二			2		0		必				50		2		
	LU20						10	0.20		國文系（學）		CHU0214			5		2.0				115	半			Selection of Poems & Writing Practice (II)	B		1632			0	N					◎限本系(含雙主修)修習			0			黃敬家		五 1-2 和平 無可用教室	詩選及習作（二）	二			2		0		必				50		2		
	LU20						10	0.20		國文系（學）		CHU0214			5		2.0				115	半			Selection of Poems & Writing Practice (II)	C		1633			0	N					◎限本系(含雙主修)修習			0			何維剛		五 1-2 和平 無可用教室	詩選及習作（二）	二			2		0		必				50		2		
	LU20						10	0.20		國文系（學）		CHU0216			5		2.0				115	半			Taiwanese Literature (II)			1634			0	N								0			陳室如		二 3-4 和平 無可用教室	臺灣文學（二）	二			2		0		選				50		2		
	LU20						10	0.20		國文系（學）		CHU0252			5		2.0				115	半			Study of Chinese Calligraphy  (II)			1635			0	N								0			黃明理		五 3-4 和平 無可用教室	書法研究（二）	二			2		0		選				50		2		
	LU20						10	0.20		國文系（學）		CHU0276			5		2.0				115	半			Introduction to Chinese Philosophy (II)			1636			0	N								0			黃瑩暖		三 3-4 和平 無可用教室	中國哲學概論（二）	二			2		0		選				50		2		
	LU20						10	0.20		國文系（學）		CHU0290			5		2.0				115	半			Selections of Proses & Writing Practice (II)	A		1637			0	N					◎限本系(含雙主修)修習			0			范宜如		一 8-9 和平 無可用教室	散文選及習作（二）	二			2		0		必				50		2		
	LU20						10	0.20		國文系（學）		CHU0290			5		2.0				115	半			Selections of Proses & Writing Practice (II)	B		1638			0	N					◎限本系(含雙主修)修習			0			未定		一 8-9 和平 無可用教室	散文選及習作（二）	二			2		0		必				50		2		
	LU20						10	0.20		國文系（學）		CHU0290			5		2.0				115	半			Selections of Proses & Writing Practice (II)	C		1639			0	N					◎限本系(含雙主修)修習			0			何維剛		五 3-4 和平 無可用教室	散文選及習作（二）	二			2		0		必				50		2		
	LU20						10	0.20		國文系（學）		CHU0290			5		2.0				115	半			Selections of Proses & Writing Practice (II)	D		1640			0	N					◎限本系(含雙主修)修習			0			黃敬家		五 3-4 和平 無可用教室	散文選及習作（二）	二			2		0		必				50		2		
	LU20						10	0.20		國文系（學）		CHU0326			5		2.0				115	半			Contemporary Novels </br>[ Program: The Inter-disciplinary Program of Literature Creation ]			1641			0	N								0			石曉楓		三 6-7 和平 工501(TA501)	現代小說 </br>[ 學分學程：文學創作學分學程 ]	二			2		0		選				50		2		ZU94
	LU20						10	0.20		國文系（學）		CHU0388			5		2.0				115	半			Chinese Philosophy in the English-Speaking World </br>[ Program: The Inter-disciplinary Program of Philosophy ]			1642			0	N								0			郭芳如		三 A-B 和平 無可用教室	英語世界中的中國哲學 </br>[ 學分學程：哲學學分學程 ]	二			2		0		選				50		2		ZU9X
	LU20						10	0.20		國文系（學）		CHU0212			5		2.0				115	半			Chinese Etymology (II)			1643			0	N			1		◎限本系(含雙主修)修習			0			未定	甲	四 3-4 和平 無可用教室	文字學（二）	二			2		0		必				50		2		
	LU20						10	0.20		國文系（學）		CHU0292			5		3.0				115	半			History of Chinese Literature (II)			1644			0	N			1		◎限本系(含雙主修)修習			0			何維剛	甲	一 2-4 和平 無可用教室	中國文學史（二）	二			2		0		必				50		2		
	LU20						10	0.20		國文系（學）		CHU0212			5		2.0				115	半			Chinese Etymology (II)			1645			0	N			2		◎限本系(含雙主修)修習			0			羅凡晸	乙	三 6-7 和平 無可用教室	文字學（二）	二			2		0		必				50		2		
	LU20						10	0.20		國文系（學）		CHU0292			5		3.0				115	半			History of Chinese Literature (II)			1646			0	N			2		◎限本系(含雙主修)修習			0			陳亭佑	乙	四 8-10 和平 無可用教室	中國文學史（二）	二			2		0		必				50		2		
	LU20						10	0.20		國文系（學）		CHU0212			5		2.0				115	半			Chinese Etymology (II)			1647			0	N			3		◎限本系(含雙主修)修習			0			黃麗娟	丙	四 3-4 和平 無可用教室	文字學（二）	二			2		0		必				50		2		
	LU20						10	0.20		國文系（學）		CHU0292			5		3.0				115	半			History of Chinese Literature (II)			1648			0	N			3		◎限本系(含雙主修)修習			0			陳亭佑	丙	二 2-4 和平 工501(TA501)	中國文學史（二）	二			2		0		必				50		2		
	LU20						10	0.20		國文系（學）		CHU0089			5		3.0				115	半			Selections of Chu & Writing Practice </br>[ Program: The Specialization Program of Performing Arts ]			1649			0	N					◎限本系(含雙主修)修習			0			未定		一 8-10 和平 無可用教室	曲選及習作 </br>[ 學分學程：表演藝術專業學分學程 ]	三			3		0		必				50		2		ZU4H
	LU20						10	0.20		國文系（學）		CHU0103			5		3.0				115	半			Selections of Tzu & Writing Practice	A		1650			0	N					◎限本系(含雙主修)修習			0			未定		四 6-8 和平 無可用教室	詞選及習作	三			3		0		必				50		2		
	LU20						10	0.40		國文系（學）		CHU0103			0		3.0				115	半			Selections of Tzu & Writing Practice	B		1651			0	N					◎限本系(含雙主修)修習			0			未定		一 8-10 和平 無可用教室	詞選及習作	三			3		0		必				50		2		
	LU20						10	0.20		國文系（學）		CHU0178			5		2.0				115	半			Eight-Legged Essay of Ming and Ching Dynasties			1652			0	N								0			黃明理		三 8-9 和平 無可用教室	明清八股文	三			3		0		選				50		2		
	LU20						10	0.20		國文系（學）		CHU0227			5		2.0				115	半			Tso-Chuan (I)			1653			0	N								0			陳炫瑋		二 6-7 和平 無可用教室	左傳（一）	三			3		0		選				50		2		
	LU20						10	0.20		國文系（學）		CHU0254			5		2.0				115	半			Intro to Neo-Confucianism of Sung & Ming Dynasties  (II)			1654			0	N								0			黃瑩暖		二 8-9 和平 無可用教室	宋明理學導讀（二）	三			3		0		選				50		2		
	LU20						10	0.20		國文系（學）		CHU0268			5		2.0				115	半			Liu Shih`s Critical Theories & Essays  (II)			1655			0	N								0			祁立峰		四 6-7 和平 無可用教室	文心雕龍（二）	三			3		0		選				50		2		
	LU20						10	0.20		國文系（學）		CHU0371			5		2.0				115	半			Zhan Guo Ce and Political Strategists			1656			0	N								0			許華峰		一 1-2 和平 科技系TB311教室	《戰國策》與縱橫家	三			3		0		選				50		2		
	LU20						10	0.20		國文系（學）		CHU0372			5		2.0				115	半			Selected Readings in Chinese Biographies of Immortals			1657			0	N								0			謝聰輝		三 6-7 和平 無可用教室	中國神仙傳記選讀	三			3		0		選				50		2		
	LU20						10	0.20		國文系（學）		CHUE001			0		2.0				115	半			Teaching Materials and Methods: Chinese </br>[ Program: The Inter-disciplinary Program of PASSION Quality Education in Rural Schools ]	A		1658			0	N					◎限 二階生 教育學程生 不佔名額生 登記修習生 可修			0			鍾宗憲		三 6-7 和平 無可用教室	國文教材教法（教） </br>[ 學分學程：PASSION偏鄉優質教育學分學程 ]	三			3		0		選				50		2		ZU79
	LU20						10	0.20		國文系（學）		CHUE001			0		2.0				115	半			Teaching Materials and Methods: Chinese </br>[ Program: The Inter-disciplinary Program of PASSION Quality Education in Rural Schools ]	B		1659			0	N					◎限 二階生 教育學程生 不佔名額生 登記修習生 可修			0			李鍑倫		五 1-2 和平 無可用教室	國文教材教法（教） </br>[ 學分學程：PASSION偏鄉優質教育學分學程 ]	三			3		0		選				50		2		ZU79
	LU20						10	0.20		國文系（學）		CHU0218			5		2.0				115	半			Chinese Phonology (II)			1660			0	N			1		◎限本系(含雙主修)修習			0			林香薇	甲	五 3-4 和平 無可用教室	聲韻學（二）	三			3		0		必				50		2		
	LU20						10	0.20		國文系（學）		CHU0220			5		2.0				115	半			Chinese Grammar (II)			1661			0	N			1		◎限本系(含雙主修)修習			0			陳筱琪	甲	一 3-4 和平 無可用教室	國文文法（二）	三			3		0		必				50		2		
	LU20						10	0.20		國文系（學）		CHU0319			5		2.0				115	半			History of Chinese Philosophy(II) </br>[ Program: The Inter-disciplinary Program of Philosophy ]			1662			0	N			1		◎限本系(含雙主修)修習			0			鄭燦山	甲	一 3-4 和平 無可用教室	中國哲學史（二） </br>[ 學分學程：哲學學分學程 ]	三			3		0		必				50		2		ZU9X/ZU9X/ZU9X
	LU20						10	0.20		國文系（學）		CHU0218			5		2.0				115	半			Chinese Phonology (II)			1663			0	N			2		◎限本系(含雙主修)修習			0			林香薇	乙	二 6-7 和平 無可用教室	聲韻學（二）	三			3		0		必				50		2		
	LU20						10	0.20		國文系（學）		CHU0220			5		2.0				115	半			Chinese Grammar (II)			1664			0	N			2		◎限本系(含雙主修)修習			0			郭維茹	乙	二 6-7 和平 無可用教室	國文文法（二）	三			3		0		必				50		2		
	LU20						10	0.20		國文系（學）		CHU0319			5		2.0				115	半			History of Chinese Philosophy(II) </br>[ Program: The Inter-disciplinary Program of Philosophy ]			1665			0	N			2		◎限本系(含雙主修)修習			0			李幸玲	乙	一 3-4 和平 無可用教室	中國哲學史（二） </br>[ 學分學程：哲學學分學程 ]	三			3		0		必				50		2		ZU9X/ZU9X/ZU9X
	LU20						10	0.20		國文系（學）		CHU0218			5		2.0				115	半			Chinese Phonology (II)			1666			0	1			3		◎限本系(含雙主修)修習			0			陳筱琪	丙	五 3-4 和平 教室自排	聲韻學（二）	三			3		0		必				50	◎數位課程	2		
	LU20						10	0.20		國文系（學）		CHU0220			5		2.0				115	半			Chinese Grammar (II)			1667			0	1			3		◎限本系(含雙主修)修習			0			郭維茹	丙	四 3-4 和平 無可用教室	國文文法（二）	三			3		0		必				50	◎數位課程	2		
	LU20						10	0.20		國文系（學）		CHU0319			5		2.0				115	半			History of Chinese Philosophy(II) </br>[ Program: The Inter-disciplinary Program of Philosophy ]			1668			0	N			3		◎限本系(含雙主修)修習			0			江淑君	丙	二 3-4 和平 無可用教室	中國哲學史（二） </br>[ 學分學程：哲學學分學程 ]	三			3		0		必				50		2		ZU9X/ZU9X/ZU9X
	LU20						10	0.20		國文系（學）		CHU0008			5		2.0				115	半			Semantics			1669			0	N					◎限本系(含雙主修)修習			0			黃麗娟		二 1-2 和平 無可用教室	訓詁學	四			4		0		必				50		2		
	LU20						10	0.20		國文系（學）		CHU0125			5		2.0				115	半			Practical Writing			1670			0	N					◎限本系(含雙主修)修習			0			陳亭佑		四 1-2 和平 無可用教室	應用文及習作	四			4		0		必				50		2		
	LU20						10	0.20		國文系（學）		CHUE210			0		2.0				115	半			Teaching Practicum: Chinese (II)	A		1671			0	N					◎限 二階生 教育學程生 不佔名額生 登記修習生 可修◎必須先修過【CHUE110  國文教學實習（一）（教）】			0			鍾宗憲		四 1-4 和平 無可用教室	國文教學實習（二）（教）	四			4		0		選				50		2		
	LU20						10	0.20		國文系（學）		CHUE210			0		2.0				115	半			Teaching Practicum: Chinese (II)	B		1672			0	N					◎限 二階生 教育學程生 不佔名額生 登記修習生 可修◎必須先修過【CHUE110  國文教學實習（一）（教）】			0			李鍑倫		四 1-4 和平 無可用教室	國文教學實習（二）（教）	四			4		0		選				50		2		
	LU21						10	0.40		英語系（學）		ENU5002			1		2.0				115	半			Situational Listening Comprehension Practice in English </br>[ Program: The Inter-disciplinary Program of Honors in Advanced English ]			1673			0	N		是			◎英語系（學） 不得修習     ◎初選 榮譽英語學分學程 研究生得下修◎限榮譽英語學分學程選修			0			許月貴		五 3-4 和平 無可用教室	情境式英語聽力練習 </br>[ 學分學程：榮譽英語學分學程 ]						0		選				50	榮譽英語學程課程	2		ZU92
	LU21						10	0.40		英語系（學）		ENU5003			3		2.0				115	半			Interactive Reading in English </br>[ Program: The Inter-disciplinary Program of Honors in Advanced English ]			1674			0	N		是			◎英語系（學） 不得修習     ◎初選 榮譽英語學分學程 研究生得下修◎限榮譽英語學分學程選修			0			未定		三 8-9 和平 無可用教室	互動式英語閱讀 </br>[ 學分學程：榮譽英語學分學程 ]						0		選				50	榮譽英語學程課程	2		ZU92
	LU21						10	0.40		英語系（學）		ENU5006			0		2.0				115	半			Advanced Aural-Oral Training in English </br>[ Program: The Inter-disciplinary Program of Honors in Advanced English ]			1675			0	N		是			◎英語系（學） 不得修習     ◎初選 榮譽英語學分學程 研究生得下修◎限榮譽英語學分學程選修			0			許月貴		一 9-10 和平 無可用教室	進階英語聽講練習 </br>[ 學分學程：榮譽英語學分學程 ]						0		選				50	榮譽英語學程課程	2		ZU92
	LU21						10	0.40		英語系（學）		ENU5017			2		2.0				115	半			Public Speaking and Presentation Skills in English </br>[ Program: The Inter-disciplinary Program of Honors in Advanced English ]			1676			0	N		是			◎英語系（學） 不得修習     ◎初選 榮譽英語學分學程 研究生得下修◎限榮譽英語學分學程選修			0			吳佳琪		二 3-4 和平 無可用教室	演講與發表技巧 </br>[ 學分學程：榮譽英語學分學程 ]						0		選				50	榮譽英語學程課程	2		ZU92
	LU21						10	0.40		英語系（學）		ENU5018			1		2.0				115	半			Intercultural Communication </br>[ Program: The Inter-disciplinary Program of Honors in Advanced English ]			1677			0	N		是			◎英語系（學） 不得修習     ◎初選 榮譽英語學分學程 研究生得下修◎限榮譽英語學分學程選修			0			詹曉蕙		四 6-7 和平 無可用教室	跨文化溝通 </br>[ 學分學程：榮譽英語學分學程 ]						0		選				50	榮譽英語學程課程	2		ZU92
	LU21						10	0.40		英語系（學）		ENC1093			5		3.0				115	半			Selected Readings in Modern European Philosophy </br>[ Program: The Inter-disciplinary Program of Philosophy The Specialization Program of Literary and Cultural Studies The Inter-disciplinary Program of European Cultures and Languages ]			1678			0	N			9					0			黃涵榆	大碩	二 6-8 和平 無可用教室	現代歐陸哲學選讀 </br>[ 學分學程：哲學學分學程 文學與文化研究專業學分學程 歐洲文化與語言學分學程 ]						0		選				50		2		ZU6O/ZU93/ZU9X
	LU21						10	0.40		英語系（學）		ENC1115			0		3.0				115	半			Cinematic Literacy </br>[ Program: The Inter-disciplinary Program of Metaverse Narrative The Specialization Program of Literary and Cultural Studies ]			1679			0	N		是	9					0			吳佳琪	大碩	二 5-7 和平 無可用教室	電影影像識讀 </br>[ 學分學程：AI暨元宇宙敘事學分學程 文學與文化研究專業學分學程 ]						0		選				50		2		ZU48/ZU6O
	LU21						10	0.40		英語系（學）		ENC1129			3		3.0				115	半			Resistant Reading: A Contemporary Feminist Approach </br>[ Program: The Specialization Program of Literary and Cultural Studies ]			1680			0	N		是	9					0			戴宇呈	大碩	四 6-8 和平 無可用教室	抵抗閱讀：當代女性主義研究選讀 </br>[ 學分學程：文學與文化研究專業學分學程 ]						0		選				50		2		ZU6O
	LU21						10	0.40		英語系（學）		ENU0169			0		3.0				115	半			English(II)	A		1681			0	N		是			◎限本系(含雙主修)修習◎限大一修習			0			謝妙玲		一 2-4 和平 無可用教室	英文（二）	一			1		0		必				50		2		
	LU21						10	0.40		英語系（學）		ENU0169			0		3.0				115	半			English(II)	B		1682			0	N		是			◎限本系(含雙主修)修習◎限大一修習			0			多德		一 2-4 和平 無可用教室	英文（二）	一			1		0		必				50		2		
	LU21						10	0.40		英語系（學）		ENU0169			0		3.0				115	半			English(II)	C		1683			0	N		是			◎限本系(含雙主修)修習◎限大一修習			0			多德		二 6-8 和平 無可用教室	英文（二）	一			1		0		必				50		2		
	LU21						1	0.02		英語系（學）		ENU0238			0		2.0				115	半			Guided Writing (II)	A		1684			0	N		是			◎限本系(含雙主修)、輔系修習◎限大一修習◎必須先修過【ENU0237  寫作指導（一）】			0			陳純音		五 6-7 和平 無可用教室	寫作指導（二）	一			1		0		必				50	建議修習輔系第一年時選修	2		
	LU21						1	0.02		英語系（學）		ENU0238			0		2.0				115	半			Guided Writing (II)	B		1685			0	N		是			◎限本系(含雙主修)、輔系修習◎限大一修習◎必須先修過【ENU0237  寫作指導（一）】			0			陳正賢		五 6-7 和平 無可用教室	寫作指導（二）	一			1		0		必				50	建議修習輔系第一年時選修	2		
	LU21						1	0.02		英語系（學）		ENU0238			0		2.0				115	半			Guided Writing (II)	C		1686			0	N		是			◎限本系(含雙主修)、輔系修習◎限大一修習◎必須先修過【ENU0237  寫作指導（一）】			0			羅美蘭		五 6-7 和平 無可用教室	寫作指導（二）	一			1		0		必				50	建議修習輔系第一年時選修	2		
	LU21						1	0.02		英語系（學）		ENU0238			0		2.0				115	半			Guided Writing (II)	D		1687			0	N		是			◎限本系(含雙主修)、輔系修習◎限大一修習◎必須先修過【ENU0237  寫作指導（一）】			0			蘇子中		五 6-7 和平 無可用教室	寫作指導（二）	一			1		0		必				50	建議修習輔系第一年時選修	2		
	LU21						1	0.02		英語系（學）		ENU0238			0		2.0				115	半			Guided Writing (II)	E		1688			0	N		是			◎限本系(含雙主修)、輔系修習◎限大一修習◎必須先修過【ENU0237  寫作指導（一）】			0			謝妙玲		五 6-7 和平 無可用教室	寫作指導（二）	一			1		0		必				50	建議修習輔系第一年時選修	2		
	LU21						1	0.02		英語系（學）		ENU0238			0		2.0				115	半			Guided Writing (II)	F		1689			0	N		是			◎限本系(含雙主修)、輔系修習◎必須先修過【ENU0237  寫作指導（一）】			0			陳浩然		一 8-9 和平 無可用教室	寫作指導（二）	一			1		0		必				50	建議修習輔系第一年時選修	2		
	LU21						1	0.02		英語系（學）		ENU0238			0		2.0				115	半			Guided Writing (II)	G		1690			0	N		是			◎限本系(含雙主修)、輔系修習◎必須先修過【ENU0237  寫作指導（一）】			0			未定		一 8-9 和平 無可用教室	寫作指導（二）	一			1		0		必				50	建議修習輔系第一年時選修	2		
	LU21						10	0.40		英語系（學）		ENU0258			0		2.0				115	半			Approaches to Literary Works (II)	A		1691			0	N		是			◎限本系(含雙主修)、輔系修習◎限大一修習			0			曾思旭		三 6-7 和平 無可用教室	文學作品導讀（二）	一			1		0		必				50	建議修習輔系第二年以後選修	2		
	LU21						10	0.40		英語系（學）		ENU0258			0		2.0				115	半			Approaches to Literary Works (II)	B		1692			0	N		是			◎限本系(含雙主修)、輔系修習◎限大一修習			0			邵毓娟		三 6-7 和平 無可用教室	文學作品導讀（二）	一			1		0		必				50	建議修習輔系第二年以後選修	2		
	LU21						10	0.40		英語系（學）		ENU0258			0		2.0				115	半			Approaches to Literary Works (II)	C		1693			0	N		是			◎限本系(含雙主修)、輔系修習			0			路愷宜		三 8-9 和平 無可用教室	文學作品導讀（二）	一			1		0		必				50	建議修習輔系第二年以後選修	2		
	LU21						10	0.40		英語系（學）		ENU0270			0		2.0				115	半			English Conversation (II) </br>[ Program: The EMI Specialization Program of English Communication and Critical Thinking ]	A		1694			0	N		是			◎限本系(含雙主修)、輔系修習◎限大一修習			0			多德		四 6-7 和平 無可用教室	英語會話（二） </br>[ 學分學程：英語表達、思辨與溝通專業學分學程 ]	一			1		0		必				50	建議修習輔系第一年時選修	2		ZU6S
	LU21						10	0.40		英語系（學）		ENU0270			0		2.0				115	半			English Conversation (II) </br>[ Program: The EMI Specialization Program of English Communication and Critical Thinking ]	B		1695			0	N		是			◎限本系(含雙主修)、輔系修習◎限大一修習			0			常紹如		四 6-7 和平 無可用教室	英語會話（二） </br>[ 學分學程：英語表達、思辨與溝通專業學分學程 ]	一			1		0		必				50	建議修習輔系第一年時選修	2		ZU6S
	LU21						10	0.40		英語系（學）		ENU0270			0		2.0				115	半			English Conversation (II) </br>[ Program: The EMI Specialization Program of English Communication and Critical Thinking ]	C		1696			0	N		是			◎限本系(含雙主修)、輔系修習◎限大一修習			0			柯衣凡		四 8-9 和平 無可用教室	英語會話（二） </br>[ 學分學程：英語表達、思辨與溝通專業學分學程 ]	一			1		0		必				50	建議修習輔系第一年時選修	2		ZU6S
	LU21						10	0.40		英語系（學）		ENU0270			0		2.0				115	半			English Conversation (II) </br>[ Program: The EMI Specialization Program of English Communication and Critical Thinking ]	D		1697			0	N		是			◎限本系(含雙主修)、輔系修習◎限大一修習			0			常紹如		四 8-9 和平 無可用教室	英語會話（二） </br>[ 學分學程：英語表達、思辨與溝通專業學分學程 ]	一			1		0		必				50	建議修習輔系第一年時選修	2		ZU6S
	LU21						10	0.40		英語系（學）		ENU0270			0		2.0				115	半			English Conversation (II) </br>[ Program: The EMI Specialization Program of English Communication and Critical Thinking ]	E		1698			0	N		是			◎限本系(含雙主修)、輔系修習			0			多德		五 1-2 和平 無可用教室	英語會話（二） </br>[ 學分學程：英語表達、思辨與溝通專業學分學程 ]	一			1		0		必				50	建議修習輔系第一年時選修	2		ZU6S
	LU21						10	0.40		英語系（學）		ENU0270			0		2.0				115	半			English Conversation (II) </br>[ Program: The EMI Specialization Program of English Communication and Critical Thinking ]	F		1699			0	N		是			◎限本系(含雙主修)、輔系修習			0			多德		五 3-4 和平 無可用教室	英語會話（二） </br>[ 學分學程：英語表達、思辨與溝通專業學分學程 ]	一			1		0		必				50	建議修習輔系第一年時選修	2		ZU6S
	LU21						10	0.40		英語系（學）		ENU0280			0		2.0				115	半			Basic Aural-Oral Training in English (II)			1700			0	N		是			◎限本系(含雙主修)修習◎限大一修習			0			許月貴		一 6-7 和平 無可用教室	英語聽講（二）	一			1		0		選				50		2		
	LU21						10	0.40		英語系（學）		ENU0282			0		2.0				115	半			English Pronunciation (II)	A		1701			0	N		是			◎限本系(含雙主修)修習◎限大一修習			0			陳正賢		四 3-4 和平 無可用教室	英語發音（二）	一			1		0		選				50		2		
	LU21						10	0.40		英語系（學）		ENU0282			0		2.0				115	半			English Pronunciation (II)	B		1702			0	N		是			◎限本系(含雙主修)修習◎限大一修習			0			林至誠		四 3-4 和平 無可用教室	英語發音（二）	一			1		0		選				50		2		
	LU21						10	0.40		英語系（學）		ENU0282			0		2.0				115	半			English Pronunciation (II)	C		1703			0	N		是			◎限本系(含雙主修)修習◎限大一修習			0			張妙霞		四 3-4 和平 無可用教室	英語發音（二）	一			1		0		選				50		2		
	LU21						10	0.40		英語系（學）		ENU0282			0		2.0				115	半			English Pronunciation (II)	D		1704			0	N		是			◎限本系(含雙主修)修習◎限大一修習			0			羅美蘭		五 3-4 和平 無可用教室	英語發音（二）	一			1		0		選				50		2		
	LU21						10	0.17		英語系（學）		ENU6024			0		3.0				115	半			English Phonetics </br>[ Program: The Inter-disciplinary Program of Technology-assisted Teaching Industry The Specialization Program of Linguistics ]			1705			0	N		是			◎限本系(含雙主修)修習◎限大一修習			0			甯俐馨		二 3-5 和平 無可用教室	英語語音學 </br>[ 學分學程：科技化教學產業學分學程 語言科學專業學分學程 ]	一			1		0		必				60		2		ZU47/ZU6Q
	LU21						10	0.40		英語系（學）		ENU0208			3		3.0				115	半			Introduction to the History of Film　 </br>[ Program: The Specialization Program of Literary and Cultural Studies ]			1706			0	N		是						0			吳佳琪		三 6-8 和平 無可用教室	電影史導論 </br>[ 學分學程：文學與文化研究專業學分學程 ]	二			2		0		選				50		2		ZU6O
	LU21						10	0.40		英語系（學）		ENU0254			0		2.0				115	半			Beginning French (II)			1707			0	N								0			未定		二 8-9 和平 無可用教室	初級法文（二）	二			2		0		選				50		2		
	LU21						10	0.40		英語系（學）		ENU0260			0		2.0				115	半			Introduction to Linguistics (II) </br>[ Program: The Specialization Program of Linguistics ]	A		1708			0	N		是						0			吳曉虹		四 3-4 和平 無可用教室	語言學概論（二） </br>[ 學分學程：語言科學專業學分學程 ]	二			2		0		必				50	建議大二以上選修	2		ZU6Q
	LU21						10	0.40		英語系（學）		ENU0260			0		2.0				115	半			Introduction to Linguistics (II) </br>[ Program: The Specialization Program of Linguistics ]	B		1709			0	N		是						0			陳純音		五 1-2 和平 無可用教室	語言學概論（二） </br>[ 學分學程：語言科學專業學分學程 ]	二			2		0		必				50	建議大二以上選修	2		ZU6Q
	LU21						10	0.40		英語系（學）		ENU0266			0		2.0				115	半			Beginning Japanese (II)	A		1710			0	N								0			未定		一 3-4 和平 無可用教室	初級日文（二）	二			2		0		選				50		2		
	LU21						10	0.40		英語系（學）		ENU0266			0		2.0				115	半			Beginning Japanese (II)	B		1711			0	N								0			未定		三 8-9 和平 無可用教室	初級日文（二）	二			2		0		選				50		2		
	LU21						10	0.40		英語系（學）		ENU0284			0		2.0				115	半			Intermediate Aural-Oral Training in English (II)	A		1712			0	N		是			◎限本系(含雙主修)修習◎必須先修過【ENU0279  英語聽講（一）】、【ENU0280  英語聽講（二）】			0			曾於萱		二 3-4 和平 無可用教室	中級英語聽講（二）	二			2		0		必				50		2		
	LU21						10	0.40		英語系（學）		ENU0284			0		2.0				115	半			Intermediate Aural-Oral Training in English (II)	B		1713			0	N		是			◎限本系(含雙主修)修習◎必須先修過【ENU0279  英語聽講（一）】、【ENU0280  英語聽講（二）】			0			曾於萱		四 1-2 和平 無可用教室	中級英語聽講（二）	二			2		0		必				50		2		
	LU21						3	0.06		英語系（學）		ENU0288			0		2.0				115	半			Intermediate Writing (II)	A		1714			0	N		是			◎限本系(含雙主修)修習◎必須先修過【ENU0287  中級寫作（一）】			0			邵毓娟		五 6-7 和平 無可用教室	中級寫作（二）	二			2		0		必				50		2		
	LU21						3	0.06		英語系（學）		ENU0288			0		2.0				115	半			Intermediate Writing (II)	B		1715			0	N		是			◎限本系(含雙主修)修習◎必須先修過【ENU0287  中級寫作（一）】			0			曾於萱		五 6-7 和平 無可用教室	中級寫作（二）	二			2		0		必				50		2		
	LU21						3	0.06		英語系（學）		ENU0288			0		2.0				115	半			Intermediate Writing (II)	C		1716			0	N		是			◎限本系(含雙主修)修習◎必須先修過【ENU0287  中級寫作（一）】			0			黃涵榆		五 6-7 和平 無可用教室	中級寫作（二）	二			2		0		必				50		2		
	LU21						3	0.06		英語系（學）		ENU0288			0		2.0				115	半			Intermediate Writing (II)	D		1717			0	N		是			◎限本系(含雙主修)修習◎必須先修過【ENU0287  中級寫作（一）】			0			多德		五 6-7 和平 無可用教室	中級寫作（二）	二			2		0		必				50		2		
	LU21						3	0.06		英語系（學）		ENU0288			0		2.0				115	半			Intermediate Writing (II)	E		1718			0	N		是			◎限本系(含雙主修)修習◎必須先修過【ENU0287  中級寫作（一）】			0			柯衣凡		五 6-7 和平 無可用教室	中級寫作（二）	二			2		0		必				50		2		
	LU21						10	0.40		英語系（學）		ENU0339			1		3.0				115	半			Tourism English </br>[ Program: The Specialization Program of Workplace and Industry English ]			1719			0	N		是						0			陳乃嫻		一 2-4 和平 無可用教室	旅遊業英語 </br>[ 學分學程：職場與產業英文專業學分學程 ]	二			2		0		選				50		2		ZU6R
	LU21						10	0.40		英語系（學）		ENU0340			0		2.0				115	半			Critical Reading and Discussion of Local and Global Controversies </br>[ Program: The EMI Specialization Program of English Communication and Critical Thinking ]			1720			0	N		是						0			常紹如		一 3-4 和平 無可用教室	國內外爭議之批判閱讀與討論 </br>[ 學分學程：英語表達、思辨與溝通專業學分學程 ]	二			2		0		選				50		2		ZU6S
	LU21						0	0.00		英語系（學）		ENU0218			0		2.0				115	半			Public Speaking: Presentation </br>[ Program: The Specialization Program of Workplace and Industry English The EMI Specialization Program of English Communication and Critical Thinking ]	A		1721			0	N		是	1		◎限本系(含雙主修)修習◎必須先修過【ENU0269  英語會話（一）】、【ENU0270  英語會話（二）】			0			未定	甲	四 8-9 和平 無可用教室	英語演講：英語簡報 </br>[ 學分學程：職場與產業英文專業學分學程 英語表達、思辨與溝通專業學分學程 ]	二			2		0		必				50		2		ZU6R/ZU6R/ZU6S/ZU6S
	LU21						0	0.00		英語系（學）		ENU0218			0		2.0				115	半			Public Speaking: Presentation </br>[ Program: The Specialization Program of Workplace and Industry English The EMI Specialization Program of English Communication and Critical Thinking ]	B		1722			0	N		是	1		◎限本系(含雙主修)修習◎必須先修過【ENU0269  英語會話（一）】、【ENU0270  英語會話（二）】			0			吳美貞	甲	四 8-9 和平 無可用教室	英語演講：英語簡報 </br>[ 學分學程：職場與產業英文專業學分學程 英語表達、思辨與溝通專業學分學程 ]	二			2		0		必				50		2		ZU6R/ZU6R/ZU6S/ZU6S
	LU21						10	0.40		英語系（學）		ENU0260			0		2.0				115	半			Introduction to Linguistics (II) </br>[ Program: The Specialization Program of Linguistics ]			1723			0	N		是	1					0			李臻儀	甲	一 6-7 和平 無可用教室	語言學概論（二） </br>[ 學分學程：語言科學專業學分學程 ]	二			2		0		必				50	建議大二以上選修	2		ZU6Q/ZU6Q
	LU21						10	0.40		英語系（學）		ENU0292			0		2.0				115	半			English Literature: Medieval Period to the Eighteenth Century (II) </br>[ Program: The EMI Specialization Program of Creative Narrative Studies ]			1724			0	N		是	1		◎限本系(含雙主修)修習◎限大二修習			0			楊志偉	甲	一 8-9 和平 無可用教室	英國文學：中古時期至十八世紀（二） </br>[ 學分學程：創意敘事研究全英語專業學分學程 ]	二			2		0		選				50		2		ZU6P/ZU6P
	LU21						0	0.00		英語系（學）		ENU0218			0		2.0				115	半			Public Speaking: Presentation </br>[ Program: The Specialization Program of Workplace and Industry English The EMI Specialization Program of English Communication and Critical Thinking ]	A		1725			0	N		是	2		◎限本系(含雙主修)修習◎必須先修過【ENU0269  英語會話（一）】、【ENU0270  英語會話（二）】			0			楊志偉	乙	四 6-7 和平 無可用教室	英語演講：英語簡報 </br>[ 學分學程：職場與產業英文專業學分學程 英語表達、思辨與溝通專業學分學程 ]	二			2		0		必				50		2		ZU6R/ZU6R/ZU6S/ZU6S
	LU21						0	0.00		英語系（學）		ENU0218			0		2.0				115	半			Public Speaking: Presentation </br>[ Program: The Specialization Program of Workplace and Industry English The EMI Specialization Program of English Communication and Critical Thinking ]	B		1726			0	N		是	2		◎限本系(含雙主修)修習◎必須先修過【ENU0269  英語會話（一）】、【ENU0270  英語會話（二）】			0			高瑪麗	乙	四 6-7 和平 無可用教室	英語演講：英語簡報 </br>[ 學分學程：職場與產業英文專業學分學程 英語表達、思辨與溝通專業學分學程 ]	二			2		0		必				50		2		ZU6R/ZU6R/ZU6S/ZU6S
	LU21						10	0.20		英語系（學）		ENU0260			3		2.0				115	半			Introduction to Linguistics (II) </br>[ Program: The Specialization Program of Linguistics ]			1727			0	N		是	2					0			李臻儀	乙	一 8-9 和平 無可用教室	語言學概論（二） </br>[ 學分學程：語言科學專業學分學程 ]	二			2		0		必				50	建議大二以上選修	2		ZU6Q/ZU6Q
	LU21						10	0.40		英語系（學）		ENU0292			0		2.0				115	半			English Literature: Medieval Period to the Eighteenth Century (II) </br>[ Program: The EMI Specialization Program of Creative Narrative Studies ]			1728			0	N		是	2		◎限本系(含雙主修)修習◎限大二修習			0			高瑪麗	乙	四 9-10 和平 無可用教室	英國文學：中古時期至十八世紀（二） </br>[ 學分學程：創意敘事研究全英語專業學分學程 ]	二			2		0		選				50		2		ZU6P/ZU6P
	LU21						10	0.40		英語系（學）		ENU0038			0		3.0				115	半			Language Acquisition			1729			0	N					◎限本系(含雙主修)修習◎限大三大四修習			0			程玉秀		三 3-5 和平 無可用教室	語言習得	三			3		0		選				50		2		
	LU21						10	0.40		英語系（學）		ENU0219			0		2.0				115	半			English for Occupational Purposes </br>[ Program: The Specialization Program of Workplace and Industry English ]			1730			0	N		是						0			曾於萱		四 8-9 和平 無可用教室	職場英文 </br>[ 學分學程：職場與產業英文專業學分學程 ]	三			3		0		選				50		2		ZU6R
	LU21						0	0.00		英語系（學）		ENU0248			0		2.0				115	半			Discussion & Debate (II) </br>[ Program: The EMI Specialization Program of English Communication and Critical Thinking ]	A		1731			0	N		是			◎限本系(含雙主修)修習◎限大三大四修習			0			常紹如		一 6-7 和平 無可用教室	討論與辯論（二） </br>[ 學分學程：英語表達、思辨與溝通專業學分學程 ]	三			3		0		必				50		2		ZU6S
	LU21						0	0.00		英語系（學）		ENU0248			0		2.0				115	半			Discussion & Debate (II) </br>[ Program: The EMI Specialization Program of English Communication and Critical Thinking ]	B		1732			0	N		是			◎限本系(含雙主修)修習◎限大三大四修習			0			柯衣凡		一 6-7 和平 無可用教室	討論與辯論（二） </br>[ 學分學程：英語表達、思辨與溝通專業學分學程 ]	三			3		0		必				50		2		ZU6S
	LU21						0	0.00		英語系（學）		ENU0248			0		2.0				115	半			Discussion & Debate (II) </br>[ Program: The EMI Specialization Program of English Communication and Critical Thinking ]	C		1733			0	N		是			◎限本系(含雙主修)修習◎限大三大四修習			0			戴宇呈		四 3-4 和平 無可用教室	討論與辯論（二） </br>[ 學分學程：英語表達、思辨與溝通專業學分學程 ]	三			3		0		必				50		2		ZU6S
	LU21						0	0.00		英語系（學）		ENU0248			0		2.0				115	半			Discussion & Debate (II) </br>[ Program: The EMI Specialization Program of English Communication and Critical Thinking ]	D		1734			0	N		是			◎限本系(含雙主修)修習◎限大三大四修習			0			李宜倩		四 3-4 和平 無可用教室	討論與辯論（二） </br>[ 學分學程：英語表達、思辨與溝通專業學分學程 ]	三			3		0		必				50		2		ZU6S
	LU21						10	0.40		英語系（學）		ENU0268			5		2.0				115	半			Intermediate Japanese (II)			1735			0	N								0			未定		三 6-7 和平 無可用教室	中級日文（二）	三			3		0		選				50		2		
	LU21						10	0.40		英語系（學）		ENU0286			0		2.0				115	半			Advanced Aural-Oral Training in English (II)	A		1736			0	N		是			◎限本系(含雙主修)修習◎必須先修過【ENU0283  中級英語聽講（一）】、【ENU0284  中級英語聽講（二）】			0			曾於萱		二 1-2 和平 無可用教室	高級英語聽講（二）	三			3		0		必				50		2		
	LU21						10	0.40		英語系（學）		ENU0286			0		2.0				115	半			Advanced Aural-Oral Training in English (II)	B		1737			0	N		是			◎限本系(含雙主修)修習◎必須先修過【ENU0283  中級英語聽講（一）】、【ENU0284  中級英語聽講（二）】			0			蘇席瑤		四 1-2 和平 無可用教室	高級英語聽講（二）	三			3		0		必				50		2		
	LU21						1	0.02		英語系（學）		ENU0290			0		2.0				115	半			Advanced Writing (II)	A		1738			0	N		是			◎限本系(含雙主修)修習◎必須先修過【ENU0289  高級寫作（一）】			0			貝格泰		五 3-4 和平 無可用教室	高級寫作（二）	三			3		0		必				50		2		
	LU21						1	0.02		英語系（學）		ENU0290			0		2.0				115	半			Advanced Writing (II)	B		1739			0	N		是			◎限本系(含雙主修)修習◎必須先修過【ENU0289  高級寫作（一）】			0			陳乃嫻		五 3-4 和平 無可用教室	高級寫作（二）	三			3		0		必				50		2		
	LU21						1	0.02		英語系（學）		ENU0290			0		2.0				115	半			Advanced Writing (II)	C		1740			0	N		是			◎限本系(含雙主修)修習◎必須先修過【ENU0289  高級寫作（一）】			0			楊志偉		五 3-4 和平 無可用教室	高級寫作（二）	三			3		0		必				50		2		
	LU21						1	0.02		英語系（學）		ENU0290			0		2.0				115	半			Advanced Writing (II)	D		1741			0	N		是			◎限本系(含雙主修)修習◎必須先修過【ENU0289  高級寫作（一）】			0			甯俐馨		五 3-4 和平 無可用教室	高級寫作（二）	三			3		0		必				50		2		
	LU21						10	0.20		英語系（學）		ENUE001			0		2.0				115	半			Teaching Materials and Methods : English </br>[ Program: The Inter-disciplinary Program of PASSION Quality Education in Rural Schools ]			1742			0	N					◎限本系(含雙主修)修習◎限大三大四修習     ◎限 二階生 教育學程生 不佔名額生 登記修習生 可修			0			王宏均		五 1-2 和平 無可用教室	英語教材教法（教） </br>[ 學分學程：PASSION偏鄉優質教育學分學程 ]	三			3		0		選				50		2		ZU79
	LU21						1	0.02		英語系（學）		ENU0017			0		3.0				115	半			History of the English Language </br>[ Program: The Specialization Program of Linguistics ]			1743			0	N		是	1		◎限本系(含雙主修)修習◎限大三大四修習◎必須先修過【ENU0259  語言學概論（一）】、【ENU0260  語言學概論（二）】			0			吳靜蘭	甲	一 2-4 和平 無可用教室	英語語言史 </br>[ 學分學程：語言科學專業學分學程 ]	三			3		0		必				50		2		ZU6Q
	LU21						10	0.40		英語系（學）		ENU0294			0		2.0				115	半			English Literature: Romantic Period to the Present (II) </br>[ Program: The EMI Specialization Program of Creative Narrative Studies ]			1744			0	N		是	1		◎限本系(含雙主修)修習◎限大三大四修習			0			黃涵榆	甲	四 6-7 和平 無可用教室	英國文學：浪漫時期至現代（二） </br>[ 學分學程：創意敘事研究全英語專業學分學程 ]	三			3		0		選				50		2		ZU6P/ZU6P
	LU21						10	0.40		英語系（學）		ENU0349			0		2.0				115	半			American Literature (II): 1900 to Present </br>[ Program: The EMI Specialization Program of Creative Narrative Studies ]			1745			0	N		是	1		◎限本系(含雙主修)修習◎限大三大四修習			0			高瑪麗	甲	二 3-4 和平 無可用教室	美國文學（二）：1900年至當代 </br>[ 學分學程：創意敘事研究全英語專業學分學程 ]	三			3		0		選				50		2		ZU6P/ZU6P
	LU21						10	0.40		英語系（學）		ENU0294			0		2.0				115	半			English Literature: Romantic Period to the Present (II) </br>[ Program: The EMI Specialization Program of Creative Narrative Studies ]			1746			0	N		是	2		◎限本系(含雙主修)修習◎限大三大四修習			0			貝格泰	乙	四 6-7 和平 無可用教室	英國文學：浪漫時期至現代（二） </br>[ 學分學程：創意敘事研究全英語專業學分學程 ]	三			3		0		選				50		2		ZU6P/ZU6P
	LU21						10	0.40		英語系（學）		ENU0349			0		2.0				115	半			American Literature (II): 1900 to Present </br>[ Program: The EMI Specialization Program of Creative Narrative Studies ]			1747			0	N		是	2		◎限本系(含雙主修)修習◎限大三大四修習			0			路愷宜	乙	四 3-4 和平 無可用教室	美國文學（二）：1900年至當代 </br>[ 學分學程：創意敘事研究全英語專業學分學程 ]	三			3		0		選				50		2		ZU6P/ZU6P
	LU21						10	0.40		英語系（學）		ENU0213			0		3.0				115	半			Computer-assisted English Learning			1748			0	N		是			◎限本系(含雙主修)修習◎限大三大四修習			0			曾俊傑		二 6-8 和平 無可用教室	電腦輔助英語學習	四			4		0		選				50	建議先修過「英語與教學概論」及「語言習得」後再選修	2		
	LU21						10	0.40		英語系（學）		ENU0221			0		3.0				115	半			Issues in Teaching English as A Second Language			1749			0	N		是			◎限本系(含雙主修)修習◎限大三大四修習			0			李宜倩		二 2-4 和平 無可用教室	英語教學議題研究	四			4		0		選				50		2		
	LU21						10	0.40		英語系（學）		ENU0278			2		2.0				115	半			English-Chinese Translation (II) </br>[ Program: The Specialization Program of Workplace and Industry English The Inter-disciplinary Program of Honors in Advanced English ]	A		1750			0	N					◎限本系(含雙主修)、輔系修習			0			未定		三 6-7 和平 無可用教室	中英翻譯（二） </br>[ 學分學程：職場與產業英文專業學分學程 榮譽英語學分學程 ]	四			4		0		選				50	建議修習輔系第二年以後選修	2		ZU6R/ZU92
	LU21						10	0.40		英語系（學）		ENU0278			2		2.0				115	半			English-Chinese Translation (II) </br>[ Program: The Specialization Program of Workplace and Industry English The Inter-disciplinary Program of Honors in Advanced English ]	B		1751			0	N					◎限本系(含雙主修)、輔系修習			0			未定		三 8-9 和平 無可用教室	中英翻譯（二） </br>[ 學分學程：職場與產業英文專業學分學程 榮譽英語學分學程 ]	四			4		0		選				50	建議修習輔系第二年以後選修	2		ZU6R/ZU92
	LU21						10	0.40		英語系（學）		ENU0278			0		2.0				115	半			English-Chinese Translation (II) </br>[ Program: The Specialization Program of Workplace and Industry English The Inter-disciplinary Program of Honors in Advanced English ]	C		1752			0	N					◎限本系(含雙主修)、輔系修習			0			未定		五 1-2 和平 無可用教室	中英翻譯（二） </br>[ 學分學程：職場與產業英文專業學分學程 榮譽英語學分學程 ]	四			4		0		選				50	建議修習輔系第二年以後選修	2		ZU6R/ZU92
	LU21						10	0.40		英語系（學）		ENU0278			0		2.0				115	半			English-Chinese Translation (II) </br>[ Program: The Specialization Program of Workplace and Industry English The Inter-disciplinary Program of Honors in Advanced English ]	D		1753			0	N					◎限本系(含雙主修)、輔系修習			0			未定		五 3-4 和平 無可用教室	中英翻譯（二） </br>[ 學分學程：職場與產業英文專業學分學程 榮譽英語學分學程 ]	四			4		0		選				50	建議修習輔系第二年以後選修	2		ZU6R/ZU92
	LU21						10	0.40		英語系（學）		ENU0296			5		2.0				115	半			Advanced Japanese (II)			1754			0	N								0			未定		三 8-9 和平 無可用教室	進階日文（二）	四			4		0		選				50		2		
	LU21						10	0.40		英語系（學）		ENU0220			2		2.0				115	半			Financial English and Translation </br>[ Program: The Specialization Program of Workplace and Industry English ]			1755			0	N			2		◎限本系(含雙主修)修習◎限大三大四修習			0			未定	乙	三 3-4 和平 無可用教室	財經英文與翻譯 </br>[ 學分學程：職場與產業英文專業學分學程 ]	四			4		0		選				50		2		ZU6R
	LU22						10	0.40		歷史系（學）		HIU0060			0		2.0				115	半			Historical Geography			1756			0	N								0			石蘭梅		四 6-7 和平 無可用教室	歷史地理						0		選				50		2		
	LU22						10	0.40		歷史系（學）		HIU0104			5		3.0				115	半			Audio-Visual Historiography </br>[ Program: The Inter-disciplinary Program of Metaverse Narrative The Specialization Program of Uncovering Local History: Sources and Sites The Specialization Program of Historical Thinking and Narrative ]			1757			0	N								0			陳登武		四 6-8 和平 無可用教室	影視史學 </br>[ 學分學程：AI暨元宇宙敘事學分學程 挖掘在地歷史：史料與現場專業學分學程 歷史思維與敘事專業學分學程 ]						0		選				50		2		ZU48/ZU7N/ZU7P
	LU22						10	0.40		歷史系（學）		HIU0144			0		3.0				115	半			The Enlightenment </br>[ Program: The Specialization Program of Thinking Patterns of Diverse Civilizations ]			1758			0	N								0			楊彥彬		五 3-5 和平 無可用教室	啟蒙運動史 </br>[ 學分學程：多元文明思維模式專業學分學程 ]						0		選				50	本課程為進階課程，故限大三以上同學修習。	2		ZU7O
	LU22						10	0.40		歷史系（學）		HIU0322			0		3.0				115	半			Introduction to French and Readings in Western Primary Sources			1759			0	N								0			陳秀鳳		五 6-8 和平 無可用教室	基礎法文與史料選讀						0		選				50		2		
	LU22						10	0.40		歷史系（學）		HIU0339			0		3.0				115	半			Political History of Taiwan </br>[ Program: The Specialization Program of Uncovering Local History: Sources and Sites ]			1760			0	N								0			王麒銘		三 6-8 和平 無可用教室	臺灣政治史 </br>[ 學分學程：挖掘在地歷史：史料與現場專業學分學程 ]						0		選				50		2		ZU7N
	LU22						10	0.40		歷史系（學）		HIU0363			0		3.0				115	半			Social and Cultural History of Medieval Western Europe </br>[ Program: The Specialization Program of Thinking Patterns of Diverse Civilizations ]			1761			0	N								0			陳秀鳳		四 6-8 和平 無可用教室	中世紀西歐社會文化史 </br>[ 學分學程：多元文明思維模式專業學分學程 ]						0		選				50		2		ZU7O
	LU22						10	0.40		歷史系（學）		HIU0369			0		3.0				115	半			Modern History of Japan </br>[ Program: The Specialization Program of Thinking Patterns of Diverse Civilizations ]			1762			0	N								0			周東怡		三 3-5 和平 無可用教室	日本近代史 </br>[ 學分學程：多元文明思維模式專業學分學程 ]						0		選				50		2		ZU7O
	LU22						10	0.40		歷史系（學）		HIU0371			0		2.0				115	半			History of Modern China-Japan Relations			1763			0	N								0			周東怡		二 3-4 和平 無可用教室	近代中日關係史						0		選				50		2		
	LU22						10	0.40		歷史系（學）		HIU0373			1		2.0				115	半			Taiwan Modern History </br>[ Program: The Specialization Program of the Making of the Modern World ]			1764			0	N								0			陳佳宏		一 6-7 和平 無可用教室	臺灣近代史 </br>[ 學分學程：現代世界的形成專業學分學程 ]						0		選				50		2		ZU7M
	LU22						10	0.40		歷史系（學）		HIU0375			0		2.0				115	半			Cultural History of Taiwan </br>[ Program: The Specialization Program of Uncovering Local History: Sources and Sites ]			1765			0	N								0			陳志豪		五 6-7 和平 無可用教室	臺灣文化史 </br>[ 學分學程：挖掘在地歷史：史料與現場專業學分學程 ]						0		選				50		2		ZU7N
	LU22						10	0.40		歷史系（學）		HIU0382			0		2.0				115	半			Special Topics in the Inquiry and Practice of Social Studies			1766			0	N					◎限本系(含雙主修)修習◎必須先修過【HIUE001  歷史教材教法（教）】、【HIU0381  社會領域課程概論】			0			石蘭梅		五 3-4 和平 無可用教室	社會領域探究與實作專題						0		必				50	本課程為社會領域專門課程之領域核心課程必修學分，並非本校教育專業課程之教育實踐中的「分科／分領域（群科）探究與實作（教）」	2		
	LU22						10	0.40		歷史系（學）		HIU0386			0		2.0				115	半			History of Yuan Dynasty			1767			0	N								0			陳昭揚		二 6-7 和平 無可用教室	元史						0		選				50		2		
	LU22						10	0.40		歷史系（學）		HIU0387			0		2.0				115	半			Methodology of Historiography			1768			0	N					◎歷史系（學） 不得修習◎限外系修習			0			陳昭揚		二 10-A 和平 無可用教室	史學方法						0		必				50	本課程為中等學校社會領域「領域內跨科課程」，故提供地理系、公領系同學修習，非前述之外系生請勿修習。	2		
	LU22						10	0.40		歷史系（學）		HIU0389			0		2.0				115	半			Modern History of Taiwan-Japan Relations			1769			0	N								0			王麒銘		三 3-4 和平 無可用教室	近代臺日關係史						0		選				50		2		
	LU22						10	0.40		歷史系（學）		HIU0392			0		3.0				115	半			History of Han Dynasty			1770			0	N								0			陳健文		二 6-8 和平 無可用教室	兩漢史						0		選				50		2		
	LU22						10	0.40		歷史系（學）		HIU0393			1		3.0				115	半			Contemporary History of Western World </br>[ Program: The Specialization Program of the Making of the Modern World ]			1771			0	N								0			未定		五 6-8 和平 無可用教室	西洋現代史 </br>[ 學分學程：現代世界的形成專業學分學程 ]						0		選				50		2		ZU7M
	LU22						10	0.40		歷史系（學）		HIU0394			0		2.0				115	半			History of Chinese Political Institutions (Personnel Administration)			1772			0	N								0			陳昭揚		一 8-9 和平 無可用教室	中國政治制度史（官員管理）						0		選				50		2		
	LU22						10	0.40		歷史系（學）		HIU0400			0		2.0				115	半			African American History			1773			0	N								0			未定		二 3-4 和平 無可用教室	非裔美國人史						0		選				50		2		
	LU22						10	0.40		歷史系（學）		HIU0403			1		3.0				115	半			Korean Popular Cultural </br>[ Program: The Inter-disciplinary Program of Korean Studies and Language The Specialization Program of Thinking Patterns of Diverse Civilizations ]			1774			0	N								0			洪攸善		二 8-10 和平 無可用教室	韓國流行文化 </br>[ 學分學程：韓國學與語文學分學程 多元文明思維模式專業學分學程 ]						0		選				50		2		ZU7O/ZU9P
	LU22						10	0.20		歷史系（學）		HIUE110			0		2.0				115	半			Teaching Practicum: History (I)			1775			0	N					◎限本系(含雙主修)修習◎限大三修習     ◎限 二階生 教育學程生 不佔名額生 登記修習生 可修◎必須先修過【HIUE001  歷史教材教法（教）】、【HIU0381  社會領域課程概論】			0			石蘭梅		四 1-4 和平 無可用教室	歷史科教學實習（一）（教）						0		選				50	1.本課程為初級實習課程，注重教學技巧訓練，限大三以上修習。  2.除須滿足先修課程外，應至少修滿教育專業課程 12學分(不含教學實習)，且專門課程之「領域內跨科課程」應各科至少修 2 學分（108 學年新制）。	2		
	LU22						10	0.40		歷史系（學）		HIC0073			2		2.0				115	半			Manchu (II)			1776			0	N			9					0			未定	大碩	二 A-B 和平 無可用教室	滿文（二）						0		選				50		2		
	LU22						10	0.40		歷史系（學）		HIC9001			3		3.0				115	半			Seminar on History of Modern Western Historical Consciousness </br>[ Program: The Specialization Program of Historical Thinking and Narrative ]			1777			0	N			9					0			未定	大碩	三 3-5 和平 無可用教室	近代西方歷史意識專題 </br>[ 學分學程：歷史思維與敘事專業學分學程 ]						0		選				50		2		ZU7P
	LU22						10	0.40		歷史系（學）		HIC9002			0		3.0				115	半			Seminar on the History of Ancient Inner Eurasia			1778			0	N			9					0			陳健文	大碩	一 6-8 和平 無可用教室	古代中亞北亞史專題						0		選				50		2		
	LU22						10	0.40		歷史系（學）		HIC9006			0		3.0				115	半			Seminar on Historical Texts of the Pre-Qin Period			1779			0	N			9					0			石蘭梅	大碩	五 6-8 和平 無可用教室	先秦史料研討						0		選				50		2		
	LU22						10	0.40		歷史系（學）		HIC9008			1		2.0				115	半			Seminar on White Terror and the Movement of Human Rights in Postwar Taiwan </br>[ Program: The Inter-disciplinary Program of Metaverse Narrative ]			1780			0	N			9					0			陳佳宏	大碩	二 3-4 和平 無可用教室	戰後臺灣白色恐怖與人權運動研討 </br>[ 學分學程：AI暨元宇宙敘事學分學程 ]						0		選				50		2		ZU48
	LU22						10	0.40		歷史系（學）		HIC9017			1		3.0				115	半			Seminar on Digital Humanities and Historical Studies </br>[ Program: The Inter-disciplinary Program of Metaverse Narrative ]			1781			0	N			9					0			李宗翰	大碩	三 6-8 和平 無可用教室	數位人文與歷史研究專題 </br>[ 學分學程：AI暨元宇宙敘事學分學程 ]						0		選				50		2		ZU48
	LU22						10	0.40		歷史系（學）		HIC9024			1		3.0				115	半			Seminar on Women through the Ages			1782			0	N		是	9					0			盧省言	大碩	三 6-8 和平 無可用教室	西方婦女史研討						0		選				50		2		
	LU22						10	0.40		歷史系（學）		HIC9028			1		3.0				115	半			Seminar on Modern Social and Political History of Taiwan			1783			0	N		是	9					0			林欣宜	大碩	四 3-5 和平 無可用教室	臺灣近代政治社會史研討						0		選				50		2		
	LU22						10	0.40		歷史系（學）		HIC9046			1		3.0				115	半			Seminar on War and Society in Taiwan's History			1784			0	N		是	9					0			陳南旭	大碩	三 3-5 和平 無可用教室	臺灣歷史上的戰爭與社會研討						0		選				50		2		
	LU22						10	0.40		歷史系（學）		HIC9052			2		3.0				115	半			Seminar on Environment, Security and Religions in Taiwan			1785			0	N		是	9					0			吳有能	大碩	一 10-B 和平 無可用教室	環境、安全與臺灣宗教教研討						0		選				50		2		
	LU22						10	0.40		歷史系（學）		HIC9113			1		3.0				115	半			Seminar on History of Society and Culture in Modern China			1786			0	N			9					0			未定	大碩	四 2-4 和平 無可用教室	近代中國社會文化史專題						0		選				50		2		
	LU22						10	0.40		歷史系（學）		HIU0151			0		2.0				115	半			History & Culture </br>[ Program: The Specialization Program of Historical Thinking and Narrative ]	A		1787			0	N					◎限本系(含雙主修)修習◎限大一修習			0			楊彥彬		一 1-2 和平 無可用教室	歷史與文化 </br>[ 學分學程：歷史思維與敘事專業學分學程 ]	一			1		0		必				50	備註：已於上學期選定上課班別(A班或B班)者，下學期嚴禁換班上課。	2		ZU7P
	LU22						10	0.40		歷史系（學）		HIU0151			0		2.0				115	半			History & Culture </br>[ Program: The Specialization Program of Historical Thinking and Narrative ]	B		1788			0	N					◎限本系(含雙主修)修習◎限大一修習			0			陳建元		一 1-2 和平 無可用教室	歷史與文化 </br>[ 學分學程：歷史思維與敘事專業學分學程 ]	一			1		0		必				50	備註：已於上學期選定上課班別(A班或B班)者，下學期嚴禁換班上課。	2		ZU7P
	LU22						10	0.40		歷史系（學）		HIU0341			0		2.0				115	半			General History of China (Medieval History)	A		1789			0	N					◎限本系(含雙主修)修習◎限大一修習			0			陳健文		一 3-4 和平 無可用教室	中國通史（中古）	一			1		0		必				50	備註：已於上學期選定上課班別(A班或B班)者，下學期嚴禁換班上課。	2		
	LU22						10	0.20		歷史系（學）		HIU0341			0		2.0				115	半			General History of China (Medieval History)	B		1790			0	N					◎限本系(含雙主修)修習◎限大一修習			0			未定		一 3-4 和平 研討五	中國通史（中古）	一			1		0		必				50	備註：已於上學期選定上課班別(A班或B班)者，下學期嚴禁換班上課。	2		
	LU22						10	0.40		歷史系（學）		HIU0345			0		2.0				115	半			General History of the World (Medieval History)	A		1791			0	N					◎限本系(含雙主修)修習◎限大一修習			0			陳秀鳳		五 1-2 和平 無可用教室	世界通史（中古）	一			1		0		必				50	備註：已於上學期選定上課班別(A班或B班)者，下學期嚴禁換班上課。	2		
	LU22						10	0.40		歷史系（學）		HIU0345			0		2.0				115	半			General History of the World (Medieval History)	B		1792			0	N					◎限本系(含雙主修)修習◎限大一修習			0			楊彥彬		五 1-2 和平 無可用教室	世界通史（中古）	一			1		0		必				50	備註：已於上學期選定上課班別(A班或B班)者，下學期嚴禁換班上課。	2		
	LU22						10	0.20		歷史系（學）		HIU0349			0		2.0				115	半			General History of Taiwan (After 1895) </br>[ Program: The Specialization Program of Uncovering Local History: Sources and Sites The Specialization Program of the Making of the Modern World ]	A		1793			0	N					◎限本系(含雙主修)修習◎限大一修習			0			林欣宜		四 1-2 和平 無可用教室	臺灣通史（1895年後） </br>[ 學分學程：挖掘在地歷史：史料與現場專業學分學程 現代世界的形成專業學分學程 ]	一			1		0		必				50	備註：已於上學期選定上課班別(A班或B班)者，下學期嚴禁換班上課。	2		ZU7M/ZU7N
	LU22						10	0.20		歷史系（學）		HIU0349			0		2.0				115	半			General History of Taiwan (After 1895) </br>[ Program: The Specialization Program of Uncovering Local History: Sources and Sites The Specialization Program of the Making of the Modern World ]	B		1794			0	N					◎限本系(含雙主修)修習◎限大一修習			0			王麒銘		四 1-2 和平 無可用教室	臺灣通史（1895年後） </br>[ 學分學程：挖掘在地歷史：史料與現場專業學分學程 現代世界的形成專業學分學程 ]	一			1		0		必				50	備註：已於上學期選定上課班別(A班或B班)者，下學期嚴禁換班上課。	2		ZU7M/ZU7N
	LU22						10	0.20		歷史系（學）		HIU0343			0		2.0				115	半			The General History of China (Modern China) </br>[ Program: The Specialization Program of the Making of the Modern World ]	A		1795			0	N					◎限本系(含雙主修)修習◎限大二修習			0			吳翎君		二 1-2 和平 無可用教室	中國通史（近現代） </br>[ 學分學程：現代世界的形成專業學分學程 ]	二			2		0		必				50	備註：已於上學期選定上課班別(A班或B班)者，下學期嚴禁換班上課。	2		ZU7M
	LU22						10	0.40		歷史系（學）		HIU0343			0		2.0				115	半			The General History of China (Modern China) </br>[ Program: The Specialization Program of the Making of the Modern World ]	B		1796			0	N					◎限本系(含雙主修)修習◎限大二修習			0			周東怡		二 1-2 和平 無可用教室	中國通史（近現代） </br>[ 學分學程：現代世界的形成專業學分學程 ]	二			2		0		必				50	備註：已於上學期選定上課班別(A班或B班)者，下學期嚴禁換班上課。	2		ZU7M
	LU22						10	0.40		歷史系（學）		HIU0347			0		2.0				115	半			World History (Modern History) </br>[ Program: The Specialization Program of Thinking Patterns of Diverse Civilizations The Specialization Program of the Making of the Modern World ]	A		1797			0	N					◎限本系(含雙主修)修習◎限大二修習			0			陳建元		五 8-9 和平 無可用教室	世界通史（近現代） </br>[ 學分學程：多元文明思維模式專業學分學程 現代世界的形成專業學分學程 ]	二			2		0		必				50	備註：已於上學期選定上課班別(A班或B班)者，下學期嚴禁換班上課。	2		ZU7M/ZU7O
	LU22						10	0.20		歷史系（學）		HIU0347			0		2.0				115	半			World History (Modern History) </br>[ Program: The Specialization Program of Thinking Patterns of Diverse Civilizations The Specialization Program of the Making of the Modern World ]	B		1798			0	N					◎限本系(含雙主修)修習◎限大二修習			0			楊彥彬		五 8-9 和平 無可用教室	世界通史（近現代） </br>[ 學分學程：多元文明思維模式專業學分學程 現代世界的形成專業學分學程 ]	二			2		0		必				50	備註：已於上學期選定上課班別(A班或B班)者，下學期嚴禁換班上課。	2		ZU7M/ZU7O
	LU22						10	0.40		歷史系（學）		HIU0222			0		2.0				115	半			Methodology of Historiography (II)	A		1799			0	N					◎限本系(含雙主修)修習◎限大三修習			0			葉高樹		三 9-10 和平 無可用教室	史學方法（二）	三			3		0		必				50	備註：已於上學期選定上課班別(A班或B班)者，下學期嚴禁換班上課。	2		
	LU22						10	0.20		歷史系（學）		HIU0222			0		2.0				115	半			Methodology of Historiography (II)	B		1800			0	N					◎限本系(含雙主修)修習◎限大三修習			0			陳健文		三 9-10 和平 無可用教室	史學方法（二）	三			3		0		必				50	備註：已於上學期選定上課班別(A班或B班)者，下學期嚴禁換班上課。	2		
	LU23						5	0.10		地理系（學）		GEU0014			0		3.0				115	半			Geography of the World </br>[ Program: The Inter-disciplinary Program of International Relations and Diplomacy ]	C		1801			0	N		是						0			未定		一 10-B 和平 無可用教室	世界地理 </br>[ 學分學程：國際關係與外交學分學程 ]						0		必				50		2		ZU56
	LU23						5	0.10		地理系（學）		GEU0246			0		2.0				115	半			Computer-Aided Geography Instruction			1802			0	N								0			未定		四 9-10 和平 無可用教室	電腦輔助地理教學						0		選				50		2		
	LU23						5	0.10		地理系（學）		GEU0252			2		3.0				115	半			Population, Culture and Migration in Europe			1803			0	N		是						0			莫家俊		一 7-9 和平 無可用教室	歐洲的人口、文化及移民						0		選				50		2		
	LU23						5	0.10		地理系（學）		GEU0254			5		2.0				115	半			Toponymy			1804			0	N								0			韋煙灶		五 8-9 和平 無可用教室	地名學						0		選				50		2		
	LU23						10	0.40		地理系（學）		GEC9004			0		3.0				115	半			Medical Geography			1805			0	N			9					0			詹竣翔	大碩	二 6-8 和平 無可用教室	醫學地理						0		選				50		2		
	LU23						5	0.10		地理系（學）		GEC9006			0		3.0				115	半			Python Programming </br>[ Program: The Inter-disciplinary Program of Region and Tourism Planning ]			1806			0	N			9					0			詹竣翔	大碩	一 6-8 和平 無可用教室	Python程式設計 </br>[ 學分學程：區域與觀光規劃學分學程 ]						0		選				50		2		ZU9A
	LU23						10	0.40		地理系（學）		GEU0001			0		3.0				115	半			Geomorphology </br>[ Program: The Specialization Program of Natural Hazards and Mapping The Inter-disciplinary Program of Environmental Monitoring and Disaster Mitigation ]			1807			0	N								0			沈淑敏		二 7-9 和平 無可用教室	地形學 </br>[ 學分學程：自然災害與製圖專業學分學程 環境監測與防災學分學程 ]	一			1		0		必				50		2		ZU7R/ZU89
	LU23						5	0.10		地理系（學）		GEU0014			5		3.0				115	半			Geography of the World </br>[ Program: The Inter-disciplinary Program of International Relations and Diplomacy ]	A		1808			0	N		是						0			未定		一 2-4 和平 無可用教室	世界地理 </br>[ 學分學程：國際關係與外交學分學程 ]	一			1		0		必				50		2		ZU56
	LU23						5	0.10		地理系（學）		GEU0014			3		3.0				115	半			Geography of the World </br>[ Program: The Inter-disciplinary Program of International Relations and Diplomacy ]	B		1809			0	N		是						0			許嘉麟		一 6-8 和平 無可用教室	世界地理 </br>[ 學分學程：國際關係與外交學分學程 ]	一			1		0		必				50		2		ZU56
	LU23						5	0.10		地理系（學）		GEU0136			3		3.0				115	半			Climatology </br>[ Program: The Inter-disciplinary Program of Environmental Monitoring and Disaster Mitigation The Specialization Program of Natural Hazards and Mapping ]			1810			0	N			1		◎必須先修過【GEU0047  氣象學】			0			翁叔平	甲	四 7-9 和平 無可用教室	氣候學 </br>[ 學分學程：環境監測與防災學分學程 自然災害與製圖專業學分學程 ]	一			1		0		必				50		2		ZU7R/ZU7R/ZU89/ZU89
	LU23						5	0.10		地理系（學）		GEU0167			3		3.0				115	半			Quantitative Geography			1811			0	N			1					0			陳哲銘	甲	二 2-4 和平 無可用教室	計量地理	一			1		0		必				50		2		
	LU23						10	0.20		地理系（學）		GEU0011			2		3.0				115	半			Geography of Taiwan			1812			0	N			2					0			洪立三	乙	二 2-4 和平 無可用教室	臺灣地理	一			1		0		必				50		2		
	LU23						5	0.10		地理系（學）		GEU0136			0		3.0				115	半			Climatology </br>[ Program: The Inter-disciplinary Program of Environmental Monitoring and Disaster Mitigation The Specialization Program of Natural Hazards and Mapping ]			1813			0	N			2		◎必須先修過【GEU0047  氣象學】			0			洪致文	乙	四 7-9 和平 無可用教室	氣候學 </br>[ 學分學程：環境監測與防災學分學程 自然災害與製圖專業學分學程 ]	一			1		0		必				50		2		ZU7R/ZU7R/ZU89/ZU89
	LU23						5	0.10		地理系（學）		GEU0029			3		3.0				115	半			Climatology of World			1814			0	N								0			翁叔平		五 7-9 和平 無可用教室	世界氣候	二			2		0		選				50		2		
	LU23						10	0.20		地理系（學）		GEU0057			3		3.0				115	半			Urban Geography </br>[ Program: The EMI Inter-disciplinary Program of Environmental Humanities The Inter-disciplinary Program of International Relations and Diplomacy ]			1815			0	N		是						0			譚鴻仁 翁叔平 未定		二 6-8 和平 無可用教室	都市地理 </br>[ 學分學程：環境人文全英語學分學程 國際關係與外交學分學程 ]	二			2		0		必				50		2		ZU38/ZU56
	LU23						10	0.40		地理系（學）		GEU0073			0		3.0				115	半			Remote Sensing </br>[ Program: The Specialization Program of Ecological Monitoring The Specialization Program of Surveying The Inter-disciplinary Program of Environmental Monitoring and Disaster Mitigation The Inter-disciplinary Program of Geospatial Information Science ]	A		1816			0	N								0			王雪卿		二 2-4 和平 無可用教室	遙測學 </br>[ 學分學程：生態環境監測專業學分學程 測量專業學分學程 環境監測與防災學分學程 空間資訊學分學程 ]	二			2		0		選				50		2		ZU7Q/ZU7S/ZU89/ZU9B
	LU23						10	0.40		地理系（學）		GEU0073			0		3.0				115	半			Remote Sensing </br>[ Program: The Specialization Program of Ecological Monitoring The Specialization Program of Surveying The Inter-disciplinary Program of Environmental Monitoring and Disaster Mitigation The Inter-disciplinary Program of Geospatial Information Science ]	B		1817			0	N								0			未定		二 A-C 和平 無可用教室	遙測學 </br>[ 學分學程：生態環境監測專業學分學程 測量專業學分學程 環境監測與防災學分學程 空間資訊學分學程 ]	二			2		0		選				50		2		ZU7Q/ZU7S/ZU89/ZU9B
	LU23						5	0.10		地理系（學）		GEU0166			0		3.0				115	半			Geographic Information System </br>[ Program: The Specialization Program of Ecological Monitoring The Specialization Program of Surveying The Specialization Program of Natural Hazards and Mapping The Inter-disciplinary Program of Environmental Monitoring and Disaster Mitigation The Inter-disciplinary Program of Geospatial Information Science ]	B		1818			0	N		是						0			吳秉昇		四 3-5 和平 無可用教室	地理資訊系統 </br>[ 學分學程：生態環境監測專業學分學程 測量專業學分學程 自然災害與製圖專業學分學程 環境監測與防災學分學程 空間資訊學分學程 ]	二			2		0		必				50		2		ZU7Q/ZU7R/ZU7S/ZU89/ZU9B
	LU23						10	0.40		地理系（學）		GEU0170			0		3.0				115	半			Natural Resource Conservation </br>[ Program: The Specialization Program of Ecological Monitoring The Inter-disciplinary Program of the Eco-sustainable Industry The EMI Inter-disciplinary Program of Environmental Humanities The Inter-disciplinary Program of International Relations and Diplomacy The Inter-disciplinary Program of Environmental Monitoring and Disaster Mitigation ]			1819			0	N		是						0			廖學誠		一 7-9 和平 無可用教室	自然資源保育 </br>[ 學分學程：生態環境監測專業學分學程 生態永續產業學分學程 環境人文全英語學分學程 國際關係與外交學分學程 環境監測與防災學分學程 ]	二			2		0		選				50		2		ZU35/ZU38/ZU56/ZU7S/ZU89
	LU23						5	0.10		地理系（學）		GEU0186			0		3.0				115	半			Urban Design and Regeneration </br>[ Program: The Inter-disciplinary Program of Region and Tourism Planning ]			1820			0	N								0			未定		四 A-C 和平 無可用教室	都市設計與更新 </br>[ 學分學程：區域與觀光規劃學分學程 ]	二			2		0		選				50		2		ZU9A
	LU23						5	0.10		地理系（學）		GEU0217			0	是	2.0				115	半	王聖鐸		Field Surveying Practice </br>[ Program: The Specialization Program of Surveying The Inter-disciplinary Program of Geospatial Information Science ]			1821			0	N					◎必須先修過【GEU0184  測量學】			0			王聖鐸		五 2-5 和平 無可用教室	測量實習 </br>[ 學分學程：測量專業學分學程 空間資訊學分學程 ]	二			2		0		選				50		2		ZU7Q/ZU9B
	LU23						5	0.10		地理系（學）		GEU0237			3		3.0				115	半			Landscape Graphic Drawing </br>[ Program: The Inter-disciplinary Program of Region and Tourism Planning ]			1822			0	N								0			未定		五 10-B 和平 無可用教室	地景圖學 </br>[ 學分學程：區域與觀光規劃學分學程 ]	二			2		0		選				50		2		ZU9A
	LU23						5	0.10		地理系（學）		GEU0243			0		3.0				115	半			Urban and Regional Planning			1823			0	N								0			未定		三 A-C 和平 無可用教室	都市與區域計畫	二			2		0		選				50		2		
	LU23						5	0.10		地理系（學）		GEU0250			0		3.0				115	半			Biodiversity in Taiwan </br>[ Program: The Specialization Program of Ecological Monitoring The Inter-disciplinary Program of Environmental Monitoring and Disaster Mitigation ]			1824			0	N								0			陳瑩		一 2-4 和平 無可用教室	臺灣生物多樣性 </br>[ 學分學程：生態環境監測專業學分學程 環境監測與防災學分學程 ]	二			2		0		選				50		2		ZU7S/ZU89
	LU23						5	0.10		地理系（學）		GEU0256			0		2.0				115	半			Home Geography			1825			0	N								0			韋煙灶		五 6-7 和平 無可用教室	鄉土地理	二			2		0		選				50		2		
	LU23						5	0.10		地理系（學）		GEU0005			5		3.0				115	半			Biogeography </br>[ Program: The Specialization Program of Natural Hazards and Mapping The Inter-disciplinary Program of Environmental Monitoring and Disaster Mitigation The Inter-disciplinary Program of Geospatial Information Science ]			1826			0	N								0			陳瑩		一 6-8 和平 無可用教室	生物地理 </br>[ 學分學程：自然災害與製圖專業學分學程 環境監測與防災學分學程 空間資訊學分學程 ]	三			3		0		選				50		2		ZU7R/ZU89/ZU9B
	LU23						5	0.10		地理系（學）		GEU0101			3		3.0				115	半			Natural Disasters </br>[ Program: The Inter-disciplinary Program of Environmental Monitoring and Disaster Mitigation The Specialization Program of Natural Hazards and Mapping The Inter-disciplinary Program of Geospatial Information Science ]			1828			0	N								0			沈淑敏 洪立三		四 2-4 和平 無可用教室	自然災害 </br>[ 學分學程：環境監測與防災學分學程 自然災害與製圖專業學分學程 空間資訊學分學程 ]	三			3		0		選				50		2		ZU7R/ZU89/ZU9B
	LU23						5	0.10		地理系（學）		GEU0118			3		3.0				115	半			Geographic Thoughts			1829			0	N					◎必須先修過【GEU0006  經濟地理】、【GEU0057  都市地理】			0			蘇淑娟		一 2-4 和平 無可用教室	地理思想	三			3		0		必				50		2		
	LU23						5	0.10		地理系（學）		GEU0152			0		2.0				115	半			Digital Terrain Analysis </br>[ Program: The Inter-disciplinary Program of Geospatial Information Science ]			1830			0	N								0			未定		三 9-10 和平 無可用教室	數值地形分析 </br>[ 學分學程：空間資訊學分學程 ]	三			3		0		選				50		2		ZU9B
	LU23						5	0.10		地理系（學）		GEU0179			3		3.0				115	半			The Geography of Everyday Life </br>[ Program: The EMI Inter-disciplinary Program of Environmental Humanities ]			1831			0	N		是						0			吳鄭重		三 7-9 和平 無可用教室	日常生活地理學 </br>[ 學分學程：環境人文全英語學分學程 ]	三			3		0		選				50		2		ZU38
	LU23						5	0.10		地理系（學）		GEU0187			0		2.0				115	半			National Park and World Heritage </br>[ Program: The Inter-disciplinary Program of Region and Tourism Planning ]			1832			0	N								0			未定		五 6-7 和平 無可用教室	國家公園與世界遺產 </br>[ 學分學程：區域與觀光規劃學分學程 ]	三			3		0		選				50		2		ZU9A
	LU23						5	0.10		地理系（學）		GEU0199			0		3.0				115	半			Sustainable Tourism Management </br>[ Program: The EMI Inter-disciplinary Program of Environmental Humanities The Inter-disciplinary Program of Region and Tourism Planning ]			1833			0	N		是						0			莫家俊		三 7-9 和平 無可用教室	永續觀光管理 </br>[ 學分學程：環境人文全英語學分學程 區域與觀光規劃學分學程 ]	三			3		0		選				50		2		ZU38/ZU9A
	LU23						5	0.10		地理系（學）		GEU0214			0		2.0				115	半			Studies in Teaching of Regional Geography			1834			0	N					◎必須先修過(也可以同時修)【GEUE001  地理教材教法（教）】			0			林聖欽		二 8-9 和平 無可用教室	區域地理教學研究	三			3		0		選				50		2		
	LU23						10	0.40		地理系（學）		GEU0251			0		2.0				115	半			Indigenous People for Environmental Conservation </br>[ Program: The Inter-disciplinary Program of Metaverse Narrative The Inter-disciplinary Program of Indigenous Education and Culture ]			1835			0	N								0			胡哲豪		二 6-7 和平 無可用教室	原住民族環境保育 </br>[ 學分學程：AI暨元宇宙敘事學分學程 原住民族教育文化學分學程 ]	三			3		0		選				50		2		ZU48/ZU9U
	LU23						10	0.40		地理系（學）		GEU0257			0		3.0				115	半			Food Culture Geography			1836			0	N								0			許嘉麟		二 2-4 和平 無可用教室	飲食文化地理	三			3		0		選				50		2		
	LU23						5	0.10		地理系（學）		GEUE001			0		2.0				115	半			Teaching Materials and Methods: Geography			1837			0	N					◎限 二階生 教育學程生 不佔名額生 登記修習生 可修			0			林聖欽		二 6-7 和平 無可用教室	地理教材教法（教）	三			3		0		選				50		2		
	LU23						5	0.10		地理系（學）		GEU0240			2		2.0				115	半			Special Topics in the Inquiry and Practice of Social Studies			1839			0	N					◎必須先修過【GEU0241  社會領域課程概論】			0			林聖欽		五 3-4 和平 無可用教室	社會領域探究與實作專題	四			4		0		選				50		2		
	LU23						5	0.10		地理系（學）		GEUE210			0		2.0				115	半			Teaching Practicum: Geography (II)			1840			0	N					◎限 二階生 教育學程生 不佔名額生 登記修習生 可修◎必須先修過【GEUE110  地理教學實習（一）（教）】			0			林聖欽		一 1-4 和平 無可用教室	地理教學實習（二）（教）	四			4		0		選				50		2		
	LU25						10	0.20		翻譯所（學）		TIC9002			5		3.0				115	半			Translation (I) </br>[ Program: The Inter-disciplinary Program of Translation and Interpretation ]			1841			0	N			9		◎必須先修過【TIC9001  基礎口筆譯入門】			0			林俊宏	大碩	一 6-8 和平 譯506	中英筆譯（一） </br>[ 學分學程：中英翻譯學分學程 ]						0		選				50		2		ZU65
	LU25						10	0.40		翻譯所（學）		TIC9004			5		3.0				115	半			Readings in Translated Works </br>[ Program: The Inter-disciplinary Program of Translation and Interpretation ]			1842			0	N			9		◎必須先修過【TIC9001  基礎口筆譯入門】			0			余淑慧	大碩	五 2-4 和平 無可用教室	翻譯賞析 </br>[ 學分學程：中英翻譯學分學程 ]						0		選				50		2		ZU65
	LU25						10	0.40		翻譯所（學）		TIC9005			5		3.0				115	半			Interpreting (I) </br>[ Program: The Inter-disciplinary Program of Translation and Interpretation ]			1843			0	N			9		◎必須先修過【TIC9001  基礎口筆譯入門】			0			詹柏勻	大碩	一 2-4 和平 無可用教室	中英口譯（一） </br>[ 學分學程：中英翻譯學分學程 ]						0		選				50		2		ZU65
	LU26						10	0.40		臺文系（學）		TCU0006			3		3.0				115	半			Articulatory Phonetics </br>[ Program: The Specialization Program of Taiwanese Language Theory and Application ]			1844			0	N								0			莊育穎		三 6-8 和平 無可用教室	發音語音學 </br>[ 學分學程：臺語理論與應用專業學分學程 ]						0		選				50		2		ZU5Y
	LU26						10	0.40		臺文系（學）		TCU1016			3		2.0				115	半			Taiwan Culture, Languages and Literature			1845			0	N		是						0			未定		五 1-2 和平 無可用教室	臺灣文化、語言及文學						0		選				50		2		
	LU26						10	0.40		臺文系（學）		TCU2010			3		2.0				115	半			Phonetic Description and Field Work </br>[ Program: The Specialization Program of Taiwan Digital Humanities Transformation and AI Integration ]			1846			0	N								0			未定		三 1-2 和平 無可用教室	語音紀錄與田野調查 </br>[ 學分學程：臺灣人文知識數位轉譯與AI鏈結專業學分學程 ]						0		選				50		2		ZU4K
	LU26						10	0.40		臺文系（學）		TCU2022			3		2.0				115	半			Beginning Japanese(I)　			1847			0	N								0			林巾力		一 8-9 和平 無可用教室	初級日語（一）						0		選				50		2		
	LU26						10	0.40		臺文系（學）		TCU2027			3		2.0				115	半			Languages and Society in Taiwan			1848			0	N		是						0			許慧如		一 8-9 和平 無可用教室	臺灣的語言與社會						0		選				50		2		
	LU26						10	0.40		臺文系（學）		TCU2033			3		3.0				115	半			News Taiwanese </br>[ Program: The Specialization Program of Taiwanese Language Theory and Application ]			1849			0	N								0			未定		五 3-5 和平 無可用教室	新聞臺語 </br>[ 學分學程：臺語理論與應用專業學分學程 ]						0		選				50		2		ZU5Y
	LU26						10	0.20		臺文系（學）		TCU2045			3		2.0				115	半			Formosan Languages: Kavalan and Other Five Languages </br>[ Program: The Inter-disciplinary Program of Indigenous Education and Culture ]			1850			0	N								0			劉承賢		四 3-4 和平 無可用教室	臺灣南島語言—噶瑪蘭語等六種語言 </br>[ 學分學程：原住民族教育文化學分學程 ]						0		選				50	◎臺語授課	2		ZU9U
	LU26						10	0.20		臺文系（學）		TCU2048			3		3.0				115	半			Introduction to Linguistic Corpora </br>[ Program: The Specialization Program of Taiwanese Language Theory and Application The Specialization Program of Taiwan Digital Humanities Transformation and AI Integration ]			1851			0	N								0			莊育穎		一 2-4 和平 無可用教室	語料庫入門 </br>[ 學分學程：臺語理論與應用專業學分學程 臺灣人文知識數位轉譯與AI鏈結專業學分學程 ]						0		選				50		2		ZU4K/ZU5Y
	LU26						10	0.40		臺文系（學）		TCU2053			3		3.0				115	半			Intermediate Taiwanese			1852			0	N								0			未定		三 3-5 和平 無可用教室	進階臺語						0		選				50		2		
	LU26						10	0.40		臺文系（學）		TCU2055			3		3.0				115	半			Taiwanese Language and Culture: History, Politics, and Practice			1853			0	N		是						0			劉承賢		二 6-8 和平 無可用教室	臺語與文化：歷史、政治與語言實踐						0		選				50		2		
	LU26						10	0.40		臺文系（學）		TCU3014			3		2.0				115	半			Sociology of Literature </br>[ Program: The Specialization Program of Taiwan Digital Humanities Transformation and AI Integration ]			1854			0	N								0			未定		一 6-7 和平 無可用教室	文學社會學 </br>[ 學分學程：臺灣人文知識數位轉譯與AI鏈結專業學分學程 ]						0		選				50		2		ZU4K
	LU26						10	0.40		臺文系（學）		TCU4002			3		2.0				115	半			Taiwanese Drama and Cinema </br>[ Program: The Inter-disciplinary Program of Metaverse Narrative The Specialization Program of Taiwan Popular Culture ]			1855			0	N								0			陳龍廷		二 6-7 和平 無可用教室	臺語戲劇與電影 </br>[ 學分學程：AI暨元宇宙敘事學分學程 臺灣流行文化專業學分學程 ]						0		選				50		2		ZU48/ZU4L
	LU26						10	0.40		臺文系（學）		TCU4020			3		2.0				115	半			Taiwan Food Culture </br>[ Program: The Specialization Program of Taiwan Popular Culture ]			1856			0	N								0			陳玉箴		二 6-7 和平 無可用教室	臺灣飲食文化 </br>[ 學分學程：臺灣流行文化專業學分學程 ]						0		選				50		2		ZU4L
	LU26						10	0.40		臺文系（學）		TCU4029			2		3.0				115	半			Gender-Diverse Culture (II)			1857			0	N								0			曾秀萍		五 5-7 和平 無可用教室	多元性別文化（二）						0		選				50		2		
	LU26						10	0.40		臺文系（學）		TCU4036			3		3.0				115	半			The Representation of Taiwan in World Culture </br>[ Program: The EMI Inter-disciplinary Program of Environmental Humanities The Specialization Program of Taiwan Popular Culture ]			1858			0	N		是						0			賀安娟 天江喜久		二 2-4 和平 無可用教室	臺灣在世界文化中的再現 </br>[ 學分學程：環境人文全英語學分學程 臺灣流行文化專業學分學程 ]						0		選				50		2		ZU38/ZU4L
	LU26						10	0.40		臺文系（學）		TCU4039			3		2.0				115	半			The Social Practice of Media Intellectuals in Modern Taiwan			1859			0	N								0			未定		五 3-4 和平 無可用教室	近代臺灣媒體知識分子之社會實踐						0		選				50		2		
	LU26						10	0.40		臺文系（學）		TCU0028			3		3.0				115	半			Taiwan Literary History </br>[ Program: The Specialization Program of Taiwan Literature ]			1860			0	N								0			林巾力		四 6-8 和平 無可用教室	臺灣文學史 </br>[ 學分學程：臺灣文學專業學分學程 ]	一			1		0		必				50		2		ZU4M
	LU26						10	0.20		臺文系（學）		TCU0027			3		3.0				115	半			Introduction to Literature			1861			0	N								0			呂美親		二 2-4 和平 無可用教室	文學概論	二			2		0		必				50		2		
	MD90						10	0.20		音樂系（博）		MUD0003			0		2.0				115	半			Research Methodology in Musicology			1862			0	N					◎課程開放上修			0			司信寧		一 8-9 和平 樂研五	音樂學研究方法論						0		必				50		2		
	MD90						10	0.20		音樂系（博）		MUD0025			0		2.0				115	半			Special Topics in Musicology (II)			1863			0	N					◎課程開放上修			0			黃均人		三 3-4 和平 樂研五	音樂學專題研究（二）						0		選				50		2		
	MD90						10	0.20		音樂系（博）		MUD0132			0		2.0				115	半			Orchestral Conducting Seminar (II)			1864			0	N					◎課程開放上修			0			孫愛光		一 7-8 和平 音307	指揮學專題研究（二）－指揮詮釋						0		選				50		2		
	MM90						10	0.20		音樂系（碩）		MUM0074			0		2.0				115	半			Format for a Research Design in Music Education			1865			0	N					◎必須先修過【MUM0023  音樂教育學研究方法論】 ◎課程開放上修			0			陳曉雰		四 3-4 和平 樂研二	音樂教育研究計畫之設計與實作						0		必				50		2		
	MM90						10	0.20		音樂系（碩）		MUM0076			0		2.0				115	半			Practice of Music Curriculum Planning			1866			0	N					◎課程開放上修			0			莊惠君		二 5-6 和平 音109	音樂課程設計實務						0		必				50		2		
	MM90						10	0.20		音樂系（碩）		MUM0092			0		2.0				115	半			Special Topics on Choral Music Education			1867			0	N					◎課程開放上修			0			潘宇文		一 7-8 和平 樂研二	合唱音樂教育專題						0		選				50		2		
	MM90						10	0.20		音樂系（碩）		MUM0097			0		2.0				115	半			A Study of Gordon's Music Learning Theory			1868			0	N					◎課程開放上修			0			莊惠君		二 7-8 和平 音樂系演奏廳	戈登音樂學習理論研究						0		選				50		2		
	MM90						10	0.20		音樂系（碩）		MUM0098			0		2.0				115	半			Special Topics on Music Education Thesis Writing			1869			0	N					◎課程開放上修			0			吳舜文 莊惠君		四 10-A 和平 樂研二	音樂教育論文寫作專題研究						0		選				50		2		
	MM90						10	0.20		音樂系（碩）		MUM0102			0		2.0				115	半			Chamber Music Ensemble (II)			1870			0	N					◎課程開放上修			0			李珮琪		三 9-10 和平 音409	室內樂演奏（二）						0		選				50		2		
	MM90						10	0.20		音樂系（碩）		MUM0110			0		1.0				115	半			Seminar in Conducting  (IV)			1871			0	N					◎必須先修過【MUM0168  指揮法研究（二）】 ◎課程開放上修			0			廖嘉弘		二 7 和平 音307	指揮法研究（四）						0		必				50		2		
	MM90						10	0.20		音樂系（碩）		MUM0112			0		1.0				115	半			Score Reading(IV)			1872			0	N					◎必須先修過【MUM0170  總譜彈奏（二）】 ◎課程開放上修			0			徐嘉琪		五 4 和平 音307	總譜彈奏（四）						0		必				50		2		
	MM90						10	0.20		音樂系（碩）		MUM0117			0		2.0				115	半			Literature of Individual Major(I)	E		1873			0	N					◎課程開放上修			0			鄭雅心		一 7-8 和平 音411	各主修之音樂研究（一）						0		必				50		2		
	MM90						10	0.20		音樂系（碩）		MUM0118			0		2.0				115	半			Literature of Individual Major(II)	A		1874			0	N					◎課程開放上修			0			鍾家瑋		二 6-7 和平 音409	各主修之音樂研究（二）						0		必				50		2		
	MM90						10	0.20		音樂系（碩）		MUM0118			0		2.0				115	半			Literature of Individual Major(II)	B		1875			0	N					◎課程開放上修			0			楊艾琳		二 3-4 和平 音409	各主修之音樂研究（二）						0		必				50		2		
	MM90						10	0.20		音樂系（碩）		MUM0118			0		2.0				115	半			Literature of Individual Major(II)	D		1876			0	N					◎課程開放上修			0			宋威德		一 6-7 和平 音401	各主修之音樂研究（二）						0		必				50		2		
	MM90						10	0.20		音樂系（碩）		MUM0120			0		2.0				115	半			Analysis and Studies in Piano Pedagogy (II)			1877			0	N					◎課程開放上修			0			林季穎 林明慧		二 8-9 和平 音109	鋼琴教學法分析與研究（二）						0		選				50		2		
	MM90						10	0.20		音樂系（碩）		MUM0130			0		2.0				115	半			Studies in Choral Literature(II)			1878			0	N					◎課程開放上修			0			陳麗芬		一 6-7 和平 音410	合唱作品研究（二）						0		選				50		2		
	MM90						10	0.20		音樂系（碩）		MUM0146			0		1.0				115	半			Seminar in Music Arts (II)			1879			0	N					◎課程開放上修			0			陳曉雰		三 6-7 和平 音樂系演奏廳	音樂藝術專題討論（二）						0		必				50		2		
	MM90						10	0.20		音樂系（碩）		MUM0154			0		2.0				115	半			Musical Structure(II)			1880			0	N					◎課程開放上修			0			未定		五 7-8 和平 樂研六	音樂的結構（二）						0		選				50		2		
	MM90						10	0.20		音樂系（碩）		MUM0164			0		1.0				115	半			Studies in Conducting Practice(IV)			1881			0	N					◎必須先修過【MUM0178  指揮實務研究（二）】 ◎課程開放上修			0			陳麗芬 戴怡音		五 2 和平 音307	指揮實務研究（四）						0		必				50		2		
	MM90						10	0.20		音樂系（碩）		MUM0168			0		1.0				115	半			Seminar in Conducting (II)			1882			0	N					◎課程開放上修			0			廖嘉弘		二 6 和平 音307	指揮法研究（二）						0		必				50	管弦指揮	2		
	MM90						10	0.20		音樂系（碩）		MUM0170			0		1.0				115	半			Score Reading (II)			1883			0	N					◎課程開放上修			0			徐嘉琪		五 3 和平 音307	總譜彈奏（二）						0		必				50		2		
	MM90						10	0.20		音樂系（碩）		MUM0178			0		1.0				115	半			Studies in Conducting Practice (II)			1884			0	N					◎課程開放上修			0			陳麗芬 戴怡音		五 1 和平 音307	指揮實務研究（二）						0		必				50		2		
	MM90						10	0.20		音樂系（碩）		MUM0180			0		2.0				115	半			Performance Practicum (II)			1885			0	N					◎課程開放上修			0			王望舒		五 7-8 和平 音308	演奏實務研究（二）						0		必				50		2		
	MM90						10	0.33		音樂系（碩）		MUM0245			3		2.0				115	半			Interactive System Design for Acoustic Instrument and Live Electronic Performance </br>[ Program: The Inter-disciplinary Program of Computer Music and Audio Technology ]			1886			0	N		是			◎課程開放上修			0			林芝良		四 8-9 和平 音409	音樂演奏與互動程式寫作 </br>[ 學分學程：電腦音樂與音訊技術學分學程 ]						0		選				30		2		ZU60
	MM90						10	0.20		音樂系（碩）		MUM0250			0		2.0				115	半			Special Topics in Interdisciplinary Studies of Music and Technology (I)			1887			0	N		是			◎課程開放上修			0			林芝良		三 3-4 和平 樂研六	音樂科技跨域合作專題研究（一）						0		必				50		2		
	MM90						10	0.20		音樂系（碩）		MUM0253			0		2.0				115	半			Chamber Music with Piano Performance (II)			1888			0	N					◎課程開放上修			0			鍾家瑋		一 3-4 和平 音樂系B1雙琴室	鋼琴室內樂演奏（二）						0		選				50		2		
	MM90						10	0.20		音樂系（碩）		MUM0254			0		2.0				115	半			Studies in Opera Repertory (II)			1889			0	N					◎課程開放上修			0			耿立		四 6-7 和平 音樂系演奏廳	歌劇作品研究（二）						0		選				50		2		
	MM90						10	0.20		音樂系（碩）		MUC0025			0		2.0				115	半			Studies in 20th Century Music			1890			0	N			8		◎課程開放上修			0			林嘉瑋	碩博	二 8-9 和平 樂研五	二十世紀音樂研究						0		選				50		2		
	MM90						10	0.20		音樂系（碩）		MUC0039			3		2.0				115	半			Theory of Test and Measurement in Music Education			1891			0	N			8		◎課程開放上修			0			吳舜文	碩博	三 5-6 和平 音210	音樂教育測驗理論						0		選				50		2		
	MM90						10	0.20		音樂系（碩）		MUC0085			0		2.0				115	半			Comparative study of Cultural Zone on Astronesian Music(II)			1892			0	N			8		◎課程開放上修			0			未定	碩博	一 3-4 和平 音410	南島語系文化圈之音樂研究（二）						0		選				50		2		
	MM90						10	0.20		音樂系（碩）		MUC8004			0		2.0				115	半			Special Topics in History of Music Education			1893			0	N			8		◎課程開放上修			0			林小玉	碩博	三 10-A 和平 樂研二	音樂教育史專題研究						0		選				50		2		
	MM90						10	0.20		音樂系（碩）		MUC8008			0		2.0				115	半			Studies in the Methods of Piano Accompaniment			1894			0	N		是	8		◎課程開放上修			0			黃浩軒	碩博	二 3-4 和平 音109	鋼琴伴奏法之研究						0		選				50		2		
	MM90						10	0.20		音樂系（碩）		MUC8011			0		2.0				115	半			Performance Practice of Early Music			1895			0	N			8		◎課程開放上修			0			蔡佳璇	碩博	五 3-4 和平 音410	早期音樂演奏研究與實作						0		選				50		2		
	MM91						10	0.33		民音所（碩）		EMM0003			0		2.0				115	半			Study of the comparison between Chinese and western music			1896			0	N					◎課程開放上修			0			張海欣		二 6-7 和平 民音所教室	東西音樂比較研究						0		必				30		2		
	MM91						10	0.33		民音所（碩）		EMM0029			0		2.0				115	半			Seminar in Asia-Pacific Contempory Music			1897			0	N					◎課程開放上修			0			連憲升		四 8-9 和平 民音所教室	亞太當代音樂作品研究						0		選				30		2		
	MM91						10	0.33		民音所（碩）		EMM0030			0		2.0				115	半			Theory and Practice in Musical Communication			1898			0	N					◎課程不開放上修			0			許馨文		一 3-4 和平 民音所教室	音樂傳播的理論與實際						0		必				30		2		
	MM91						10	0.33		民音所（碩）		EMM0034			0		3.0				115	半			Musical Fieldwork			1899			0	N					◎課程開放上修			0			呂鈺秀		三 8-10 和平 教室自排	音樂田野採集						0		必				30		2		
	MM91						10	0.33		民音所（碩）		EMM0038			0		2.0				115	半			History of Sound Recording			1900			0	N					◎課程開放上修			0			黃均人		二 3-4 和平 民音所教室	聲音紀錄史						0		必				30		2		
	MM91						10	0.33		民音所（碩）		EMM0045			0		2.0				115	半			Traditional Music and Society			1901			0	N					◎課程開放上修			0			呂錘寬		三 1-2 和平 民音所教室	傳統音樂與社會						0		選				30		2		
	MM91						10	0.33		民音所（碩）		EMM0057			0		2.0				115	半			Studies in Nankuan Music			1902			0	N					◎課程開放上修			0			呂錘寬		三 3-4 和平 民音所教室	南管音樂研究						0		選				30		2		
	MM91						10	0.33		民音所（碩）		EMM0059			0		2.0				115	半			Studies in Pei-kuan			1903			0	N					◎課程開放上修			0			蘇鈺淨		四 3-4 和平 民音所教室	北管音樂研究						0		選				30		2		
	MM91						10	0.33		民音所（碩）		EMM0062			0		2.0				115	半			Mode of Traditional Music			1904			0	N					◎必須先修過【EMM0002  民族音樂學導論】 ◎課程開放上修			0			呂鈺秀		三 6-7 和平 民音所教室	傳統音樂體裁與形式						0		必				30		2		
	MM91						10	0.33		民音所（碩）		EMM0099			0		2.0				115	半			Special Topics on Advanced Sound Recording			1905			0	N					◎必須先修過【EMM0102  數位錄音製作專題研究】 ◎課程開放上修			0			宋文勝		二 8-9 和平 民音所教室	高階錄音製作專題研究						0		選				30		2		
	MM91						10	0.33		民音所（碩）		EMM0105			0		2.0				115	半			Music and Modernity of East Asia			1906			0	N		是			◎課程開放上修			0			張海欣		四 6-7 和平 民音所教室	東亞音樂與現代性						0		選				30		2		
	MM91						10	0.33		民音所（碩）		EMM0119			0		2.0				115	半			World Music (II)			1907			0	N					◎必須先修過【EMM0118  世界音樂（一）】 ◎課程開放上修			0			阿樂蹦貴妃		一 6-7 和平 民音所教室	世界音樂（二）						0		選				30		2		
	MM91						10	0.33		民音所（碩）		EMM0125			0		2.0				115	半			Research and Projects in Audiovisual Documentary			1908			0	N					◎必須先修過(也可以同時修)【EMM0030  音樂傳播的理論與實際】 ◎課程不開放上修			0			盧元奇		五 3-4 和平 民音所教室	音樂影像製作						0		選				30		2		
	MM91						6	0.20		民音所（碩）		EMM0126			0		1.0				115	半			Major: Pipa			1909			0	N					允許重複修 ◎必須先修過(也可以同時修)【EMM0002  民族音樂學導論】 ◎課程不開放上修			0			賴秀綢			主修：琵琶						0		選				30		2		
	MM91						4	0.13		民音所（碩）		EMM0127			0		1.0				115	半			Major: Erhu			1910			0	N					允許重複修 ◎必須先修過(也可以同時修)【EMM0002  民族音樂學導論】 ◎課程不開放上修			0			蘇鈺淨			主修：二胡						0		選				30		2		
	MM91						2	0.07		民音所（碩）		EMM0128			0		1.0				115	半			Major: Composition			1911			0	N					允許重複修◎必須先修過【MUM0245  音樂演奏與互動程式寫作】 ◎課程開放上修			0			林芝良			主修：創作						0		選				30		2		
	MM92						10	0.33		表藝系（碩）		PAM0025			0		2.0				115	半			Special Topics on Performing Arts			1912			0	N					◎課程開放上修			0			吳義芳		五 3-4 和平 表藝中心	表演藝術專題						0		必				30		2		
	MM92						10	0.20		表藝系（碩）		PAM0046			0		3.0				115	半			Art Law			1913			0	N					◎課程開放上修			0			未定		一 A-C 和平 教室自排	藝術法律						0		選				50		2		
	MM92						10	0.33		表藝系（碩）		PAM0057			0		3.0				115	半			Human Resource and Organization Management for the Arts			1914			0	N					◎課程開放上修			0			未定		四 10-B 和平 表藝中心	藝術人力資源與組織管理						0		選				30		2		
	MM92						10	0.33		表藝系（碩）		PAM0082			2		2.0				115	半			Technical Theater Practice			1915			0	N					◎課程開放上修			0			未定		二 3-4 和平 無可用教室	技術劇場實務						0		選				30		2		
	MM92						10	0.20		表藝系（碩）		PAM0087			0		1.0				115	半			Internship in Marketing (II)			1916			0	N					◎必須先修過【PAM0086  行銷實習（一）】 ◎課程開放上修			0			何康國		二 6-7 和平 表藝中心	行銷實習（二）						0		必				50		2		
	MM92						10	0.20		表藝系（碩）		PAM0119			0		3.0				115	半			Studies in Arts Consumption and Audience Develop			1917			0	N					◎課程開放上修			0			未定		四 A-C 和平 無可用教室	藝術消費與觀眾發展研究						0		選				50		2		
	MM92						10	0.33		表藝系（碩）		PAM0131			2		2.0				115	半			Musical Theater Performance: Theory and Practice (II)			1918			0	N					◎必須先修過【PAM0130  音樂劇場理論與實務（一）】 ◎課程開放上修			0			未定		一 3-4 和平 行健閣	音樂劇場理論與實務（二）						0		選				30		2		
	MM92						10	0.33		表藝系（碩）		PAM0151			0		1.0				115	半			G1 Studio Accompanying (II)			1919			0	N					◎課程開放上修			0			李燕宜		一 1-2 和平 表藝中心	碩一伴奏合作實習（二）						0		必				30		2		
	MM92						10	0.33		表藝系（碩）		PAM0153			0		1.0				115	半			G2 Studio Accompanying (II)			1920			0	N					◎課程開放上修			0			李燕宜		二 1-2 和平 表藝中心	碩二伴奏合作實習（二）						0		必				30		2		
	MM92						10	0.20		表藝系（碩）		PAM0159			0		1.0				115	半			Piano Lesson(II)	B		1921			0	N					◎課程開放上修			0			林娟儀			鋼琴技巧指導（二）						0		選				50		2		
	MM92						10	0.20		表藝系（碩）		PAM0159			0		1.0				115	半			Piano Lesson(II)	C		1922			0	N					◎課程開放上修			0			未定			鋼琴技巧指導（二）						0		選				50		2		
	MM92						10	0.20		表藝系（碩）		PAM0159			0		1.0				115	半			Piano Lesson(II)	D		1923			0	N					◎課程開放上修			0			未定			鋼琴技巧指導（二）						0		選				50		2		
	MM92						10	0.33		表藝系（碩）		PAM0161			0		2.0				115	半			Diction(II)			1924			0	N					◎課程開放上修			0			未定		五 6-7 和平 知音劇場	語音學（二）						0		選				30		2		
	MM92						10	0.33		表藝系（碩）		PAM0177			0		1.0				115	半			Practicum in Performance (II)			1925			0	N					◎必須先修過【PAM0176  演出實習（一）】 ◎課程開放上修			0			梁志民		一 1-2 和平 知音劇場	演出實習（二）						0		必				30		2		
	MM92						10	0.20		表藝系（碩）		PAM0179			0		1.0				115	半			Practicum in Performance (IV)			1926			0	N					◎必須先修過【PAM0178  演出實習（三）】 ◎課程開放上修			0			吳義芳		四 1-2 和平 知音劇場	演出實習（四）						0		必				50		2		
	MM92						10	0.33		表藝系（碩）		PAM0188			0		2.0				115	半			Research Methodology (I)	B		1927			0	N					◎課程開放上修			0			梁文菁		三 3-4 和平 無可用教室	表演藝術研究方法論（一）						0		必				30		2		
	MM92						10	0.33		表藝系（碩）		PAM0189			0		2.0				115	半			Research Methodology (II)			1928			0	N					◎課程開放上修			0			何康國		二 8-9 和平 表藝中心	表演藝術研究方法論（二）						0		必				30		2		
	MM92						10	0.33		表藝系（碩）		PAM0191			0		2.0				115	半			Body Theater (II)			1929			0	N					◎必須先修過【PAM0190  肢體劇場（一）】、【PAM0185  肢體劇場】其中一門 ◎課程開放上修			0			吳義芳		一 6-7 和平 知音劇場	肢體劇場（二）						0		必				30		2		
	MM92						10	0.33		表藝系（碩）		PAM0194			0		2.0				115	半			Acting (II)			1930			0	N					◎必須先修過【PAM0193  表演（一）】 ◎課程開放上修			0			未定		二 3-4 和平 知音劇場	表演（二）						0		必				30		2		
	MM92						10	0.33		表藝系（碩）		PAM0197			0		2.0				115	半			Repertoire Coaching (II)			1931			0	N					◎課程開放上修			0			未定		五 7-8 和平 表藝中心	曲目精練（二）						0		選				30		2		
	MM92						10	0.33		表藝系（碩）		PAM0199			0		2.0				115	半			Repertoire Coaching (IV)			1932			0	N					◎課程開放上修			0			未定		五 5-6 和平 表藝中心	曲目精練（四）						0		選				30		2		
	MM92						10	0.20		表藝系（碩）		PAM0202			0		1.0				115	半			Major (Collaborative Piano)(II)	A		1933			0	N					◎課程開放上修			0			李燕宜			主修（二）						0		必				50		2		
	MM92						10	0.20		表藝系（碩）		PAM0202			0		1.0				115	半			Major (Collaborative Piano)(II)	B		1934			0	N					◎課程開放上修			0			林娟儀			主修（二）						0		必				50		2		
	MM92						10	0.20		表藝系（碩）		PAM0202			0		1.0				115	半			Major (Collaborative Piano)(II)	C		1935			0	N					◎課程開放上修			0			未定			主修（二）						0		必				50		2		
	MM92						10	0.20		表藝系（碩）		PAM0203			0		1.0				115	半			Major (Collaborative Piano)(III)	B		1936			0	N					◎課程開放上修			0			林娟儀			主修（三）						0		必				50		2		
	MM92						10	0.20		表藝系（碩）		PAM0204			0		1.0				115	半			Major (Collaborative Piano)(IV)	B		1937			0	N					◎課程開放上修			0			林娟儀			主修（四）						0		必				50		2		
	MM92						10	0.20		表藝系（碩）		PAM0204			0		1.0				115	半			Major (Collaborative Piano)(IV)	C		1938			0	N					◎課程開放上修			0			未定			主修（四）						0		必				50		2		
	MM92						10	0.20		表藝系（碩）		PAM0204			0		1.0				115	半			Major (Collaborative Piano)(IV)	D		1939			0	N					◎課程開放上修			0			未定			主修（四）						0		必				50		2		
	MM92						10	0.20		表藝系（碩）		PAM0209			0		1.0				115	半			Practical Training in Performing Arts			1940			0	N		是			◎課程開放上修			0			Alexandra Talamo		一 6-7 和平 表藝中心	表演藝術實務訓練						0		必				50		2		
	MM92						10	0.20		表藝系（碩）		PAM0212			0		1.0				115	半			Vocal Technique (I)	A		1941			0	N					允許重複修 ◎課程開放上修			0			未定			演唱技術指導						0		選				50		2		
	MM92						10	0.40		表藝系（碩）		PAM0212			0		1.0				115	半			Vocal Technique (I)	B		1942			0	N					允許重複修 ◎課程開放上修			0			未定			演唱技術指導						0		選				50		2		
	MM92						10	0.20		表藝系（碩）		PAM0212			0		1.0				115	半			Vocal Technique (I)	C		1943			0	N					允許重複修 ◎課程開放上修			0			未定			演唱技術指導						0		選				50		2		
	MU90						10	0.20		音樂系（學）		MUU0108			0		2.0				115	半			Modern music			1944			0	N								0			林嘉瑋		四 6-7 和平 音410	現代音樂						0		選				50		2		
	MU90						10	0.20		音樂系（學）		MUU0222			0		2.0				115	半			Introduction to General Art </br>[ Program: The Inter-disciplinary Program of Club Members Leadership And Empowerment Cultivation ]			1945			0	N								0			吳佩蓉		二 9-10 和平 音樂系演奏廳	藝術概論 </br>[ 學分學程：社團人專業領導培力學分學程 ]						0		選				50		2		ZU9Q
	MU90						10	0.20		音樂系（學）		MUU0232			0		2.0				115	半			Contemporary Music </br>[ Program: The Specialization Program of Music History ]			1946			0	N								0			黃苓瑄		一 6-7 和平 音409	當代音樂 </br>[ 學分學程：音樂歷史領域專業學分學程 ]						0		選				50	黃苓瑄	2		ZU8K
	MU90						10	0.20		音樂系（學）		MUU0310			2		2.0				115	半			Chamber Music for Piano (II)			1947			0	N					允許重複修			0			鄭怡君		一 1-2 和平 音409	鋼琴室內樂（二）						0		選				50	第一堂課需測驗器樂演奏程度	2		
	MU90						10	0.20		音樂系（學）		MUU0312			0		2.0				115	半			Chamber Music for Strings Instruments (II)			1948			0	N					允許重複修			0			歐陽伶宜 王麗雯		四 A-B 和平 音樂系B1雙琴室	弦樂室內樂（二）						0		選				50		2		
	MU90						10	0.20		音樂系（學）		MUU0322			2		2.0				115	半			Pedagogy for Ensemble (II)	C		1949			0	N								0			葉樹涵		四 A-B 和平 綜601	合奏教學法（二）						0		選				50		2		
	MU90						10	0.20		音樂系（學）		MUU0328			0		2.0				115	半			Methods in Accompaniment (II)			1950			0	N								0			徐嘉琪		五 5-6 和平 音308	伴奏法（二）						0		選				50		2		
	MU90						10	0.20		音樂系（學）		MUU0336			0		2.0				115	半			Introduction to Electronic Organ (II) </br>[ Program: The Inter-disciplinary Program of Music-assisted Guidance and Special Education ]			1951			0	N								0			陳怡婷		五 6-7 和平 音409	電子琴概論（二） </br>[ 學分學程：音樂輔導與特教學分學程 ]						0		選				50		2		ZU59
	MU90						10	0.20		音樂系（學）		MUU0350			0		2.0				115	半			Keyboard Harmonization (II) </br>[ Program: The Specialization Program of Piano Performance ]			1952			0	N								0			楊舒婷		四 3-4 和平 音210	鍵盤和聲（二） </br>[ 學分學程：鋼琴展演領域專業學分學程 ]						0		選				50	此課程隔年開設，請修習師培的同學注意。	2		ZU8H
	MU90						10	0.20		音樂系（學）		MUU0352			0		2.0				115	半			Music Appreciation (II)			1953			0	N		是						0			林嘉瑋		四 8-9 和平 音410	音樂欣賞（二）						0		選				50		2		
	MU90						10	0.20		音樂系（學）		MUU0358			0		2.0				115	半			Instrumentation (II) </br>[ Program: The Inter-disciplinary Program of Computer Music and Audio Technology ]			1954			0	N								0			莊文達		五 1-2 和平 音409	樂器學（二） </br>[ 學分學程：電腦音樂與音訊技術學分學程 ]						0		選				50		2		ZU60
	MU90						10	0.20		音樂系（學）		MUU0359			0		1.0				115	半			Recorder (I) </br>[ Program: The Inter-disciplinary Program of Music-assisted Guidance and Special Education ]			1955			0	N								0			陳孟亨		四 3-4 和平 音109	木笛（一） </br>[ 學分學程：音樂輔導與特教學分學程 ]						0		選				50		2		ZU59
	MU90						10	0.20		音樂系（學）		MUU0362			2		1.0				115	半			Guitar (II) </br>[ Program: The Inter-disciplinary Program of Music-assisted Guidance and Special Education ]			1956			0	N								0			劉士堉		五 6-7 和平 音109	吉他（二） </br>[ 學分學程：音樂輔導與特教學分學程 ]						0		選				50		2		ZU59
	MU90						10	0.40		音樂系（學）		MUU0366			0		0.5				115	半			Harpsichord (II)			1957			0	N					◎限本系(含雙主修)、輔系修習			0			蔡佳璇			大鍵琴（二）						0		選				50	此課為個別指導課需繳交個別指導費，需與老師協調上課時間	2		
	MU90						10	0.20		音樂系（學）		MUU0382			0		2.0				115	半			Literature of Individual Major (Piano) (II) </br>[ Program: The Specialization Program of Piano Performance ]			1958			0	N								0			嚴俊傑		五 3-4 和平 音210	鋼琴音樂研究（二） </br>[ 學分學程：鋼琴展演領域專業學分學程 ]						0		選				50		2		ZU8H
	MU90						10	0.20		音樂系（學）		MUU0384			0		2.0				115	半			Literature of Individual Major (Voice) (II) </br>[ Program: The Specialization Program of Vocal Performance ]			1959			0	N								0			林孟君		五 3-4 和平 音樂系演奏廳	聲樂音樂研究（二） </br>[ 學分學程：聲樂展演領域專業學分學程 ]						0		選				50	隔年開設，組必修課程不可至外校修習	2		ZU8G
	MU90						10	0.20		音樂系（學）		MUU0386			0		2.0				115	半			Literature of  Individual Major (Winds) (II) </br>[ Program: The Specialization Program of Wind Performance ]			1960			0	N								0			宋威德		一 3-4 和平 音409	管樂音樂研究（二） </br>[ 學分學程：絃樂展演領域專業學分學程 ]						0		選				50	隔年開設，組必修課程不可至外校修習	2		ZU8F
	MU90						10	0.20		音樂系（學）		MUU0394			0		2.0				115	半			Introduction to Music Librarianship (II)			1961			0	N								0			吳佩蓉		三 8-9 和平 音410	音樂圖書館學概論（二）						0		選				50		2		
	MU90						10	0.20		音樂系（學）		MUU0408			0		2.0				115	半			Chamber Music-Wood Wind (II)			1962			0	N					允許重複修			0			宋威德		二 A-B 和平 音樂系B1雙琴室	木管室內樂（二）						0		選				50		2		
	MU90						10	0.20		音樂系（學）		MUU0410			0		2.0				115	半			Chamber Music-Percussion (II)			1963			0	N					允許重複修			0			蘇毓婷		三 A-B 和平 音樂系B1雙琴室	銅管室內樂（二）						0		選				50	銅管合奏團限主修銅管及打擊修習，外系學生需通過第一堂演奏能力測驗	2		
	MU90						10	0.20		音樂系（學）		MUU0418			0		2.0				115	半			Introduction to World Music (II)			1964			0	N								0			莊文達		五 3-4 和平 音409	世界音樂概論（二）						0		選				50	莊文達	2		
	MU90						10	0.20		音樂系（學）		MUU0424			0		2.0				115	半			String Pedagogy (II) </br>[ Program: The Specialization Program of String Performance ]			1965			0	N								0			路耀祖		一 6-7 和平 音210	弦樂教學法（二） </br>[ 學分學程：絃樂展演領域專業學分學程 ]						0		選				50	副修及外系需以授權碼方式加選，第一堂課需測驗器樂演奏程度	2		ZU8E
	MU90						10	0.20		音樂系（學）		MUU0563			0		2.0				115	半			Italian(II) </br>[ Program: The Specialization Program of Vocal Performance ]			1966			0	N								0			羅明芳		一 1-2 和平 音209	意大利文（二） </br>[ 學分學程：聲樂展演領域專業學分學程 ]						0		選				50		2		ZU8G
	MU90						10	0.20		音樂系（學）		MUU0633			0		2.0				115	半			Introduction to Early Music (II)			1967			0	N								0			蔡佳璇		五 5-6 和平 音410	早期音樂演奏詮釋法概論（二）						0		選				50		2		
	MU90						10	0.20		音樂系（學）		MUU0635			1		2.0				115	半			Ensemble (Chorus) (II) </br>[ Program: The Inter-disciplinary Program of Music-assisted Guidance and Special Education The Specialization Program of String Performance The Specialization Program of Wind Performance The Specialization Program of Vocal Performance The Specialization Program of Piano Performance ]	A		1968			0	N					允許重複修			0			張尹芳		一 9-10 和平 音樂系演奏廳, 五 9-10 和平 音樂系演奏廳	合奏（唱）（二） </br>[ 學分學程：音樂輔導與特教學分學程 絃樂展演領域專業學分學程 絃樂展演領域專業學分學程 聲樂展演領域專業學分學程 鋼琴展演領域專業學分學程 ]						0		必				50	合奏A團。選課規定: 大一絃樂主修請選合奏(唱)(二)B；大一管擊樂主修請選合奏(唱)(二)A；大二、大三絃樂&管樂擊樂主修請選合奏(唱)(二)A；大一至大三傳統樂器&作曲&鋼琴主修男生、大三傳統樂器&作曲&鋼琴主修女生及大一至大三聲樂主修請選合奏(唱)(二)D；大一、大二傳統樂器&作曲&鋼琴主修女生請選合奏(唱)(二)E；其他若有特殊原因(例如受傷無法演奏樂器)無法依照上述原則選課的同學，需取得授課老師同意證明才可選課。	2		ZU59/ZU8E/ZU8F/ZU8G/ZU8H
	MU90						10	0.20		音樂系（學）		MUU0635			1		2.0				115	半			Ensemble (Chorus) (II) </br>[ Program: The Inter-disciplinary Program of Music-assisted Guidance and Special Education The Specialization Program of String Performance The Specialization Program of Wind Performance The Specialization Program of Vocal Performance The Specialization Program of Piano Performance ]	B		1969			0	N					允許重複修			0			廖嘉弘		一 3-4 和平 音樂系演奏廳, 五 5-6 和平 音209	合奏（唱）（二） </br>[ 學分學程：音樂輔導與特教學分學程 絃樂展演領域專業學分學程 絃樂展演領域專業學分學程 聲樂展演領域專業學分學程 鋼琴展演領域專業學分學程 ]						0		必				50	合奏B團。選課規定: 大一絃樂主修請選合奏(唱)(二)B；大一管擊樂主修請選合奏(唱)(二)A；大二、大三絃樂&管樂擊樂主修請選合奏(唱)(二)A；大一至大三傳統樂器&作曲&鋼琴主修男生、大三傳統樂器&作曲&鋼琴主修女生及大一至大三聲樂主修請選合奏(唱)(二)D；大一、大二傳統樂器&作曲&鋼琴主修女生請選合奏(唱)(二)E；其他若有特殊原因(例如受傷無法演奏樂器)無法依照上述原則選課的同學，需取得授課老師同意證明才可選課。	2		ZU59/ZU8E/ZU8F/ZU8G/ZU8H
	MU90						10	0.20		音樂系（學）		MUU0635			1		2.0				115	半			Ensemble (Chorus) (II) </br>[ Program: The Inter-disciplinary Program of Music-assisted Guidance and Special Education The Specialization Program of String Performance The Specialization Program of Wind Performance The Specialization Program of Vocal Performance The Specialization Program of Piano Performance ]	D		1970			0	N					允許重複修			0			陳麗芬		一 9-10 和平 音308, 五 9-10 和平 音308	合奏（唱）（二） </br>[ 學分學程：音樂輔導與特教學分學程 絃樂展演領域專業學分學程 絃樂展演領域專業學分學程 聲樂展演領域專業學分學程 鋼琴展演領域專業學分學程 ]						0		必				50	合唱A團。選課規定: 大一絃樂主修請選合奏(唱)(二)B；大一管擊樂主修請選合奏(唱)(二)A；大二、大三絃樂&管樂擊樂主修請選合奏(唱)(二)A；大一至大三傳統樂器&作曲&鋼琴主修男生、大三傳統樂器&作曲&鋼琴主修女生及大一至大三聲樂主修請選合奏(唱)(二)D；大一、大二傳統樂器&作曲&鋼琴主修女生請選合奏(唱)(二)E；其他若有特殊原因(例如受傷無法演奏樂器)無法依照上述原則選課的同學，需取得授課老師同意證明才可選課。	2		ZU59/ZU8E/ZU8F/ZU8G/ZU8H
	MU90						10	0.20		音樂系（學）		MUU0635			1		2.0				115	半			Ensemble (Chorus) (II) </br>[ Program: The Inter-disciplinary Program of Music-assisted Guidance and Special Education The Specialization Program of String Performance The Specialization Program of Wind Performance The Specialization Program of Vocal Performance The Specialization Program of Piano Performance ]	E		1971			0	N					允許重複修			0			戴怡音		一 9-10 和平 音209, 五 9-10 和平 音209	合奏（唱）（二） </br>[ 學分學程：音樂輔導與特教學分學程 絃樂展演領域專業學分學程 絃樂展演領域專業學分學程 聲樂展演領域專業學分學程 鋼琴展演領域專業學分學程 ]						0		必				50	合唱B團。選課規定: 大一絃樂主修請選合奏(唱)(二)B；大一管擊樂主修請選合奏(唱)(二)A；大二、大三絃樂&管樂擊樂主修請選合奏(唱)(二)A；大一至大三傳統樂器&作曲&鋼琴主修男生、大三傳統樂器&作曲&鋼琴主修女生及大一至大三聲樂主修請選合奏(唱)(二)D；大一、大二傳統樂器&作曲&鋼琴主修女生請選合奏(唱)(二)E；其他若有特殊原因(例如受傷無法演奏樂器)無法依照上述原則選課的同學，需取得授課老師同意證明才可選課。	2		ZU59/ZU8E/ZU8F/ZU8G/ZU8H
	MU90						10	0.20		音樂系（學）		MUC0063			1		2.0				115	半			New Music Ensemble(II)			1972			0	N			9		允許重複修			0			未定	大碩	四 6-7 和平 音409	新音樂合奏（二）						0		選				50	余忠元	2		
	MU90						10	0.20		音樂系（學）		MUC0067			1		2.0				115	半			Electronic Music(II) </br>[ Program: The Inter-disciplinary Program of Computer Music and Audio Technology The Specialization Program of Music Technology ]			1973			0	N			9					0			陳家輝	大碩	三 3-4 和平 音410	電腦音樂（二） </br>[ 學分學程：電腦音樂與音訊技術學分學程 音樂科技領域專業學分學程 ]						0		選				50	選課同學需具備基礎樂理知識，並自備電腦、滑鼠、耳機、已授權之Max軟體 (MaxMSP)	2		ZU60/ZU8I
	MU90						10	0.20		音樂系（學）		MUC0069			1		2.0				115	半			Opera Singing (II)			1974			0	N		是	9					0			耿立	大碩	一 6-7 和平 音樂系演奏廳	歌劇演唱（二）						0		選				50		2		
	MU90						10	0.20		音樂系（學）		MUC0109			1		2.0				115	半			Jazz Ensemble (II)			1975			0	N			9					0			周岳澄	大碩	五 3-4 和平 音308	爵士樂合奏（二）						0		選				50		2		
	MU90						10	0.20		音樂系（學）		MUC9008			0		2.0				115	半			The Practice of Orchestra Administration (II)			1976			0	N			9					0			歐陽伶宜	大碩	二 3-4 和平 音209	樂團行政實務（二）						0		選				50		2		
	MU90						10	0.20		音樂系（學）		MUC9018			0		2.0				115	半			The Interpretation of French Songs (II)			1977			0	N			9					0			林孟君	大碩	五 6-7 和平 音樂系演奏廳	法文藝術歌曲詮釋（二）						0		選				50		2		
	MU90						10	0.20		音樂系（學）		MUC9022			1		2.0				115	半			Ensemble (Chorus) (IV)	A		1978			0	N			9					0			張尹芳	大碩	一 9-10 和平 音樂系演奏廳, 五 9-10 和平 音樂系演奏廳	合奏（唱）（四）						0		選				50	合奏A團。選課規定:合奏(唱)(四)是絃樂組、管擊樂組、聲樂組必選修，學生可於大一至大四擇一學年修習，重複修習不算畢業學分。不可採認為合奏(唱)(一)或合奏(唱)(二)的畢業學分。	2		
	MU90						10	0.20		音樂系（學）		MUC9022			1		2.0				115	半			Ensemble (Chorus) (IV)	B		1979			0	N			9					0			廖嘉弘	大碩	一 3-4 和平 音樂系演奏廳, 五 5-6 和平 音209	合奏（唱）（四）						0		選				50	合奏B團。選課規定:合奏(唱)(四)是絃樂組、管擊樂組、聲樂組必選修，學生可於大一至大四擇一學年修習，重複修習不算畢業學分。不可採認為合奏(唱)(一)或合奏(唱)(二)的畢業學分。	2		
	MU90						10	0.20		音樂系（學）		MUC9022			1		2.0				115	半			Ensemble (Chorus) (IV)	D		1980			0	N			9					0			陳麗芬	大碩	一 9-10 和平 音308, 五 9-10 和平 音308	合奏（唱）（四）						0		選				50	合唱A團。選課規定:合奏(唱)(四)是絃樂組、管擊樂組、聲樂組必選修，學生可於大一至大四擇一學年修習，重複修習不算畢業學分。不可採認為合奏(唱)(一)或合奏(唱)(二)的畢業學分。	2		
	MU90						10	0.20		音樂系（學）		MUC9022			1		2.0				115	半			Ensemble (Chorus) (IV)	E		1981			0	N			9					0			戴怡音	大碩	一 9-10 和平 音209, 五 9-10 和平 音209	合奏（唱）（四）						0		選				50	合唱B團。選課規定:合奏(唱)(四)是絃樂組、管擊樂組、聲樂組必選修，學生可於大一至大四擇一學年修習，重複修習不算畢業學分。不可採認為合奏(唱)(一)或合奏(唱)(二)的畢業學分。	2		
	MU90						10	0.20		音樂系（學）		MUC9025			0		2.0				115	半			Music Education and Musical Behavior			1982			0	N			9					0			莊惠君	大碩	二 9-10 和平 音409	音樂教育與音樂行為						0		選				50		2		
	MU90						10	0.20		音樂系（學）		MUC9027			0		2.0				115	半			Orchestral Excerpts (Wind) (II) </br>[ Program: The Specialization Program of Wind Performance ]			1983			0	N			9					0			蘇毓婷	大碩	四 6-7 和平 音308	管絃樂片段－管樂（二） </br>[ 學分學程：絃樂展演領域專業學分學程 ]						0		選				50		2		ZU8F
	MU90						10	0.20		音樂系（學）		MUC9029			0		2.0				115	半			The Advanced Study of Orchestration </br>[ Program: The Inter-disciplinary Program of Computer Music and Audio Technology ]			1984			0	N		是	9		◎必須先修過【MUC9028  配器法】			0			邱浩源	大碩	一 3-4 和平 音209	進階配器法 </br>[ 學分學程：電腦音樂與音訊技術學分學程 ]						0		選				50		2		ZU60
	MU90						10	0.20		音樂系（學）		MUC9031			1		2.0				115	半			Advanced Electronic Music (II) </br>[ Program: The Inter-disciplinary Program of Computer Music and Audio Technology The Specialization Program of Music Technology ]			1985			0	N		是	9		◎必須先修過【MUC9030  進階電腦音樂（一）】			0			陳家輝	大碩	三 5-6 和平 音410	進階電腦音樂（二） </br>[ 學分學程：電腦音樂與音訊技術學分學程 音樂科技領域專業學分學程 ]						0		選				50	選課同學需具備基礎樂理知識，並自備電腦、滑鼠、耳機、已授權之Max軟體 (MaxMSP)	2		ZU60/ZU8I
	MU90						10	0.20		音樂系（學）		MUC9033			0		2.0				115	半			Orchestral Excerpts (String) (II) </br>[ Program: The Specialization Program of String Performance ]			1986			0	N			9					0			吳庭毓	大碩	三 9-10 和平 音樂系B1雙琴室	管絃樂片段－絃樂（二） </br>[ 學分學程：絃樂展演領域專業學分學程 ]						0		選				50	課程內容適合指揮組學生一同選課	2		ZU8E
	MU90						10	0.20		音樂系（學）		MUC9034			1		2.0				115	半			Approaches to Popular Music			1987			0	N		是	9					0			司信寧	大碩	五 6-7 和平 音210	探索流行音樂						0		選				50		2		
	MU90						10	0.13		音樂系（學）		MUU0316			0		2.0				115	半			History of Taiwanese Music (II) </br>[ Program: The Specialization Program of Music History ]			1988			0	N								0			呂鈺秀		四 1-2 和平 音308	臺灣音樂史（二） </br>[ 學分學程：音樂歷史領域專業學分學程 ]	一			1		0		必				75		2		ZU8K
	MU90						10	0.20		音樂系（學）		MUU0426			0		2.0				115	半			Advanced Harmony (II)	C		1989			0	N								0			蕭慶瑜		二 8-9 和平 音209	高級和聲學（二）	一			1		0		必				50	請同學依據第一學期程度測驗結果及系辦公室後續公告之班級安排進行選課。外系同學如欲修課，請向授課教師索取授權碼後再行選課。	2		
	MU90						10	0.20		音樂系（學）		MUU0428			0		2.0				115	半			Advanced Musicianship (II)	B		1990			0	N					◎限本系(含雙主修)、輔系修習			0			吳佩蓉		二 1-2 和平 音109	進階音樂基礎訓練（二）	一			1		0		選				50	請同學依據第一學期程度測驗結果及系辦公室後續公告之班級安排進行選課。外系同學如欲修課，請向授課教師索取授權碼後再行選課。	2		
	MU90						10	0.20		音樂系（學）		MUU0428			0		2.0				115	半			Advanced Musicianship (II)	C		1991			0	N					◎限本系(含雙主修)、輔系修習			0			黃苓瑄		二 1-2 和平 音409	進階音樂基礎訓練（二）	一			1		0		選				50	請同學依據第一學期程度測驗結果及系辦公室後續公告之班級安排進行選課。外系同學如欲修課，請向授課教師索取授權碼後再行選課。	2		
	MU90						10	0.20		音樂系（學）		MUU0459			0		2.0				115	半			Harmony (II) </br>[ Program: The Specialization Program of Music Theory ]	A		1992			0	N					◎限本系(含雙主修)、輔系修習			0			邱妍甯		二 8-9 和平 音410	和聲學（二） </br>[ 學分學程：音樂理論領域專業學分學程 ]	一			1		0		選				50	請同學依據第一學期程度測驗結果及系辦公室後續公告之班級安排進行選課。外系同學如欲修課，請向授課教師索取授權碼後再行選課。	2		ZU8J
	MU90						10	0.20		音樂系（學）		MUU0459			0		2.0				115	半			Harmony (II) </br>[ Program: The Specialization Program of Music Theory ]	B		1993			0	N					◎限本系(含雙主修)、輔系修習			0			陳瓊瑜		二 8-9 和平 音210	和聲學（二） </br>[ 學分學程：音樂理論領域專業學分學程 ]	一			1		0		選				50	請同學依據第一學期程度測驗結果及系辦公室後續公告之班級安排進行選課。外系同學如欲修課，請向授課教師索取授權碼後再行選課。	2		ZU8J
	MU90						10	0.20		音樂系（學）		MUU0561			0		2.0				115	半			Basic Musicianship (II) </br>[ Program: The Specialization Program of String Performance The Specialization Program of Wind Performance The Specialization Program of Vocal Performance The Specialization Program of Piano Performance The Specialization Program of Music Technology The Specialization Program of Music Theory The Specialization Program of Music History ]	A		1994			0	N					◎限本系(含雙主修)、輔系修習			0			林芝良		二 1-2 和平 音410	音樂基礎訓練（二） </br>[ 學分學程：絃樂展演領域專業學分學程 絃樂展演領域專業學分學程 聲樂展演領域專業學分學程 鋼琴展演領域專業學分學程 音樂科技領域專業學分學程 音樂理論領域專業學分學程 音樂歷史領域專業學分學程 ]	一			1		0		選				50	請同學依據第一學期程度測驗結果及系辦公室後續公告之班級安排進行選課。外系同學如欲修課，請向授課教師索取授權碼後再行選課。	2		ZU8E/ZU8F/ZU8G/ZU8H/ZU8I/ZU8J/ZU8K
	MU90						10	0.20		音樂系（學）		MUU0249			0		2.0				115	半			Contemporary Music Teaching Methods			1995			0	N			1					0			潘宇文	甲	四 3-4 和平 音410	當代音樂教學法	一			1		0		選				50		2		
	MU90						10	0.20		音樂系（學）		MUU0249			0		2.0				115	半			Contemporary Music Teaching Methods			1996			0	N			2					0			莊惠君	乙	四 3-4 和平 音樂系演奏廳	當代音樂教學法	一			1		0		選				50		2		
	MU90						10	0.20		音樂系（學）		MUU0324			0		2.0				115	半			Harmony(IV)	A		1997			0	N					◎限本系(含雙主修)、輔系修習			0			邱妍甯		二 6-7 和平 音410	和聲學（四）	二			2		0		選				50	請同學依據大一程度測驗結果及系辦公室後續公告之班級安排進行選課。	2		
	MU90						10	0.20		音樂系（學）		MUU0324			0		2.0				115	半			Harmony(IV)	B		1998			0	N					◎限本系(含雙主修)、輔系修習			0			陳瓊瑜		二 6-7 和平 音210	和聲學（四）	二			2		0		選				50	請同學依據大一程度測驗結果及系辦公室後續公告之班級安排進行選課。	2		
	MU90						10	0.20		音樂系（學）		MUU0326			0		2.0				115	半			Basic Musicianship  (IV)	A		1999			0	N					◎限本系(含雙主修)、輔系修習			0			蔡瀚儀		五 3-4 和平 音209	音樂基礎訓練（四）	二			2		0		選				50	請同學依據大一程度測驗結果及系辦公室後續公告之班級安排進行選課。	2		
	MU90						10	0.20		音樂系（學）		MUU0330			0		2.0				115	半			Counterpoint(II) </br>[ Program: The Specialization Program of Music Theory ]	A		2000			0	N								0			陳瓊瑜		一 3-4 和平 音210	對位法（二） </br>[ 學分學程：音樂理論領域專業學分學程 ]	二			2		0		必				50		2		ZU8J
	MU90						10	0.20		音樂系（學）		MUU0330			0		2.0				115	半			Counterpoint(II) </br>[ Program: The Specialization Program of Music Theory ]	B		2001			0	N								0			吳佩蓉		一 1-2 和平 音210	對位法（二） </br>[ 學分學程：音樂理論領域專業學分學程 ]	二			2		0		必				50		2		ZU8J
	MU90						10	0.20		音樂系（學）		MUU0457			0		2.0				115	半			History of Western Music(II) </br>[ Program: The Specialization Program of Music History ]	A		2002			0	N		是						0			司信寧		二 3-4 和平 音210	西洋音樂史（二） </br>[ 學分學程：音樂歷史領域專業學分學程 ]	二			2		0		必				50		2		ZU8K
	MU90						10	0.20		音樂系（學）		MUU0457			0		2.0				115	半			History of Western Music(II) </br>[ Program: The Specialization Program of Music History ]	B		2003			0	N		是						0			林嘉瑋		二 3-4 和平 音410	西洋音樂史（二） </br>[ 學分學程：音樂歷史領域專業學分學程 ]	二			2		0		必				50		2		ZU8K
	MU90						10	0.13		音樂系（學）		MUU0314			0		2.0				115	半			History of Chinese Music (II) </br>[ Program: The Specialization Program of Music History ]			2004			0	N								0			莊文達		四 9-10 和平 音308	中國音樂史（二） </br>[ 學分學程：音樂歷史領域專業學分學程 ]	三			3		0		必				75		2		ZU8K
	MU90						10	0.20		音樂系（學）		MUU0318			0		2.0				115	半			History of Western Music(IV) </br>[ Program: The Inter-disciplinary Program of Computer Music and Audio Technology The Specialization Program of Music History ]	A		2005			0	N		是						0			司信寧		四 3-4 和平 音209	西洋音樂史（四） </br>[ 學分學程：電腦音樂與音訊技術學分學程 音樂歷史領域專業學分學程 ]	三			3		0		必				50		2		ZU60/ZU8K
	MU90						10	0.20		音樂系（學）		MUU0318			0		2.0				115	半			History of Western Music(IV) </br>[ Program: The Inter-disciplinary Program of Computer Music and Audio Technology The Specialization Program of Music History ]	B		2006			0	N		是						0			黃均人		四 1-2 和平 音109	西洋音樂史（四） </br>[ 學分學程：電腦音樂與音訊技術學分學程 音樂歷史領域專業學分學程 ]	三			3		0		必				50		2		ZU60/ZU8K
	MU90						10	0.20		音樂系（學）		MUU0334			0		2.0				115	半			Methods in Conducting (II)	A		2007			0	N								0			張尹芳		二 1-2 和平 音樂系演奏廳	指揮法（二）	三			3		0		必				50		2		
	MU90						10	0.20		音樂系（學）		MUU0334			0		2.0				115	半			Methods in Conducting (II)	B		2008			0	N								0			戴怡音		二 3-4 和平 音樂系演奏廳	指揮法（二）	三			3		0		必				50		2		
	MU90						10	0.20		音樂系（學）		MUU0430			0		2.0				115	半			Form and Analysis (II)	A		2009			0	N								0			蕭慶瑜		二 6-7 和平 音209	曲式與分析（二）	三			3		0		必				50		2		
	MU90						10	0.20		音樂系（學）		MUU0430			0		2.0				115	半			Form and Analysis (II)	B		2010			0	N		是						0			黃苓瑄		三 6-7 和平 音409	曲式與分析（二）	三			3		0		必				50	黃苓瑄	2		
	MU90						10	0.20		音樂系（學）		MUUE001			0		2.0				115	半			Teaching Materials and Methods: Music			2011			0	N			1		◎限 二階生 教育學程生 不佔名額生 登記修習生 可修			0			潘宇文	甲	一 3-4 和平 音308	音樂教材教法（教）	三			3		0		選				50		2		
	MU90						10	0.20		音樂系（學）		MUUE001			0		2.0				115	半			Teaching Materials and Methods: Music			2012			0	N			2		◎限 二階生 教育學程生 不佔名額生 登記修習生 可修			0			吳舜文	乙	三 3-4 和平 音210	音樂教材教法（教）	三			3		0		選				50		2		
	MU90						10	0.20		音樂系（學）		MUUE210			0		2.0				115	半			Teaching Practicum: Music(II)			2013			0	N			1		◎限 二階生 教育學程生 不佔名額生 登記修習生 可修◎必須先修過【MUUE001  音樂教材教法（教）】、【MUUE110  音樂教學實習（一）（教）】			0			潘宇文	甲	四 6-9 和平 音210	音樂教學實習（二）（教）	四			4		0		選				50		2		
	MU90						10	0.20		音樂系（學）		MUUE210			0		2.0				115	半			Teaching Practicum: Music(II)			2014			0	N			2		◎限 二階生 教育學程生 不佔名額生 登記修習生 可修◎必須先修過【MUUE001  音樂教材教法（教）】、【MUUE110  音樂教學實習（一）（教）】			0			吳舜文	乙	四 6-9 和平 音209	音樂教學實習（二）（教）	四			4		0		選				50		2		
	MU92						10	0.20		表藝系（學）		PAU0003			0		2.0				115	半			Appreciation of Performing Arts </br>[ Program: The Specialization Program of Arts Administration The EMI Specialization Program of Musical Theatre and International Performing Arts ]			2015			0	N		是						0			Jonathan Bollen		三 3-4 和平 無可用教室	表演鑑賞 </br>[ 學分學程：藝術行政專業學分學程 音樂劇與國際表演藝術專業學分學程 (EMI) ]						0		選				50		2		ZU4N/ZU4O
	MU92						10	0.20		表藝系（學）		PAU0005			0		2.0				115	半			Multimedia Theater			2016			0	N								0			未定		二 8-9 和平 知音劇場	多媒體劇場						0		選				50		2		
	MU92						10	0.20		表藝系（學）		PAU0011			5		2.0				115	半			Appreciation of Dancing			2017			0	N								0			未定		二 1-2 和平 無可用教室	舞蹈賞析						0		選				50		2		
	MU92						10	0.20		表藝系（學）		PAU0020			0		2.0				115	半			Dance Coaching </br>[ Program: The Specialization Program of Dance Practice in Musical Theatre ]			2018			0	N								0			未定		一 3-4 和平 知音劇場	舞蹈技巧指導 </br>[ 學分學程：音樂劇之舞蹈實踐專業學分學程 ]						0		必				50		2		ZU4Q
	MU92						10	0.20		表藝系（學）		PAU0022			0		2.0				115	半			Practice of Theater Production			2019			0	N								0			張洪誠		四 3-4 和平 知音劇場	劇場製作實務						0		必				50		2		
	MU92						10	0.20		表藝系（學）		PAU0076			2		2.0				115	半			Singing for Musicals (VI)			2020			0	N					◎必須先修過【PAU0075  音樂劇歌唱訓練（五）】			0			未定		四 6-7 和平 表藝中心	音樂劇歌唱訓練（六）						0		選				50		2		
	MU92						10	0.20		表藝系（學）		PAUE002			0		2.0				115	半			Teaching Practicum: Performing Arts			2021			0	N					◎限 二階生 教育學程生 不佔名額生 登記修習生 可修			0			范聖韜		五 6-7 和平 教育大樓地下室E區	表演藝術科教學實習（教）						0		選				50		2		
	MU92						10	0.20		表藝系（學）		PAC9013			5		2.0				115	半			Musical Acting			2022			0	N			9		◎必須先修過【PAU0063  表演訓練（一）】、【PAM0193  表演（一）】其中一門			0			梁志民	大碩	一 9-10 和平 知音劇場	音樂劇表演						0		必				50		2		
	MU92						10	0.20		表藝系（學）		PAC9016			0		2.0				115	半			Music Arrangement Implementation </br>[ Program: The Specialization Program of Musical Theatre Music Practice ]			2023			0	N			9					0			未定	大碩	五 3-4 和平 樂研四	編曲實作 </br>[ 學分學程：音樂劇之音樂實踐專業學分學程 ]						0		選				50		2		ZU4P
	MU92						10	0.20		表藝系（學）		PAC9019			0		2.0				115	半			Topics in Contemporary Musical Theater </br>[ Program: The Specialization Program of Musical Theatre Theory and Application The EMI Specialization Program of Musical Theatre and International Performing Arts ]			2024			0	N		是	9					0			Jonathan Bollen	大碩	四 6-7 和平 無可用教室	當代音樂劇專題 </br>[ 學分學程：音樂劇理論應用專業學分學程 音樂劇與國際表演藝術專業學分學程 (EMI) ]						0		選				50		2		ZU4N/ZU4R
	MU92						10	0.20		表藝系（學）		PAC9024			0		2.0				115	半			Xiqu Technique Practice			2025			0	N			9					0			未定	大碩	二 3-4 和平 行健閣	戲曲身法實踐						0		選				50		2		
	MU92						10	0.20		表藝系（學）		PAU0021			1		2.0				115	半			Play Analysis </br>[ Program: The Specialization Program of Musical Theatre Theory and Application The Specialization Program of Musical Theatre Practical Training ]			2026			0	N		是			◎必須先修過【PAU0046  劇本導讀】			0			Jonathan Bollen		五 3-4 和平 無可用教室	劇本分析 </br>[ 學分學程：音樂劇理論應用專業學分學程 音樂劇訓練與實踐專業學分學程 ]	一			1		0		必				50		2		ZU4R/ZU8P
	MU92						10	0.20		表藝系（學）		PAU0037			0		2.0				115	半			Modern Dance (I) </br>[ Program: The Specialization Program of Dance Practice in Musical Theatre ]	A		2027			0	N								0			未定		三 1-2 和平 知音劇場	現代舞（一） </br>[ 學分學程：音樂劇之舞蹈實踐專業學分學程 ]	一			1		0		必				50		2		ZU4Q
	MU92						10	0.20		表藝系（學）		PAU0064			0		2.0				115	半			Acting Training (II)			2028			0	N					◎必須先修過【PAU0063  表演訓練（一）】			0			張洪誠		四 8-9 和平 教育大樓地下室E區	表演訓練（二）	一			1		0		必				50		2		
	MU92						10	0.20		表藝系（學）		PAU0072			1		2.0				115	半			Singing for Musicals (II) </br>[ Program: The Specialization Program of Musical Theatre Music Practice ]			2029			0	N					◎必須先修過【PAU0071  音樂劇歌唱訓練（一）】			0			未定		四 3-4 和平 行健閣	音樂劇歌唱訓練（二） </br>[ 學分學程：音樂劇之音樂實踐專業學分學程 ]	一			1		0		必				50		2		ZU4P
	MU92						10	0.20		表藝系（學）		PAU0082			0		2.0				115	半			Musical Physical Training (II)			2030			0	N					◎必須先修過【PAU0081  音樂劇肢體訓練（一）】、【PAU0047  肢體劇場 （一）】其中一門			0			張洪誠		一 6-7 和平 教育大樓地下室E區	音樂劇肢體訓練（二）	一			1		0		必				50		2		
	MU92						10	0.20		表藝系（學）		PAU0084			3		2.0				115	半			Rehearsal (II)			2031			0	N					◎必須先修過【PAU0083  排演基礎（一）】			0			梁文菁		四 6-7 和平 知音劇場	排演基礎（二）	一			1		0		必				50		2		
	MU92						10	0.40		表藝系（學）		PAU0008			0		2.0				115	半			Performing Planning and Production </br>[ Program: The Specialization Program of Arts Administration The Inter-disciplinary Program of Club Members Leadership And Empowerment Cultivation ]	B		2032			0	N								0			未定		四 6-7 和平 無可用教室	演出企劃與製作 </br>[ 學分學程：藝術行政專業學分學程 社團人專業領導培力學分學程 ]	二			2		0		必				50		2		ZU4O/ZU9Q
	MU92						10	0.20		表藝系（學）		PAU0037			0		2.0				115	半			Modern Dance (I) </br>[ Program: The Specialization Program of Dance Practice in Musical Theatre ]	B		2033			0	N								0			未定		五 3-4 和平 知音劇場	現代舞（一） </br>[ 學分學程：音樂劇之舞蹈實踐專業學分學程 ]	二			2		0		必				50		2		ZU4Q
	MU92						10	0.20		表藝系（學）		PAU0053			3		2.0				115	半			Introduction to Performing Arts Industry </br>[ Program: The Specialization Program of Arts Administration The Specialization Program of Musical Theatre Practical Training ]			2034			0	N								0			何康國		三 6-7 和平 表藝中心	表演藝術市場概論 </br>[ 學分學程：藝術行政專業學分學程 音樂劇訓練與實踐專業學分學程 ]	二			2		0		必				50		2		ZU4O/ZU8P
	MU92						10	0.20		表藝系（學）		PAU0066			0		2.0				115	半			Acting Training (IV)			2035			0	N					◎必須先修過【PAU0065  表演訓練（三）】			0			未定		一 3-4 和平 教育大樓地下室E區	表演訓練（四）	二			2		0		必				50		2		
	MU92						10	0.20		表藝系（學）		PAU0074			1		2.0				115	半			Singing for Musicals (IV) </br>[ Program: The Specialization Program of Musical Theatre Music Practice ]			2036			0	N					◎必須先修過【PAU0073  音樂劇歌唱訓練（三）】			0			未定		四 8-9 和平 表藝中心	音樂劇歌唱訓練（四） </br>[ 學分學程：音樂劇之音樂實踐專業學分學程 ]	二			2		0		必				50		2		ZU4P
	MU92						10	0.20		表藝系（學）		PAU0008			3		2.0				115	半			Performing Planning and Production </br>[ Program: The Specialization Program of Arts Administration The Inter-disciplinary Program of Club Members Leadership And Empowerment Cultivation ]	A		2037			0	N								0			未定		四 8-9 和平 無可用教室	演出企劃與製作 </br>[ 學分學程：藝術行政專業學分學程 社團人專業領導培力學分學程 ]	三			3		0		必				50		2		ZU4O/ZU9Q
	MU92						10	0.20		表藝系（學）		PAU0068			0		2.0				115	半			Acting Training (VI)			2038			0	N					◎必須先修過【PAU0067  表演訓練（五）】			0			張洪誠		二 6-7 和平 知音劇場	表演訓練（六）	三			3		0		必				50		2		
	MU92						10	0.20		表藝系（學）		PAU0069			0		2.0				115	半			Speech			2039			0	N								0			張洪誠		三 8-9 和平 教育大樓地下室E區	舞台語言	三			3		0		必				50		2		
	O						0	0.00		管理學院		O5M0003			1		3.0				115	半			The Art of Marketing: Sun Tzu's Modern Managerial Implication			2040			0	N		是			◎課程開放上修			0			蕭中強		五 2-4 和平 雲502教室	行銷的藝術：孫子兵法的現代管理意涵						0		選				30		2		
	O						0	0.00		管理學院		O5C9006			1		3.0				115	半			Corporate ESG Strategy Development and Governance </br>[ Program: The Inter-disciplinary Program of the Eco-sustainable Industry The Inter-disciplinary Program of Sustainable Management ]			2042			0	N			9					0			陳慧玲 康敏平	大碩	五 6-8 和平 雲608	企業ESG策略發展與治理 </br>[ 學分學程：生態永續產業學分學程 ESG永續管理學分學程 ]						0		選				50		2		ZU35/ZU49
	O						0	0.00		管理學院		O5C9007			1		3.0				115	半			ESG Disclosure and Stakeholder Communications/Engagement </br>[ Program: The Inter-disciplinary Program of the Eco-sustainable Industry The Inter-disciplinary Program of Sustainable Management ]			2043			0	N			9					0			未定	大碩	二 2-4 和平 雲508	企業永續揭露與溝通議合 </br>[ 學分學程：生態永續產業學分學程 ESG永續管理學分學程 ]						0		選				50		2		ZU35/ZU49
	OM55						10	0.33		管理所（碩）		MBM0001			0		3.0				115	半			Financial Management			2044			0	N		是			◎限本系(含雙主修)修習 ◎必須先修過【BAU0036  會計學（一）】、【PGUA005  會計學】其中一門 ◎課程不開放上修			0			周德瑋		二 2-4 和平 雲608	財務管理						0		必				30	因本課程須先進行先修課程確認，除於本校完成先修課程者可於系統選課外，其餘由老師於課堂中發放授權碼。	2		
	OM55						10	0.33		管理所（碩）		MBM0002			0		3.0				115	半			Marketing Management			2045			0	N		是			◎限本系(含雙主修)修習 ◎課程不開放上修			0			沈永正		四 2-4 和平 雲508	行銷管理						0		必				30		2		
	OM55						10	0.33		管理所（碩）		MBM0004			0		3.0				115	半			Managerial Accounting			2046			0	N					◎限本系(含雙主修)修習 ◎必須先修過【BAU0036  會計學（一）】、【PGUA005  會計學】其中一門 ◎課程不開放上修			0			陳慧玲		五 2-4 和平 雲508	管理會計						0		必				30	因本課程須先進行先修課程確認，除於本校完成先修課程者可於系統選課外，其餘由老師於課堂中發放授權碼。	2		
	OM55						10	0.33		管理所（碩）		MBM0012			0		3.0				115	半			Internet Marketing			2047			0	N					◎限本系(含雙主修)修習 ◎課程不開放上修			0			未定		三 6-8 和平 雲508	網路行銷						0		選				30		2		
	OM55						10	0.33		管理所（碩）		MBM0017			0		3.0				115	半			Service Marketing			2048			0	N		是			◎限本系(含雙主修)修習 ◎課程不開放上修			0			鄒蘊欣		四 6-8 和平 雲508	服務業行銷						0		選				30		2		
	OM55						10	0.33		管理所（碩）		MBM0018			0		3.0				115	半			Multivariate Analysis	A		2049			0	N		是			◎限本系(含雙主修)修習 ◎必須先修過【BAU0040  統計學（一）】、【PGUA007  統計學】其中一門 ◎課程不開放上修			0			陳偉慶		二 A-C 和平 雲508	多變量分析						0		必				30	因本課程須先進行先修課程確認，除於本校完成先修課程者可於系統選課外，其餘由老師於課堂中發放授權碼。	2		
	OM55						10	0.33		管理所（碩）		MBM0018			0		3.0				115	半			Multivariate Analysis	B		2050			0	N		是			◎限本系(含雙主修)修習 ◎必須先修過【BAU0040  統計學（一）】、【PGUA007  統計學】其中一門 ◎課程不開放上修			0			王仕茹		二 6-8 和平 雲508	多變量分析						0		必				30	因本課程須先進行先修課程確認，除於本校完成先修課程者可於系統選課外，其餘由老師於課堂中發放授權碼。	2		
	OM55						10	0.33		管理所（碩）		MBM0026			0		3.0				115	半			Customer Relationship Management			2051			0	N					◎限本系(含雙主修)修習 ◎課程不開放上修			0			未定		一 6-8 和平 雲508	顧客關係管理						0		選				30		2		
	OM55						10	0.33		管理所（碩）		MBM0042			0		3.0				115	半			Marketing Channels Management			2052			0	N					◎限本系(含雙主修)修習 ◎課程不開放上修			0			未定		三 2-4 和平 雲508	行銷通路管理						0		選				30		2		
	OM55						10	0.33		管理所（碩）		MBM0048			0		3.0				115	半			Multinational Financial Management			2053			0	N		是			◎限本系(含雙主修)修習 ◎課程不開放上修			0			未定		一 2-4 和平 雲608	國際財務管理						0		選				30		2		
	OM55						0	0.00		管理所（碩）		MBM0065			0		3.0				115	半			Special Topics on Investment Management			2054			0	N					◎限本系(含雙主修)修習 ◎課程不開放上修			0			周德瑋		四 7-9 和平 教室自排	投資管理專題研究						0		選				30		2		
	OM55						10	0.33		管理所（碩）		MBM0068			0		3.0				115	半			Mergers, Acquisitions, Security Valuation, and Financial Analysis			2055			0	N					◎限本系(含雙主修)修習 ◎課程不開放上修			0			未定		二 6-8 和平 雲608	企業購併評價與財務分析						0		選				30		2		
	OM55						10	0.33		管理所（碩）		MBM0080			0		3.0				115	半			Information Management			2056			0	N		是			◎限本系(含雙主修)修習 ◎課程不開放上修			0			陳偉慶		三 A-C 和平 雲508	資訊管理						0		選				30		2		
	OM55						10	0.33		管理所（碩）		MBM0082			0		3.0				115	半			Organizational Behavior			2057			0	N		是			◎課程開放上修			0			林玠妤		一 A-C 和平 雲508	組織行為						0		選				30		2		
	OM55						10	0.33		管理所（碩）		MBM0089			0		3.0				115	半			Asset Management			2058			0	N					◎限本系(含雙主修)修習 ◎課程不開放上修			0			賴慧文		四 2-4 和平 雲608	資產管理						0		選				30		2		
	OM55						0	0.00		管理所（碩）		MBM0095			0		3.0				115	半			Humanistic Leadership			2059			0	N		是			◎限本系(含雙主修)修習 ◎課程不開放上修			0			周佳敏		五 6-8 和平 雲508	人文領導						0		必				40		2		
	OM56						10	0.20		全營所（碩）		IAM0044			0		3.0				115	半			Multivariate Analysis			2060			0	N		是			◎限本系(含雙主修)修習 ◎課程不開放上修			0			陳偉慶		二 A-C 和平 雲508	多變量分析						0		選				50		2		
	OM56						10	0.29		全營所（碩）		IAM0057			1		3.0				115	半			Management of Innovation and Entrepreneurship			2061			0	N					◎限本系(含雙主修)修習 ◎課程不開放上修			0			吳彥濬		一 2-4 和平 雲508	創新與創業管理						0		必				35		2		
	OM56						10	0.29		全營所（碩）		IAM0061			0		3.0				115	半			Development and Strategies of Cross-Strait Economy			2062			0	N					◎限本系(含雙主修)修習 ◎課程不開放上修			0			未定		一 6-8 和平 雲608	兩岸經貿發展與經營策略						0		選				35	兼任教師: 劉孟俊老師	2		
	OM56						10	0.20		全營所（碩）		IAM0084			0		3.0				115	半			Special Topics of Global Business and Strategy			2063			0	N		是			◎限本系(含雙主修)修習 ◎課程不開放上修			0			陳彥君		五 6-8 和平 雲502教室	全球經營策略專題						0		選				50		2		
	OM56						10	0.33		全營所（碩）		IAM0087			0		3.0				115	半			Information Management			2064			0	N		是			◎限本系(含雙主修)修習 ◎課程不開放上修			0			陳偉慶		三 A-C 和平 雲508	資訊管理						0		選				30		2		
	OM56						10	0.20		全營所（碩）		IAM0097			0		3.0				115	半			Enterprise Risk Management			2065			0	N					◎限本系(含雙主修)修習 ◎課程不開放上修			0			何宗武		一 6-8 和平 雲502教室	企業風險管理						0		選				50		2		
	OM56						10	0.20		全營所（碩）		IAM0102			0		3.0				115	半			Humanistic Leadership			2066			0	N		是			◎限本系(含雙主修)修習 ◎課程不開放上修			0			周佳敏		五 2-4 和平 雲608	人文領導						0		必				50		2		
	OM56						10	0.20		全營所（碩）		IAM0105			0		3.0				115	半			Economic Development			2067			0	N		是			◎限本系(含雙主修)修習 ◎課程不開放上修			0			印永翔		二 2-4 和平 雲502教室	經濟發展						0		選				50		2		
	OU55						0	0.00		管理所（學）		MBC9003			1		3.0				115	半			Business Data Visualization Design and Practice </br>[ Program: The Inter-disciplinary Program of Business Data Analysis ]			2068			0	N		是	9					0			黃浩霆	大碩	三 7-9 和平 雲608	商業資料視覺化設計與實務 </br>[ 學分學程：商業分析學分學程 ]						0		選				50		2		ZU50
	OU55						10	0.20		管理所（學）		MBC9004			1		3.0				115	半			FinTech and Its Applications </br>[ Program: The Inter-disciplinary Program of Business Data Analysis ]			2069			0	N		是	9		◎限本系(含雙主修)修習			0			未定	大碩	三 2-4 和平 教室自排	金融科技與應用 </br>[ 學分學程：商業分析學分學程 ]						0		選				50		2		ZU50
	OU57						10	0.20		企管系（學）		BAU0005			1		3.0				115	半			Marketing Research			2070			0	N					◎必須先修過【BAU0021  行銷管理】			0			王仕茹		二 2-4 和平 樂研一	行銷研究						0		選				50		2		
	OU57						10	0.20		企管系（學）		BAU0014			1		3.0				115	半			Internet Marketing </br>[ Program: The Specialization Program of Marketing Management ]			2071			0	N		是			◎必須先修過【BAU0021  行銷管理】			0			未定		二 9-A 和平 樂研一	網路行銷 </br>[ 學分學程：行銷管理專業學分學程 ]						0		選				50		2		ZU8C
	OU57						10	0.20		企管系（學）		BAU0017			1		3.0				115	半			Brand Management			2072			0	N		是			◎必須先修過【BAU0021  行銷管理】			0			沈永正		三 2-4 和平 樂研一	品牌管理						0		選				50		2		
	OU57						10	0.40		企管系（學）		BAU0042			1		3.0				115	半			Industry Analysis </br>[ Program: The Specialization Program of General Management ]			2073			0	N					◎必須先修過【BAU0048  企業管理概論】			0			林舒柔		三 A-C 和平 無可用教室	產業分析 </br>[ 學分學程：經營管理專業學分學程 ]						0		選				50		2		ZU7Z
	OU57						10	0.20		企管系（學）		BAU0053			1		3.0				115	半			Investment </br>[ Program: The Specialization Program of Financial Management ]			2074			0	N					◎必須先修過【BAU0007  財務管理】			0			未定		五 2-4 和平 樂研一	投資學 </br>[ 學分學程：財金管理專業學分學程 ]						0		選				50		2		ZU8B
	OU57						10	0.40		企管系（學）		BAU0069			1		3.0				115	半			Data Visualization and Communication </br>[ Program: The Specialization Program of Business Intelligence and Decision Science ]			2075			0	N		是			◎必須先修過【BAU0040  統計學（一）】、【BAU0041  統計學（二）】			0			黃浩霆		二 A-C 和平 教室自排	資料視覺化與溝通 </br>[ 學分學程：商業智慧與決策科學專業學分學程 ]						0		選				50		2		ZU8A
	OU57						10	0.20		企管系（學）		BAU0070			1		3.0				115	半			Fintech and Its Applications			2076			0	N		是			◎必須先修過【BAU0007  財務管理】			0			未定		三 2-4 和平 音308	金融科技與應用						0		選				50		2		
	OU57						10	0.20		企管系（學）		BAU0073			1		3.0				115	半			Management Decision Analysis </br>[ Program: The Specialization Program of General Management ]			2077			0	N		是			◎必須先修過【BAU0048  企業管理概論】			0			高安德		三 2-4 和平 教室自排	管理決策分析 </br>[ 學分學程：經營管理專業學分學程 ]						0		選				50		2		ZU7Z
	OU57						10	0.20		企管系（學）		BAU0037			0		3.0				115	半			Accounting (II)	A		2078			0	N		是			◎必須先修過【BAU0036  會計學（一）】			0			陳慧玲		一 2-4 和平 樂研一	會計學（二）	一			1		0		必				50	中文授課/企管系大一中文組學生學號末碼為單數號請選修會計學(二)A班;末碼為雙數號請選修會計學(二)B班	2		
	OU57						10	0.20		企管系（學）		BAU0037			0		3.0				115	半			Accounting (II)	B		2079			0	N		是			◎必須先修過【BAU0036  會計學（一）】			0			陳慧玲		一 6-8 和平 樂研一	會計學（二）	一			1		0		必				50	中文授課/企管系大一中文組學生學號末碼為單數號請選修會計學(二)A班;末碼為雙數號請選修會計學(二)B班	2		
	OU57						10	0.20		企管系（學）		BAU0037			0		3.0				115	半			Accounting (II)	C		2080			0	N		是			◎必須先修過【BAU0036  會計學（一）】			0			未定		五 9-A 和平 樂研一	會計學（二）	一			1		0		必				50	英文授課/大一英文組外國學生請選修會計學(二)C班	2		
	OU57						10	0.20		企管系（學）		BAU0039			0		3.0				115	半			Economics (II)	A		2081			0	N		是			◎必須先修過【BAU0038  經濟學（一）】			0			印永翔 未定		四 6-8 和平 樂研一	經濟學（二）	一			1		0		必				50	企管系大一中文組學生學號末碼為單數號請選修經濟學(二)A班;末碼為雙數號請選修經濟學(二)B班	2		
	OU57						10	0.20		企管系（學）		BAU0039			0		3.0				115	半			Economics (II)	B		2082			0	N		是			◎必須先修過【BAU0038  經濟學（一）】			0			徐美		四 2-4 和平 樂研一	經濟學（二）	一			1		0		必				50	企管系大一中文組學生學號末碼為單數號請選修經濟學(二)A班;末碼為雙數號請選修經濟學(二)B班	2		
	OU57						10	0.20		企管系（學）		BAU0039			0		3.0				115	半			Economics (II)	C		2083			0	N		是			◎必須先修過【BAU0038  經濟學（一）】			0			陳孟霆		三 6-8 和平 樂研一	經濟學（二）	一			1		0		必				50	大一英文組外國學生請選修經濟學(二)C班	2		
	OU57						10	0.20		企管系（學）		BAU0049			0		3.0				115	半			Management Mathematics	A		2084			0	N		是			◎必須先修過【BAU0064  商用微積分】			0			何宗武		三 5-7 和平 音308	管理數學	一			1		0		必				50	中文授課/企管系大一中文組學生請選修管理數學A班	2		
	OU57						10	0.20		企管系（學）		BAU0049			0		3.0				115	半			Management Mathematics	B		2085			0	N		是			◎必須先修過【BAU0064  商用微積分】			0			陳姿穎		五 6-8 和平 樂研一	管理數學	一			1		0		必				50	英文授課/企管系大一英文組學生請選修管理數學B班	2		
	OU57						10	0.40		企管系（學）		BAU0006			0		3.0				115	半			Management Science Model </br>[ Program: The Inter-disciplinary  Program of Fundamental Management ]	A		2086			0	N		是			◎必須先修過【BAU0049  管理數學】			0			施人英		一 2-4 和平 無可用教室	管理科學模式 </br>[ 學分學程：基礎管理學分學程 ]	二			2		0		必				50	中文授課/企管系大二中文組學生學號末碼為單數號請選修管理科學模式A班;末碼為雙數號請選修管理科學模式B班	2		ZU83
	OU57						10	0.40		企管系（學）		BAU0006			0		3.0				115	半			Management Science Model </br>[ Program: The Inter-disciplinary  Program of Fundamental Management ]	B		2087			0	N		是			◎必須先修過【BAU0049  管理數學】			0			施人英		一 7-9 和平 無可用教室	管理科學模式 </br>[ 學分學程：基礎管理學分學程 ]	二			2		0		必				50	中文授課/企管系大二中文組學生學號末碼為單數號請選修管理科學模式A班;末碼為雙數號請選修管理科學模式B班	2		ZU83
	OU57						10	0.40		企管系（學）		BAU0006			0		3.0				115	半			Management Science Model </br>[ Program: The Inter-disciplinary  Program of Fundamental Management ]	C		2088			0	N		是			◎必須先修過【BAU0049  管理數學】			0			未定		五 7-9 和平 無可用教室	管理科學模式 </br>[ 學分學程：基礎管理學分學程 ]	二			2		0		必				50	英文授課/企管系大二英文組學生請選修管理科學模式C班	2		ZU83
	OU57						20	0.40		企管系（學）		BAU0007			0		3.0				115	半			Financial Management </br>[ Program: The Inter-disciplinary Program of Sports Industry Management The Specialization Program of Financial Management ]	A		2089			0	N		是			◎必須先修過【BAU0036  會計學（一）】、【BAU0037  會計學（二）】			0			賴慧文		三 8-10 和平 音308	財務管理 </br>[ 學分學程：運動產業經營管理學分學程 財金管理專業學分學程 ]	二			2		0		必				50	中文授課/企管系大二中文組學生請選修財務管理A班	2		ZU33/ZU8B
	OU57						10	0.20		企管系（學）		BAU0007			0		3.0				115	半			Financial Management </br>[ Program: The Inter-disciplinary Program of Sports Industry Management The Specialization Program of Financial Management ]	B		2090			0	N		是			◎必須先修過【BAU0036  會計學（一）】、【BAU0037  會計學（二）】			0			陳姿穎		二 6-8 和平 樂研一	財務管理 </br>[ 學分學程：運動產業經營管理學分學程 財金管理專業學分學程 ]	二			2		0		必				50	英文授課/企管系大二英文組學生請選修財務管理B班	2		ZU33/ZU8B
	OU57						10	0.20		企管系（學）		BAU0024			0		3.0				115	半			Business Law			2091			0	N					◎必須先修過【BAU0048  企業管理概論】			0			未定		四 9-A 和平 樂研一	商事法	二			2		0		必				50		2		
	OU57						10	0.20		企管系（學）		BAU0041			0		3.0				115	半			Statistics (II)	A		2092			0	N		是			◎必須先修過【BAU0040  統計學（一）】			0			邱皓政		二 2-4 和平 音308	統計學（二）	二			2		0		必				50	中文授課/企管系大二中文組學生學號末碼為單數號請選修統計學(二)A班;末碼為雙數號請選修統計學(二)B班	2		
	OU57						10	0.20		企管系（學）		BAU0041			0		3.0				115	半			Statistics (II)	B		2093			0	N		是			◎必須先修過【BAU0040  統計學（一）】			0			邱皓政		二 8-10 和平 音308	統計學（二）	二			2		0		必				50	中文授課/企管系大二中文組學生學號末碼為單數號請選修統計學(二)A班;末碼為雙數號請選修統計學(二)B班	2		
	OU57						10	0.40		企管系（學）		BAU0041			0		3.0				115	半			Statistics (II)	C		2094			0	N		是			◎必須先修過【BAU0040  統計學（一）】			0			未定		四 7-9 和平 教室自排	統計學（二）	二			2		0		必				50	英文授課/企管系大二英文組學生請選修統計學(二)C班	2		
	OU57						10	0.20		企管系（學）		BAU0008			0		3.0				115	半			Information Management </br>[ Program: The Specialization Program of Business Intelligence and Decision Science ]			2095			0	N		是			◎必須先修過【BAU0040  統計學（一）】、【BAU0041  統計學（二）】			0			黃浩霆		一 9-A 和平 樂研一	資訊管理 </br>[ 學分學程：商業智慧與決策科學專業學分學程 ]	三			3		0		必				50		2		ZU8A
	OU57						20	0.40		企管系（學）		BAU0023			0		3.0				115	半			Human Resource Management			2096			0	N					◎必須先修過【BAU0009  組織行為】、【BAU0010  策略管理】			0			林玠妤		二 5-7 和平 音308	人力資源管理	三			3		0		必				50		2		
	PE						5	0.10		普通體育		00UP003			0		1.0				115	半			Physical Education (Adapted Physical Education)			2097			0	N					允許重複修			0			潘正宸		五 6-7 和平 大韻律教室	體育（適應體育）						0		必				50	因傷病等因素無法上一般體育課之學生，請於開學兩週內至健康中心辦理適應體育班申請手續。	2		
	PE						5	0.10		普通體育		00UP017			3		1.0				115	半			Physical Education (Judo)	A		2098			0	N					允許重複修			0			未定		三 6-7 和平 武術房一	體育（柔道）						0		必				50		2		
	PE						5	0.10		普通體育		00UP017			3		1.0				115	半			Physical Education (Judo)	B		2099			0	N					允許重複修			0			未定		三 8-9 和平 武術房一	體育（柔道）						0		必				50		2		
	PE						3	0.10		普通體育		00UP020			0		1.0				115	半			Physical Education (Modern Dance)	A		2100			0	N					允許重複修			0			未定		一 8-9 和平 小韻律教室	體育（現代舞）						0		必				30		2		
	PE						5	0.10		普通體育		00UP020			0		1.0				115	半			Physical Education (Modern Dance)	B		2101			0	N					允許重複修			0			未定		二 1-2 和平 大韻律教室	體育（現代舞）						0		必				50		2		
	PE						5	0.10		普通體育		00UP024			0		1.0				115	半			Physical Education (Aerobic Dance)	C		2102			0	N		是			允許重複修			0			未定		二 6-7 和平 大韻律教室	體育（有氧舞蹈）						0		必				50		2		
	PE						5	0.10		普通體育		00UP025			0		1.0				115	半			Physical Education (Jazz Dance)			2103			0	N					允許重複修			0			未定		二 8-9 和平 大韻律教室	體育（爵士舞）						0		必				50		2		
	PE						5	0.10		普通體育		00UP026			0		1.0				115	半			Physical Education (Golf)			2104			0	N					允許重複修			0			未定		一 6-7 和平 金牌講堂	體育（高爾夫球）						0		必				50		2		
	PE						3	0.09		普通體育		00UP031			3		1.0				115	半			Physical Education (Diabolo)	A		2105			0	N					允許重複修			0			未定		一 3-4 和平 大韻律教室	體育（扯鈴）						0		必				35		2		
	PE						3	0.09		普通體育		00UP031			3		1.0				115	半			Physical Education (Diabolo)	B		2106			0	N					允許重複修			0			未定		五 1-2 和平 武術房一	體育（扯鈴）						0		必				35		2		
	PE						5	0.10		普通體育		00UP037			3		1.0				115	半			Physical Education (Qigong)			2107			0	N					允許重複修			0			未定		二 6-7 和平 武術房一	體育（保健氣功）						0		必				50		2		
	PE						2	0.10		普通體育		00UP042			2		1.0				115	半			Physical Education (Bouldering)			2108			0	N		是			允許重複修			0			Philip X. Fuchs		五 6-7 和平 體育館一2樓會議室	體育（抱石運動）						0		必				20		2		
	PE						3	0.10		普通體育		00UP056			0		1.0				115	半			Physical Education (Pickleball)	A		2109			0	N		是			允許重複修			0			潘正宸		二 6-7 公館 中正堂	體育（匹克球）						0		必				30		2		
	PE						5	0.10		普通體育		00UP105			0		1.0				115	半			Physical Education (Beginning Volleyball)	A		2110			0	N					允許重複修			0			張文		一 1-2 公館 體育館二3樓	體育（排球初級）						0		必				50		2		
	PE						5	0.10		普通體育		00UP105			0		1.0				115	半			Physical Education (Beginning Volleyball)	B		2111			0	N					允許重複修			0			未定		一 3-4 和平 體育館一4F	體育（排球初級）						0		必				50		2		
	PE						5	0.10		普通體育		00UP105			0		1.0				115	半			Physical Education (Beginning Volleyball)	C		2112			0	N					允許重複修			0			未定		二 6-7 和平 體育館一4F	體育（排球初級）						0		必				50		2		
	PE						3	0.06		普通體育		00UP108			0		1.0				115	半			Physical Education (Beginning Softball)			2113			0	N					允許重複修			0			未定		一 1-2 公館 操場二	體育（壘球初級）						0		必				50		2		
	PE						3	0.09		普通體育		00UP110			0		1.0				115	半			Physical Education (Beginning Tennis)	A		2114			0	N					允許重複修			0			李家豪		一 8-9 和平 網球場一	體育（網球初級）						0		必				32		2		
	PE						3	0.09		普通體育		00UP110			0		1.0				115	半			Physical Education (Beginning Tennis)	D		2115			0	N					允許重複修			0			李家豪		三 8-9 和平 網球場一	體育（網球初級）						0		必				32		2		
	PE						3	0.09		普通體育		00UP110			0		1.0				115	半			Physical Education (Beginning Tennis)	E		2116			0	N					允許重複修			0			林岱樵		四 3-4 和平 網球場一	體育（網球初級）						0		必				32		2		
	PE						3	0.09		普通體育		00UP110			0		1.0				115	半			Physical Education (Beginning Tennis)	F		2117			0	N					允許重複修			0			林岱樵		四 6-7 和平 網球場一	體育（網球初級）						0		必				32		2		
	PE						3	0.09		普通體育		00UP110			0		1.0				115	半			Physical Education (Beginning Tennis)	G		2118			0	N					允許重複修			0			李家豪		四 8-9 和平 網球場一	體育（網球初級）						0		必				32		2		
	PE						3	0.09		普通體育		00UP110			0		1.0				115	半			Physical Education (Beginning Tennis)	H		2119			0	N					允許重複修			0			李家豪		五 6-7 和平 網球場一	體育（網球初級）						0		必				32		2		
	PE						3	0.09		普通體育		00UP110			0		1.0				115	半			Physical Education (Beginning Tennis)	I		2120			0	N					允許重複修			0			李家豪		五 8-9 和平 網球場一	體育（網球初級）						0		必				32		2		
	PE						3	0.06		普通體育		00UP121			3		1.0				115	半			Physical Education (Beginning Tai Chi Chuan)	A		2121			0	N					允許重複修			0			黃長福		一 3-4 和平 武術房一	體育（太極拳初級）						0		必				50		2		
	PE						3	0.06		普通體育		00UP121			3		1.0				115	半			Physical Education (Beginning Tai Chi Chuan)	B		2122			0	N					允許重複修			0			黃長福		二 3-4 和平 大韻律教室	體育（太極拳初級）						0		必				50		2		
	PE						3	0.06		普通體育		00UP121			0		1.0				115	半			Physical Education (Beginning Tai Chi Chuan)	C		2123			0	N					允許重複修			0			未定		四 1-2 和平 武術房一	體育（太極拳初級）						0		必				50		2		
	PE						3	0.06		普通體育		00UP121			0		1.0				115	半			Physical Education (Beginning Tai Chi Chuan)	D		2124			0	N					允許重複修			0			未定		四 3-4 和平 武術房一	體育（太極拳初級）						0		必				50		2		
	PE						5	0.10		普通體育		00UP129			0		1.0				115	半			Physical Education (Beginning Taekwondo)	A		2125			0	N					允許重複修			0			黃珮昀		二 3-4 公館 體育館二1樓	體育（跆拳道初級）						0		必				50		2		
	PE						5	0.10		普通體育		00UP129			0		1.0				115	半			Physical Education (Beginning Taekwondo)	B		2126			0	N					允許重複修			0			黃珮昀		五 6-7 和平 武術房一	體育（跆拳道初級）						0		必				50		2		
	PE						5	0.10		普通體育		00UP136			0		1.0				115	半			Physical Education (Beginning Woodball)			2127			0	N					允許重複修			0			程紹同		五 1-2 和平 操場一	體育（木球初級）						0		必				50		2		
	PE						3	0.10		普通體育		00UP146			0		1.0				115	半			Physical Education (Yoga)			2128			0	N					允許重複修			0			未定		二 6-7 和平 小韻律教室	體育（瑜珈）						0		必				30		2		
	PE						5	0.10		普通體育		00UP148			0		1.0				115	半			Physical Education (Orienteering)	A		2129			0	N					允許重複修			0			未定		三 1-2 和平 金牌講堂	體育（定向越野）						0		必				50		2		
	PE						5	0.10		普通體育		00UP229			0		1.0				115	半			Physical Education (Intermediate Taekwondo)			2130			0	N					允許重複修 ◎必須先修過【00UP129  體育（跆拳道初級）】、【00UP229  體育（跆拳道中級）】其中一門			0			黃珮昀		四 6-7 公館 體育館二1樓	體育（跆拳道中級）						0		必				50		2		
	PE						3	0.06		普通體育		00UP339			0		1.0				115	半			Physical Education (Soft Baseball)			2131			0	N					允許重複修			0			未定		二 6-7 和平 操場一	體育（軟式棒球）						0		必				50		2		
	PE						5	0.10		普通體育		00UP342			0		1.0				115	半			Physical Education (Frisbee)	A		2132			0	N					允許重複修			0			未定		五 6-7 和平 操場一	體育（飛盤運動）						0		必				50		2		
	PE						3	0.06		普通體育		00UP342			0		1.0				115	半			Physical Education (Frisbee)	B		2133			0	N					允許重複修			0			未定		五 8-9 和平 操場一	體育（飛盤運動）						0		必				50		2		
	PE						3	0.10		普通體育		00UP343			0		1.0				115	半			Physical Education (Beginning Sepaktakraw)	A		2134			0	N					允許重複修			0			未定		一 1-2 公館 中正堂	體育（藤球初級）						0		必				30		2		
	PE						3	0.10		普通體育		00UP343			0		1.0				115	半			Physical Education (Beginning Sepaktakraw)	B		2135			0	N					允許重複修			0			未定		一 3-4 公館 中正堂	體育（藤球初級）						0		必				30		2		
	PE						5	0.10		普通體育		00UP901			0		1.0				115	半			Athletic Team (Track and Field)			2136			0	N					允許重複修			0			詹俊成			體育校隊（田徑）						0		必				50	修習「體育校隊」課程須以隊為單位，經校隊教練簽章並由體育室訓練組審核通過後，於開學兩週內至共同教育委員會普通體育組辦理登記作業。	2		
	PE						5	0.10		普通體育		00UP902			0		1.0				115	半			Athletic Team (Tennis)			2137			0	N					允許重複修			0			李家豪			體育校隊（網球）						0		必				50	修習「體育校隊」課程須以隊為單位，經校隊教練簽章並由體育室訓練組審核通過後，於開學兩週內至共同教育委員會普通體育組辦理登記作業。	2		
	PE						5	0.10		普通體育		00UP904			0		1.0				115	半			Athletic Team (Basketball)	F		2138			0	N	F				◎限女生修     允許重複修			0			詹俊成			體育校隊（籃球）						0		必				50	修習「體育校隊」課程須以隊為單位，經校隊教練簽章並由體育室訓練組審核通過後，於開學兩週內至共同教育委員會普通體育組辦理登記作業。	2		
	PE						5	0.10		普通體育		00UP904			0		1.0				115	半			Athletic Team (Basketball)	M		2139			0	N	M				◎限男生修     允許重複修			0			張容軒			體育校隊（籃球）						0		必				50	修習「體育校隊」課程須以隊為單位，經校隊教練簽章並由體育室訓練組審核通過後，於開學兩週內至共同教育委員會普通體育組辦理登記作業。	2		
	PE						5	0.10		普通體育		00UP905			0		1.0				115	半			Athletic Team (Volleyball)	F		2140			0	N	F				◎限女生修     允許重複修			0			詹俊成			體育校隊（排球）						0		必				50	修習「體育校隊」課程須以隊為單位，經校隊教練簽章並由體育室訓練組審核通過後，於開學兩週內至共同教育委員會普通體育組辦理登記作業。	2		
	PE						5	0.10		普通體育		00UP905			0		1.0				115	半			Athletic Team (Volleyball)	M		2141			0	N	M				◎限男生修     允許重複修			0			詹俊成			體育校隊（排球）						0		必				50	修習「體育校隊」課程須以隊為單位，經校隊教練簽章並由體育室訓練組審核通過後，於開學兩週內至共同教育委員會普通體育組辦理登記作業。	2		
	PE						5	0.10		普通體育		00UP909			0		1.0				115	半			Athletic Team (Badminton)			2142			0	N					允許重複修			0			未定			體育校隊（羽球）						0		必				50	修習「體育校隊」課程須以隊為單位，經校隊教練簽章並由體育室訓練組審核通過後，於開學兩週內至共同教育委員會普通體育組辦理登記作業。	2		
	PE						5	0.10		普通體育		00UP911			0		1.0				115	半			Athletic Team (Table Tennis)			2143			0	N					允許重複修			0			施亦婕			體育校隊（桌球）						0		必				50	修習「體育校隊」課程須以隊為單位，經校隊教練簽章並由體育室訓練組審核通過後，於開學兩週內至共同教育委員會普通體育組辦理登記作業。	2		
	PE						5	0.10		普通體育		00UP915			0		1.0				115	半			Athletic Team (Swimming)			2144			0	N					允許重複修			0			詹俊成			體育校隊（游泳）						0		必				50	修習「體育校隊」課程須以隊為單位，經校隊教練簽章並由體育室訓練組審核通過後，於開學兩週內至共同教育委員會普通體育組辦理登記作業。	2		
	PE						5	0.10		普通體育		00UP918			0		1.0				115	半			Athletic Team (Gymnastics)			2145			0	N					允許重複修			0			詹俊成			體育校隊（體操）						0		必				50	修習「體育校隊」課程須以隊為單位，經校隊教練簽章並由體育室訓練組審核通過後，於開學兩週內至共同教育委員會普通體育組辦理登記作業。	2		
	S						0	0.00		理學院		S0C9001			0		3.0				115	半			Independent Study in Interdisciplinary Scientific Research </br>[ Program: The EMI Inter-disciplinary Program of Scientific Computing and Interdisciplinary Application ]			2146			0	N		是	9					0			蔡明剛	大碩	五 7-9 公館 無可用教室	跨域問題探究與實作 </br>[ 學分學程：科學計算與跨域應用EMI學分學程 ]						0		必				50		2		ZU51
	S						10	0.20		理學院		S0C9003			0		2.0				115	半			Internationalization Action Strategy			2147			0	1			9					0			謝秀梅	大碩	一 8-9 和平 無可用教室	國際素養行動方案						0		選				50	◎數位課程	2		
	SD42						10	0.25		化學系（博）		CMD0007			0		3.0				115	半			Special Topics in Advanced Organometallic Chemistry			2148			0	N					◎課程不開放上修			0			林文偉		一 2-4 公館 Ｆ318	高等有機金屬專論						0		選				40		2		
	SD42						10	0.25		化學系（博）		CMD0018			0		3.0				115	半			Research on Advanced Analytical   Chemistry			2149			0	N					◎課程不開放上修			0			陳頌方		五 7-9 公館 教室自排	高等分析化學研究						0		選				40		2		
	SD42						10	0.25		化學系（博）		CMD0035			0		3.0				115	半			Advanced Material Chemistry (I)			2150			0	N					◎課程不開放上修			0			王迪彥 李君婷		四 2-4 公館 Ｆ318	高等材料化學（一）						0		選				40		2		
	SD42						10	0.25		化學系（博）		CMD0161			0		2.0				115	半			Seminar on Analytical Chemistry (II) </br>[ Program: The EMI Inter-disciplinary Program of Semiconductor ]			2151			0	N		是			允許重複修 ◎課程不開放上修			0			呂家榮		二 3-4 公館 教室自排	分析化學專題討論（二） </br>[ 學分學程：國際半導體全英語學分學程 ]						0		選				40		2		ZU32
	SD42						10	0.25		化學系（博）		CMD0163			0		2.0				115	半			Seminar on Organic Chemistry (II) </br>[ Program: The EMI Inter-disciplinary Program of Semiconductor ]			2152			0	N		是			允許重複修 ◎課程不開放上修			0			林文偉		二 7-8 公館 Ｆ318	有機化學專題討論（二） </br>[ 學分學程：國際半導體全英語學分學程 ]						0		選				40		2		ZU32
	SD42						10	0.25		化學系（博）		CMD0165			0		2.0				115	半			Seminar on Physical Chemistry (II)			2153			0	N					允許重複修 ◎課程不開放上修			0			王迪彥 王禎翰		二 8-9 公館 教室自排	物理化學專題討論（二）						0		選				40		2		
	SD42						10	0.25		化學系（博）		CMD0167			0		2.0				115	半			Seminar on Inorganic Chemistry (II)			2154			0	N					允許重複修 ◎課程不開放上修			0			李位仁		二 9-10 公館 教室自排	無機化學專題討論（二）						0		選				40		2		
	SD43						10	0.20		生科系（博）		BID0075			0		3.0				115	半			Topics in Brain Physiology			2155			0	N					◎課程不開放上修			0			吳忠信		五 A-C 公館 Ｃ303B	腦生理學特論						0		選				50		2		
	SD43						10	0.20		生科系（博）		BID0165			0		2.0				115	半			Seminar			2156			0	N					允許重複修 ◎課程不開放上修			0			蘇銘燦 陳均 趙怡姍 鄭劍廷		五 1-2 公館 Ｃ303B	專題討論						0		必				50		2		
	SD44						10	0.20		地科系（博）		ESD0090			0		3.0				115	半			Topics in Marine Chemistry - Oceanic CO2 and Global Change			2157			0	N					◎限博一博二博三博四博五以上修習 ◎課程不開放上修			0			葉庭光		五 10-B 公館 無可用教室	海洋化學特論－海洋二氧化碳與全球變遷						0		選				50	S605優先	2		
	SD44						10	0.20		地科系（博）		ESD0091			0	是	1.0				115	半	李悅寧		Seminar			2158			0	N		是			◎限博一博二博三博四博五以上修習    允許重複修 ◎課程不開放上修			0			李悅寧		二 7-8 公館 無可用教室	專題討論						0		必				50	S102；與本系碩士班專討同一間教室。	2		
	SD45						10	0.20		科教所（博）		SED0090			0		2.0				115	半			Seminar on Cognitive Perspectives on Science Learning			2159			0	N		是			◎課程不開放上修			0			顏妙璇		四 3-4 公館 科教大樓202	專題討論：認知與科學學習						0		必				50	修課同學須具備科學教育或數學教育學習背景	2		
	SD45						10	0.20		科教所（博）		SED0092			0		2.0				115	半			Seminar on Digital Learning			2160			0	N		是			◎必須先修過【SED0090  專題討論：認知與科學學習】 ◎課程不開放上修			0			吳心楷		四 3-4 公館 科教大樓204	專題討論：數位學習						0		必				50	修課同學須具備科學教育或數學教育學習背景	2		
	SD50						10	0.20		生物多樣學位學程（博）		DID0003			1		3.0				115	半			Advanced Microbiology			2161			0	N		是			◎課程不開放上修			0			郭志鴻		二 7-9 校外 教室自排	微生物學特論						0		選				50	A236, Agricultural Biotechnology Research Center中研院農生中心A236	2		
	SD50						10	0.20		生物多樣學位學程（博）		DID0014			0		3.0				115	半			Geospatial Information Technology and Analysis			2162			0	N		是			◎課程不開放上修			0			林千翔		三 7-9 校外 教室自排	空間資訊技術與應用分析						0		選				50	B204, 2F, Interdisciplinary Research Building, Academia Sinica 中研院跨領域科技研究大樓B204	2		
	SM40						10	0.20		數學系（碩）		MAM0103			0		3.0				115	半			Introductory Survival Analysis			2163			0	N					◎課程開放上修			0			呂翠珊		四 6-8 公館 數學館M211	存活分析						0		選				50		2		
	SM40						10	0.20		數學系（碩）		MAM0800			0		3.0				115	半			Statistical Machine Learning			2164			0	N					◎課程開放上修			0			未定		二 6-8 公館 數學館M310	統計機器學習						0		選				50	授課教師為張明中老師	2		
	SM40						10	0.20		數學系（碩）		MAC0022			0		3.0				115	半			General Topics in Mathematics Education (II)			2165			0	N			8		◎課程開放上修			0			未定	碩博	五 9-A 公館 數學館M311	數學教育通論（二）						0		選				50	授課教師為唐書志老師	2		
	SM40						10	0.20		數學系（碩）		MAC0028			0		3.0				115	半			Research Methodology in Mathematics Education (II)			2166			0	N			8		◎課程開放上修			0			楊凱琳 未定	碩博	一 7-9 公館 數學館M311	數學教育研究設計（二）						0		選				50	授課教師為楊凱琳老師、林福來老師	2		
	SM40						10	0.20		數學系（碩）		MAC0046			0		3.0				115	半			Topics in Mathematics and  Computer (II)			2167			0	N			8		◎課程開放上修			0			未定	碩博	二 2-4 公館 數學館M311	數學與電腦專題（二）						0		選				50	授課教師為左台益老師	2		
	SM40						10	0.20		數學系（碩）		MAC0144			0		3.0				115	半			Nonlinear Programming (II)			2168			0	N		是	8		◎課程開放上修			0			陳界山 張毓麟	碩博	二 6-8 公館 數學館M211	非線性規劃（二）						0		選				50		2		
	SM40						10	0.20		數學系（碩）		MAC0147			0		3.0				115	半			Topics on Geometric Analysis (II)			2169			0	N		是	8		◎課程開放上修			0			孟悟理	碩博	五 7-9 公館 數學館M310	幾何分析專題（二）						0		選				50		2		
	SM40						10	0.20		數學系（碩）		MAC0159			0		3.0				115	半			Topics in Differential Equations(I)			2170			0	N		是	8		◎課程開放上修			0			陳建隆	碩博	五 2-4 公館 數學館M311	微分方程專題（一）						0		選				50		2		
	SM40						10	0.20		數學系（碩）		MAC0186			0		3.0				115	半			Studies in Contents and Methods of Mathematics(II)			2171			0	N			8		◎課程開放上修			0			王婷瑩	碩博	二 7-9 公館 數學館M311	數學教材教法研究（二）						0		選				50		2		
	SM40						10	0.20		數學系（碩）		MAC0192			0		3.0				115	半			Topics in Mathematics Education(II)			2172			0	N			8		◎課程開放上修			0			未定	碩博	三 A-C 公館 數學館M211	數學教育特論（二）						0		選				50	授課教師為謝豐瑞老師	2		
	SM40						10	0.20		數學系（碩）		MAC8028			0		1.0				115	半			Trend of Mathematics Research			2173			0	N		是	8		允許重複修 ◎課程開放上修			0			劉柏宏	碩博	三 7 公館 數學館M212	數學研究趨勢						0		必				50		2		
	SM40						10	0.20		數學系（碩）		MAC8034			0		3.0				115	半			Topic in Algebraic Combinatorics (II)			2174			0	N			8		◎課程開放上修			0			游森棚	碩博	二 2-4 公館 數學館M211	代數組合專題（二）						0		選				50		2		
	SM41						10	0.20		物理系（碩）		PHC0010			3		3.0				115	半			Classical Mechanics			2175			0	N		是	8		◎課程開放上修			0			李沃龍	碩博	四 2-4 公館 Ｓ701	古典力學						0		必				50		2		
	SM41						10	0.20		物理系（碩）		PHC0012			3		3.0				115	半			Quantum Mechanics (II) </br>[ Program: The EMI Inter-disciplinary Program of Semiconductor ]			2176			0	N		是	8		◎課程開放上修			0			陳傳仁	碩博	三 2-4 公館 Ｓ701	量子力學（二） </br>[ 學分學程：國際半導體全英語學分學程 ]						0		必				50		2		ZU32
	SM41						10	0.20		物理系（碩）		PHC0014			3		3.0				115	半			Classical Electrodynamics (II)			2177			0	N		是	8		◎課程開放上修			0			林豐利	碩博	一 6-8 公館 Ｓ701	古典電動力學（二）						0		必				50		2		
	SM41						10	0.20		物理系（碩）		PHC0019			0		3.0				115	半			Statistical Mechanics (I) </br>[ Program: The EMI Inter-disciplinary Program of Semiconductor ]			2178			0	N		是	8		◎課程開放上修			0			吳文欽	碩博	五 2-4 公館 Ｓ701	統計力學（一） </br>[ 學分學程：國際半導體全英語學分學程 ]						0		必				50		2		ZU32
	SM41						10	0.20		物理系（碩）		PHC0023			3		3.0				115	半			Solid State Physics (I) </br>[ Program: The EMI Inter-disciplinary Program of Semiconductor ]			2179			0	N		是	8		◎課程開放上修			0			吳文欽	碩博	二 2-4 公館 教室自排	固態物理（一） </br>[ 學分學程：國際半導體全英語學分學程 ]						0		選				50		2		ZU32
	SM41						10	0.40		物理系（碩）		PHC0042			3		1.0				115	半			Seminar (II)			2180			0	N		是	8		◎課程開放上修			0			林秉慧	碩博	三 7 公館 無可用教室	書報討論（二）						0		選				50	不可同時選修書報討論四	2		
	SM41						10	0.40		物理系（碩）		PHC0070			3		1.0				115	半			Seminar (IV)			2181			0	N		是	8		◎課程開放上修			0			林秉慧	碩博	三 8 公館 無可用教室	書報討論（四）						0		選				50	不可同時選修書報討論二	2		
	SM41						10	0.20		物理系（碩）		PHC8035			3		3.0				115	半			Field Theory of Condensed Matter Physics (II)			2182			0	N		是	8		◎課程開放上修			0			陳鴻宜	碩博	一 2-4 公館 教室自排	凝態物理中的量子場論（二）						0		選				50		2		
	SM41						10	0.20		物理系（碩）		PHC8043			3		3.0				115	半			Quantum Computation			2183			0	N		是	8		◎課程開放上修			0			古煥宇	碩博	三 9-A 公館 Ｓ303	量子計算						0		選				50		2		
	SM41						10	0.40		物理系（碩）		PHC8047			3		3.0				115	半			General Relativity (II)			2184			0	N		是	8		◎課程開放上修			0			李沃龍	碩博	五 2-4 公館 教室自排	廣義相對論 （二）						0		選				50		2		
	SM42						10	0.25		化學系（碩）		CMM0002			0		2.0				115	半			Seminar (II)	A		2185			0	N					◎限本系(含雙主修)修習   允許重複修 ◎課程不開放上修			0			簡敦誠		三 3-4 公館 Ｓ401	書報討論（二）						0		選				40		2		
	SM42						10	0.25		化學系（碩）		CMM0002			0		2.0				115	半			Seminar (II)	B		2186			0	N					◎限本系(含雙主修)修習   允許重複修 ◎課程不開放上修			0			謝明惠		三 3-4 公館 Ｃ102	書報討論（二）						0		選				40		2		
	SM42						10	0.25		化學系（碩）		CMM0002			0		2.0				115	半			Seminar (II)	C		2187			0	N					◎限本系(含雙主修)修習   允許重複修 ◎課程不開放上修			0			李君婷		三 3-4 公館 Ｓ402	書報討論（二）						0		選				40		2		
	SM42						10	0.25		化學系（碩）		CMM0002			0		2.0				115	半			Seminar (II)	D		2188			0	N					◎限本系(含雙主修)修習   允許重複修 ◎課程不開放上修			0			王迪彥		三 3-4 公館 無可用教室	書報討論（二）						0		選				40		2		
	SM42						10	0.25		化學系（碩）		CMM0002			0		2.0				115	半			Seminar (II)	E		2189			0	N					◎限本系(含雙主修)修習   允許重複修 ◎課程不開放上修			0			李以仁		三 3-4 公館 無可用教室	書報討論（二）						0		選				40		2		
	SM42						10	0.25		化學系（碩）		CMM0191			5		3.0				115	半			Organic Structural Spectroscopy			2190			0	N					◎限本系(含雙主修)修習 ◎課程不開放上修			0			簡敦誠		四 2-4 公館 無可用教室	有機光譜學						0		選				40		2		
	SM42						10	0.25		化學系（碩）		CMC0020			0		3.0				115	半			Advanced Inorganic Chemistry (II)			2191			0	N			8		◎限本系(含雙主修)修習 ◎課程不開放上修			0			謝明惠	碩博	二 2-4 公館 Ｃ102	高等無機化學（二）						0		選				40		2		
	SM42						10	0.25		化學系（碩）		CMC0033			0		3.0				115	半			Advanced Analytical Chemistry (II)			2192			0	N		是	8		◎限本系(含雙主修)修習 ◎課程不開放上修			0			黎重義	碩博	三 7-9 公館 Ｓ402	高等分析化學（二）						0		選				40		2		
	SM42						10	0.25		化學系（碩）		CMC0072			0		3.0				115	半			Analytical Electrochemistry (II)			2193			0	N			8		◎限本系(含雙主修)修習 ◎課程不開放上修			0			李君婷	碩博	二 7-9 公館 Ｓ402	電分析化學（二）						0		選				40		2		
	SM42						10	0.25		化學系（碩）		CMC0094			0		3.0				115	半			Chemistry and Material			2194			0	N			8		◎限本系(含雙主修)修習 ◎課程開放上修			0			未定	碩博	三 7-9 公館 Ｓ401	化學與材料						0		選				40		2		
	SM42						10	0.06		化學系（碩）		CMC8003			0		1.0				115	半			Seminar on Contemporary Chemistry (II)	A		2195			0	N			8		◎限本系(含雙主修)修習   允許重複修 ◎課程開放上修			0			王彥士	碩博	一 7 公館 無可用教室	現代化學專論（二）						0		選				170		2		
	SM42						10	0.06		化學系（碩）		CMC8003			0		1.0				115	半			Seminar on Contemporary Chemistry (II)	B		2196			0	N			8		◎限本系(含雙主修)修習   允許重複修 ◎課程開放上修			0			王彥士	碩博	一 8 公館 無可用教室	現代化學專論（二）						0		選				170		2		
	SM42						10	0.25		化學系（碩）		CMC8006			0		1.0				115	半			The Exploration of Emerging Chemical Technology (II) </br>[ Program: The EMI Inter-disciplinary Program of Semiconductor ]			2197			0	N		是	8		◎限本系(含雙主修)修習   允許重複修 ◎課程開放上修			0			黎重義	碩博	一 7 公館 教室自排	新興化學科技探究（二） </br>[ 學分學程：國際半導體全英語學分學程 ]						0		選				40		2		ZU32
	SM43						10	0.20		生科系（碩）		BIM0123			0		2.0				115	半			Seminar	A		2198			0	N					允許重複修 ◎課程不開放上修			0			陳仲吉 林思民		五 3-4 公館 Ｃ302	專題討論						0		必				50		2		
	SM43						10	0.17		生科系（碩）		BIM0123			0		2.0				115	半			Seminar	B		2199			0	N					允許重複修 ◎課程不開放上修			0			王慈蔚 王麗婷		五 3-4 公館 無可用教室	專題討論						0		必				60	本門課，除分組演講外，每月有系所共通演講，本系碩士班一年不分組共56人、博士班5人，碩一(碩二分生組約13人)與博一博二為必修課，必須全到，其他組碩士班由老師督導參加，加上系上老師(都到是32人)，人數頗多，請協助安排E202教室，如無法安排此教室請安排對面的E201教室上課。	2		
	SM43						10	0.20		生科系（碩）		BIM0123			0		2.0				115	半			Seminar	C		2200			0	N					允許重複修 ◎課程不開放上修			0			陳均		五 3-4 公館 Ｓ301	專題討論						0		必				50		2		
	SM43						10	0.20		生科系（碩）		BIM0124			0		3.0				115	半			Modern Physiology			2201			0	N					◎課程不開放上修			0			吳忠信 呂國棟 林豊益 陳均 鄭劍廷		二 2-4 公館 Ｓ301	現代生理學						0		必				50		2		
	SM43						10	0.30		生科系（碩）		BIC0174			0		3.0				115	半			Advanced Ecology </br>[ Program: The EMI Inter-disciplinary Program of Environmental Humanities ]			2202			0	N		是	8		◎課程不開放上修			0			李佩珍	碩博	二 7-9 公館 無可用教室	進階生態學 </br>[ 學分學程：環境人文全英語學分學程 ]						0		必				33	PBL教室S506	2		ZU38
	SM43						15	0.30		生科系（碩）		BIC0185			0		3.0				115	半			Adaptation and Natural Selection			2203			0	N			8		◎必須先修過【BIU0046  生態學】、【BIU0086  演化論】 ◎課程不開放上修			0			廖培鈞	碩博	一 7-9 公館 Ｃ303B	適應與天擇						0		選				50		2		
	SM43						10	0.20		生科系（碩）		BIC8006			0		2.0				115	半			Topics on Animal Physiology (II)			2204			0	N			8		◎課程不開放上修			0			徐世平 陳冬生	碩博	五 6-7 公館 Ｓ302	動物生理學特論（二）						0		選				50		2		
	SM43						10	0.20		生科系（碩）		BIC8022			1		3.0				115	半			Behavioral Ecology			2205			0	N		是	8		◎課程不開放上修			0			周均珈	碩博	二 2-4 公館 Ｓ302	行為生態學						0		選				50		2		
	SM43						10	0.20		生科系（碩）		BIC8024			0		2.0				115	半			Seminar on Ecology & Evolution			2206			0	N		是	8		允許重複修 ◎課程不開放上修			0			周均珈	碩博	五 3-4 公館 Ｓ302	生態演化專題討論						0		必				50		2		
	SM43						10	0.20		生科系（碩）		BIC8030			0		3.0				115	半			Comprehensive Biotech Practice-From Micro Molecular Biology to Macro Physiology			2207			0	N		是	8		◎課程不開放上修			0			謝秀梅 王麗婷	碩博	三 7-9 公館 無可用教室	全方位生物技術之實作－由微觀分子生物學到巨觀生理學						0		選				50		2		
	SM44						10	0.20		地科系（碩）		ESM0204			0	是	1.0				115	半	謝奈特		Seminar	A		2208			0	N		是			◎限本系(含雙主修)修習  ◎限碩一碩二碩三以上修習    允許重複修 ◎課程不開放上修			0			謝奈特		二 7-8 公館 無可用教室	專題討論						0		必				50	:S102；為本系碩士班地質組必修課程；   1. 各組同學將由該組課程之開課教師引導，進行論文導讀與介紹各自的研究，讓學生簡介其研究進度與成果，增加與教師之互動，解決學生之疑惑。     2. 定期邀請國內外地球科學領域 (包含地質、地球物理、太空、大氣、海洋等次領域) 學者專家進行專題演講，介紹其近期研究內容與結果，並進行學術討論，使學生瞭解個別領域研究的發展與趨勢。	2		
	SM44						10	0.20		地科系（碩）		ESM0204			0		1.0				115	半			Seminar	B		2209			0	N		是			◎限本系(含雙主修)修習  ◎限碩一碩二碩三以上修習    允許重複修 ◎課程不開放上修			0			曾莉珊		二 7-8 公館 無可用教室	專題討論						0		必				50	102；為本系碩士班大氣組必修課程；   1. 各組同學將由該組課程之開課教師引導，進行論文導讀與介紹各自的研究，讓學生簡介其研究進度與成果，增加與教師之互動，解決學生之疑惑。     2. 定期邀請國內外地球科學領域 (包含地質、地球物理、太空、大氣、海洋等次領域) 學者專家進行專題演講，介紹其近期研究內容與結果，並進行學術討論，使學生瞭解個別領域研究的發展與趨勢。	2		
	SM44						10	0.20		地科系（碩）		ESM0204			0	是	1.0				115	半	曾瑋玲		Seminar	C		2210			0	N		是			◎限本系(含雙主修)修習  ◎限碩一碩二碩三以上修習    允許重複修 ◎課程不開放上修			0			曾瑋玲		二 7-8 公館 無可用教室	專題討論						0		必				50	教室:S102；為本系碩士班天文組必修課程；   1. 各組同學將由該組課程之開課教師引導，進行論文導讀與介紹各自的研究，讓學生簡介其研究進度與成果，增加與教師之互動，解決學生之疑惑。     2. 定期邀請國內外地球科學領域 (包含地質、地球物理、太空、大氣、海洋等次領域) 學者專家進行專題演講，介紹其近期研究內容與結果，並進行學術討論，使學生瞭解個別領域研究的發展與趨勢。	2		
	SM44						10	0.20		地科系（碩）		ESM0204			0	是	1.0				115	半	未定		Seminar	D		2211			0	N		是			◎限本系(含雙主修)修習  ◎限碩一碩二碩三以上修習    允許重複修 ◎課程不開放上修			0			未定		二 7-8 公館 無可用教室	專題討論						0		必				50	S102；授課教師為林佩瑩老師；為本系碩士班地物組必修課程；   1. 各組同學將由該組課程之開課教師引導，進行論文導讀與介紹各自的研究，讓學生簡介其研究進度與成果，增加與教師之互動，解決學生之疑惑。   2. 定期邀請國內外地球科學領域 (包含地質、地球物理、太空、大氣、海洋等次領域)    學者專家進行專題演講，介紹其近期研究內容與結果，並進行學術討論，使學生瞭解個別領域研究的發展與趨勢。	2		
	SM44						10	0.20		地科系（碩）		ESM0204			0	是	1.0				115	半	未定		Seminar	E		2212			0	N		是			◎限本系(含雙主修)修習  ◎限碩一碩二碩三以上修習    允許重複修 ◎課程不開放上修			0			未定		二 7-8 公館 無可用教室	專題討論						0		必				50	教室:S102；教師:地科新聘教師:林永富老師。為本系碩士班海洋組必修課程； 1. 各組同學將由該組課程之開課教師引導，進行論文導讀與介紹各自的研究，讓學生簡介其研究進度與成果，增加與教師之互動，解決學生之疑惑。   2. 定期邀請國內外地球科學領域 (包含地質、地球物理、太空、大氣、海洋等次領域) 學者專家進行    專題演講，介紹其近期研究內容與結果，並進行學術討論，使學生瞭解個別領域研究的發展與趨勢。	2		
	SM44						10	0.20		地科系（碩）		ESC0201			0		3.0				115	半			Bioastronomy			2213			0	N			8		◎限碩一碩二碩三以上◎限博一博二博三博四博五以上修習 ◎課程不開放上修			0			未定 莊幼玲	碩博	三 7-9 公館 教室自排	生物天文學						0		選				50	合開教師:生科系 蘇銘燦老師(0.5)；教室:B413。  限修人數:15人。  說明:本課程涉及天文學、生物學、化學、地球科學與行星科學等多個領域，課程設計強調跨領域整合、科學思辨與研究導向學習，因此在教學方式上，不適合以大量學生的傳統講授模式進行。為了維持教學品質與學生實際參與度，本課程規劃限修15人。	2		
	SM44						10	0.20		地科系（碩）		ESC0242			10		3.0				115	半			Advanced Synoptic Meteorology			2214			0	N		是	8		◎限碩一碩二碩三以上◎限博一博二博三博四博五以上修習 ◎課程不開放上修			0			王重傑	碩博	二 2-4 公館 教室自排	高等天氣學						0		選				50	教室:C409	2		
	SM44						20	0.40		地科系（碩）		ESC0249			10		3.0				115	半			Ocean Dynamics			2215			0	N			8		◎限本系(含雙主修)修習  ◎限碩一碩二碩三以上◎限博一博二博三博四博五以上修習◎限地科系（博）、地科系（碩）選修 ◎課程開放上修			0			未定	碩博	三 2-4 公館 Ｓ407	海洋動力學						0		選				50	授課教師:林永富老師。	2		
	SM44						0	0.00		地科系（碩）		ESC0257			5		3.0				115	半			Climate Change			2216			0	N		是	8		◎限本系(含雙主修)修習  ◎限碩一碩二碩三以上◎限博一博二博三博四博五以上修習◎限地科系（博）、地科系（碩）選修 ◎課程開放上修			0			未定	碩博	一 7-9 公館 無可用教室	氣候變遷						0		選				50	授課教師:林永富老師	2		
	SM44						10	0.40		地科系（碩）		ESC8045			5		3.0				115	半			Stress Regimes in Lithosphere			2217			0	N		是	8		◎限碩一碩二碩三以上◎限博一博二博三博四博五以上修習 ◎課程開放上修			0			葉恩肇	碩博	五 2-4 公館 教室自排	岩石圈應力場						0		選				50	教室:C401	2		
	SM44						10	0.20		地科系（碩）		ESC8052			10		2.0				115	半			Special Topic on Mei-Yu in Taiwan			2218			0	N			8		◎限碩一碩二碩三以上◎限博一博二博三博四博五以上修習 ◎課程不開放上修			0			王重傑	碩博	四 3-4 公館 教室自排	台灣梅雨特論						0		選				50	教室:C409	2		
	SM44						2	0.07		地科系（碩）		ESC8054			1		2.0				115	半			Fundamentals of Active Remote Sensing			2219			0	N			8		◎限本系(含雙主修)修習  ◎限碩一碩二碩三以上◎限博一博二博三博四修習 ◎課程不開放上修			0			未定	碩博	三 6-7 公館 Ｓ407	主動式遙感探測基礎						0		選				30	1.林玉儂老師        2.本堂課分數配比有一大部分是課堂報告，如果修課人數過多，依據過去經驗，將會影響正常上課進度。在折衷考量之下，最多開放22人(因為共只有11節課可以報告，開放每節2人):選課人數18，授權碼2，系統名額各1，合計22。	2		
	SM45						10	0.20		科教所（碩）		SEM0037			0		2.0				115	半			Seminar on Science Curriculum and Social Issues			2220			0	N					◎課程不開放上修			0			方素琦		四 3-4 公館 教室自排	專題討論：科學課程與社會議題						0		必				50	修課同學須具備科學教育或數學教育學習背景	2		
	SM45						10	0.40		科教所（碩）		SEC0022			1		3.0				115	半			Development and Design of Science Curriculum			2221			0	N			8		◎課程開放上修			0			鄭嘉惠	碩博	一 6-8 公館 教室自排	科學課程設計與發展						0		選				50		2		
	SM45						10	0.40		科教所（碩）		SEC0040			0		3.0				115	半			Data Analysis (II)			2222			0	N			8		◎課程不開放上修			0			林志鴻	碩博	二 2-4 公館 教室自排	資料分析（二）						0		選				50	修課同學須具備科學教育或數學教育學習背景	2		
	SM45						10	0.20		科教所（碩）		SEC0055			0		3.0				115	半			Science Texts Analysis </br>[ Program: The Inter-disciplinary Program of Science Communication ]			2223			0	N			8		◎課程開放上修			0			楊文金	碩博	三 6-8 公館 科教大樓204	科學文本分析 </br>[ 學分學程：科學傳播學分學程 ]						0		選				50		2		ZU34
	SM45						10	0.40		科教所（碩）		SEC0086			3		3.0				115	半			Topics on the Development and Process of Scientific Reasoning			2224			0	N		是	8		◎課程不開放上修			0			楊芳瑩	碩博	二 7-9 公館 教室自排	思考歷程與發展特論						0		選				50	修課同學須具備科學教育或數學教育學習背景	2		
	SM45						10	0.40		科教所（碩）		SEC8002			0		2.0				115	半			Colloquium (II)			2225			0	N			8		允許重複修 ◎課程不開放上修			0			許瑛玿	碩博	四 7-8 公館 無可用教室	書報討論（二）						0		必				50	修課同學須具備科學教育或數學教育學習背景	2		
	SM45						10	0.20		科教所（碩）		SEC8008			0		3.0				115	半			The Philosophy of Science </br>[ Program: The Inter-disciplinary Program of STEM Innovation and Practices ]			2226			0	N			8		◎課程開放上修			0			未定	碩博	二 2-4 公館 科教大樓204	科學哲學 </br>[ 學分學程：理工創新與實作學分學程 ]						0		選				50		2		ZU62
	SM45						10	0.40		科教所（碩）		SEC8009			3		3.0				115	半			Conception and Reasoning in Science Practices </br>[ Program: The Inter-disciplinary Program of Science Communication The Inter-disciplinary Program of STEM Innovation and Practices ]			2227			0	N			8		◎課程開放上修			0			顏妙璇	碩博	三 2-4 公館 教室自排	科學實作的認知與推理 </br>[ 學分學程：科學傳播學分學程 理工創新與實作學分學程 ]						0		選				50		2		ZU34/ZU62
	SM45						10	0.20		科教所（碩）		SEC8011			0		3.0				115	半			Introduction to Structural Equation Modeling			2228			0	N			8		◎課程不開放上修			0			林志鴻	碩博	二 6-8 公館 科教大樓204	結構方程模式導論						0		選				50	修課同學須具備科學教育或數學教育學習背景	2		
	SM45						10	0.20		科教所（碩）		SEC8013			0		3.0				115	半			Business Communication			2229			0	N		是	8		◎課程不開放上修			0			許瑛玿	碩博	五 2-4 公館 SE101教學實驗室	職場溝通力						0		必				50	修課同學須具備科學教育或數學教育學習背景	2		
	SM45						10	0.20		科教所（碩）		SEC8015			0		3.0				115	半			Elementary Statistics			2230			0	N		是	8		◎課程開放上修			0			Nitesh Kumar Jha	碩博	一 6-8 公館 科教大樓204	基礎統計						0		選				50		2		
	SM45						10	0.20		科教所（碩）		SEC8018			0		3.0				115	半			Introduction to Machine Learning			2231			0	N		是	8		◎課程開放上修			0			Nitesh Kumar Jha	碩博	三 6-8 公館 科教大樓202	機器學習簡介						0		選				50		2		
	SM45						10	0.20		科教所（碩）		SEC8020			0		3.0				115	半			Science and Values			2232			0	N		是	8		◎課程開放上修			0			未定	碩博	三 2-4 公館 科教大樓204	科學與價值觀						0		選				50		2		
	SM45						10	0.40		科教所（碩）		SEC9001			3		3.0				115	半			Science Edu-Communication </br>[ Program: The Inter-disciplinary Program of Science Communication ]			2233			0	N			8		◎課程開放上修			0			張俊彥	碩博	三 6-8 公館 教室自排	科學育傳 </br>[ 學分學程：科學傳播學分學程 ]						0		選				50		2		ZU34
	SM46						10	0.20		永續所（碩）		EEC0020			0		2.0				115	半			Special Topics on Natural Ecological Conservation			2234			0	N			8		◎課程開放上修			0			施友元	碩博	一 8-9 公館 行409	自然生態保育專題研究						0		選				50		2		
	SM46						10	0.20		永續所（碩）		EEC8013			10		3.0				115	半			Methods for Environmental Education Program Evaluation			2235			0	N			8		◎課程開放上修			0			曾鈺琪	碩博	二 2-4 公館 行409	環境教育方案評量						0		選				50		2		
	SM46						10	0.20		永續所（碩）		EEC8032			0		2.0				115	半			Special Topics in Environmental Conservation			2236			0	N			8		◎課程開放上修			0			葉欣誠	碩博	一 8-9 公館 行304	環境保育專題研究						0		選				50		2		
	SM46						10	0.20		永續所（碩）		EEC8035			10		2.0				115	半			Special Topics in Outdoor Environmental Education			2237			0	N			8		◎課程開放上修			0			曾鈺琪	碩博	二 7-8 公館 行304	戶外環境教育專題研究						0		選				50		2		
	SM46						10	0.20		永續所（碩）		EEC8055			10		3.0				115	半			Theories and Practices of Circular Economy			2238			0	N			8		◎課程開放上修			0			李叢禎	碩博	三 6-8 公館 行409	循環經濟理論與實務						0		選				50		2		
	SM46						10	0.20		永續所（碩）		EEC8056			5		3.0				115	半			Research Methodology			2239			0	N		是	8		◎課程開放上修			0			方偉達	碩博	一 2-4 公館 行304	研究方法						0		必				50		2		
	SM46						10	0.20		永續所（碩）		EEC8066			10		3.0				115	半			Climate Change and Society Studies			2240			0	N		是	8		◎課程開放上修			0			林冠慧	碩博	二 6-8 公館 行409	氣候變遷與社會研究						0		選				50		2		
	SM46						10	0.20		永續所（碩）		EEC8070			0		2.0				115	半			Seminar (II)			2241			0	N		是	8		◎課程開放上修			0			李叢禎	碩博	一 6-7 公館 行304	專題討論（二）						0		必				50		2		
	SM46						10	0.20		永續所（碩）		EEC8072			0		2.0				115	半			Seminar  (IV)			2242			0	N		是	8		◎課程開放上修			0			未定	碩博	一 6-7 公館 行409	專題討論（四）						0		必				50		2		
	SM46						10	0.20		永續所（碩）		EEC8083			15		3.0				115	半			Corporate Carbon Management and Resilience Governance			2243			0	N			8		◎課程開放上修			0			葉欣誠	碩博	四 7-9 公館 行304	企業碳管理與韌性治理						0		選				50		2		
	SM46						10	0.40		永續所（碩）		EEC8086			10		3.0				115	半			Statistical Analysis for Sustainable Behavior and Management			2244			0	N			8		◎課程開放上修			0			曾鈺琪 未定	碩博	三 2-4 公館 無可用教室	永續行為與管理統計分析						0		選				50		2		
	SM47						10	0.20		資工系（碩）		CSC0023			0		3.0				115	半			Natural Language Processing </br>[ Program: The Specialization Program of Multimedia The Specialization Program of Artificial Intelligence The Inter-disciplinary Program of Technology and Application of Artificial Intelligence ]			2245			0	N			8		◎課程開放上修			0			陳柏琳	碩博	三 2-4 公館 應科大樓B1多功能教室	自然語言處理 </br>[ 學分學程：多媒體技術專業學分學程 人工智慧技術專業學分學程 人工智慧技術與應用學分學程 ]						0		選				50		2		ZU6W/ZU6X/ZU78
	SM47						10	0.20		資工系（碩）		CSC0032			0		3.0				115	半			Artificial Neural Network </br>[ Program: The EMI Inter-disciplinary Program of Scientific Computing and Interdisciplinary Application The Specialization Program of Artificial Intelligence ]			2246			0	N		是	8		◎課程開放上修			0			葉梅珍	碩博	四 2-4 公館 無可用教室	類神經網路 </br>[ 學分學程：科學計算與跨域應用EMI學分學程 人工智慧技術專業學分學程 ]						0		選				50		2		ZU51/ZU6X
	SM47						10	0.20		資工系（碩）		CSC0058			0		1.0				115	半			Seminar on Communication Networks (II)			2247			0	N			8		允許重複修 ◎課程開放上修			0			未定	碩博	三 6-7 公館 無可用教室	專題討論：通訊網路（二）						0		選				50		2		
	SM47						10	0.20		資工系（碩）		CSC0060			0		1.0				115	半			Seminar on Information Systems (II)			2248			0	N			8		允許重複修 ◎課程開放上修			0			未定	碩博	三 7-8 公館 無可用教室	專題討論：資訊系統（二）						0		選				50		2		
	SM47						10	0.20		資工系（碩）		CSC0062			0		1.0				115	半			Seminar on Multimedia Engineering (II)			2249			0	N			8		允許重複修 ◎課程開放上修			0			未定	碩博	三 8-9 公館 無可用教室	專題討論：多媒體工程（二）						0		選				50		2		
	SM47						10	0.20		資工系（碩）		CSC0065			1		3.0				115	半			Special Topic: Information Systems (I)			2250			0	N			8		◎課程開放上修			0			王鈞右	碩博	五 7-9 公館 Ｓ204	資訊系統專論（一）						0		選				50		2		
	SM50						10	0.20		生物多樣學位學程（碩）		DIC8001			0		3.0				115	半			Ecology and Conservation </br>[ Program: The Inter-disciplinary Program of the Eco-sustainable Industry ]			2251			0	N		是	8		◎課程不開放上修			0			陳仲吉 林登秋	碩博	一 7-9 公館 Ｃ302	生態與保育 </br>[ 學分學程：生態永續產業學分學程 ]						0		必				50	1.C302, NTNU Gongguan Campus 師大公館理學院  2.B208, 2F, Interdisciplinary Research Building, Academia Sinica 中研院跨領域科技研究大樓	2		ZU35
	SM50						10	0.20		生物多樣學位學程（碩）		DIC8026			0		1.0				115	半			Seminar			2252			0	N		是	8		允許重複修 ◎課程不開放上修			0			王經文	碩博	三 3 校外 教室自排	專題討論						0		必				50	B208, 2F, Interdisciplinary Research Building, Academia Sinica中研院跨領域科技研究大樓	2		
	SM51						10	0.20		營養學位學程（碩）		NSM0002			0		2.0				115	半			Seminar (II)			2253			0	N		是			◎必須先修過【NSM0001  專題討論（一）】 ◎課程開放上修			0			葉宛儒		三 3-4 公館 Ｓ406	專題討論（二）						0		必				50		2		
	SM51						10	0.20		營養學位學程（碩）		NSM0011			0		3.0				115	半			Studies in Women's Nutrition			2254			0	N					◎課程開放上修			0			沈賜川		四 2-4 公館 Ｓ406	婦女營養研究						0		選				50		2		
	SM51						10	0.30		營養學位學程（碩）		NSM0012			0		3.0				115	半			Nutrition Counseling and Education			2255			0	N					◎課程開放上修			0			盧立卿		一 6-8 公館 無可用教室	營養諮詢與教育						0		選				33		2		
	SM51						10	0.20		營養學位學程（碩）		NSM0013			10		3.0				115	半			Topics in Functional Foods			2256			0	N					◎課程開放上修			0			蘇純立		二 7-9 和平 無可用教室	保健食品特論						0		選				50		2		
	SM52						10	0.20		生醫學位學程（碩）		BPM0001			0		2.0				115	半			Seminar			2257			0	N					允許重複修 ◎課程不開放上修			0			陳冬生 陳怡辰 鄭劍廷		五 3-4 公館 Ｃ303B	專題討論						0		必				50		2		
	SM52						10	0.20		生醫學位學程（碩）		BPM0004			0		3.0				115	半			Research and Design Management in Bioindustry			2258			0	N					◎課程不開放上修			0			陳冬生		三 6-8 公館 Ｃ302	生醫產業研發管理						0		必				50		2		
	SU40						0	0.00		數學系（學）		MAU0181			0		3.0				115	半			Calculus B (II) </br>[ Program: The EMI Specialization Program of Mathematical Analysis The Specialization Program of AI-Driven Mechatronics ]	K		2259			0	N		是			◎必須先修過【MAU0180  微積分乙（一）】			0			未定		一 6-8 校外 教室自排	微積分乙（二） </br>[ 學分學程：數學分析EMI專業學分學程 AI智慧機電專業學分學程 ]						0		必				50	本課程於師大附中上課，並搭配高中開學日，修課學生僅能透過人工選課，中文授課，授課教師為李政哲老師	2		ZU5Q/ZU8N
	SU40						10	0.20		數學系（學）		MAC0088			0		3.0				115	半			Real Analysis (II) </br>[ Program: The EMI Specialization Program of Mathematical Analysis ]			2260			0	N		是	9					0			司靈得	大碩	一 8 公館 數學館M310, 四 7-8 公館 數學館M310	實變分析（二） </br>[ 學分學程：數學分析EMI專業學分學程 ]						0		選				50		2		ZU8N
	SU40						10	0.20		數學系（學）		MAC0094			0		3.0				115	半			Modern Algebra (II)			2261			0	N			9					0			劉容真	大碩	一 2-4 公館 數學館M211	近世代數（二）						0		選				50		2		
	SU40						10	0.20		數學系（學）		MAC9016			0		3.0				115	半			Cryptography </br>[ Program: The Inter-disciplinary  Program of Scientific Computation ]			2262			0	N			9					0			未定	大碩	四 2-4 公館 數學館M310	密碼學 </br>[ 學分學程：科學計算學分學程 ]						0		選				50	授課教師為江政融老師	2		ZU67
	SU40						10	0.20		數學系（學）		MAC9025			0		3.0				115	半			Combinatorics Mathematics (IB) </br>[ Program: The Inter-disciplinary Program of International Baccalaureate Educator Certificate-International  Mathematics Education ]			2263			0	N		是	9					0			游森棚	大碩	一 2-4 公館 數學館M417	組合數學（IB） </br>[ 學分學程：國際教師學分學程-國際數學教育 ]						0		選				50		2		ZU75
	SU40						10	0.20		數學系（學）		MAC9030			0		3.0				115	半			Special Topics on Scientific Computation </br>[ Program: The Inter-disciplinary  Program of Scientific Computation ]			2264			0	N			9					0			未定	大碩	五 6-8 公館 無可用教室	科學計算特論 </br>[ 學分學程：科學計算學分學程 ]						0		選				50	產學合作課程	2		ZU67
	SU40						10	0.20		數學系（學）		MAC9033			0		3.0				115	半			Mathematical Statistics (II)			2265			0	N			9					0			未定	大碩	五 2-4 公館 數學館M310	數理統計（二）						0		選				50	授課教師為張少同老師	2		
	SU40						10	0.20		數學系（學）		MAC9041			0		2.0				115	半			Teaching Practicum: Mathematics (II) (IB) </br>[ Program: The Inter-disciplinary Program of International Baccalaureate Educator Certificate-International  Mathematics Education ]			2266			0	N		是	9					0			未定	大碩	五 9-10 公館 數學館M211	數學教學實習（二）（IB） </br>[ 學分學程：國際教師學分學程-國際數學教育 ]						0		選				50	授課教師為朱啟台老師	2		ZU75
	SU40						10	0.20		數學系（學）		MAU0032			0		3.0				115	半			Computer Programming </br>[ Program: The Inter-disciplinary  Program of Scientific Computation ]	A		2267			0	N								0			范洪源		二 6-7 公館 Ｓ201, 二 8 公館 無可用教室	程式設計 </br>[ 學分學程：科學計算學分學程 ]	一			1		0		選				50		2		ZU67
	SU40						10	0.20		數學系（學）		MAU0032			0		3.0				115	半			Computer Programming </br>[ Program: The Inter-disciplinary  Program of Scientific Computation ]	B		2268			0	N								0			楊青育		三 6-8 公館 無可用教室	程式設計 </br>[ 學分學程：科學計算學分學程 ]	一			1		0		選				50		2		ZU67
	SU40						10	0.20		數學系（學）		MAU0181			0		3.0				115	半			Calculus B (II) </br>[ Program: The EMI Specialization Program of Mathematical Analysis The Specialization Program of AI-Driven Mechatronics ]	A		2269			0	N		是			◎限外系修習◎必須先修過【MAU0180  微積分乙（一）】			0			林月珍		一 6-8 公館 無可用教室	微積分乙（二） </br>[ 學分學程：數學分析EMI專業學分學程 AI智慧機電專業學分學程 ]	一			1		0		必				50	物一甲，中文授課	2		ZU5Q/ZU8N
	SU40						10	0.20		數學系（學）		MAU0181			0		3.0				115	半			Calculus B (II) </br>[ Program: The EMI Specialization Program of Mathematical Analysis The Specialization Program of AI-Driven Mechatronics ]	B		2270			0	N		是			◎限外系修習◎必須先修過【MAU0180  微積分乙（一）】			0			司靈得		一 6-7 公館 無可用教室, 四 6 公館 無可用教室	微積分乙（二） </br>[ 學分學程：數學分析EMI專業學分學程 AI智慧機電專業學分學程 ]	一			1		0		必				50	物一乙	2		ZU5Q/ZU8N
	SU40						10	0.20		數學系（學）		MAU0181			0		3.0				115	半			Calculus B (II) </br>[ Program: The EMI Specialization Program of Mathematical Analysis The Specialization Program of AI-Driven Mechatronics ]	C		2271			0	N		是			◎限外系修習◎必須先修過【MAU0180  微積分乙（一）】			0			楊青育		四 6-8 公館 無可用教室	微積分乙（二） </br>[ 學分學程：數學分析EMI專業學分學程 AI智慧機電專業學分學程 ]	一			1		0		必				50	化一甲，中文授課	2		ZU5Q/ZU8N
	SU40						10	0.20		數學系（學）		MAU0181			0		3.0				115	半			Calculus B (II) </br>[ Program: The EMI Specialization Program of Mathematical Analysis The Specialization Program of AI-Driven Mechatronics ]	D		2272			0	N		是			◎限外系修習◎必須先修過【MAU0180  微積分乙（一）】			0			林月珍		四 6-8 公館 無可用教室	微積分乙（二） </br>[ 學分學程：數學分析EMI專業學分學程 AI智慧機電專業學分學程 ]	一			1		0		必				50	化一乙，中文授課	2		ZU5Q/ZU8N
	SU40						10	0.20		數學系（學）		MAU0181			0		3.0				115	半			Calculus B (II) </br>[ Program: The EMI Specialization Program of Mathematical Analysis The Specialization Program of AI-Driven Mechatronics ]	E		2273			0	N		是			◎限外系修習◎必須先修過【MAU0180  微積分乙（一）】			0			陳瑞堂		四 6-8 公館 無可用教室	微積分乙（二） </br>[ 學分學程：數學分析EMI專業學分學程 AI智慧機電專業學分學程 ]	一			1		0		必				50	地科一，中文授課	2		ZU5Q/ZU8N
	SU40						10	0.20		數學系（學）		MAU0181			0		3.0				115	半			Calculus B (II) </br>[ Program: The EMI Specialization Program of Mathematical Analysis The Specialization Program of AI-Driven Mechatronics ]	F		2274			0	N		是			◎限外系修習◎必須先修過【MAU0180  微積分乙（一）】			0			未定		四 6-8 公館 無可用教室	微積分乙（二） </br>[ 學分學程：數學分析EMI專業學分學程 AI智慧機電專業學分學程 ]	一			1		0		必				50	資工一，中文授課，授課教師為江政融老師	2		ZU5Q/ZU8N
	SU40						10	0.20		數學系（學）		MAU0181			0		3.0				115	半			Calculus B (II) </br>[ Program: The EMI Specialization Program of Mathematical Analysis The Specialization Program of AI-Driven Mechatronics ]	G		2275			0	N		是			◎限外系修習◎必須先修過【MAU0180  微積分乙（一）】			0			范洪源		三 6-8 和平 無可用教室	微積分乙（二） </br>[ 學分學程：數學分析EMI專業學分學程 AI智慧機電專業學分學程 ]	一			1		0		必				50	機電一，中文授課	2		ZU5Q/ZU8N
	SU40						10	0.20		數學系（學）		MAU0181			0		3.0				115	半			Calculus B (II) </br>[ Program: The EMI Specialization Program of Mathematical Analysis The Specialization Program of AI-Driven Mechatronics ]	H		2276			0	N		是			◎限外系修習◎必須先修過【MAU0180  微積分乙（一）】			0			未定		三 6-8 和平 無可用教室	微積分乙（二） </br>[ 學分學程：數學分析EMI專業學分學程 AI智慧機電專業學分學程 ]	一			1		0		必				50	電機一，中文授課，授課教師為黃侑仁老師	2		ZU5Q/ZU8N
	SU40						10	0.20		數學系（學）		MAU0181			0		3.0				115	半			Calculus B (II) </br>[ Program: The EMI Specialization Program of Mathematical Analysis The Specialization Program of AI-Driven Mechatronics ]	I		2277			0	N		是			◎限外系修習◎必須先修過【MAU0180  微積分乙（一）】			0			未定		三 6-8 和平 無可用教室	微積分乙（二） </br>[ 學分學程：數學分析EMI專業學分學程 AI智慧機電專業學分學程 ]	一			1		0		必				50	車能一，中文授課，授課教師為李政哲老師	2		ZU5Q/ZU8N
	SU40						10	0.20		數學系（學）		MAU0181			0		3.0				115	半			Calculus B (II) </br>[ Program: The EMI Specialization Program of Mathematical Analysis The Specialization Program of AI-Driven Mechatronics ]	J		2278			0	N		是			◎限外系修習◎必須先修過【MAU0180  微積分乙（一）】			0			未定		三 6-8 公館 無可用教室	微積分乙（二） </br>[ 學分學程：數學分析EMI專業學分學程 AI智慧機電專業學分學程 ]	一			1		0		必				50	光電一，中文授課，授課教師為王建勛老師	2		ZU5Q/ZU8N
	SU40						10	0.20		數學系（學）		MAU0003			0		3.0				115	半			Number Theory			2279			0	N			1					0			胡舉卿	甲	五 6-8 公館 數學館M210	數論	一			1		0		必				50		2		
	SU40						10	0.20		數學系（學）		MAU0161			0		3.0				115	半			Linear Algebra(II)			2280			0	N			1		◎必須先修過【MAU0160  線性代數（一）】			0			謝世峰	甲	一 6-7 公館 數學館M210, 五 3 公館 Ｓ201	線性代數（二）	一			1		0		必				50		2		
	SU40						10	0.20		數學系（學）		MAU0171			0		1.0				115	半			Exploration of Calculus(II)			2281			0	N			1		◎必須先修過(也可以同時修)【MAU0179  微積分甲（二）】			0			林惠娥	甲	二 2 公館 數學館M310	微積分探索（二）	一			1		0		選				50		2		
	SU40						10	0.20		數學系（學）		MAU0173			0		1.0				115	半			Exploration of Linear Algebra(II)			2282			0	N			1		◎必須先修過(也可以同時修)【MAU0161  線性代數（二）】			0			謝世峰	甲	五 4 公館 Ｓ201	線性代數探索（二）	一			1		0		選				50		2		
	SU40						10	0.20		數學系（學）		MAU0179			0		4.0				115	半			Calculus A (II)			2283			0	N			1		◎必須先修過【MAU0178  微積分甲（一）】			0			林惠娥	甲	二 3-4 公館 數學館M310, 四 3-4 公館 無可用教室	微積分甲（二）	一			1		0		必				50		2		
	SU40						10	0.20		數學系（學）		MAU0003			0		3.0				115	半			Number Theory			2284			0	N			2					0			夏良忠	乙	四 6-8 公館 Ｓ202	數論	一			1		0		必				50		2		
	SU40						10	0.20		數學系（學）		MAU0161			0		3.0				115	半			Linear Algebra(II)			2285			0	N			2		◎必須先修過【MAU0160  線性代數（一）】			0			樂美亨	乙	一 6-7 公館 數學館M417, 三 7 公館 Ｓ201	線性代數（二）	一			1		0		必				50		2		
	SU40						10	0.20		數學系（學）		MAU0171			0		1.0				115	半			Exploration of Calculus(II)			2286			0	N			2		◎必須先修過(也可以同時修)【MAU0179  微積分甲（二）】			0			郭君逸	乙	二 2 公館 無可用教室	微積分探索（二）	一			1		0		選				50		2		
	SU40						10	0.20		數學系（學）		MAU0173			0		1.0				115	半			Exploration of Linear Algebra(II)			2287			0	N			2		◎必須先修過(也可以同時修)【MAU0161  線性代數（二）】			0			樂美亨	乙	三 6 公館 Ｓ201	線性代數探索（二）	一			1		0		選				50		2		
	SU40						10	0.20		數學系（學）		MAU0179			0		4.0				115	半			Calculus A (II)			2288			0	N			2		◎必須先修過【MAU0178  微積分甲（一）】			0			郭君逸	乙	二 3-4 公館 無可用教室, 四 3-4 公館 無可用教室	微積分甲（二）	一			1		0		必				50		2		
	SU40						10	0.20		數學系（學）		MAU0003			0		3.0				115	半			Number Theory			2289			0	N			3					0			劉家新	丙	二 6-8 公館 數學館M210	數論	一			1		0		必				50		2		
	SU40						10	0.20		數學系（學）		MAU0161			0		3.0				115	半			Linear Algebra(II)			2290			0	N			3		◎必須先修過【MAU0160  線性代數（一）】			0			夏良忠	丙	一 6-7 公館 數學館M211, 四 3 公館 Ｓ201	線性代數（二）	一			1		0		必				50		2		
	SU40						10	0.20		數學系（學）		MAU0171			0		1.0				115	半			Exploration of Calculus(II)			2291			0	N			3		◎必須先修過(也可以同時修)【MAU0179  微積分甲（二）】			0			張毓麟	丙	二 2 公館 Ｓ202	微積分探索（二）	一			1		0		選				50		2		
	SU40						10	0.20		數學系（學）		MAU0173			0		1.0				115	半			Exploration of Linear Algebra(II)			2292			0	N			3		◎必須先修過(也可以同時修)【MAU0161  線性代數（二）】			0			夏良忠	丙	四 4 公館 Ｓ201	線性代數探索（二）	一			1		0		選				50		2		
	SU40						10	0.20		數學系（學）		MAU0179			0		4.0				115	半			Calculus A (II)			2293			0	N			3		◎必須先修過【MAU0178  微積分甲（一）】			0			張毓麟	丙	二 3-4 公館 Ｓ202, 五 3-4 公館 Ｓ202	微積分甲（二）	一			1		0		必				50		2		
	SU40						10	0.20		數學系（學）		MAU0023			0		3.0				115	半			Topic in Differential Equations	A		2294			0	N								0			陳賢修		一 6-8 公館 Ｓ201	微分方程特論	二			2		0		選				50		2		
	SU40						10	0.20		數學系（學）		MAU0023			0		3.0				115	半			Topic in Differential Equations	B		2295			0	N								0			林惠娥		三 6-8 公館 Ｓ202	微分方程特論	二			2		0		選				50		2		
	SU40						10	0.20		數學系（學）		MAU0153			0		3.0				115	半			Introduction to Probability Theory			2296			0	N			1					0			蔡碧紋	甲	五 6-8 公館 Ｓ201	機率導論	二			2		0		必				50		2		
	SU40						10	0.20		數學系（學）		MAU0163			0		4.0				115	半			Advanced Calculus (II) </br>[ Program: The EMI Specialization Program of Mathematical Analysis ]			2297			0	N		是	1		◎必須先修過【MAU0162  高等微積分（一）】			0			郭庭榕	甲	二 6-7 公館 Ｓ202, 四 3-4 公館 Ｓ202	高等微積分（二） </br>[ 學分學程：數學分析EMI專業學分學程 ]	二			2		0		必				50	中文授課	2		ZU8N/ZU8N/ZU8N
	SU40						10	0.20		數學系（學）		MAU0167			0		3.0				115	半			Algebra(II)			2298			0	N			1		◎必須先修過【MAU0166  代數學（一）】			0			胡舉卿	甲	二 3-4 公館 數學館M417, 五 3 公館 數學館M417	代數學（二）	二			2		0		必				50		2		
	SU40						10	0.20		數學系（學）		MAU0175			0		1.0				115	半			Exploration of Advanced Calculus (II)			2299			0	N			1		◎必須先修過(也可以同時修)【MAU0163  高等微積分（二）】			0			郭庭榕	甲	二 8 公館 Ｓ202	高等微積分探索（二）	二			2		0		選				50		2		
	SU40						10	0.20		數學系（學）		MAU0177			0		1.0				115	半			Exploration of Algebra (II)			2300			0	N			1		◎必須先修過(也可以同時修)【MAU0167  代數學（二）】			0			胡舉卿	甲	五 4 公館 數學館M417	代數學探索（二）	二			2		0		選				50		2		
	SU40						10	0.20		數學系（學）		MAU0153			0		3.0				115	半			Introduction to Probability Theory			2301			0	N			2					0			未定	乙	五 6-8 公館 數學館M417	機率導論	二			2		0		必				50		2		
	SU40						10	0.20		數學系（學）		MAU0163			0		4.0				115	半			Advanced Calculus (II) </br>[ Program: The EMI Specialization Program of Mathematical Analysis ]			2302			0	N		是	2		◎必須先修過【MAU0162  高等微積分（一）】			0			陳賢修	乙	二 3-4 公館 數學館M210, 四 6-7 公館 數學館M210	高等微積分（二） </br>[ 學分學程：數學分析EMI專業學分學程 ]	二			2		0		必				50	中文授課	2		ZU8N/ZU8N/ZU8N
	SU40						10	0.20		數學系（學）		MAU0167			0		3.0				115	半			Algebra(II)			2303			0	N			2		◎必須先修過【MAU0166  代數學（一）】			0			劉家新	乙	一 3-4 公館 數學館M210, 四 3 公館 數學館M417	代數學（二）	二			2		0		必				50		2		
	SU40						10	0.20		數學系（學）		MAU0175			0		1.0				115	半			Exploration of Advanced Calculus (II)			2304			0	N			2		◎必須先修過(也可以同時修)【MAU0163  高等微積分（二）】			0			陳賢修	乙	四 8 公館 數學館M210	高等微積分探索（二）	二			2		0		選				50		2		
	SU40						10	0.20		數學系（學）		MAU0177			0		1.0				115	半			Exploration of Algebra (II)			2305			0	N			2		◎必須先修過(也可以同時修)【MAU0167  代數學（二）】			0			劉家新	乙	四 4 公館 數學館M417	代數學探索（二）	二			2		0		選				50		2		
	SU40						10	0.20		數學系（學）		MAU0128			0		3.0				115	半			Advanced Geometry (I)			2306			0	N			3					0			陳瑞堂	丙	五 6-7 公館 Ｓ202, 五 8 公館 無可用教室	高等幾何（一）	二			2		0		選				50		2		
	SU40						10	0.20		數學系（學）		MAU0153			0		3.0				115	半			Introduction to Probability Theory			2307			0	N			3					0			呂翠珊	丙	五 2-4 公館 數學館M210	機率導論	二			2		0		必				50		2		
	SU40						10	0.20		數學系（學）		MAU0163			0		4.0				115	半			Advanced Calculus (II) </br>[ Program: The EMI Specialization Program of Mathematical Analysis ]			2308			0	N		是	3		◎必須先修過【MAU0162  高等微積分（一）】			0			林延輯	丙	一 3-4 公館 數學館M310, 四 6-7 公館 數學館M417	高等微積分（二） </br>[ 學分學程：數學分析EMI專業學分學程 ]	二			2		0		必				50		2		ZU8N/ZU8N/ZU8N
	SU40						10	0.20		數學系（學）		MAU0167			0		3.0				115	半			Algebra(II)			2309			0	N			3		◎必須先修過【MAU0166  代數學（一）】			0			劉容真	丙	二 3-4 公館 Ｓ201, 四 3 公館 數學館M210	代數學（二）	二			2		0		必				50		2		
	SU40						10	0.20		數學系（學）		MAU0175			0		1.0				115	半			Exploration of Advanced Calculus (II)			2310			0	N			3		◎必須先修過(也可以同時修)【MAU0163  高等微積分（二）】			0			林延輯	丙	四 8 公館 數學館M417	高等微積分探索（二）	二			2		0		選				50		2		
	SU40						10	0.20		數學系（學）		MAU0177			0		1.0				115	半			Exploration of Algebra (II)			2311			0	N			3		◎必須先修過(也可以同時修)【MAU0167  代數學（二）】			0			劉容真	丙	四 4 公館 數學館M210	代數學探索（二）	二			2		0		選				50		2		
	SU40						10	0.20		數學系（學）		MAU0013			0		3.0				115	半			Complex  Function Theory			2312			0	N					◎必須先修過【MAU0179  微積分甲（二）】、【MAU0181  微積分乙（二）】其中一門			0			張毓麟		三 6-8 公館 數學館M210	複變數函數論	三			3		0		必				50		2		
	SU40						10	0.20		數學系（學）		MAU0030			0		3.0				115	半			Topics in Algebra (I)			2313			0	N								0			劉家新 劉容真		四 6-8 公館 Ｓ201	代數特論（一）	三			3		0		選				50		2		
	SU40						10	0.20		數學系（學）		MAU0107			0		3.0				115	半			Differential Geometry (II) </br>[ Program: The Inter-disciplinary Program of  Astronomy and Gravitation ]			2314			0	N								0			陳瑞堂		一 6-7 公館 數學館M310, 一 8 公館 無可用教室	微分幾何（二） </br>[ 學分學程：天文與重力學分學程 ]	三			3		0		選				50		2		ZU61
	SU40						10	0.20		數學系（學）		MAU0115			0		3.0				115	半			Advanced Linear Algebra (I)			2315			0	N								0			未定		二 8-10 公館 Ｓ201	高等線性代數（一）	三			3		0		選				50	授課教師為林乾老師	2		
	SU40						10	0.20		數學系（學）		MAUE074			0		2.0				115	半			Learning Assessment </br>[ Program: The Inter-disciplinary Program of PASSION Quality Education in Rural Schools ]			2316			0	N					◎限 二階生 教育學程生 不佔名額生 登記修習生 可修			0			王婷瑩		四 3-4 公館 數學館M211	學習評量（教） </br>[ 學分學程：PASSION偏鄉優質教育學分學程 ]	三			3		0		選				50		2		ZU79
	SU40						10	0.20		數學系（學）		MAUE075			0		2.0				115	半			Curriculum Development and Design			2317			0	N					◎限 二階生 教育學程生 不佔名額生 登記修習生 可修			0			劉柏宏		五 6-7 公館 數學館M211	課程發展與設計（教）	三			3		0		選				50		2		
	SU40						10	0.20		數學系（學）		MAUE076			0		2.0				115	半			Instructional Medium			2318			0	N					◎限 二階生 教育學程生 不佔名額生 登記修習生 可修			0			未定		一 3-4 公館 無可用教室	教學媒體與運用（教）	三			3		0		選				50	授課教師為左台益老師、呂鳳琳老師	2		
	SU40						10	0.20		數學系（學）		MAU0062			0		3.0				115	半			Applied Statistical Methods (I)			2319			0	N								0			蔡碧紋		二 6-8 公館 數學館M417	應用統計方法（一）	四			4		0		選				50		2		
	SU40						10	0.20		數學系（學）		MAUE210			0		2.0				115	半			Teaching Practicum: Mathemetics(II)			2320			0	N					◎限 二階生 教育學程生 不佔名額生 登記修習生 可修◎必須先修過【MAUE110  數學教學實習（一）（教）】◎必須先修過(也可以同時修)【MAUE074  學習評量（教）】、【MAUE075  課程發展與設計（教）】、【MAUE076  教學媒體與運用（教）】			0			楊凱琳 未定		五 1-4 公館 數學館M211	數學教學實習（二）（教）	四			4		0		選				50	授課教師為楊凱琳老師、謝豐瑞老師	2		
	SU41						10	0.40		物理系（學）		PHU0260			0	是	2.0				115	半	林文欽		Research Internship			2321			0	N								0			林文欽		四 10-C 公館 教室自排	研究實習						0		選				50		2		
	SU41						10	0.40		物理系（學）		PHC0087			0		3.0				115	半			Biophysics (I)- Introduction			2322			0	N			9					0			張宜仁	大碩	二 2-4 公館 無可用教室	生物物理（一）－導論						0		選				50	請安排有黑板、白板及電子講桌的教室	2		
	SU41						10	0.40		物理系（學）		PHC0100			0		3.0				115	半			Introduction to Semiconductor Physics (I) </br>[ Program: The Inter-disciplinary Program of Solar Energy Engineering ]			2323			0	N			9					0			駱芳鈺	大碩	五 2-4 公館 無可用教室	半導體物理導論（一） </br>[ 學分學程：太陽能源與工程學分學程 ]						0		選				50	請安排有黑板、白板及電子講桌的教室	2		ZU68
	SU41						10	0.20		物理系（學）		PHC9002			0		3.0				115	半			Introduction to Solid State Physics (II) </br>[ Program: The Inter-disciplinary Program of Solar Energy Engineering ]			2324			0	N			9					0			游至仕	大碩	三 6-8 公館 Ｓ701	固態物理導論（二） </br>[ 學分學程：太陽能源與工程學分學程 ]						0		選				50		2		ZU68
	SU41						10	0.20		物理系（學）		PHC9012			0	是	2.0				115	半	劉祥麟		Overseas Internship			2325			0	N		是	9		允許重複修			0			劉祥麟	大碩	二 10-C 公館 教室自排	海外實習						0		選				50		2		
	SU41						10	0.20		物理系（學）		PHC9018			0		3.0				115	半			Solar Cells Principles and Practices </br>[ Program: The Inter-disciplinary Program of Solar Energy Engineering ]			2326			0	N			9					0			趙宇強	大碩	四 6-9 公館 Ｓ701	太陽能電池原理與實作 </br>[ 學分學程：太陽能源與工程學分學程 ]						0		選				50		2		ZU68
	SU41						10	0.20		物理系（學）		PHC9031			0		3.0				115	半			Introduction to Celestial Mechanics			2327			0	N		是	9					0			何大衛	大碩	五 6-8 公館 Ｓ701	天體力學導論						0		選				50		2		
	SU41						10	0.20		物理系（學）		PHC9033			0		3.0				115	半			Introduction to Materials Science and Physical Properties </br>[ Program: The EMI Inter-disciplinary Program of Semiconductor ]			2328			0	N		是	9					0			陳怡誠	大碩	一 6-8 公館 無可用教室	材料科學與物理性質導論 </br>[ 學分學程：國際半導體全英語學分學程 ]						0		選				50	請安排有黑板、白板及電子講桌的教室	2		ZU32
	SU41						10	0.20		物理系（學）		PHU0165			0		3.0				115	半			Experimental Physics (I) </br>[ Program: The EMI Inter-disciplinary Program of Semiconductor ]	A		2329			0	N		是						0			林文欽		三 6-8 公館 Ｄ101	實驗物理（一） </br>[ 學分學程：國際半導體全英語學分學程 ]	一			1		0		必				50		2		ZU32
	SU41						10	0.20		物理系（學）		PHU0165			0		3.0				115	半			Experimental Physics (I) </br>[ Program: The EMI Inter-disciplinary Program of Semiconductor ]	B		2330			0	N		是						0			傅祖怡		四 6-8 公館 Ｄ101	實驗物理（一） </br>[ 學分學程：國際半導體全英語學分學程 ]	一			1		0		必				50		2		ZU32
	SU41						10	0.20		物理系（學）		PHU0165			0		3.0				115	半			Experimental Physics (I) </br>[ Program: The EMI Inter-disciplinary Program of Semiconductor ]	C		2331			0	N		是						0			陸亭樺		五 2-4 公館 Ｄ101	實驗物理（一） </br>[ 學分學程：國際半導體全英語學分學程 ]	一			1		0		必				50	預先帶入物理系一乙學生	2		ZU32
	SU41						10	0.20		物理系（學）		PHU0225			0		1.0				115	半			General Physics Laboratory(II)	A		2332			0	N								0			徐鏞元 吳亞霖		三 6-8 公館 Ｄ121	普通物理實驗（二）	一			1		0		必				50	預先帶入化學系一甲學生	2		
	SU41						10	0.20		物理系（學）		PHU0225			0		1.0				115	半			General Physics Laboratory(II)	B		2333			0	N								0			張嘉泓		二 6-8 公館 Ｄ119	普通物理實驗（二）	一			1		0		必				50	預先帶入化學系一乙學生	2		
	SU41						10	0.20		物理系（學）		PHU0225			0		1.0				115	半			General Physics Laboratory(II)	C		2334			0	N								0			張宜仁 游至仕		四 2-4 公館 Ｄ121	普通物理實驗（二）	一			1		0		必				50	預先帶入地科系一年級學生	2		
	SU41						10	0.40		物理系（學）		PHU0252			0		3.0				115	半			General Physics B (II)	A		2335			0	N		是						0			吳亞霖		二 2-4 和平 無可用教室	普通物理乙（二）	一			1		0		必				50	預先帶入機電系一年級高中組學生    請安排有黑板、白板及電子講桌的教室	2		
	SU41						10	0.40		物理系（學）		PHU0252			0		3.0				115	半			General Physics B (II)	B		2336			0	N		是						0			駱芳鈺		二 2-4 和平 無可用教室	普通物理乙（二）	一			1		0		必				50	預先帶入機電系一年級高職組學生    請安排有黑板、白板及電子講桌的教室	2		
	SU41						10	0.40		物理系（學）		PHU0252			0		3.0				115	半			General Physics B (II)	C		2337			0	N		是						0			江佩勳		五 6-8 公館 無可用教室	普通物理乙（二）	一			1		0		必				50	預先帶入化學系一甲學生    請安排有黑板、白板及電子講桌的教室	2		
	SU41						10	0.40		物理系（學）		PHU0252			0		3.0				115	半			General Physics B (II)	D		2338			0	N		是						0			邱顯智		五 6-8 公館 無可用教室	普通物理乙（二）	一			1		0		必				50	預先帶入化學系一乙學生    請安排有黑板、白板及電子講桌的教室	2		
	SU41						10	0.40		物理系（學）		PHU0252			0		3.0				115	半			General Physics B (II)	E		2339			0	N		是						0			張嘉泓		一 6-8 公館 無可用教室	普通物理乙（二）	一			1		0		必				50	預先帶入地科系一年級學生    請安排有黑板、白板及電子講桌的教室	2		
	SU41						10	0.40		物理系（學）		PHU0252			0		3.0				115	半			General Physics B (II)	F		2340			0	N		是						0			游至仕		二 2-4 和平 無可用教室	普通物理乙（二）	一			1		0		必				50	預先帶入電機系一年級學生    請安排有黑板、白板及電子講桌的教室	2		
	SU41						10	0.40		物理系（學）		PHU0252			0		3.0				115	半			General Physics B (II)	G		2341			0	N		是						0			古煥宇		一 6-8 公館 無可用教室	普通物理乙（二）	一			1		0		必				50	預先帶入光電學士學位學程一年級學生    請安排有黑板、白板及電子講桌的教室	2		
	SU41						10	0.40		物理系（學）		PHU0252			0		3.0				115	半			General Physics B (II)	H		2342			0	N		是						0			卜宏毅		四 2-4 公館 無可用教室	普通物理乙（二）	一			1		0		必				50	請安排有黑板、白板及電子講桌的教室	2		
	SU41						10	0.40		物理系（學）		PHU0253			0		3.0				115	半			Fundamental Physics	A		2343			0	N								0			蔡志申		四 6-8 公館 無可用教室	基礎物理	一			1		0		必				50	預先帶入數學系一年級丙班學生    請安排有黑板、白板及電子講桌的教室	2		
	SU41						10	0.40		物理系（學）		PHU0253			0		3.0				115	半			Fundamental Physics	B		2344			0	N								0			卜宏毅		二 6-8 和平 無可用教室	基礎物理	一			1		0		必				50	預先帶入車輛與能源工程學士學位學程一年級學生    請安排有黑板、白板及電子講桌的教室	2		
	SU41						10	0.20		物理系（學）		PHU0254			0		1.0				115	半			Fundamental Physics Laboratory			2345			0	N								0			駱芳鈺 陳鴻宜		五 6-8 公館 Ｄ121	基礎物理實驗	一			1		0		必				50	預先帶入數學系一年級丙班學生	2		
	SU41						10	0.20		物理系（學）		PHU0258			0		3.0				115	半			Physics Tournament and Presentation (II)			2346			0	N								0			徐鏞元		二 6-8 公館 Ｆ105	物理研究之批判性思考與辯論簡介（二）	一			1		0		選				50		2		
	SU41						10	0.20		物理系（學）		PHU0011			0		3.0				115	半			Mathematical Physics (I)			2347			0	N		是	1					0			趙宇強	甲	五 2-4 公館 Ｓ303	數學物理（一）	一			1		0		必				50	預先帶入物理系一甲學生	2		
	SU41						10	0.20		物理系（學）		PHU0250			0		4.0				115	半			General Physics A (II)			2348			0	N		是	1					0			陳穎叡	甲	二 3-4 公館 Ｓ303, 五 6-7 公館 Ｓ303	普通物理甲（二）	一			1		0		必				50	預先帶入物理系一甲學生	2		
	SU41						10	0.20		物理系（學）		PHU0011			0		3.0				115	半			Mathematical Physics (I)			2349			0	N		是	2					0			張嘉泓	乙	四 2-4 公館 Ｓ304	數學物理（一）	一			1		0		必				50	預先帶入物理系一乙學生	2		
	SU41						10	0.40		物理系（學）		PHU0250			0		4.0				115	半			General Physics A (II)			2350			0	N		是	2		◎限大一◎限乙班修習			0			劉祥麟	乙	二 3-4 公館 無可用教室, 五 6-7 公館 無可用教室	普通物理甲（二）	一			1		0		必				50	預先帶入物理系一乙學生    請安排S506教室	2		
	SU41						10	0.20		物理系（學）		PHU0214			0		3.0				115	半			Experimental Physics (III) </br>[ Program: The EMI Inter-disciplinary Program of Semiconductor ]	A		2351			0	N		是						0			江佩勳		三 6-8 公館 教室自排	實驗物理（三） </br>[ 學分學程：國際半導體全英語學分學程 ]	二			2		0		必				50		2		ZU32
	SU41						10	0.40		物理系（學）		PHU0214			0		3.0				115	半			Experimental Physics (III) </br>[ Program: The EMI Inter-disciplinary Program of Semiconductor ]	B		2352			0	N		是						0			林秉慧		四 6-8 公館 教室自排	實驗物理（三） </br>[ 學分學程：國際半導體全英語學分學程 ]	二			2		0		必				50		2		ZU32
	SU41						10	0.40		物理系（學）		PHU0214			0		3.0				115	半			Experimental Physics (III) </br>[ Program: The EMI Inter-disciplinary Program of Semiconductor ]	C		2353			0	N		是						0			陳怡誠		五 6-8 公館 教室自排	實驗物理（三） </br>[ 學分學程：國際半導體全英語學分學程 ]	二			2		0		必				50		2		ZU32
	SU41						10	0.20		物理系（學）		PHU0278			0		2.0				115	半			Physics and Computing Simulation </br>[ Program: The EMI Inter-disciplinary Program of Scientific Computing and Interdisciplinary Application ]			2354			0	N		是						0			陳鴻宜		二 9-10 公館 Ｓ303	物理與電腦模擬 </br>[ 學分學程：科學計算與跨域應用EMI學分學程 ]	二			2		0		選				50		2		ZU51
	SU41						10	0.20		物理系（學）		PHU0216			0		3.0				115	半			Electricity and Magnetism (II)			2355			0	N		是	1					0			傅祖怡	甲	一 2-4 公館 無可用教室	電磁學（二）	二			2		0		必				50	請安排有黑板、白板及電子講桌的教室	2		
	SU41						10	0.20		物理系（學）		PHU0231			0		3.0				115	半			Mechanics(II)			2356			0	N		是	1					0			李沃龍	甲	二 6-8 公館 Ｓ303	力學（二）	二			2		0		必				50		2		
	SU41						10	0.20		物理系（學）		PHU0216			0		3.0				115	半			Electricity and Magnetism (II)			2357			0	N		是	2					0			陳啟明	乙	二 6-8 公館 Ｓ304	電磁學（二）	二			2		0		必				50		2		
	SU41						10	0.20		物理系（學）		PHU0231			0		3.0				115	半			Mechanics(II)			2358			0	N		是	2					0			江府峻	乙	一 8-10 公館 Ｓ304	力學（二）	二			2		0		必				50		2		
	SU41						10	0.20		物理系（學）		PHU0014			0		3.0				115	半			Optics </br>[ Program: The Inter-disciplinary Program of Solar Energy Engineering ]			2359			0	N								0			張宜仁		三 6-8 公館 Ｓ303	光學 </br>[ 學分學程：太陽能源與工程學分學程 ]	三			3		0		選				50		2		ZU68
	SU41						10	0.40		物理系（學）		PHU0037			0		3.0				115	半			Statistical Thermodynamics			2360			0	N								0			蔡志申		二 6-8 公館 無可用教室	熱力統計學	三			3		0		選				50	請安排有黑板、白板及電子講桌的教室	2		
	SU41						10	0.20		物理系（學）		PHU0262			0		3.0				115	半			Silicon VLSI Technology- Fundamentals, Practice and Modeling </br>[ Program: The Inter-disciplinary Program of Solar Energy Engineering ]			2361			0	N								0			藍彥文		一 6-8 公館 無可用教室	半導體製程技術 </br>[ 學分學程：太陽能源與工程學分學程 ]	三			3		0		選				50	請安排有黑板、白板及電子講桌的教室	2		ZU68
	SU41						10	0.20		物理系（學）		PHU0274			0		2.0				115	半			Inquiry and Practice in Natural Science			2362			0	N								0			陳育霖		五 9-10 公館 Ｓ303	自然科學領域探究與實作	三			3		0		選				50		2		
	SU41						10	0.20		物理系（學）		PHU0237			0		3.0				115	半			Modern Physics(II)			2363			0	N			1					0			徐鏞元	甲	一 3-4 公館 無可用教室, 四 4 公館 無可用教室	近代物理學（二）	三			3		0		必				50	請安排有黑板、白板及電子講桌的教室	2		
	SU41						10	0.40		物理系（學）		PHU0265			0		1.0				115	半			Exploration and Applications of Modern Physics (II)			2364			0	N			1					0			徐鏞元	甲	四 3 公館 無可用教室	近代物理探索與應用（二）	三			3		0		選				50	請安排有黑板、白板及電子講桌的教室	2		
	SU41						10	0.40		物理系（學）		PHU0237			0		3.0				115	半			Modern Physics(II)			2365			0	N			2					0			陳穎叡	乙	一 3-4 公館 無可用教室, 四 4 公館 無可用教室	近代物理學（二）	三			3		0		必				50	請安排有黑板、白板及電子講桌的教室	2		
	SU41						10	0.40		物理系（學）		PHU0265			0		1.0				115	半			Exploration and Applications of Modern Physics (II)			2366			0	N			2					0			陳穎叡	乙	四 3 公館 無可用教室	近代物理探索與應用（二）	三			3		0		選				50	請安排有黑板、白板及電子講桌的教室	2		
	SU41						10	0.40		物理系（學）		PHU0217			0		3.0				115	半			Introduction to Cosmology </br>[ Program: The Inter-disciplinary Program of  Astronomy and Gravitation ]			2367			0	N								0			吳亞霖		四 2-4 公館 無可用教室	宇宙學導論 </br>[ 學分學程：天文與重力學分學程 ]	四			4		0		選				50	請安排有黑板、白板及電子講桌的教室	2		ZU61
	SU41						10	0.20		物理系（學）		PHUE210			0		2.0				115	半			Teaching Practicum: Physics (II) </br>[ Program: The Inter-disciplinary Program of International Baccalaureate Educator Certificate-International  Physics  Education ]			2368			0	N					◎限 二階生 教育學程生 不佔名額生 登記修習生 可修			0			陳育霖		一 1-4 公館 Ｓ701	物理教學實習（二）（教） </br>[ 學分學程：國際教師學分學程-國際物理教育 ]	四			4		0		選				50		2		ZU76
	SU42						10	0.14		化學系（學）		CMU0031			0		3.0				115	半			Industrial Chemistry			2369			0	N					◎限本系(含雙主修)修習			0			許貫中		五 2-4 公館 無可用教室	工業化學						0		選				70		2		
	SU42						10	0.10		化學系（學）		CMU0055			0		3.0				115	半			Organic Spectroscopy </br>[ Program: The Inter-disciplinary Program of Solar Energy Engineering ]			2370			0	N					◎限本系(含雙主修)修習 ◎必須先修過(也可以同時修)【CMU0138  有機化學（二）】			0			姚清發		二 1-2 公館 無可用教室, 四 1 公館 無可用教室	有機光譜學 </br>[ 學分學程：太陽能源與工程學分學程 ]						0		選				100		2		ZU68
	SU42						10	0.20		化學系（學）		CMU0132			0		1.0				115	半			General Chemistry Laboratory(II) </br>[ Program: The EMI Inter-disciplinary Program of Semiconductor ]	C		2371			0	N		是			◎限外系修習			0			呂家榮		四 2-4 公館 Ｄ407	普通化學實驗（二） </br>[ 學分學程：國際半導體全英語學分學程 ]						0		必				50	預先帶入地科系二年級生	2		ZU32
	SU42						10	0.20		化學系（學）		CMU0162			0		2.0				115	半			Instrumental Analysis Laboratory (II)			2372			0	N					◎限本系(含雙主修)修習			0			李君婷		四 6-9 公館 Ｄ401	儀器分析實驗（二）						0		選				50		2		
	SU42						10	0.14		化學系（學）		CMU0177			0		3.0				115	半			General Chemistry A (II) </br>[ Program: The EMI Inter-disciplinary Program of Semiconductor The Specialization Program of Biochemical Sciences The Specialization Program of Energy Materials Chemistry ]	B		2373			0	N		是			◎限外系修習			0			呂家榮		二 7-9 公館 無可用教室	普通化學甲（二） </br>[ 學分學程：國際半導體全英語學分學程 生物化學領域專業學分學程 能源材料化學領域專業學分學程 ]						0		必				70	預先帶入地科系二年級生	2		ZU32/ZU7L/ZU8Z
	SU42						10	0.40		化學系（學）		CMU0191			0		2.0				115	半			Scientific Literature Study (II)			2374			0	N					◎限本系(含雙主修)修習			0			劉沂欣		三 3-4 公館 無可用教室	科學文獻探討（二）						0		選				50		2		
	SU42						10	0.20		化學系（學）		CMU0207			0		1.0				115	半			Teaching Plan Design for High School Chemistry (II)			2375			0	N								0			未定		一 3 公館 Ｃ102	中學化學教案設計（二）						0		選				50		2		
	SU42						10	0.08		化學系（學）		CMU0209			0		2.0				115	半			Science and Art			2376			0	N								0			李祐慈 洪上程		三 3-4 公館 無可用教室	科學與藝術						0		選				120		2		
	SU42						10	0.20		化學系（學）		CMUE201			0		1.0				115	半			Teaching Materials and Methods: Chemistry (II)			2377			0	N					◎限 二階生 教育學程生 不佔名額生 登記修習生 可修			0			杜玲嫻		一 4 公館 Ｃ102	化學教材教法（二）（教）						0		選				50		2		
	SU42						10	0.20		化學系（學）		CMC0046			0		3.0				115	半			Topics in Biochemistry </br>[ Program: The Specialization Program of Biochemical Sciences ]			2378			0	N			9		◎限本系(含雙主修)修習			0			葉怡均	大碩	二 6-8 公館 Ｓ401	生物化學特論 </br>[ 學分學程：生物化學領域專業學分學程 ]						0		選				50		2		ZU7L
	SU42						10	0.20		化學系（學）		CMC9006			0		3.0				115	半			Introduction and Synthesis of Materials Chemistry </br>[ Program: The Inter-disciplinary Program of NTNU and TSMC Semiconductor The Inter-disciplinary Program of Solar Energy Engineering ]			2379			0	N			9		◎限本系(含雙主修)修習			0			劉沂欣	大碩	五 7-9 公館 Ｃ102	材料化學導論及實作 </br>[ 學分學程：台積電半導體學分學程 太陽能源與工程學分學程 ]						0		選				50		2		ZU45/ZU68
	SU42						10	0.20		化學系（學）		CMC9007			0		2.0				115	半			English for Science and Technology			2380			0	N			9		◎限本系(含雙主修)修習			0			劉沂欣	大碩	一 3-4 公館 無可用教室	科技英文						0		選				50		2		
	SU42						10	0.20		化學系（學）		CMC9008			10		3.0				115	半			Metalloorganic Chemistry			2381			0	N		是	9		◎限本系(含雙主修)修習			0			余承翰	大碩	四 2-4 公館 Ｓ402	金屬有機化學						0		選				50		2		
	SU42						10	0.20		化學系（學）		CMC9017			0		2.0				115	半			Source Readings in Contemporary Chemistry Literature (II)	A		2382			0	N		是	9		◎限本系(含雙主修)修習   允許重複修			0			黎重義	大碩	三 3-4 公館 無可用教室	當代化學文獻導讀（二）						0		選				50		2		
	SU42						10	0.40		化學系（學）		CMC9017			0		2.0				115	半			Source Readings in Contemporary Chemistry Literature (II)	B		2383			0	N		是	9		◎限本系(含雙主修)修習   允許重複修			0			吳嘉盈	大碩	三 3-4 公館 無可用教室	當代化學文獻導讀（二）						0		選				50		2		
	SU42						10	0.40		化學系（學）		CMC9018			3		3.0				115	半			Application of Computational Chemistry in Molecular and Materials Design </br>[ Program: The EMI Inter-disciplinary Program of Scientific Computing and Interdisciplinary Application ]			2384			0	N		是	9					0			吳嘉盈	大碩	四 7-9 公館 無可用教室	計算化學與分子材料設計 </br>[ 學分學程：科學計算與跨域應用EMI學分學程 ]						0		選				50		2		ZU51
	SU42						10	0.20		化學系（學）		CMC9022			0		3.0				115	半			Special Topic in Organic Chemistry			2385			0	N		是	9		◎限本系(含雙主修)修習			0			朱舜藍	大碩	五 2-4 公館 Ｓ401	有機特論						0		選				50		2		
	SU42						10	0.20		化學系（學）		CMC9025			3		3.0				115	半			Special Topics in Biophysical Chemistry (II)			2386			0	N		是	9		◎限本系(含雙主修)修習			0			王彥士	大碩	二 2-4 公館 Ｓ401	生物物理化學特論 （二）						0		選				50		2		
	SU42						10	0.20		化學系（學）		CMU0132			0		1.0				115	半			General Chemistry Laboratory(II) </br>[ Program: The EMI Inter-disciplinary Program of Semiconductor ]	A		2387			0	N		是			◎限本系(含雙主修)修習			0			李位仁		二 6-8 公館 Ｄ407	普通化學實驗（二） </br>[ 學分學程：國際半導體全英語學分學程 ]	一			1		0		必				50	預先代入化學系一甲新生	2		ZU32
	SU42						10	0.20		化學系（學）		CMU0132			0		1.0				115	半			General Chemistry Laboratory(II) </br>[ Program: The EMI Inter-disciplinary Program of Semiconductor ]	B		2388			0	N		是			◎限本系(含雙主修)修習			0			吳嘉盈		三 6-8 公館 Ｄ407	普通化學實驗（二） </br>[ 學分學程：國際半導體全英語學分學程 ]	一			1		0		必				50	預先代入化學系一乙新生	2		ZU32
	SU42						10	0.20		化學系（學）		CMU0132			0		1.0				115	半			General Chemistry Laboratory(II) </br>[ Program: The EMI Inter-disciplinary Program of Semiconductor ]	D		2389			0	N		是						0			黎重義		五 2-4 公館 Ｄ407	普通化學實驗（二） </br>[ 學分學程：國際半導體全英語學分學程 ]	一			1		0		必				50		2		ZU32
	SU42						10	0.10		化學系（學）		CMU0177			0		3.0				115	半			General Chemistry A (II) </br>[ Program: The EMI Inter-disciplinary Program of Semiconductor The Specialization Program of Biochemical Sciences The Specialization Program of Energy Materials Chemistry ]	A		2390			0	N		是			◎限本系(含雙主修)修習			0			余承翰 林文偉		二 2-4 公館 無可用教室	普通化學甲（二） </br>[ 學分學程：國際半導體全英語學分學程 生物化學領域專業學分學程 能源材料化學領域專業學分學程 ]	一			1		0		必				100	預先代入化學系一年級新生	2		ZU32/ZU7L/ZU8Z
	SU42						10	0.20		化學系（學）		CMU0177			0		3.0				115	半			General Chemistry A (II) </br>[ Program: The EMI Inter-disciplinary Program of Semiconductor The Specialization Program of Biochemical Sciences The Specialization Program of Energy Materials Chemistry ]	C		2391			0	N		是						0			朱舜藍 黎重義		四 2-4 公館 Ｓ401	普通化學甲（二） </br>[ 學分學程：國際半導體全英語學分學程 生物化學領域專業學分學程 能源材料化學領域專業學分學程 ]	一			1		0		必				50		2		ZU32/ZU7L/ZU8Z
	SU42						10	0.10		化學系（學）		CMU0138			0		3.0				115	半			Organic Chemistry(II) </br>[ Program: The Specialization Program of Biochemical Sciences ]			2392			0	N					◎限本系(含雙主修)修習			0			吳學亮		一 3-4 公館 無可用教室, 五 7 公館 無可用教室	有機化學（二） </br>[ 學分學程：生物化學領域專業學分學程 ]	二			2		0		必				100		2		ZU7L
	SU42						4	0.08		化學系（學）		CMU0140			0		1.0				115	半			Organic Chemistry Laboratory(II)	A		2393			0	N					◎限本系(含雙主修)修習◎必須先修過【CMU0137  有機化學（一）】◎必須先修過(也可以同時修)【CMU0180  有機化學實驗技術（二）】			0			吳學亮		一 7-9 公館 Ｄ409	有機化學實驗（二）	二			2		0		必				50		2		
	SU42						4	0.08		化學系（學）		CMU0140			0		1.0				115	半			Organic Chemistry Laboratory(II)	B		2394			0	N					◎限本系(含雙主修)修習◎必須先修過【CMU0137  有機化學（一）】◎必須先修過(也可以同時修)【CMU0180  有機化學實驗技術（二）】			0			吳學亮		二 7-9 公館 Ｄ409	有機化學實驗（二）	二			2		0		必				50		2		
	SU42						4	0.08		化學系（學）		CMU0140			0		1.0				115	半			Organic Chemistry Laboratory(II)	C		2395			0	N					◎限本系(含雙主修)修習◎必須先修過【CMU0137  有機化學（一）】◎必須先修過(也可以同時修)【CMU0180  有機化學實驗技術（二）】			0			簡敦誠		三 7-9 公館 Ｄ409	有機化學實驗（二）	二			2		0		必				50		2		
	SU42						10	0.10		化學系（學）		CMU0142			0		3.0				115	半			Analytical Chemistry(II)			2396			0	N					◎限本系(含雙主修)修習			0			陳頌方		五 2-4 公館 無可用教室	分析化學（二）	二			2		0		必				100		2		
	SU42						9	0.10		化學系（學）		CMU0180			0		1.0				115	半			Organic Chemistry Laboratory Techniques (II)			2397			0	N					◎限本系(含雙主修)修習			0			吳學亮 杜玲嫻 簡敦誠		一 2 公館 無可用教室	有機化學實驗技術（二）	二			2		0		選				90		2		
	SU42						10	0.10		化學系（學）		CMU0182			0		3.0				115	半			Physical Chemistry- Quantum Chemistry			2398			0	N					◎限本系(含雙主修)修習			0			王禎翰		四 2-4 公館 無可用教室	物理化學－量子化學	二			2		0		必				100		2		
	SU42						9	0.10		化學系（學）		CMU0185			0		2.0				115	半			Introduction to Coordination Chemistry			2399			0	N					◎限本系(含雙主修)修習			0			蔡明剛		四 8-9 公館 無可用教室	配位化學概論	二			2		0		選				90		2		
	SU42						10	0.20		化學系（學）		CMU0208			0		2.0				115	半			Transition Metal Complexes: Structures and Molecular Orbitals			2400			0	N		是						0			未定		四 6-7 公館 Ｓ401	過渡金屬錯合物：結構與分子軌域	二			2		0		選				50		2		
	SU42						9	0.10		化學系（學）		CMU0212			0		1.0				115	半			Chemistry Industry Practice			2401			0	N					◎限本系(含雙主修)修習			0			李祐慈 葉怡均		五 8 公館 無可用教室	化學產業實務	二			2		0		選				90		2		
	SU42						2	0.04		化學系（學）		CMU0214			0		2.0				115	半			Analytical Chemistry Laboratory	A		2402			0	N					◎限本系(含雙主修)修習			0			陳頌方		二 6-9 公館 Ｄ415	分析化學實驗	二			2		0		必				50		2		
	SU42						2	0.04		化學系（學）		CMU0214			0		2.0				115	半			Analytical Chemistry Laboratory	B		2403			0	N					◎限本系(含雙主修)修習			0			李君婷		三 6-9 公館 Ｄ415	分析化學實驗	二			2		0		必				50		2		
	SU42						10	0.10		化學系（學）		CMU0146			0		3.0				115	半			Inorganic Chemistry(II)			2404			0	N					◎限本系(含雙主修)修習			0			李位仁		二 3-4 公館 無可用教室, 三 6 公館 無可用教室	無機化學（二）	三			3		0		必				100		2		
	SU42						10	0.10		化學系（學）		CMU0183			0		3.0				115	半			Physical Chemistry- Kinetics			2405			0	N					◎限本系(含雙主修)修習			0			李以仁		二 7-9 公館 無可用教室	物理化學－動力學	三			3		0		必				100		2		
	SU42						2	0.04		化學系（學）		CMU0210			0		2.0				115	半			Physical Chemistry Laboratory	A		2406			0	N					◎限本系(含雙主修)修習◎必須先修過【CMU0182  物理化學－量子化學】			0			李以仁		四 6-9 公館 Ｄ415	物理化學實驗	三			3		0		必				50		2		
	SU42						2	0.04		化學系（學）		CMU0210			0		2.0				115	半			Physical Chemistry Laboratory	B		2407			0	N					◎限本系(含雙主修)修習◎必須先修過【CMU0182  物理化學－量子化學】			0			李以仁		五 6-9 公館 Ｄ415	物理化學實驗	三			3		0		必				50		2		
	SU43						10	0.20		生科系（學）		BIU0170			1		3.0				115	半			General Biology B </br>[ Program: The Specialization Program of Basic Medicine The Specialization Program of Molecular and Cell Biology The Specialization Program of Ecological Conservation ]			2408			0	N								0			孫智雯 李明忠		一 7-9 公館 Ｓ301	普通生物學乙 </br>[ 學分學程：基礎醫學專業學分學程 分子與細胞生物學專業學分學程 生態保育專業學分學程 ]						0		選				50		2		ZU6L/ZU6M/ZU6N
	SU43						10	0.20		生科系（學）		BIU0173			1		1.0				115	半			General Biology Laboratory A (II)			2409			0	N								0			李明忠		一 10-B 公館 Ｄ205	普通生物學實驗甲（二）						0		必				50	為實驗課程實驗設備有限，限30人。	2		
	SU43						10	0.20		生科系（學）		BIU0174			1		1.0				115	半			General Biology Laboratory B			2410			0	N								0			李明忠		二 10-B 公館 Ｄ205	普通生物學實驗乙						0		選				50	為實驗課程實驗設備有限，限30人。	2		
	SU43						10	0.20		生科系（學）		BIC7007			1		3.0				115	半			Population Genetics and Evolution			2411			0	N			7					0			李壽先	大碩博	四 2-4 公館 Ｃ303B	族群遺傳與演化						0		選				50		2		
	SU43						10	0.20		生科系（學）		BIC0001			0		3.0				115	半			Neurobiology </br>[ Program: The Specialization Program of Basic Medicine ]			2412			0	N			9					0			呂國棟 王慈蔚	大碩	四 2-4 公館 Ｃ302	神經生物學 </br>[ 學分學程：基礎醫學專業學分學程 ]						0		選				50		2		ZU6L
	SU43						10	0.20		生科系（學）		BIC0006			5		3.0				115	半			Biological Geography </br>[ Program: The Inter-disciplinary Program of the Eco-sustainable Industry The Inter-disciplinary Program of Environmental Monitoring and Disaster Mitigation The Inter-disciplinary Program of Geospatial Information Science ]			2413			0	N			9					0			徐堉峰	大碩	四 7-9 公館 Ｓ302	生物地理學 </br>[ 學分學程：生態永續產業學分學程 環境監測與防災學分學程 空間資訊學分學程 ]						0		選				50		2		ZU35/ZU89/ZU9B
	SU43						10	0.20		生科系（學）		BIC0170			2		3.0				115	半			Forest Ecology </br>[ Program: The Inter-disciplinary Program of the Eco-sustainable Industry The EMI Inter-disciplinary Program of Environmental Humanities The Specialization Program of Ecological Conservation The Inter-disciplinary Program of Environmental Monitoring and Disaster Mitigation ]			2414			0	N		是	9					0			林登秋	大碩	二 2-4 公館 Ｃ302	森林生態學 </br>[ 學分學程：生態永續產業學分學程 環境人文全英語學分學程 生態保育專業學分學程 環境監測與防災學分學程 ]						0		選				50		2		ZU35/ZU38/ZU6N/ZU89
	SU43						20	0.40		生科系（學）		BIC0177			0		3.0				115	半			Biotechnology			2415			0	N			9					0			沈林琥	大碩	四 A-C 公館 無可用教室	生物技術						0		選				50	電腦教室圖807	2		
	SU43						10	0.20		生科系（學）		BIC9006			0		3.0				115	半			Stem Cell Biology			2416			0	N			9					0			王慈蔚	大碩	二 6-8 公館 Ｃ303B	幹細胞生物學						0		選				50		2		
	SU43						10	0.20		生科系（學）		BIC9009			0		3.0				115	半			Plant Genetic Engineering			2417			0	N		是	9					0			陳晶	大碩	三 7-9 公館 Ｄ313	植物基因工程						0		選				50	實驗室進行之課程，實驗設備有限，限30人。	2		
	SU43						20	0.40		生科系（學）		BIC9014			0		3.0				115	半			Algorithms in Bioinformatics			2418			0	N			9					0			沈林琥	大碩	三 A-C 公館 無可用教室	生物資訊相關演算法						0		選				50	電腦教室圖807	2		
	SU43						10	0.20		生科系（學）		BIC9021			2		3.0				115	半			Wildlife Biology </br>[ Program: The Inter-disciplinary Program of the Eco-sustainable Industry The EMI Inter-disciplinary Program of Environmental Humanities The Specialization Program of Ecological Conservation ]			2419			0	N		是	9					0			王意安	大碩	三 7-9 公館 無可用教室	野生動物學 </br>[ 學分學程：生態永續產業學分學程 環境人文全英語學分學程 生態保育專業學分學程 ]						0		選				50		2		ZU35/ZU38/ZU6N
	SU43						10	0.20		生科系（學）		BIC9040			0		3.0				115	半			Signal Transduction			2420			0	N			9					0			林炎壽	大碩	二 7-9 公館 無可用教室	訊息傳遞						0		選				50		2		
	SU43						10	0.20		生科系（學）		BIC9041			0		3.0				115	半			Environmental Physiology			2421			0	N			9					0			鄭劍廷	大碩	二 7-9 公館 Ｃ302	環境生理學						0		選				50		2		
	SU43						10	0.20		生科系（學）		BIC9046			0		2.0				115	半			Curriculum Design for Scientific Inquiry and Practices			2422			0	N			9		◎必須先修過【BIU0168  普通生物學甲（一）】、【BIU0172  普通生物學實驗甲（一）】、【BIC9045  生物探究與實作】◎必須先修過(也可以同時修)【BIU0169  普通生物學甲（二）】、【BIU0173  普通生物學實驗甲（二）】其中一門			0			廖培鈞 鄭嘉惠	大碩	二 C-D 公館 Ｄ201	自然科學探究與實作課程設計						0		選				50	實驗室進行之課程，實驗設備有限，限30人。	2		
	SU43						10	0.40		生科系（學）		BIC9056			0		2.0				115	半			Introduction in Virology			2423			0	N		是	9					0			賴韻如	大碩	二 3-4 公館 無可用教室	病毒學概論						0		選				50		2		
	SU43						10	0.20		生科系（學）		BIC9065			0		3.0				115	半			Introduction to Biomaterials			2424			0	N		是	9					0			陳怡辰	大碩	三 6-8 公館 無可用教室	生醫材料概論						0		選				50		2		
	SU43						10	0.20		生科系（學）		BIC9069			1		3.0				115	半			Natural Carbon Sink Analysis </br>[ Program: The Specialization Program of Ecological Conservation ]			2425			0	N			9					0			王經文	大碩	一 2-4 公館 無可用教室	自然碳匯分析 </br>[ 學分學程：生態保育專業學分學程 ]						0		選				50		2		ZU6N
	SU43						10	0.20		生科系（學）		BIC9076			0		1.0				115	半			Laboratory in Curriculum Design for Scientific Inquiry and Practices			2426			0	N			9		◎必須先修過【BIU0168  普通生物學甲（一）】、【BIU0172  普通生物學實驗甲（一）】、【BIC9045  生物探究與實作】◎必須先修過(也可以同時修)【BIU0169  普通生物學甲（二）】、【BIU0173  普通生物學實驗甲（二）】其中一門			0			廖培鈞 鄭嘉惠	大碩	二 A-B 公館 Ｄ201	自然科學探究與實作課程設計實驗						0		選				50	實驗室進行之課程，實驗設備有限，限30人。	2		
	SU43						10	0.40		生科系（學）		BIU0008			0		3.0				115	半			Organic Chemistry </br>[ Program: The Specialization Program of Biochemical Sciences ]			2427			0	N								0			未定		五 7-9 公館 無可用教室	有機化學 </br>[ 學分學程：生物化學領域專業學分學程 ]	一			1		0		選				50		2		ZU7L
	SU43						10	0.20		生科系（學）		BIU0009			0		1.0				115	半			Organic Chemistry Laboratory			2428			0	N								0			葉怡均		五 2-4 公館 無可用教室	有機化學實驗	一			1		0		選				50	為實驗課程實驗設備有限，限30人，使用化學系實驗室D409。	2		
	SU43						10	0.17		生科系（學）		BIU0169			1		3.0				115	半			General Biology A (II) </br>[ Program: The Specialization Program of Basic Medicine The Specialization Program of Ecological Conservation ]			2429			0	N			1					0			孫智雯 郭奇芊 李明忠	甲	三 7-9 公館 無可用教室	普通生物學甲（二） </br>[ 學分學程：基礎醫學專業學分學程 生態保育專業學分學程 ]	一			1		0		必				60	請與另一班普生甲(二)四2-4安排相同教室上課。	2		ZU6L/ZU6L/ZU6N/ZU6N
	SU43						10	0.20		生科系（學）		BIU0173			0		1.0				115	半			General Biology Laboratory A (II)			2430			0	N			1					0			李明忠	甲	二 2-4 公館 Ｄ205	普通生物學實驗甲（二）	一			1		0		必				50	為實驗課程實驗設備有限，限30人。	2		
	SU43						10	0.17		生科系（學）		BIU0169			1		3.0				115	半			General Biology A (II) </br>[ Program: The Specialization Program of Basic Medicine The Specialization Program of Ecological Conservation ]			2431			0	N			2					0			孫智雯 郭奇芊 李明忠	乙	四 2-4 公館 無可用教室	普通生物學甲（二） </br>[ 學分學程：基礎醫學專業學分學程 生態保育專業學分學程 ]	一			1		0		必				60	請與另一班普生甲(二)三7-9安排相同教室上課。	2		ZU6L/ZU6L/ZU6N/ZU6N
	SU43						10	0.20		生科系（學）		BIU0173			0		1.0				115	半			General Biology Laboratory A (II)			2432			0	N			2					0			李明忠	乙	二 7-9 公館 Ｄ205	普通生物學實驗甲（二）	一			1		0		必				50	為實驗課程實驗設備有限，限30人。	2		
	SU43						10	0.17		生科系（學）		BIU0023			1		3.0				115	半			Vertebrate Zoology </br>[ Program: The Inter-disciplinary Program of the Eco-sustainable Industry ]			2433			0	N								0			林思民		一 6-8 公館 無可用教室	脊椎動物學 </br>[ 學分學程：生態永續產業學分學程 ]	二			2		0		選				60		2		ZU35
	SU43						10	0.20		生科系（學）		BIU0024			0		1.0				115	半			Vertebrate Zoology Laboratory </br>[ Program: The Inter-disciplinary Program of the Eco-sustainable Industry ]			2434			0	N								0			林思民		五 6-8 公館 Ｄ203	脊椎動物學實驗 </br>[ 學分學程：生態永續產業學分學程 ]	二			2		0		選				50	為實驗課程實驗設備有限，限30人。	2		ZU35
	SU43						10	0.40		生科系（學）		BIU0031			1		3.0				115	半			Microbiology			2435			0	N								0			賴韻如 李冠群		四 2-4 公館 無可用教室	微生物學	二			2		0		選				50		2		
	SU43						10	0.20		生科系（學）		BIU0038			1		1.0				115	半			Entomology Laboratory </br>[ Program: The Inter-disciplinary Program of the Eco-sustainable Industry ]			2436			0	N								0			徐堉峰		一 2-4 公館 Ｄ201	昆蟲學實驗 </br>[ 學分學程：生態永續產業學分學程 ]	二			2		0		選				50	為實驗課程實驗設備有限，限30人。	2		ZU35
	SU43						10	0.17		生科系（學）		BIU0182			1		3.0				115	半			Ichthyology </br>[ Program: The Inter-disciplinary Program of the Eco-sustainable Industry ]			2437			0	N								0			林豊益		一 2-4 公館 無可用教室	魚類學 </br>[ 學分學程：生態永續產業學分學程 ]	二			2		0		選				60		2		ZU35
	SU43						10	0.20		生科系（學）		BIU0186			0		2.0				115	半			Introduction to Research on Cellular and Molecular Biology </br>[ Program: The Specialization Program of Molecular and Cell Biology ]			2438			0	N								0			陳晶		四 6-7 公館 Ｓ301	細胞與分子生物學研究概論 </br>[ 學分學程：分子與細胞生物學專業學分學程 ]	二			2		0		選				50		2		ZU6M
	SU43						10	0.20		生科系（學）		BIU0187			0		2.0				115	半			Introduction to Research on Physiology			2439			0	N								0			陳冬生 吳忠信 鄭劍廷 林豊益 陳均 李明忠 呂國棟		四 3-4 公館 Ｓ301	生理學研究概論	二			2		0		選				50		2		
	SU43						10	0.17		生科系（學）		BIU0143			0		4.0				115	半			Biochemistry </br>[ Program: The Specialization Program of Basic Medicine The Specialization Program of Molecular and Cell Biology ]			2440			0	N			1		◎必須先修過【BIU0008  有機化學】、【CMU0178  普通化學乙】、【NSU0004  有機化學】其中一門			0			蘇銘燦 李冠群	甲	二 6-9 公館 無可用教室	生物化學 </br>[ 學分學程：基礎醫學專業學分學程 分子與細胞生物學專業學分學程 ]	二			2		0		必				60		2		ZU6L/ZU6M
	SU43						10	0.20		生科系（學）		BIU0144			0		2.0				115	半			Biochemistry Laboratory			2441			0	N			1		◎必須先修過【BIU0008  有機化學】、【CMU0178  普通化學乙】、【NSU0004  有機化學】其中一門			0			蘇銘燦 李冠群	甲	一 6-9 公館 Ｄ313	生物化學實驗	二			2		0		必				50	為實驗課程實驗設備有限，限30人。	2		
	SU43						10	0.20		生科系（學）		BIU0037			2		2.0				115	半			Entomology </br>[ Program: The Inter-disciplinary Program of the Eco-sustainable Industry ]			2442			0	N			2					0			徐堉峰	乙	四 3-4 公館 Ｓ302	昆蟲學 </br>[ 學分學程：生態永續產業學分學程 ]	二			2		0		選				50		2		ZU35
	SU43						10	0.17		生科系（學）		BIU0044			0		3.0				115	半			Genetics </br>[ Program: The Specialization Program of Molecular and Cell Biology ]			2443			0	N			2		◎必須先修過【BIU0168  普通生物學甲（一）】、【BIU0170  普通生物學乙】其中一門			0			蘇銘燦 廖培鈞 陳怡辰	乙	二 2-4 公館 無可用教室	遺傳學 </br>[ 學分學程：分子與細胞生物學專業學分學程 ]	二			2		0		必				60		2		ZU6M
	SU43						10	0.20		生科系（學）		BIU0016			0		2.0				115	半			Animal Physiology Laboratory			2444			0	N								0			李明忠		四 6-9 公館 Ｄ203	動物生理學實驗	三			3		0		選				50	為實驗課程實驗設備有限，限30人。	2		
	SU43						10	0.20		生科系（學）		BIU0021			10		3.0				115	半			Taxonomy of Seed-Plants </br>[ Program: The Inter-disciplinary Program of the Eco-sustainable Industry ]			2445			0	N								0			趙怡姍		四 2-4 公館 無可用教室	種子植物分類學 </br>[ 學分學程：生態永續產業學分學程 ]	三			3		0		選				50		2		ZU35
	SU43						10	0.20		生科系（學）		BIU0022			4		1.0				115	半			Taxonomy of Seed Plants Laboratory </br>[ Program: The Inter-disciplinary Program of the Eco-sustainable Industry ]			2446			0	N								0			趙怡姍		四 6-8 公館 Ｄ201	種子植物分類學實驗 </br>[ 學分學程：生態永續產業學分學程 ]	三			3		0		選				50	為實驗課程實驗設備有限，限30人。	2		ZU35
	SU43						10	0.17		生科系（學）		BIU0086			1		3.0				115	半			Evolution			2447			0	N					◎必須先修過【BIU0044  遺傳學】			0			林仲平		二 2-4 公館 無可用教室	演化論	三			3		0		選				60		2		
	SU43						10	0.20		生科系（學）		BIU0013			0		3.0				115	半			Plant Physiology			2448			0	N			1		◎必須先修過【BIU0168  普通生物學甲（一）】、【BIU0169  普通生物學甲（二）】◎必須先修過(也可以同時修)【BIU0143  生物化學】			0			孫智雯 陳晶	甲	二 7-9 公館 Ｓ301	植物生理學	三			3		0		選				50		2		
	SU43						10	0.20		生科系（學）		BIU0025			0		3.0				115	半			Cell Biology </br>[ Program: The Specialization Program of Molecular and Cell Biology ]			2449			0	N			1		◎必須先修過【BIU0168  普通生物學甲（一）】、【BIU0143  生物化學】			0			蘇銘燦 孫智雯 陳均	甲	三 7-9 公館 Ｓ301	細胞生物學 </br>[ 學分學程：分子與細胞生物學專業學分學程 ]	三			3		0		選				50		2		ZU6M
	SU43						10	0.20		生科系（學）		BIU0177			0		2.0				115	半			Research on Special Topics			2450			0	N			1		◎必須先修過(也可以同時修)【BIU0186  細胞與分子生物學研究概論】、【BIU0187  生理學研究概論】、【BIU0175  生態與演化研究概論】其中一門			0			徐堉峰 李壽先 鄭劍廷 林登秋 李明忠 陳冬生 陳均	甲	六 1-2 公館 教室自排	專題研究	三			3		0		選				50	各指導教授實驗室	2		
	SU43						10	0.17		生科系（學）		BIU0015			0		3.0				115	半			Animal Physiology			2451			0	N			2		◎必須先修過【BIU0168  普通生物學甲（一）】、【BIU0169  普通生物學甲（二）】			0			呂國棟 林豊益 陳均	乙	二 7-9 公館 Ｓ302	動物生理學	三			3		0		選				60		2		
	SU43						10	0.20		生科系（學）		BIU0145			0		3.0				115	半			Molecular Biology </br>[ Program: The Specialization Program of Molecular and Cell Biology ]			2452			0	N			2		◎必須先修過【BIU0168  普通生物學甲（一）】、【BIU0170  普通生物學乙】其中一門			0			蘇銘燦 林炎壽 王麗婷	乙	三 7-9 公館 Ｓ302	分子生物學 </br>[ 學分學程：分子與細胞生物學專業學分學程 ]	三			3		0		選				50		2		ZU6M
	SU43						10	0.20		生科系（學）		BIU0177			0		2.0				115	半			Research on Special Topics			2453			0	N			2		◎必須先修過(也可以同時修)【BIU0186  細胞與分子生物學研究概論】、【BIU0187  生理學研究概論】、【BIU0175  生態與演化研究概論】其中一門			0			呂國棟 孫智雯 謝秀梅 林豊益 賴韻如 王麗婷 陳怡辰	乙	六 1-2 公館 教室自排	專題研究	三			3		0		選				50	各指導教授實驗室	2		
	SU43						10	0.20		生科系（學）		BIU0178			0		2.0				115	半			Seminar			2454			0	N		是	2					0			林炎壽	乙	一 6-7 公館 無可用教室	書報討論	三			3		0		選				50		2		
	SU43						10	0.40		生科系（學）		BIU0148			1		3.0				115	半			Immunology			2455			0	N								0			王麗婷		四 7-9 公館 無可用教室	免疫學	四			4		0		選				50		2		
	SU43						10	0.20		生科系（學）		BIUE210			0		2.0				115	半			Teaching Practicum: Biology(II)			2456			0	N			1		◎限 二階生 教育學程生 不佔名額生（已修畢教程） 不佔名額生 登記修習生 可修◎必須先修過【BIUE110  生物教學實習（一）（教）】			0			廖培鈞 鄭嘉惠	甲	一 1-4 公館 教室自排	生物教學實習（二）（教）	四			4		0		選				50	使用科教所SE204教室	2		
	SU43						10	0.20		生科系（學）		BIUE210			0		2.0				115	半			Teaching Practicum: Biology(II)			2457			0	N			2		◎限 二階生 教育學程生 不佔名額生（已修畢教程） 不佔名額生 登記修習生 可修◎必須先修過【BIUE110  生物教學實習（一）（教）】			0			李冠群 趙怡姍	乙	一 1-4 公館 教室自排	生物教學實習（二）（教）	四			4		0		選				50	使用科教所SE101教室	2		
	SU44						10	0.20		地科系（學）		ESU0095			10		3.0				115	半			The Solar System </br>[ Program: The Inter-disciplinary Program of  Astronomy and Gravitation The Inter-disciplinary Program of Solar Energy Engineering ]			2458			0	N					◎限大二大三大四修習			0			曾瑋玲		五 2-4 公館 Ｓ404	太陽系 </br>[ 學分學程：天文與重力學分學程 太陽能源與工程學分學程 ]						0		選				50		2		ZU61/ZU68
	SU44						10	0.20		地科系（學）		ESC0022			8		3.0				115	半			Radio Astronomy			2459			0	N			9		◎限大四 ◎限碩一碩二碩三以上修習			0			管一政	大碩	四 7-9 公館 教室自排	電波天文學						0		選				50	教室:B413	2		
	SU44						10	0.20		地科系（學）		ESC0237			0		3.0				115	半			Paleomagnetism			2460			0	N			9		◎限大三大四 ◎限碩一碩二碩三以上修習			0			未定	大碩	四 6-8 公館 教室自排	古地磁學						0		選				50	授課教師:黃尹聖老師；教室:C401。	2		
	SU44						10	0.20		地科系（學）		ESC9003			10		3.0				115	半			Earthquakes of the Week </br>[ Program: The Inter-disciplinary Program of Environmental Monitoring and Disaster Mitigation ]			2461			0	N		是	9		◎限大三大四 ◎限碩一碩二碩三以上修習			0			陳卉瑄	大碩	四 6-8 公館 Ｓ407	全球強震特論 </br>[ 學分學程：環境監測與防災學分學程 ]						0		選				50		2		ZU89
	SU44						0	0.00		地科系（學）		ESC9004			1		3.0				115	半			Petrology (including Lab.) </br>[ Program: The Inter-disciplinary Program of Environmental Monitoring and Disaster Mitigation ]			2462			0	N			9		◎限大二大三大四 ◎限碩一碩二碩三以上修習			0			賴昱銘	大碩	五 2-4 公館 無可用教室	岩石學（含實習） </br>[ 學分學程：環境監測與防災學分學程 ]						0		選				50	教室:校排+C401。  考量野外考察需求，以一輛遊覽車40人為限；限修38人、聯盟各1人。	2		ZU89
	SU44						10	0.20		地科系（學）		ESC9014			5		3.0				115	半			Economic Geology			2463			0	N		是	9		◎限大三大四 ◎限碩一碩二碩三以上修習			0			謝奈特	大碩	三 7-9 公館 教室自排	經濟地質學						0		選				50	教室:C403；即將更改課名為關鍵礦產 Critical Minerals(EMI)	2		
	SU44						10	0.20		地科系（學）		ESC9030			3		3.0				115	半			Geology of Taiwan			2464			0	N			9		◎限大三大四 ◎限碩一碩二碩三以上修習			0			葉恩肇 賴昱銘	大碩	五 6-8 公館 教室自排	臺灣地質						0		選				50	教室:C401	2		
	SU44						4	0.08		地科系（學）		ESC9031			1		3.0				115	半			Earth System and Comparative Planetology			2465			0	N			9		◎限大三大四 ◎限碩一碩二碩三以上修習			0			陳卉瑄 黃婉如 曾瑋玲 鄭志文 未定	大碩	三 7-9 公館 無可用教室	地球系統與行星比較科學						0		選				50	教師:林佩瑩老師。    教室:S506 PBL教室；因有小組實作，需要有ＰＢＬ教室，受限於教室容量36人，故調整限修人數為30人、授權4人、聯盟各1人。	2		
	SU44						10	0.20		地科系（學）		ESC9034			2		3.0				115	半			Volcanology and Volcanic Hazards (Including Lab.)			2466			0	N			9		◎限大三大四 ◎限碩一碩二碩三以上修習			0			賴昱銘	大碩	二 2-4 公館 無可用教室	火山學與火山災害（含實習）						0		選				50	教室:校排+C401	2		
	SU44						10	0.20		地科系（學）		ESC9035			1		3.0				115	半			Scientific Field Expeditions of Earth Systems </br>[ Program: The Specialization Program of Field Observations and Laboratory Applications for Sustainable Earth System ]			2467			0	N			9		◎限大三大四 ◎限碩一碩二碩三以上修習			0			曾莉珊 葉恩肇 曾瑋玲 葉庭光	大碩	一 10-B 公館 教室自排	地球系統科學實地研究 </br>[ 學分學程：地球系統實地觀測應用與永續專業學分學程 ]						0		選				50	教室:C401	2		ZU8L
	SU44						10	0.20		地科系（學）		ESC9036			5		3.0				115	半			Principle of Geotechnical Engineering			2468			0	N			9		◎限大三大四 ◎限碩一碩二碩三以上修習			0			葉恩肇	大碩	一 2-4 公館 教室自排	大地工程學						0		選				50	教室:C401	2		
	SU44						10	0.20		地科系（學）		ESC9040			0		3.0				115	半			Regional Geology			2469			0	N			9		◎限大三大四 ◎限碩一碩二碩三以上修習			0			葉恩肇 賴昱銘	大碩	五 10-B 公館 教室自排	區域地質學						0		選				50	教室:C401	2		
	SU44						20	0.40		地科系（學）		ESC9041			5		3.0				115	半			Geophysical Planetary Exploration			2470			0	N			9		◎限大三大四 ◎限碩一碩二碩三以上修習			0			未定	大碩	一 7-9 公館 Ｓ407	行星地球物理探勘						0		選				50	教師:林佩瑩老師	2		
	SU44						10	0.20		地科系（學）		ESC9042			2		3.0				115	半			Satellite Data Analysis Techniques Applied to Oceanography </br>[ Program: The Inter-disciplinary Program of Environmental Monitoring and Disaster Mitigation ]			2471			0	N			9		◎限大三大四 ◎限碩一碩二碩三以上修習			0			鄭志文	大碩	四 7-9 公館 無可用教室	海洋衛星資料分析 </br>[ 學分學程：環境監測與防災學分學程 ]						0		選				50	教室:理圖電腦教室 Matlab	2		ZU89
	SU44						10	0.20		地科系（學）		ESC9044			5		2.0				115	半			Earth Science Aspects of Renewable Energy			2472			0	N			9		◎限大三大四 ◎限碩一碩二碩三以上修習			0			黃鐘	大碩	三 A-B 公館 Ｓ404	地質科學於再生能源上的應用						0		選				50	授課教師:黃鐘老師。	2		
	SU44						10	0.20		地科系（學）		ESC9046			0		3.0				115	半			Planetary Seismology			2473			0	N		是	9		◎限大三大四 ◎限碩一碩二碩三以上修習			0			未定	大碩	二 2-4 公館 Ｓ407	行星地震學						0		選				50	預計115-2更改為EMI課程；教師:林佩瑩老師。	2		
	SU44						10	0.20		地科系（學）		ESC9048			3		2.0				115	半			Inquiry and Practical Work in Science			2474			0	N			9		◎限大三大四 ◎限碩一碩二碩三以上修習			0			葉庭光	大碩	五 3-4 公館 無可用教室	自然科學探究與實作						0		選				50	教室S601優先	2		
	SU44						10	0.20		地科系（學）		ESC9049			5		3.0				115	半			Star Formation			2475			0	N			9		◎限大三大四 ◎限碩一碩二碩三以上修習			0			未定	大碩	一 2-4 公館 教室自排	恆星形成						0		選				50	授課教師:許世穎老師；教室:B413。	2		
	SU44						10	0.20		地科系（學）		ESC9051			2		3.0				115	半			Introductory Marine Biology </br>[ Program: The Inter-disciplinary Program of the Eco-sustainable Industry The Specialization Program of Field Observations and Laboratory Applications for Sustainable Earth System ]			2476			0	N		是	9		◎限大三大四 ◎限碩一碩二碩三以上修習			0			葉孟宛	大碩	四 2-4 公館 教室自排	海洋生物概論 </br>[ 學分學程：生態永續產業學分學程 地球系統實地觀測應用與永續專業學分學程 ]						0		選				50	教室:C403；  為與日本關西學院大學合開之國際實體課程，必須部分[自費]執行為期一週的野外珊瑚礁生態考察。    考量野外考察需求，限修人數:25人、授權10人、聯盟各2人。	2		ZU35/ZU8L
	SU44						10	0.20		地科系（學）		ESC9056			3		3.0				115	半			Computer Application in Earth Sciences			2477			0	N			9		◎限大三大四 ◎限碩一碩二碩三以上修習			0			曾莉珊	大碩	一 2-4 公館 無可用教室	電腦在地球科學上之應用						0		選				50	教室:理圖電腦教室	2		
	SU44						5	0.10		地科系（學）		ESC9059			2		3.0				115	半			Resources and Sustainable Development			2478			0	N			9		◎限大三大四 ◎限碩一碩二碩三以上修習			0			葉孟宛	大碩	一 2-4 公館 教室自排	資源與永續發展						0		選				50	教室:C403；    野外考察需控制人數於一台遊覽(含助教1名)，限修人數:30人、授權5人、聯盟各2人。	2		
	SU44						10	0.20		地科系（學）		ESU0170			0		2.0				115	半			Earthquake Observation and Disaster </br>[ Program: The Specialization Program of Field Observations and Laboratory Applications for Sustainable Earth System ]			2479			0	N								0			陳卉瑄		二 8-9 公館 Ｓ404	地震觀測與災害 </br>[ 學分學程：地球系統實地觀測應用與永續專業學分學程 ]	一			1		0		選				50		2		ZU8L
	SU44						20	0.40		地科系（學）		ESU0178			8		3.0				115	半			Astronomy (including Lab.) </br>[ Program: The Inter-disciplinary Program of  Astronomy and Gravitation The Inter-disciplinary Program of Solar Energy Engineering ]			2480			0	N					◎限本系(含雙主修)、輔系修習			0			管一政		五 7-9 公館 無可用教室	天文學（含實習） </br>[ 學分學程：天文與重力學分學程 太陽能源與工程學分學程 ]	一			1		0		必				50		2		ZU61/ZU68
	SU44						10	0.20		地科系（學）		ESU0179			0		3.0				115	半			General Meteorology (including Lab.) </br>[ Program: The Inter-disciplinary Program of Solar Energy Engineering The Specialization Program of Weather and Climate Science ]			2481			0	N					◎限本系(含雙主修)、輔系修習			0			曾莉珊		二 2-4 公館 無可用教室	大氣科學概論（含實習） </br>[ 學分學程：太陽能源與工程學分學程 天氣與氣候科學專業學分學程 ]	一			1		0		必				50		2		ZU68/ZU8M
	SU44						10	0.20		地科系（學）		ESU0187			5		3.0				115	半			Introduction to Oceanography (including Lab.)			2482			0	N					◎限本系(含雙主修)、輔系修習			0			吳朝榮 未定		五 2-4 公館 無可用教室	海洋學概論（含實習）	一			1		0		必				50	未定教師:葉庭光老師；教室:請盡量安排在S棟。	2		
	SU44						10	0.20		地科系（學）		ESU0218			0		4.0				115	半			Introduction to Earth Science A (including Lab.)			2483			0	N					◎限化學系（學）選修			0			曾莉珊 陳卉瑄 橋本康弘 鄭志文		一 6-7 公館 無可用教室, 五 3-4 公館 無可用教室	地球科學概論甲（含實習）	一			1		0		選				50	教室:S404+C401	2		
	SU44						10	0.20		地科系（學）		ESU0223			10		3.0				115	半			Planet and Earth Systems Scientific Research Writing Program (II)			2484			0	N					◎限大二大三大四修習			0			曾莉珊 陳卉瑄 賴昱銘 李悅寧 葉孟宛		四 10-B 公館 教室自排	行星與地球系統科學論文寫作課程（二）	二			2		0		選				50	教室:C403	2		
	SU44						3	0.06		地科系（學）		ESU0189			1		3.0				115	半			Paleontology (including Lab.)			2485			0	N					◎限大三大四修習			0			米泓生		四 7-9 公館 無可用教室	古生物學（含實習）	三			3		0		選				50	考量野外考察需求，以一輛遊覽車40人為限。限修:35人、授權3人、聯盟:各1人。    教室以S201~204優先+C403(實習室)。	2		
	SU44						10	0.20		地科系（學）		ESUE210			0		2.0				115	半			Teaching Practicum: Earth Sciences(II)			2486			0	N					◎限本系(含雙主修)修習◎限大四修習     ◎限 二階生 教育學程生 不佔名額生 登記修習生 可修			0			楊芳瑩 許瑛玿		一 1-4 公館 教室自排	地球科學教學實習（二）（教）	四			4		0		選				50	教室:SE102	2		
	SU47						10	0.17		資工系（學）		CSU0002			0		3.0				115	半			Computer Programming (II) </br>[ Program: The Inter-disciplinary Program of Computer Music and Audio Technology The Specialization Program of Artificial Intelligence The Inter-disciplinary Program of Application of Information Technology The Inter-disciplinary Program of Technology and Application of Artificial Intelligence The Inter-disciplinary Program of Geospatial Information Science ]	B		2487			0	N					◎必須先修過【CSU0001  程式設計（一）】			0			張鈞法		二 2-4 公館 無可用教室	程式設計（二） </br>[ 學分學程：電腦音樂與音訊技術學分學程 人工智慧技術專業學分學程 資訊科技應用學分學程 人工智慧技術與應用學分學程 空間資訊學分學程 ]						0		必				60		2		ZU60/ZU6X/ZU77/ZU78/ZU9B
	SU47						10	0.20		資工系（學）		CSU0018			0		3.0				115	半			Computer Algorithms	B		2488			0	N					◎必須先修過【CSU0001  程式設計（一）】			0			吳志強		一 7-9 公館 應科大樓B1多功能教室	演算法						0		必				50		2		
	SU47						6	0.12		資工系（學）		CSU0026			0		3.0				115	半			Mathematical Statistics </br>[ Program: The Specialization Program of Data Science ]			2489			0	N		是						0			陳翔瀚		三 7-9 公館 無可用教室	數理統計 </br>[ 學分學程：資料科學專業學分學程 ]						0		選				50		2		ZU6U
	SU47						10	0.40		資工系（學）		CSU0030			0		3.0				115	半			The Practice of Programming			2490			0	N								0			蔣宗哲		四 2-4 公館 無可用教室	進階程式設計						0		選				50		2		
	SU47						10	0.20		資工系（學）		CSU0052			0		2.0				115	半			Technological System and Social Development			2491			0	N								0			紀博文		五 3-4 公館 Ｓ204	科技系統與社會發展						0		選				50		2		
	SU47						6	0.12		資工系（學）		CSUE310			0		2.0				115	半			Teaching Practicum: Computer Science and Information Technology			2492			0	N					◎限 二階生 教育學程生 不佔名額生 登記修習生 可修◎必須先修過【CSUE301  資訊科技教材教法（教）】			0			柯佳伶 紀博文		五 6-9 公館 無可用教室	資訊科技教學實習（教）						0		選				50		2		
	SU47						6	0.12		資工系（學）		CSC0004			1		3.0				115	半			Compiler Design </br>[ Program: The Specialization Program of Computer Systems and Security ]			2493			0	N			9					0			黃冠寰	大碩	四 2-4 公館 Ｓ204	編譯系統設計 </br>[ 學分學程：資訊系統與安全專業學分學程 ]						0		選				50		2		ZU6T
	SU47						6	0.12		資工系（學）		CSC0005			0		3.0				115	半			Object-Oriented Analysis and Design			2494			0	N			9					0			林均翰	大碩	一 2-4 公館 無可用教室	物件導向分析與設計						0		選				50		2		
	SU47						6	0.12		資工系（學）		CSC0010			0		3.0				115	半			Wireless Communications			2495			0	N		是	9					0			賀耀華	大碩	二 7-9 公館 Ｓ204	無線通訊						0		選				50		2		
	SU47						6	0.12		資工系（學）		CSC0011			1		3.0				115	半			Computer-Aided Design for VLSI Design			2496			0	N			9					0			黃文吉	大碩	五 7-9 公館 無可用教室	電腦輔助VLSI設計						0		選				50		2		
	SU47						6	0.12		資工系（學）		CSC0012			3		3.0				115	半			Speech Processing </br>[ Program: The Inter-disciplinary Program of Computer Music and Audio Technology The Specialization Program of Multimedia The Inter-disciplinary Program of Technology and Application of Artificial Intelligence ]			2497			0	N			9					0			陳柏琳	大碩	四 7-9 公館 Ｓ203	語音處理 </br>[ 學分學程：電腦音樂與音訊技術學分學程 多媒體技術專業學分學程 人工智慧技術與應用學分學程 ]						0		選				50		2		ZU60/ZU6W/ZU78
	SU47						6	0.12		資工系（學）		CSC9007			3		3.0				115	半			Information Security: A Hands-On Approach			2498			0	N			9					0			紀博文	大碩	一 2-4 公館 應科大樓B1多功能教室	資安攻防演練						0		選				50		2		
	SU47						6	0.12		資工系（學）		CSC9010			1		3.0				115	半			Applied Cryptography </br>[ Program: The Specialization Program of Computer Systems and Security ]			2499			0	N			9					0			官振傑	大碩	一 7-9 公館 Ｓ204	應用密碼學 </br>[ 學分學程：資訊系統與安全專業學分學程 ]						0		選				50		2		ZU6T
	SU47						6	0.12		資工系（學）		CSC9012			0		3.0				115	半			Information Security Analysis and Risk Management			2500			0	N			9					0			陳俊祥	大碩	五 7-9 公館 Ｓ203	資安分析及風險管理						0		選				50		2		
	SU47						6	0.10		資工系（學）		CSC9016			1		3.0				115	半			Artificial Intelligence </br>[ Program: The Specialization Program of Data Science The Specialization Program of Artificial Intelligence ]			2501			0	N			9					0			陳翔瀚	大碩	二 2-4 公館 無可用教室	人工智慧 </br>[ 學分學程：資料科學專業學分學程 人工智慧技術專業學分學程 ]						0		選				60		2		ZU6U/ZU6X
	SU47						6	0.11		資工系（學）		CSU0002			0		3.0				115	半			Computer Programming (II) </br>[ Program: The Inter-disciplinary Program of Computer Music and Audio Technology The Specialization Program of Artificial Intelligence The Inter-disciplinary Program of Application of Information Technology The Inter-disciplinary Program of Technology and Application of Artificial Intelligence The Inter-disciplinary Program of Geospatial Information Science ]	A		2502			0	N					◎限大一修習◎必須先修過【CSU0001  程式設計（一）】			0			蔣宗哲		一 7 公館 無可用教室, 三 8-9 公館 無可用教室	程式設計（二） </br>[ 學分學程：電腦音樂與音訊技術學分學程 人工智慧技術專業學分學程 資訊科技應用學分學程 人工智慧技術與應用學分學程 空間資訊學分學程 ]	一			1		0		必				55		2		ZU60/ZU6X/ZU77/ZU78/ZU9B
	SU47						6	0.07		資工系（學）		CSU0011			0		3.0				115	半			Discrete Mathematics			2503			0	N								0			王弘倫		一 8 公館 無可用教室, 五 3-4 公館 無可用教室	離散數學	一			1		0		選				90		2		
	SU47						6	0.12		資工系（學）		CSU0018			0		3.0				115	半			Computer Algorithms	A		2504			0	N					◎限大二修習◎必須先修過【CSU0001  程式設計（一）】			0			官振傑		二 3-4 公館 無可用教室, 四 2 公館 無可用教室	演算法	二			2		0		必				50		2		
	SU47						6	0.09		資工系（學）		CSU0019			1		3.0				115	半			Computer Networks </br>[ Program: The Specialization Program of Cloud Computing ]			2505			0	N								0			蔡榮宗		二 7-8 公館 無可用教室, 四 6 公館 無可用教室	計算機網路 </br>[ 學分學程：雲端運算專業學分學程 ]	二			2		0		選				70		2		ZU6V
	SU47						6	0.12		資工系（學）		CSU0020			1		3.0				115	半			Programming Language Constructs			2506			0	N								0			黃冠寰		五 2-4 公館 無可用教室	程式語言結構	二			2		0		選				50		2		
	SU47						6	0.12		資工系（學）		CSU0029			0		3.0				115	半			Computer Architectures			2507			0	N					◎限大二修習			0			林均翰		二 2 公館 無可用教室, 四 3-4 公館 無可用教室	計算機結構	二			2		0		必				50		2		
	SU47						6	0.12		資工系（學）		CSU0021			1		3.0				115	半			Computer Graphics </br>[ Program: The Specialization Program of Multimedia ]			2508			0	N		是						0			王科植		四 8-10 公館 無可用教室	計算機圖學 </br>[ 學分學程：多媒體技術專業學分學程 ]	三			3		0		選				50		2		ZU6W
	SU47						6	0.12		資工系（學）		CSU0031			1		3.0				115	半			Automata Theory and Formal Languages			2509			0	N								0			王弘倫		二 6-8 公館 無可用教室	自動機理論與正規語言	三			3		0		選				50		2		
	SU47						6	0.12		資工系（學）		CSU0033			3		3.0				115	半			Operating Systems </br>[ Program: The Specialization Program of Computer Systems and Security The Specialization Program of Cloud Computing ]			2510			0	N		是						0			王超		一 7-9 公館 無可用教室	作業系統 </br>[ 學分學程：資訊系統與安全專業學分學程 雲端運算專業學分學程 ]	三			3		0		選				50		2		ZU6T/ZU6V
	SU47						6	0.10		資工系（學）		CSU0034			1		3.0				115	半			Database Theories </br>[ Program: The Specialization Program of Data Science The Inter-disciplinary Program of Geospatial Information Science ]			2511			0	N								0			柯佳伶		一 2-4 公館 無可用教室	資料庫理論 </br>[ 學分學程：資料科學專業學分學程 空間資訊學分學程 ]	三			3		0		選				60		2		ZU6U/ZU9B
	SU47						6	0.12		資工系（學）		CSU0039			0		3.0				115	半			Special Topics on Computer Science (II) : Information Theories </br>[ Program: The Inter-disciplinary Program of Technology and Application of Artificial Intelligence ]			2512			0	N					◎必須先修過【CSU0013  資料結構】			0			未定		五 10-B 公館 教室自排	資訊專題研究（二）：資訊理論 </br>[ 學分學程：人工智慧技術與應用學分學程 ]	三			3		0		選				50		2		ZU78
	SU47						6	0.12		資工系（學）		CSU0040			0		3.0				115	半			Special Topics on Computer Science (II) : Information Systems			2513			0	N					◎必須先修過【CSU0013  資料結構】			0			未定		五 10-B 公館 教室自排	資訊專題研究（二）：資訊系統	三			3		0		選				50		2		
	SU47						6	0.12		資工系（學）		CSU0041			1		3.0				115	半			Image Processing </br>[ Program: The Specialization Program of Multimedia The Inter-disciplinary Program of Technology and Application of Artificial Intelligence ]			2514			0	N								0			吳志強		三 7-9 公館 應科大樓B1多功能教室	影像處理 </br>[ 學分學程：多媒體技術專業學分學程 人工智慧技術與應用學分學程 ]	三			3		0		選				50		2		ZU6W/ZU78
	SU51						10	0.20		營養學位學程（學）		NSC9002			10		2.0				115	半			Molecular Nutrition			2515			0	1		是	9					0			蘇純立	大碩	一 2 和平 無可用教室, 五 2 和平 無可用教室	分子營養學						0		選				50	◎數位課程	2		
	SU51						10	0.20		營養學位學程（學）		NSC9006			5		3.0				115	半			Studies in Exercise Nutrition			2516			0	N		是	9					0			阮氏金銀	大碩	四 6-8 公館 Ｓ406	運動營養研究						0		選				50		2		
	SU51						10	0.20		營養學位學程（學）		NSC9007			5		3.0				115	半			Advanced Statistical Data Analysis			2517			0	N		是	9					0			阮氏金銀	大碩	二 2-4 公館 Ｓ406	進階統計資料分析						0		選				50		2		
	SU51						10	0.20		營養學位學程（學）		NSU0004			4		3.0				115	半			Organic Chemistry </br>[ Program: The Specialization Program of Biochemical Sciences ]			2518			0	N					◎限本系(含雙主修)修習			0			杜玲嫻		五 7-9 公館 無可用教室	有機化學 </br>[ 學分學程：生物化學領域專業學分學程 ]	一			1		0		必				50		2		ZU7L
	SU51						6	0.12		營養學位學程（學）		NSU0005			0		1.0				115	半			Organic Chemistry Laboratory			2519			0	N					◎限本系(含雙主修)修習			0			杜玲嫻		四 7-9 公館 教室自排	有機化學實驗	一			1		0		必				50		2		
	SU51						10	0.17		營養學位學程（學）		NSU0006			0		2.0				115	半			Nutritional Science (I) </br>[ Program: The Specialization Program of Basic Medical Nutrition The Specialization Program of Lifelong Healthy Diet and Nutrition Planning ]			2520			0	N								0			吳啟豪		四 3-4 公館 無可用教室	營養學（一） </br>[ 學分學程：基礎醫學營養專業學分學程 全齡健康膳食與營養規劃專業學分學程 ]	一			1		0		必				60	跨域課程須排70人以上教室	2		ZU6J/ZU6K
	SU51						10	0.20		營養學位學程（學）		NSU0010			0		2.0				115	半			Biochemistry Laboratory			2521			0	N					◎必須先修過【CMU0178  普通化學乙】◎必須先修過【NSU0004  有機化學】、【BIU0008  有機化學】其中一門			0			蘇銘燦 陳晶		五 6-9 公館 教室自排	生物化學實驗	二			2		0		必				50		2		
	SU51						5	0.10		營養學位學程（學）		NSU0011			0		2.0				115	半			Meal Planning </br>[ Program: The Specialization Program of Lifelong Healthy Diet and Nutrition Planning The Inter-disciplinary Program of Cultivating Seniors Service Talent in Community ]			2522			0	N					◎限本系(含雙主修)修習◎必須先修過【NSU0007  營養學（二）】、【NSU0008  營養學實驗】、【NSU0001  食物學】、【NSU0002  食物學實驗】			0			盧立卿		四 6-7 和平 無可用教室	膳食計畫 </br>[ 學分學程：全齡健康膳食與營養規劃專業學分學程 社區高齡者服務人才培力學分學程 ]	二			2		0		必				50	國語中心一般教室	2		ZU6K/ZU98
	SU51						5	0.10		營養學位學程（學）		NSU0012			0		1.0				115	半			Meal Planning Laboratory </br>[ Program: The Specialization Program of Lifelong Healthy Diet and Nutrition Planning ]			2523			0	N					◎限本系(含雙主修)修習◎必須先修過【NSU0007  營養學（二）】、【NSU0008  營養學實驗】、【NSU0001  食物學】、【NSU0002  食物學實驗】			0			盧立卿		四 8-10 和平 無可用教室	膳食計畫實驗 </br>[ 學分學程：全齡健康膳食與營養規劃專業學分學程 ]	二			2		0		必				50	國語中心一般教室  國語中心廚房	2		ZU6K
	SU51						10	0.20		營養學位學程（學）		NSU0013			0		3.0				115	半			Nutrition for Life Cycles </br>[ Program: The Specialization Program of Basic Medical Nutrition The Specialization Program of Lifelong Healthy Diet and Nutrition Planning ]			2524			0	N					◎限本系(含雙主修)修習◎必須先修過【NSU0007  營養學（二）】			0			洪永瀚		五 2-4 公館 Ｓ403	生命期營養 </br>[ 學分學程：基礎醫學營養專業學分學程 全齡健康膳食與營養規劃專業學分學程 ]	二			2		0		必				50		2		ZU6J/ZU6K
	SU51						10	0.20		營養學位學程（學）		NSU0033			0		3.0				115	半			Nutritional Biochemistry (I)			2525			0	N					◎限本系(含雙主修)修習◎必須先修過【NSU0007  營養學（二）】			0			吳啟豪		三 6-8 公館 Ｓ403	營養生化（一）	二			2		0		選				50		2		
	SU51						10	0.20		營養學位學程（學）		NSU0034			0		2.0				115	半			Food Processing			2526			0	N					◎限本系(含雙主修)修習◎必須先修過【NSU0001  食物學】			0			蔡帛蓉		一 6-7 公館 Ｓ406	食品加工	二			2		0		選				50		2		
	SU51						10	0.20		營養學位學程（學）		NSU0020			0		3.0				115	半			Therapeutic Nutrition (II)			2527			0	N					◎限本系(含雙主修)修習◎必須先修過【NSU0016  膳食療養（一）】			0			葉宛儒		一 6-8 公館 無可用教室	膳食療養（二）	三			3		0		必				50		2		
	SU51						10	0.20		營養學位學程（學）		NSU0021			0		1.0				115	半			Therapeutic Nutrition Laboratory (II)			2528			0	N					◎必須先修過【NSU0015  營養評估】、【NSU0017  膳食療養實驗（一）】◎必須先修過(也可以同時修)【NSU0020  膳食療養（二）】			0			葉宛儒		四 2-4 公館 Ｓ403	膳食療養實驗（二）	三			3		0		必				50		2		
	SU51						10	0.20		營養學位學程（學）		NSU0022			0		2.0				115	半			Seminar on Nutrition (I)			2529			0	N					◎限本系(含雙主修)修習◎必須先修過【NSU0016  膳食療養（一）】、【NSU0017  膳食療養實驗（一）】			0			盧立卿		二 6-7 公館 Ｓ403	營養專題討論（一）	三			3		0		必				50		2		
	SU51						10	0.20		營養學位學程（學）		NSU0039			0		3.0				115	半			Food Chemistry			2530			0	N					◎限本系(含雙主修)修習◎必須先修過【NSU0007  營養學（二）】、【NSU0002  食物學實驗】、【NSU0004  有機化學】			0			洪永瀚		四 7-9 公館 Ｓ403	食品化學	三			3		0		選				50		2		
	SU51						10	0.20		營養學位學程（學）		NSU0040			0		2.0				115	半			Fundamentals of Functional Foods			2531			0	N					◎限本系(含雙主修)修習			0			蔡帛蓉		一 3-4 公館 無可用教室	保健食品概論	三			3		0		選				50		2		
	SU51						10	0.20		營養學位學程（學）		NSU0042			0		3.0				115	半			Practical Training in Clinical Nutrition			2532			0	N					◎限本系(含雙主修)修習◎必須先修過【NSU0036  基礎營養實習】、【NSU0016  膳食療養（一）】、【NSU0020  膳食療養（二）】、【NSU0017  膳食療養實驗（一）】、【NSU0021  膳食療養實驗（二）】、【NSU0015  營養評估】			0			高雅群 吳啟豪 洪永瀚		六 1-6 公館 教室自排	臨床營養實習	四			4		0		選				50		2		
	SU51						10	0.20		營養學位學程（學）		NSU0043			0		1.0				115	半			Practical Training in Community Nutrition			2533			0	N					◎限本系(含雙主修)修習◎必須先修過【NSU0036  基礎營養實習】、【NSU0016  膳食療養（一）】、【NSU0020  膳食療養（二）】、【NSU0017  膳食療養實驗（一）】、【NSU0021  膳食療養實驗（二）】、【NSU0015  營養評估】			0			沈賜川		六 A-B 公館 教室自排	社區營養實習	四			4		0		選				50		2		
	SU51						10	0.20		營養學位學程（學）		NSU0044			0		2.0				115	半			Practical Training in Food Service Management			2534			0	N					◎限本系(含雙主修)修習◎必須先修過【NSU0036  基礎營養實習】、【NSU0011  膳食計畫】、【NSU0012  膳食計畫實驗】、【NSU0018  團體膳食管理】、【NSU0019  團體膳食管理實驗】			0			蘇純立 葉宛儒		六 7-10 公館 教室自排	膳食管理實習	四			4		0		選				50		2		
	T						1	0.02		藝術學院		T0C9012			1		2.0				115	半			Digital Art and AI: Fundamentals and Applications </br>[ Program: The Inter-disciplinary Program of AI Digital Art ]			2535			0	N			9		◎初選 AI與數位藝術學分學程 研究生得下修			0			黃心健	大碩	二 8-9 和平 無可用教室	AI與數位藝術基礎應用 </br>[ 學分學程：AI與數位藝術學分學程 ]						0		選				50		2		ZU63
	TD60						10	0.33		美術系（博）		ATD0009			0		2.0				115	半			Selected English Topics in Arts (II)			2536			0	N					◎限本系(含雙主修)修習 ◎課程不開放上修			0			蘇榕		四 7-8 和平 美203	藝術英文專題（二）						0		選				30		2		
	TD60						10	0.33		美術系（博）		ATD0014			0		3.0				115	半			Dissertation of Chinese Painting (I)			2537			0	N					◎限本系(含雙主修)修習 ◎課程不開放上修			0			孫翼華		三 2-4 和平 美501	水墨畫創作論述（一）						0		選				30		2		
	TD60						10	0.33		美術系（博）		ATD3040			0		3.0				115	半			Special Topics on Ink-and-Brush Painting (II)			2538			0	N					◎限本系(含雙主修)修習 ◎課程不開放上修			0			吳宥鋅		二 6-8 和平 美501	水墨畫創作專題研究（二）						0		選				30		2		
	TD68						3	0.10		設計系（博）		VDD0001			0		3.0				115	半			Special Topics on Design Industry (I)			2539			0	N					◎課程開放上修			0			未定		一 1-3 和平 教室自排	設計產業專題研究（一）						0		必				30		2		
	TD68						3	0.10		設計系（博）		VDD0008			0		3.0				115	半			Special Topics in Design Psychology			2540			0	N					◎課程開放上修			0			伊彬		二 10-B 和平 教室自排	設計心理學專論						0		選				30		2		
	TD68						3	0.10		設計系（博）		VDD0012			0		3.0				115	半			Special Topic for Writing up Dissertation of Design Research			2541			0	N					◎課程開放上修			0			梁桂嘉		一 6-8 和平 教室自排	設計研究論文撰寫專論						0		選				30		2		
	TM60						10	0.33		美術系（碩）		ATM0040			0		3.0				115	半			Studies in Modern Printmaking			2542			0	N					◎限本系(含雙主修)修習 ◎課程不開放上修			0			未定		五 8-10 和平 美201	現代版畫研究						0		選				30	授課老師:林福全	2		
	TM60						10	0.33		美術系（碩）		ATM0043			0		3.0				115	半			Free Topic on Greation of Painting (II)			2543			0	N					◎限本系(含雙主修)修習 ◎課程不開放上修			0			朱友意		四 2-4 和平 美504	自由主題繪畫創作（二）						0		選				30		2		
	TM60						10	0.33		美術系（碩）		ATM0050			0		3.0				115	半			Studies on Chinese Seal Carving			2544			0	N					◎限本系(含雙主修)修習 ◎課程不開放上修			0			林政榮		二 9-A 和平 美501	印學研究						0		選				30		2		
	TM60						10	0.33		美術系（碩）		ATM0052			0		3.0				115	半			Conservation Technology of Western and East Asian Paintings-Adhesives			2545			0	N					◎限本系(含雙主修)修習 ◎課程不開放上修			0			未定		四 6-8 和平 教室自排	繪畫修復實務演練－黏著劑						0		選				30	授課老師:潘怡伶     上課地點:文保中心	2		
	TM60						10	0.33		美術系（碩）		ATM0059			0		3.0				115	半			Development of Conservation Materials (II) </br>[ Program: The Inter-disciplinary Program of Conservation of Cultural Relics ]			2546			0	N					◎限本系(含雙主修)修習 ◎課程不開放上修			0			宋蕙伶 劉沂欣		五 2-4 和平 美506	材料學與應用（二） </br>[ 學分學程：文物保存修復學分學程 ]						0		選				30		2		ZU69
	TM60						10	0.33		美術系（碩）		ATM0061			0		3.0				115	半			Western Tempera Painting and Gold Leaf Techniques			2547			0	N					◎限本系(含雙主修)修習 ◎課程不開放上修			0			吳盈君		一 2-4 和平 美506	西方坦培拉繪畫與金箔技法						0		選				30		2		
	TM60						10	0.33		美術系（碩）		ATM0062			0		3.0				115	半			博物館修復研究			2548			0	N					◎限本系(含雙主修)修習 ◎課程不開放上修			0			吳盈君		二 2-4 和平 教室自排	博物館修復研究						0		選				30	上課地點:文保中心	2		
	TM60						10	0.33		美術系（碩）		ATM6119			0		3.0				115	半			Studies in Post-Literati Painting			2549			0	N					◎限本系(含雙主修)修習 ◎課程不開放上修			0			曾霆羽		四 6-8 和平 美501	後文人彩墨研究						0		選				30		2		
	TM60						10	0.33		美術系（碩）		ATM6144			0		3.0				115	半			Studies in Creation Theory and Methods of Chinese Ink- and- Brush Painting			2550			0	N					◎限本系(含雙主修)修習 ◎課程不開放上修			0			莊連東		二 2-4 和平 美501	水墨創作理論與方法研究						0		選				30		2		
	TM60						10	0.33		美術系（碩）		ATC0002			0		3.0				115	半			Visual Culture and Art Education			2551			0	N			8		◎限本系(含雙主修)修習 ◎課程不開放上修			0			未定	碩博	三 6-8 和平 美406	視覺文化與藝術教育						0		選				30	授課老師:余季音	2		
	TM60						10	0.33		美術系（碩）		ATC0016			0		3.0				115	半			Research in Assessment of Art Education			2552			0	N			8		◎限本系(含雙主修)修習 ◎課程不開放上修			0			未定	碩博	二 10-B 和平 美301	藝術教育評量研究						0		選				30	授課老師:傅斌輝	2		
	TM60						10	0.33		美術系（碩）		ATC0037			0		3.0				115	半			Studies in Mixed Technique in Painting			2553			0	N			8		◎限本系(含雙主修)修習 ◎課程不開放上修			0			未定	碩博	二 7-9 和平 美504	綜合媒材創作研究						0		選				30	授課老師:王瓊麗	2		
	TM60						10	0.33		美術系（碩）		ATC0113			2		3.0				115	半			Theory of Culture and Communication			2554			0	N			8		◎限本系(含雙主修)修習 ◎課程不開放上修			0			魏竹君	碩博	四 2-4 和平 美301	文化理論與溝通理論						0		選				30		2		
	TM60						10	0.33		美術系（碩）		ATC0116			1		3.0				115	半			Special Topics on History of Western Painting			2555			0	N			8		◎限本系(含雙主修)修習 ◎課程不開放上修			0			趙可卿	碩博	三 2-4 和平 美301	西洋繪畫史專題研究						0		選				30		2		
	TM60						10	0.33		美術系（碩）		ATC0218			0		3.0				115	半			Studies in Special Painting (II)			2556			0	N			8		◎限本系(含雙主修)修習 ◎課程不開放上修			0			黃進龍	碩博	二 2-4 和平 美504	繪畫創作研究（二）						0		選				30		2		
	TM60						10	0.33		美術系（碩）		ATC0220			0		3.0				115	半			Study on Chinese Landscape Painting			2557			0	N		是	8		◎限本系(含雙主修)修習 ◎課程不開放上修			0			管偉邦	碩博	三 2-4 和平 美406	山水創作研究						0		選				30		2		
	TM60						10	0.33		美術系（碩）		ATC0225			0		3.0				115	半			Studies in Special Painting (I)			2558			0	N			8		◎限本系(含雙主修)修習 ◎課程不開放上修			0			宋曉明	碩博	一 2-4 和平 美401	繪畫創作研究（一）						0		選				30		2		
	TM60						10	0.33		美術系（碩）		ATC0236			2		3.0				115	半			Special Topics on Nineteenth- Century European Painting			2559			0	N			8		◎限本系(含雙主修)修習 ◎課程不開放上修			0			未定	碩博	二 6-8 和平 美203	十九世紀歐洲繪畫專題研究						0		選				30	授課老師:楊永源	2		
	TM60						10	0.33		美術系（碩）		ATC0311			2		3.0				115	半			Special Topics on History of Modern Japanese Arts			2560			0	N			8		◎限本系(含雙主修)修習 ◎課程不開放上修			0			白適銘	碩博	二 A-C 和平 美203	日本近代美術史專題研究						0		選				30		2		
	TM60						10	0.33		美術系（碩）		ATC0314			0		3.0				115	半			Studies in History and Theory of Photography			2561			0	N			8		◎限本系(含雙主修)修習 ◎課程不開放上修			0			未定	碩博	五 8-10 和平 美406	攝影史與攝影理論研究						0		選				30	授課老師:邱誌勇	2		
	TM60						10	0.33		美術系（碩）		ATC0331			0		3.0				115	半			Research Methods and Methodologies for Art Education and Administration			2562			0	N			8		◎限本系(含雙主修)修習 ◎課程不開放上修			0			未定	碩博	四 6-8 和平 美405	藝術教育與行政研究方法						0		選				30	授課老師:邱發忠	2		
	TM60						10	0.33		美術系（碩）		ATC0348			0		3.0				115	半			Digital Image Technology			2563			0	N			8		◎限本系(含雙主修)修習 ◎課程不開放上修			0			未定	碩博	五 2-4 和平 美406	影像數位科技						0		選				30	授課老師:曾鈺涓	2		
	TM60						10	0.33		美術系（碩）		ATC3022			0		3.0				115	半			New Introduction to Modern Aesthetics			2564			0	N			8		◎限本系(含雙主修)修習 ◎課程不開放上修			0			未定	碩博	五 8-10 和平 美203	現代美學新論						0		選				30	授課老師:高榮禧	2		
	TM60						10	0.33		美術系（碩）		ATC3035			0		3.0				115	半			Museum and Cultural Studies			2565			0	N			8		◎限本系(含雙主修)修習 ◎課程不開放上修			0			未定	碩博	三 A-C 和平 美203	博物館與文化研究						0		選				30	授課老師:陳春蘭	2		
	TM60						10	0.33		美術系（碩）		ATC8020			0		3.0				115	半			Video Art Installation </br>[ Program: The Inter-disciplinary Program of AI Digital Art ]			2566			0	N			8		◎限本系(含雙主修)修習 ◎課程不開放上修			0			未定	碩博	四 6-8 和平 美406	錄像裝置藝術專題研究 </br>[ 學分學程：AI與數位藝術學分學程 ]						0		選				30	授課老師:陳永賢	2		ZU63
	TM60						10	0.33		美術系（碩）		ATC8043			2		3.0				115	半			Studies in Art Education Therapy			2567			0	N			8		◎限本系(含雙主修)修習 ◎課程不開放上修			0			江學瀅	碩博	一 2-4 和平 美301	藝術教育治療研究						0		選				30		2		
	TM60						10	0.33		美術系（碩）		ATC8047			0		3.0				115	半			Conservation Special Project (II)			2568			0	N			8		◎限本系(含雙主修)修習 ◎課程不開放上修			0			吳盈君	碩博	二 6-8 和平 教室自排	修復科技專題研究（二）						0		選				30	上課地點:文保中心	2		
	TM60						10	0.33		美術系（碩）		ATC8068			1		3.0				115	半			Studies of Mediated Audience and Experience for the Arts </br>[ Program: The Inter-disciplinary Program of AI Digital Art ]			2569			0	N			8		◎限本系(含雙主修)修習 ◎課程不開放上修			0			蘇瑤華	碩博	三 2-4 和平 美405	媒介、觀眾與體驗 </br>[ 學分學程：AI與數位藝術學分學程 ]						0		選				30		2		ZU63
	TM60						10	0.33		美術系（碩）		ATC8074			0		3.0				115	半			Painting Theory and Contemporary Practice			2570			0	N		是	8		◎限本系(含雙主修)修習 ◎課程不開放上修			0			侯忠穎	碩博	一 9-A 和平 美504	繪畫理論與當代實踐						0		選				30		2		
	TM60						10	0.33		美術系（碩）		ATC8077			0		3.0				115	半			Study in Contemporary Art Practice (II)			2571			0	N			8		◎限本系(含雙主修)修習 ◎課程不開放上修			0			蔡芷芬	碩博	三 2-4 和平 美504	當代藝術創作研究（二）						0		選				30		2		
	TM68						3	0.10		設計系（碩）		VDM0025			0		3.0				115	半			Special Topics on Graphic Design			2572			0	N					◎課程開放上修			0			林俊良		二 7-9 和平 教室自排	平面設計專題研究						0		選				30	上課教室：設計系6A教室	2		
	TM68						3	0.10		設計系（碩）		VDM0041			0		3.0				115	半			Topics on Product Development and Technology			2573			0	N					◎課程開放上修			0			王千睿		四 2-4 和平 教室自排	產品開發與科技專題						0		選				30	上課教室：設計系2A教室	2		
	TM68						3	0.10		設計系（碩）		VDM0042			0		3.0				115	半			Special Topics on Lifestyle Research			2574			0	N					◎課程開放上修			0			鄧建國		五 2-4 和平 教室自排	生活型態專題研究						0		選				30	上課教室：設計系2A教室	2		
	TM68						3	0.10		設計系（碩）		VDM0044			0		3.0				115	半			Special Topics on Service Design			2575			0	N					◎課程開放上修			0			梁桂嘉		二 2-4 和平 教室自排	服務設計專題研究						0		選				30		2		
	TM68						3	0.10		設計系（碩）		VDM0061			0		3.0				115	半			Special Topics of Urban Culture			2576			0	N					◎課程開放上修			0			施令紅		三 8-10 和平 教室自排	城市文化專題研究						0		選				30	上課教室：綜914	2		
	TU60						10	0.20		美術系（學）		ATC0332			2		3.0				115	半			Practices of Exhibition and Art Activity Planning </br>[ Program: The Inter-disciplinary Program of Club Members Leadership And Empowerment Cultivation ]			2577			0	N			9		◎限本系(含雙主修)修習			0			未定	大碩	一 10-B 和平 美101	藝術活動策劃實務 </br>[ 學分學程：社團人專業領導培力學分學程 ]						0		選				50	授課老師:林志峰	2		ZU9Q
	TU60						10	0.20		美術系（學）		ATC9013			2		3.0				115	半			Practices in Arts Organizations and Galleries			2578			0	N			9		◎限本系(含雙主修)修習			0			蘇瑤華	大碩	三 6-8 和平 美405	藝術機構與畫廊經營實務						0		選				50		2		
	TU60						10	0.20		美術系（學）		ATC9014			3		3.0				115	半			Photography as a Tool in Conservation Science (I) </br>[ Program: The Inter-disciplinary Program of Conservation of Cultural Relics ]			2579			0	N			9		◎限本系(含雙主修)修習    ◎初選 文物保存修復學分學程 研究生得下修			0			未定	大碩	三 7-9 和平 美506	保存科學攝影（一） </br>[ 學分學程：文物保存修復學分學程 ]						0		選				50	授課老師:張維敦	2		ZU69
	TU60						10	0.20		美術系（學）		ATU0235			3		2.0				115	半			Art Psychology (I) </br>[ Program: The Inter-disciplinary Program of Art Education Therapy ]			2580			0	N					◎限本系(含雙主修)修習			0			趙惠玲		四 6-7 和平 美101	美術心理學（一） </br>[ 學分學程：藝術教育治療學分學程 ]	一			1		0		必				50		2		ZU36
	TU60						10	0.20		美術系（學）		ATU0236			3		2.0				115	半			Art Psychology (II) </br>[ Program: The Inter-disciplinary Program of Art Education Therapy ]			2581			0	N					◎限本系(含雙主修)修習			0			趙惠玲		四 8-9 和平 美101	美術心理學（二） </br>[ 學分學程：藝術教育治療學分學程 ]	一			1		0		必				50		2		ZU36
	TU60						10	0.20		美術系（學）		ATU0306			3		2.0				115	半			History of Western Art (II)			2582			0	N					◎限本系(含雙主修)修習			0			趙可卿		二 6-7 和平 美101	西方美術史（二）	一			1		0		必				50		2		
	TU60						10	0.20		美術系（學）		ATU0014			0		2.0				115	半			Art Education			2583			0	N					◎限本系(含雙主修)修習			0			江學瀅		二 3-4 和平 美301	美術教育	二			2		0		選				50		2		
	TU60						10	0.20		美術系（學）		ATU0238			2		2.0				115	半			Aesthetics (II)			2584			0	N					◎限本系(含雙主修)修習			0			魏竹君		五 6-7 和平 美101	美學（二）	二			2		0		必				50		2		
	TU60						10	0.20		美術系（學）		ATU0308			2		2.0				115	半			Printmaking (II)			2585			0	N					◎限本系(含雙主修)修習			0			未定		五 3-4 和平 美201	版畫（二）	二			2		0		選				50	授課老師:楊紋瑜	2		
	TU60						10	0.20		美術系（學）		ATU0253			0		3.0				115	半			Ceramics (II)			2586			0	N					◎限本系(含雙主修)修習◎必須先修過【ATU0231  陶藝（一）】			0			未定		三 8-10 和平 美B002陶藝	陶藝（二）	三			3		0		選				50	授課老師:唐瑄	2		
	TU60						10	0.20		美術系（學）		ATU0328			2		2.0				115	半			History of Chinese Painting </br>[ Program: The Specialization Program of Art Theory and Art History Practice in the Age of AI ]			2587			0	N					◎限本系(含雙主修)修習			0			白適銘		四 9-10 和平 美203	中國繪畫史 </br>[ 學分學程：AI時代的藝術理論與藝術史實踐專業學分學程 ]	三			3		0		選				50		2		ZU5B
	TU60						10	0.20		美術系（學）		ATU0331			2		2.0				115	半			Research Methods and Essay Writing Skills for Studies in Visual Arts </br>[ Program: The Specialization Program of Art Theory and Art History Practice in the Age of AI ]			2588			0	N					◎限本系(含雙主修)修習			0			趙可卿		二 10-A 和平 美405	視覺藝術研究法與寫作 </br>[ 學分學程：AI時代的藝術理論與藝術史實踐專業學分學程 ]	三			3		0		選				50		2		ZU5B
	TU60						10	0.20		美術系（學）		ATU0341			2		2.0				115	半			Introduction to New Media Art </br>[ Program: The Inter-disciplinary Program of AI Digital Art ]			2589			0	N					◎限本系(含雙主修)修習			0			未定		四 6-7 和平 美301	新媒體藝術概論 </br>[ 學分學程：AI與數位藝術學分學程 ]	三			3		0		選				50	授課老師:王鼎曄	2		ZU63
	TU60						10	0.20		美術系（學）		ATU0368			2		2.0				115	半			The Application of Picture Cards in Art Therapy			2590			0	N					◎限本系(含雙主修)修習			0			江學瀅		二 1-2 和平 美301	藝術治療圖卡應用	三			3		0		選				50		2		
	TU60						10	0.20		美術系（學）		ATU0370			2		2.0				115	半			Contemporary Art </br>[ Program: The Specialization Program of Art Theory and Art History Practice in the Age of AI ]			2591			0	N		是			◎限本系(含雙主修)修習			0			魏竹君		五 3-4 和平 美301	當代藝術 </br>[ 學分學程：AI時代的藝術理論與藝術史實踐專業學分學程 ]	三			3		0		選				50		2		ZU5B
	TU60						10	0.20		美術系（學）		ATU1003			3		2.0				115	半			History of Taiwan Art			2592			0	N					◎限本系(含雙主修)修習			0			白適銘		二 8-9 和平 美101	臺灣美術史	三			3		0		必				50		2		
	TU60						10	0.20		美術系（學）		ATUE001			0		2.0				115	半			Teaching Materials and Methods: Fine Arts			2593			0	N					◎限本系(含雙主修)修習    ◎限 二階生 教育學程生 不佔名額生 登記修習生 可修			0			江學瀅		一 6-7 和平 美301	美術教材教法（教）	三			3		0		選				50		2		
	TU60						10	0.20		美術系（學）		ATU0246			2		2.0				115	半			Modern Printmaking (II)			2594			0	N					◎限本系(含雙主修)修習			0			未定		五 6-7 和平 美201	現代版畫（二）	四			4		0		選				50	授課老師:楊紋瑜	2		
	TU60						10	0.20		美術系（學）		ATU0323			3		3.0				115	半			Hanging Scroll and Couplet Mounting </br>[ Program: The Inter-disciplinary Program of Conservation of Cultural Relics ]			2595			0	N					◎限本系(含雙主修)修習    ◎初選 文物保存修復學分學程 研究生得下修			0			未定		四 2-4 和平 美506	掛軸與對聯 </br>[ 學分學程：文物保存修復學分學程 ]	四			4		0		選				50	授課老師:潘怡伶	2		ZU69
	TU60	A					10	0.20		美術系（學）		ATU0276			0		3.0				115	半			Seal Carving (stone)			2596			0	N					◎限本系(含雙主修)修習			0	國畫組		林政榮		三 6-8 和平 美302	篆刻（金石）						0		選				50		2		
	TU60	A					10	0.20		美術系（學）		ATU0234			0	是	1.0				115	半	宋曉明		Oil Painting - University Foundation Level (II)			2597			0	N					◎限本系(含雙主修)修習			0	國畫組		宋曉明		一 6-7 和平 美401	基礎油畫（二）	一			1		0		必				50		2		
	TU60	A					10	0.20		美術系（學）		ATU6058			0	是	2.0				115	半	曾霆羽		Modern Chinese Ink- and- Brush Painting			2598			0	N					◎限本系(含雙主修)修習			0	國畫組		曾霆羽		三 6-9 和平 美505	現代水墨	一			1		0		必				50		2		
	TU60	A					10	0.20		美術系（學）		ATU6061			0	是	2.0				115	半	吳宥鋅		Drawing </br>[ Program: The Inter-disciplinary Program of Art Education Therapy ]			2599			0	N					◎限本系(含雙主修)修習			0	國畫組		吳宥鋅		二 1-4 和平 美505	素描（一） </br>[ 學分學程：藝術教育治療學分學程 ]	一			1		0		必				50		2		ZU36/ZU36
	TU60	A					10	0.20		美術系（學）		ATU6065			0	是	1.0				115	半	侯忠穎		Watercolor (II)			2600			0	N					◎限本系(含雙主修)修習			0	國畫組		侯忠穎		四 3-4 和平 美402	水彩（二）	一			1		0		必				50		2		
	TU60	A					10	0.20		美術系（學）		ATU6067			0	是	1.0				115	半	孫翼華		Chinese Color Ink- and- Brush Painting- University Foundation Level (II)			2601			0	N					◎限本系(含雙主修)修習			0	國畫組		孫翼華		五 6-7 和平 美505	基礎彩墨（二）	一			1		0		必				50		2		
	TU60	A					10	0.20		美術系（學）		ATU6072			0	是	1.0				115	半	莊連東		The Description Skill of Ink Painting </br>[ Program: The Specialization Program of Creative Practice in Eastern Art Media ]			2602			0	N					◎限本系(含雙主修)修習			0	國畫組		莊連東		三 10-A 和平 美505	水墨描繪技法 </br>[ 學分學程：東方媒材創作專業學分學程 ]	一			1		0		必				50		2		ZU5A/ZU5A
	TU60	A					10	0.20		美術系（學）		ATU0268			0		3.0				115	半			Exploration of Technique in Eastern Gouache Painting			2603			0	N					◎限本系(含雙主修)修習			0	國畫組		未定		三 6-8 和平 美305	膠彩畫技法運用	二			2		0		選				50	授課老師:高永隆	2		
	TU60	A					10	0.20		美術系（學）		ATU0283			1		3.0				115	半			Form and Structure of			2604			0	N					◎限本系(含雙主修)修習			0	國畫組		未定		二 8-10 和平 美305	水墨形式與結構	二			2		0		選				50	授課老師:華建?	2		
	TU60	A					10	0.20		美術系（學）		ATU0288			1		2.0				115	半			Calligraphy (Clerical Script)			2605			0	N					◎限本系(含雙主修)修習			0	國畫組		林政榮		二 6-7 和平 美305	書法（隸書）	二			2		0		選				50		2		
	TU60	A					10	0.20		美術系（學）		ATU0292			0		3.0				115	半			Chinese Ink-And-Brush Painting Technique: Figure			2606			0	N					◎限本系(含雙主修)修習			0	國畫組		吳宥鋅		四 6-8 和平 美305	墨彩人物技法	二			2		0		選				50		2		
	TU60	A					10	0.20		美術系（學）		ATU0293			1		3.0				115	半			Freehand Brushwork Technique: Birds and Flowers			2607			0	N					◎限本系(含雙主修)修習			0	國畫組		未定		一 6-8 和平 美305	寫意花鳥技法	二			2		0		選				50	授課老師:胡以誠	2		
	TU60	A					10	0.20		美術系（學）		ATU0337			0		3.0				115	半			Images of Chinese Ink Painting and the Paper Arts			2608			0	N					◎限本系(含雙主修)修習			0	國畫組		曾霆羽		四 2-4 和平 美305	水墨意象與紙藝創作	二			2		0		選				50		2		
	TU60	A					10	0.20		美術系（學）		ATU0365			0		3.0				115	半			Life Sketching of Chinese Landscape Painting			2609			0	N		是			◎限本系(含雙主修)修習			0	國畫組		管偉邦		二 2-4 和平 美305	山水寫生	二			2		0		選				50		2		
	TU60	A					10	0.20		美術系（學）		ATU0106			0		2.0				115	半			Calligraphy (Running Script)			2610			0	N					◎限本系(含雙主修)修習			0	國畫組		未定		四 3-4 和平 美302	書法（行書）	三			3		0		選				50	授課老師:謝榮恩	2		
	TU60	A					10	0.20		美術系（學）		ATU0219			1		3.0				115	半			Studio Ink-And-Brush Painting: Mixed Media and Color			2611			0	N					◎限本系(含雙主修)修習			0	國畫組		未定		三 9-A 和平 美302	當代彩墨創作	三			3		0		選				50	授課老師:簡詩如	2		
	TU60	A					10	0.20		美術系（學）		ATU6060			0	是	2.0				115	半	管偉邦 曾霆羽		Studio Based Graduate Seminar (II)			2612			0	N					◎限本系(含雙主修)修習			0	國畫組		管偉邦 曾霆羽		三 A-B 和平 美303, 三 C-D 和平 美304	畢業創作發表（二）	四			4		0		必				50		2		
	TU60	B					10	0.20		美術系（學）		ATU0234			0	是	1.0				115	半	朱友意		Oil Painting - University Foundation Level (II)			2613			0	N					◎限本系(含雙主修)修習			0	西畫組		朱友意		一 6-7 和平 美602	基礎油畫（二）	一			1		0		必				50		2		
	TU60	B					10	0.20		美術系（學）		ATU6058			0	是	2.0				115	半	孫翼華		Modern Chinese Ink- and- Brush Painting			2614			0	N					◎限本系(含雙主修)修習			0	西畫組		孫翼華		四 6-9 和平 美505	現代水墨	一			1		0		必				50		2		
	TU60	B					10	0.20		美術系（學）		ATU6061			0	是	2.0				115	半	蔡芷芬		Drawing </br>[ Program: The Inter-disciplinary Program of Art Education Therapy ]			2615			0	N					◎限本系(含雙主修)修習			0	西畫組		蔡芷芬		二 1-4 和平 美401	素描（一） </br>[ 學分學程：藝術教育治療學分學程 ]	一			1		0		必				50		2		ZU36/ZU36
	TU60	B					10	0.20		美術系（學）		ATU6065			2	是	1.0				115	半	黃進龍		Watercolor (II)			2616			0	N					◎限本系(含雙主修)修習			0	西畫組		黃進龍		四 3-4 和平 美602	水彩（二）	一			1		0		必				50		2		
	TU60	B					10	0.20		美術系（學）		ATU6067			0	是	1.0				115	半	管偉邦		Chinese Color Ink- and- Brush Painting- University Foundation Level (II)			2617			0	N					◎限本系(含雙主修)修習			0	西畫組		管偉邦		二 8-9 和平 美302	基礎彩墨（二）	一			1		0		必				50		2		
	TU60	B					10	0.20		美術系（學）		ATU6072			0	是	1.0				115	半	林政榮		The Description Skill of Ink Painting </br>[ Program: The Specialization Program of Creative Practice in Eastern Art Media ]			2618			0	N					◎限本系(含雙主修)修習			0	西畫組		林政榮		三 10-A 和平 美305	水墨描繪技法 </br>[ 學分學程：東方媒材創作專業學分學程 ]	一			1		0		必				50		2		ZU5A/ZU5A
	TU60	B					10	0.20		美術系（學）		ATU0101			0		3.0				115	半			Painting Composition and Application			2619			0	N					◎限本系(含雙主修)修習			0	西畫組		侯忠穎		一 6-8 和平 美402	繪畫構成與應用	二			2		0		選				50		2		
	TU60	B					10	0.20		美術系（學）		ATU0261			1		3.0				115	半			Media and Style Exploration in Drawing (II)			2620			0	N					◎限本系(含雙主修)修習			0	西畫組		宋曉明		四 6-8 和平 美401	素描媒材與形式探索（二）	二			2		0		選				50		2		
	TU60	B					10	0.20		美術系（學）		ATU0272			1		3.0				115	半			Oil Painting Skill and Application (II)			2621			0	N					◎限本系(含雙主修)修習			0	西畫組		未定		五 8-10 和平 美402	油畫技法與應用（二）	二			2		0		選				50	授課老師:陳孟澤	2		
	TU60	B					10	0.20		美術系（學）		ATU0301			2		3.0				115	半			Studio Oil Painting: Landscape I (I)			2622			0	N					◎限本系(含雙主修)修習			0	西畫組		黃進龍		二 6-8 和平 美402	基礎風景油畫（一）	二			2		0		選				50		2		
	TU60	B					10	0.20		美術系（學）		ATU6057			0	是	2.0				115	半	未定		Oil Painting (I)			2623			0	N					◎限本系(含雙主修)修習			0	西畫組		未定		三 6-9 和平 美602	進階油畫（一）	二			2		0		必				50	授課老師:林福全	2		
	TU60	B					10	0.20		美術系（學）		ATU0244			0		3.0				115	半			Figure Drawing (II)			2624			0	N					◎限本系(含雙主修)修習			0	西畫組		蔡芷芬		三 6-8 和平 美403	人體素描（二）	三			3		0		選				50		2		
	TU60	B					10	0.20		美術系（學）		ATU0270			0		3.0				115	半			Studio Oil Painting: Skills and Style Exploration (II)			2625			0	N					◎限本系(含雙主修)修習			0	西畫組		未定		二 2-4 和平 美403	油畫技法與風格探索（二）	三			3		0		選				50	授課老師:盧昉	2		
	TU60	B					10	0.20		美術系（學）		ATU0339			1		3.0				115	半			Representations and Techniques in Western Art			2626			0	N					◎限本系(含雙主修)修習			0	西畫組		宋曉明		四 2-4 和平 美401	西方繪畫技法與表現	三			3		0		選				50		2		
	TU60	B					10	0.20		美術系（學）		ATU0366			0		3.0				115	半			Contemporary Nude Painting Creation (I)			2627			0	N					◎限本系(含雙主修)修習			0	西畫組		朱友意		一 8-10 和平 美403	當代人體繪畫創作（一）	三			3		0		選				50		2		
	TU60	B					10	0.20		美術系（學）		ATU6060			0	是	2.0				115	半	黃進龍 朱友意 蔡芷芬 宋曉明 侯忠穎		Studio Based Graduate Seminar (II)			2628			0	N					◎限本系(含雙主修)修習			0	西畫組		黃進龍 蔡芷芬 朱友意 宋曉明 侯忠穎		三 A-B 和平 美404, 三 C-D 和平 美503	畢業創作發表（二）	四			4		0		必				50		2		
	TU68						10	0.40		設計系（學）		VDU0266			0		2.0				115	半			Workplace Safety and Hygiene (II)			2629			0	N								0			蘇瀚		五 6-7 和平 教室自排	工場安全與衛生（二）						0		選				50		2		
	TU68						10	0.40		設計系（學）		VDC9004			0		3.0				115	半			Studies of Product Design Project Management			2630			0	N			9					0			未定	大碩	五 6-8 和平 教室自排	產品設計專案管理研究						0		選				50	授課教師：黃明仁副教授級專業技術人員  上課教室：綜914	2		
	TU68						10	0.40		設計系（學）		VDC9006			0		2.0				115	半			Commercial Space Design (II)			2631			0	N		是	9					0			長友大輔	大碩	二 9-10 和平 教室自排	商業空間設計（二）						0		選				50		2		
	TU68						10	0.20		設計系（學）		VDC9008			0		2.0				115	半			Design Psychology			2632			0	N			9					0			伊彬	大碩	一 4-5 和平 教室自排	設計心理學						0		選				50	上課教室：綜914	2		
	TU68						10	0.40		設計系（學）		VDC9009			0		3.0				115	半			Studies in Creation and Design on Picture Book			2633			0	N			9					0			伊彬	大碩	一 6-8 和平 教室自排	繪本設計創作研究						0		選				50	上課教室：綜914	2		
	TU68						10	0.40		設計系（學）		VDC9014			0		3.0				115	半			Interior Design (II) </br>[ Program: The Inter-disciplinary Program of Interior Design Profession ]			2634			0	N		是	9					0			長友大輔	大碩	二 3-5 和平 教室自排	室內設計（二） </br>[ 學分學程：室內設計學分學程 ]						0		選				50		2		ZU9O
	TU68						10	0.40		設計系（學）		VDC9015			0		3.0				115	半			UI/UX Design (II)			2635			0	N		是	9					0			黃莉庭	大碩	四 8-10 和平 教室自排	介面設計與使用者體驗（二）						0		選				50		2		
	TU68						10	0.40		設計系（學）		VDU0008			0		2.0				115	半			History of Design			2636			0	N		是						0			未定		一 3-4 和平 教室自排	設計史	一			1		0		必				50		2		
	TU68						10	0.40		設計系（學）		VDU0012			0		2.0				115	半			Color Planning			2637			0	N								0			施令紅		四 3-4 和平 教室自排	色彩計畫	一			1		0		選				50		2		
	TU68						10	0.40		設計系（學）		VDU0071			0		3.0				115	半			Basic Design (II)	A		2638			0	N								0			蘇文清		四 6-8 和平 教室自排	基礎設計（二）	一			1		0		必				50		2		
	TU68						10	0.40		設計系（學）		VDU0071			0		3.0				115	半			Basic Design (II)	B		2639			0	N								0			蘇瀚		四 6-8 和平 教室自排	基礎設計（二）	一			1		0		必				50		2		
	TU68						10	0.40		設計系（學）		VDU0109			0		3.0				115	半			Sketching (II)	A		2640			0	N								0			未定		二 7-9 和平 教室自排	設計素描（二）	一			1		0		必				50		2		
	TU68						10	0.40		設計系（學）		VDU0109			0		3.0				115	半			Sketching (II)	B		2641			0	N								0			未定		二 6-8 和平 教室自排	設計素描（二）	一			1		0		必				50		2		
	TU68						10	0.40		設計系（學）		VDU0176			0		3.0				115	半			Digital Painting and Image </br>[ Program: The Inter-disciplinary Program of AI Digital Art ]			2642			0	N								0			林俊良		二 3-5 和平 教室自排	數位繪畫與影像處理 </br>[ 學分學程：AI與數位藝術學分學程 ]	一			1		0		選				50		2		ZU63
	TU68						10	0.40		設計系（學）		VDU0264			0		2.0				115	半			Basic Model Design (II)			2643			0	N								0			蘇瀚		三 6-7 和平 教室自排	基礎模型製作（二）	一			1		0		選				50		2		
	TU68						10	0.40		設計系（學）		VDU0081			0		2.0				115	半			Typography (II)			2644			0	N								0			未定		三 6-7 和平 教室自排	字體設計（二）	二			2		0		必				50		2		
	TU68						10	0.40		設計系（學）		VDU0175			0		3.0				115	半			3 D Computer Animation Design (II) </br>[ Program: The Inter-disciplinary Program of AI Digital Art ]			2645			0	N								0			黃心健		一 8-10 和平 教室自排	３Ｄ電腦動畫（二） </br>[ 學分學程：AI與數位藝術學分學程 ]	二			2		0		必				50		2		ZU63
	TU68						10	0.40		設計系（學）		VDU0178			0		2.0				115	半			Commercial Photography			2646			0	N								0			未定		六 3-4 和平 教室自排	商業攝影	二			2		0		選				50		2		
	TU68						10	0.40		設計系（學）		VDU0193			0		3.0				115	半			Product Design (II)			2647			0	N								0			鄧建國		二 6-8 和平 教室自排	產品設計（二）	二			2		0		必				50		2		
	TU68						10	0.40		設計系（學）		VDU0201			0		3.0				115	半			Visual Communication Design (II)			2648			0	N								0			施令紅		四 6-8 和平 教室自排	視覺傳達設計（二）	二			2		0		必				50		2		
	TU68						10	0.40		設計系（學）		VDU0207			0		2.0				115	半			Media Design (II) </br>[ Program: The Inter-disciplinary Program of AI Digital Art ]			2649			0	N								0			未定		四 3-4 和平 教室自排	媒體設計（二） </br>[ 學分學程：AI與數位藝術學分學程 ]	二			2		0		必				50		2		ZU63
	TU68						10	0.40		設計系（學）		VDU0225			0		2.0				115	半			Practical Printing Design			2650			0	N								0			未定		五 9-10 和平 教室自排	印刷設計與實務	二			2		0		選				50		2		
	TU68						10	0.40		設計系（學）		VDU0247			0		2.0				115	半			Sketching and Drawing Method (II)			2651			0	N								0			未定		三 8-9 和平 教室自排	表現技法（二）	二			2		0		選				50		2		
	TU68						10	0.40		設計系（學）		VDU0249			0		3.0				115	半			Product Design Presentation Techniques (II)			2652			0	N								0			未定		五 2-4 和平 教室自排	產品表現技法（二）	二			2		0		必				50		2		
	TU68						10	0.40		設計系（學）		VDU0254			0		3.0				115	半			Innovation Design (II)			2653			0	N								0			曾乙文		一 2-4 和平 教室自排	創新設計（二）	二			2		0		必				50		2		
	TU68						10	0.40		設計系（學）		VDU0259			0		2.0				115	半			Residential Design </br>[ Program: The Inter-disciplinary Program of Interior Design Profession ]			2654			0	N								0			未定		二 1-2 和平 教室自排	住宅設計 </br>[ 學分學程：室內設計學分學程 ]	二			2		0		選				50		2		ZU9O
	TU68						10	0.40		設計系（學）		VDU0274			0		3.0				115	半			3D Prototyping and Product Commercialization			2655			0	N								0			未定		三 6-8 和平 教室自排	3D數位自造與商品化入門	二			2		0		選				50		2		
	TU68						10	0.40		設計系（學）		VDU0091			0		2.0				115	半			Package Design (II)			2656			0	N								0			蘇文清		四 3-4 和平 教室自排	包裝設計（二）	三			3		0		必				50		2		
	TU68						10	0.40		設計系（學）		VDU0105			0		2.0				115	半			Advertising Design (II)			2657			0	N		是						0			黃莉庭		三 6-7 和平 教室自排	廣告設計（二）	三			3		0		必				50		2		
	TU68						10	0.40		設計系（學）		VDU0138			0		2.0				115	半			Visual Identity System (I)			2658			0	N								0			林俊良		四 6-7 和平 教室自排	視覺識別系統（二）	三			3		0		選				50		2		
	TU68						10	0.40		設計系（學）		VDU0152			0		3.0				115	半			Product Analysis			2659			0	N								0			未定		五 6-8 和平 教室自排	產品分析	三			3		0		選				50		2		
	TU68						10	0.40		設計系（學）		VDU0171			0		2.0				115	半			Design Practice and Pricing </br>[ Program: The Inter-disciplinary Program of Interior Design Profession ]			2660			0	N								0			未定		二 3-4 和平 教室自排	設計實務與估價 </br>[ 學分學程：室內設計學分學程 ]	三			3		0		選				50		2		ZU9O
	TU68						10	0.40		設計系（學）		VDU0182			0		2.0				115	半			3d Animation (II) </br>[ Program: The Inter-disciplinary Program of Metaverse Narrative The Inter-disciplinary Program of AI Digital Art ]			2661			0	N								0			未定		一 3-4 和平 教室自排	３Ｄ動畫創作（二） </br>[ 學分學程：AI暨元宇宙敘事學分學程 AI與數位藝術學分學程 ]	三			3		0		選				50		2		ZU48/ZU63
	TU68						10	0.40		設計系（學）		VDU0188			0		3.0				115	半			Motion Graphic Design (II) </br>[ Program: The Inter-disciplinary Program of AI Digital Art ]			2662			0	N								0			未定		二 2-4 和平 教室自排	動態平面設計（二） </br>[ 學分學程：AI與數位藝術學分學程 ]	三			3		0		選				50		2		ZU63
	TU68						10	0.40		設計系（學）		VDU0229			0		2.0				115	半			Animated Character Design			2663			0	N								0			未定		一 5-6 和平 教室自排	動畫角色設計	三			3		0		選				50		2		
	TU68						10	0.40		設計系（學）		VDU0233			0		6.0				115	半			Advanced Product Design (II)			2664			0	N								0			梁桂嘉 王千睿		二 6-8 和平 教室自排, 五 2-4 和平 教室自排	進階產品設計（二）	三			3		0		必				50		2		
	TU68						10	0.40		設計系（學）		VDU0261			0		2.0				115	半			Digital Media Integration Design (II) </br>[ Program: The Inter-disciplinary Program of Metaverse Narrative ]			2665			0	N								0			未定		一 6-7 和平 教室自排	數位媒材整合設計（二） </br>[ 學分學程：AI暨元宇宙敘事學分學程 ]	三			3		0		選				50		2		ZU48
	TU68						10	0.40		設計系（學）		VDU0267			0		3.0				115	半			Service Design (I)			2666			0	N								0			未定		三 A-C 和平 教室自排	服務設計（一）	三			3		0		選				50		2		
	TU68						10	0.40		設計系（學）		VDU0180			0		3.0				115	半			Graduate Work: Design (II)	A		2667			0	N								0			未定		二 7-9 和平 教室自排	設計畢業製作（二）	四			4		0		必				50		2		
	TU68						10	0.40		設計系（學）		VDU0180			0		3.0				115	半			Graduate Work: Design (II)	B		2668			0	N								0			蘇瀚		二 7-9 和平 教室自排	設計畢業製作（二）	四			4		0		必				50		2		
	ZU83						10	0.40		基礎管理學分學程		PGUA005			2		3.0				115	半			Accounting </br>[ Program: The Inter-disciplinary  Program of Fundamental Management ]			2669			0	N					◎初選 基礎管理學分學程 研究生得下修			0			未定		二 A-C 和平 無可用教室	會計學 </br>[ 學分學程：基礎管理學分學程 ]						0		必				50		2		ZU83
	ZU83						10	0.20		基礎管理學分學程		PGUA006			2		3.0				115	半			Economics </br>[ Program: The Inter-disciplinary  Program of Fundamental Management ]			2670			0	N					◎初選 基礎管理學分學程 研究生得下修			0			徐美		三 9-A 和平 樂研一	經濟學 </br>[ 學分學程：基礎管理學分學程 ]						0		必				50		2		ZU83
	ZU83						10	0.40		基礎管理學分學程		PGUA021			1		3.0				115	半			Industry Analysis </br>[ Program: The Inter-disciplinary  Program of Fundamental Management ]			2671			0	N					◎初選 基礎管理學分學程 研究生得下修			0			林舒柔		三 A-C 和平 無可用教室	產業分析 </br>[ 學分學程：基礎管理學分學程 ]						0		選				50		2		ZU83
	ZU84						10	0.20		財務金融學分學程		PGUB015			1		3.0				115	半			Quantitative Analysis </br>[ Program: The Inter-disciplinary Program of Finance ]			2672			0	N								0			楊怡雯		二 8-10 和平 無可用教室	計量財務分析 </br>[ 學分學程：財務金融學分學程 ]						0		選				50		2		ZU84
	ZU89						5	0.10		環境監測與防災學分學程		PGUS001			3		3.0				115	半			Eco-engineering </br>[ Program: The Inter-disciplinary Program of Environmental Monitoring and Disaster Mitigation The Inter-disciplinary Program of Geospatial Information Science ]			2673			0	N								0			郭乃文		五 2-4 和平 無可用教室	生態工程 </br>[ 學分學程：環境監測與防災學分學程 空間資訊學分學程 ]						0		選				50		2		ZU89/ZU9B
	ZU89						5	0.10		環境監測與防災學分學程		PGUS012			3		2.0				115	半			Environmental Ethics </br>[ Program: The Inter-disciplinary Program of the Eco-sustainable Industry The Inter-disciplinary Program of Environmental Monitoring and Disaster Mitigation ]			2674			0	N								0			未定		二 4-5 和平 無可用教室	環境倫理 </br>[ 學分學程：生態永續產業學分學程 環境監測與防災學分學程 ]						0		選				50		2		ZU35/ZU89
	ZU89						5	0.10		環境監測與防災學分學程		PGUS013			3		2.0				115	半			Environmental Educating Materials and Teaching Methods </br>[ Program: The Inter-disciplinary Program of Environmental Monitoring and Disaster Mitigation ]			2675			0	N								0			未定		二 2-3 和平 無可用教室	環境教育教材教法 </br>[ 學分學程：環境監測與防災學分學程 ]						0		選				50		2		ZU89
	ZU92						10	0.40		榮譽英語學分學程		PGUK008			2		2.0				115	半			Topical Reporting in English </br>[ Program: The Inter-disciplinary Program of Honors in Advanced English ]			2676			0	N		是			◎英語系（學） 不得修習     ◎初選 榮譽英語學分學程 研究生得下修◎限榮譽英語學分學程選修			0			未定		三 6-7 和平 無可用教室	英文專題報導 </br>[ 學分學程：榮譽英語學分學程 ]						0		選				50		2		ZU92
	ZU92						10	0.40		榮譽英語學分學程		PGUK009			2		2.0				115	半			Studies in Cross-cultural Issues </br>[ Program: The Inter-disciplinary Program of Honors in Advanced English ]			2677			0	N		是			◎英語系（學） 不得修習     ◎初選 榮譽英語學分學程 研究生得下修◎限榮譽英語學分學程選修			0			吳佳琪		三 3-4 和平 無可用教室	中外文化議題探討 </br>[ 學分學程：榮譽英語學分學程 ]						0		選				50		2		ZU92
	ZU93						10	0.17		歐洲文化與語言學分學程		PGUL017			4		3.0				115	半			Cultural Heritage and Tourism in Europe </br>[ Program: The Inter-disciplinary Program of European Cultures and Languages ]			2678			0	N								0			賴嘉玲		四 10-B 和平 博413	歐洲文化遺產與觀光 </br>[ 學分學程：歐洲文化與語言學分學程 ]						0		選				60		2		ZU93
	ZU93						10	0.20		歐洲文化與語言學分學程		PGUL037			1		3.0				115	半			French (II) </br>[ Program: The Inter-disciplinary Program of European Cultures and Languages ]			2679			0	N								0			蔡倩玟		一 10-B 和平 博413	法文（二） </br>[ 學分學程：歐洲文化與語言學分學程 ]						0		選				50		2		ZU93
	ZU93						10	0.20		歐洲文化與語言學分學程		PGUL039			5		3.0				115	半			French (IV) </br>[ Program: The Inter-disciplinary Program of European Cultures and Languages ]			2680			0	N								0			未定		三 10-B 和平 教室自排	法文（四） </br>[ 學分學程：歐洲文化與語言學分學程 ]						0		選				50		2		ZU93
	ZU93						10	0.20		歐洲文化與語言學分學程		PGUL044			1		3.0				115	半			Elementary Spanish (II) </br>[ Program: The Inter-disciplinary Program of European Cultures and Languages ]			2681			0	N								0			未定		二 10-B 和平 博413	西班牙文（二） </br>[ 學分學程：歐洲文化與語言學分學程 ]						0		選				50		2		ZU93
	ZU93						10	0.20		歐洲文化與語言學分學程		PGUL045			4		3.0				115	半			German (IV) </br>[ Program: The Inter-disciplinary Program of European Cultures and Languages ]			2682			0	N								0			陳學毅		五 10-B 和平 博413	德文（四） </br>[ 學分學程：歐洲文化與語言學分學程 ]						0		選				50		2		ZU93
	ZU94						10	0.20		文學創作學分學程		PGUU017			5		2.0				115	半			Guided Writing in Modern Prose </br>[ Program: The Inter-disciplinary Program of Literature Creation ]			2683			0	N					◎初選 文學創作學分學程 研究生得下修			0			未定		五 3-4 和平 無可用教室	現代散文寫作指導 </br>[ 學分學程：文學創作學分學程 ]						0		選				50		2		ZU94
	ZU94						10	0.20		文學創作學分學程		PGUU029			5		2.0				115	半			Image Literature </br>[ Program: The Inter-disciplinary Program of Literature Creation ]			2684			0	N					◎初選 文學創作學分學程 研究生得下修			0			許紘源		二 8-9 和平 無可用教室	影像文學 </br>[ 學分學程：文學創作學分學程 ]						0		選				50		2		ZU94
	ZU9A						5	0.10		區域與觀光規劃學分學程		PGUV005			0		4.0				115	半			Methods of Projects Analysis </br>[ Program: The Inter-disciplinary Program of Region and Tourism Planning ]			2685			0	N								0			王文誠 蘇淑娟 未定		一 6-9 和平 無可用教室	計畫分析方法 </br>[ 學分學程：區域與觀光規劃學分學程 ]						0		選				50		2		ZU9A
	ZU9B						5	0.10		空間資訊學分學程		PGU3002			0		3.0				115	半			Geographic Information Technology </br>[ Program: The Inter-disciplinary Program of Geospatial Information Science ]			2686			0	N								0			王聖鐸		四 2-4 和平 無可用教室	地理資訊科技 </br>[ 學分學程：空間資訊學分學程 ]						0		選				50		2		ZU9B
	ZU9B						5	0.10		空間資訊學分學程		PGU3004			0		3.0				115	半			Spatial Information Technology Practice (I) </br>[ Program: The Inter-disciplinary Program of Geospatial Information Science ]			2687			0	N					◎必須先修過【GEU0166  地理資訊系統】			0			陳哲銘 王聖鐸 吳秉昇 詹竣翔		一 A-C 和平 無可用教室	空間資訊技術實務（一） </br>[ 學分學程：空間資訊學分學程 ]						0		選				50		2		ZU9B
	ZU9B						5	0.10		空間資訊學分學程		PGU3003			0		3.0				115	半			Adjustment of Surveying Measurements </br>[ Program: The Inter-disciplinary Program of Geospatial Information Science ]			2688			0	N								0			王聖鐸		四 6-8 和平 無可用教室	測量平差 </br>[ 學分學程：空間資訊學分學程 ]	二			2		0		選				50		2		ZU9B
	ZU9E						10	0.20		社會與傳播應用學分學程		PGU1010			5		3.0				115	半			New Communication Technology and Society </br>[ Program: The Inter-disciplinary Program of Science Communication The Inter-disciplinary Program of Society and Communication Application ]			2689			0	N					◎初選 科學傳播學分學程 社會與傳播應用學分學程 研究生得下修			0			胡綺珍		四 3-5 和平 綜7樓大傳所大教室	新傳播科技與社會 </br>[ 學分學程：科學傳播學分學程 社會與傳播應用學分學程 ]						0		必				50		2		ZU34/ZU9E
	ZU9E						0	0.00		社會與傳播應用學分學程		PGU1024			0		3.0				115	半			Human Behavior and Social Environment </br>[ Program: The Inter-disciplinary Program of Human Services and Social Work Credit The Inter-disciplinary Program of Society and Communication Application ]			2690			0	N								0			莊登閔		一 A-C 和平 教室自排	人類行為與社會環境 </br>[ 學分學程：人群服務與社會工作學分學程 社會與傳播應用學分學程 ]						0		選				50		2		ZU37/ZU9E
	ZU9Q						0	0.00		社團人專業領導培力學分學程		PGU8002			0		3.0				115	半			Planning and Implementing Evaluation of Student Club </br>[ Program: The Inter-disciplinary Program of Club Members Leadership And Empowerment Cultivation The Inter-disciplinary Program of Club Members Leadership And Empowerment Cultivation ]			2691			0	N					◎第一階段需人工加選◎第二階段需人工加選◎加退選階段需人工加選			0			林昌平		六 10-B 和平 綜301	社團評鑑規劃與執行 </br>[ 學分學程：社團人專業領導培力學分學程 社團人專業領導培力學分學程 ]						0		選				50		2		ZU9Q
	ZU9Q						0	0.00		社團人專業領導培力學分學程		PGU8004			0		2.0				115	半			Practicum in Student Club Management (II) </br>[ Program: The Inter-disciplinary Program of Club Members Leadership And Empowerment Cultivation ]			2692			0	N					◎第一階段需人工加選◎第二階段需人工加選◎加退選階段需人工加選			0			林昌平		五 10-C 和平 綜301	社團經營實習（二） </br>[ 學分學程：社團人專業領導培力學分學程 ]						0		必				100		2		ZU9Q
	ZU9Q						0	0.00		社團人專業領導培力學分學程		PGU8005			0		3.0				115	半			Planning and Implementing Leader Cultivation Program of Student Club </br>[ Program: The Inter-disciplinary Program of Club Members Leadership And Empowerment Cultivation The Inter-disciplinary Program of Club Members Leadership And Empowerment Cultivation ]			2693			0	N					◎第一階段需人工加選◎第二階段需人工加選◎加退選階段需人工加選			0			林昌平		六 7-9 和平 綜301	社團領導培訓方案規劃與實施 </br>[ 學分學程：社團人專業領導培力學分學程 社團人專業領導培力學分學程 ]						0		選				50		2		ZU9Q
	ZU9V						10	0.20		大師創業學分學程		PGU9004			5		2.0				115	半			Guideline for Entrepreneurship and Management </br>[ Program: The Inter-disciplinary Program of Technology-assisted Teaching Industry The Inter-disciplinary Program of Entrepreneurship ]			2694			0	N								0			未定 劉華棟		一 A-B 和平 無可用教室	創業經營教戰手則 </br>[ 學分學程：科技化教學產業學分學程 大師創業學分學程 ]						0		必				50		2		ZU47/ZU9V
	ZU9V						10	0.20		大師創業學分學程		PGU9005			5		2.0				115	半			Who's the Next Steve Jobs? Planning and Practice of the Entrepreneurship (II) </br>[ Program: The Inter-disciplinary Program of Technology-assisted Teaching Industry The Inter-disciplinary Program of Entrepreneurship ]			2695			0	N								0			余嘉淵		四 A-B 和平 無可用教室	誰是下個賈伯斯─大師創業發想與實踐（二） </br>[ 學分學程：科技化教學產業學分學程 大師創業學分學程 ]						0		必				50		2		ZU47/ZU9V
	LM26						10	0.33		臺文系（碩）		TCC2041			3		3.0				115	半			Taiwanese Translation Practice and Analysis			2696			0	N			8		◎課程開放上修			0			許慧如	碩博	三 2-4 和平 雲306會議室	臺語翻譯實作與精解						0		選				30	◎臺語授課	2		
	LM23						10	0.33		地理系（碩）		GEC0068			0		3.0				115	半			Multivariate Analysis			2697			0	N		是	8		◎課程開放上修			0			陳哲銘	碩博	四 2-4 和平 無可用教室	多變量分析						0		選				30		2		
	SM46						10	0.20		永續所（碩）		EEC8085			10		3.0				115	半			Artificial Intelligence and Its Applications in Sustainability Management			2698			0	N			8		◎課程開放上修			0			葉欣誠	碩博	三 2-4 公館 行304	人工智慧在永續管理的應用						0		選				50		2		
	IM84						0	0.00		華語系（碩）		CLC8040			0		3.0				115	半			Seminar on Language and Cognition			2699			0	N			8		◎課程不開放上修			0			蕭惠貞	碩博	一 6-8 和平 綜903	語言與認知專題						0		選				30		2		
