cancel	dept_code	dept_group	week_section1	week_section2	week_section3	week_section4	authorize_p	authorize_r	brief_eng	dept_chiabbr	not_choose	course_code	percentage	full_flag	limit	selfTeach	credit	intensive	fillcounter	for_query	acadm_year	course_kind	selfTeachName	send_time	eng_name	course_group	exp_hours	serial_no	status	emi	counter_exceptAuth	rt	gender_restrict	eng_teach	classes	dept_engfull	restrict	school_avg	umd	authorize_using	dept_group_name	course_avg	teacher	class_name	time_inf	chn_name	form_s_name	moocs_teach	hours	form_s	tname	counter	deleteQ	option_code	tcode	scoreEnt	iCounter	limit_count_h	comment	acadm_term	generalCore	programs
	GU						10	0.20		通識		0SUG538			0		2.0				115	半			Introduction to University Studies	C		0001			0	N					◎限大一修習◎限華語系（學）「應用華語文學組」選修			0			邱詩雯		三 3-4 和平 綜913	大學入門						0		通				50	限華語系（學）「應用華語文學組」選修 非大一、非本組的學生請先取得授課教師同意，並以授權碼方式加選。本課程中文授課。	1	B3	
	IM89						0	0.00		社工所（碩）		SWM0002			0		3.0				115	半			Seminar in Social Work Theory			0002			0	N					◎課程開放上修			0			張文		一 8-10 和平 綜603	社會工作理論專題						0		必				30		1		
	IM89						0	0.00		社工所（碩）		SWM0067			0		3.0				115	半			Advanced Research Methods in Social Work			0003			0	N					◎課程開放上修			0			陳杏容		四 6-8 和平 美術館602	進階社會工作研究法						0		必				24		1		
	IM89						0	0.00		社工所（碩）		SWM0079			0		3.0				115	半			Field Practicum: Social Work Filed Work (II)			0004			0	N					◎課程開放上修			0			莊登閔		六 1-6 和平 教室自排	社會工作實地工作（二）						0		選				30		1		
	IM89						0	0.00		社工所（碩）		SWM0092			0		3.0				115	半			Cross-Cultural Social Work Field Practicum (II)			0005			0	N		是			◎課程開放上修			0			陳杏容		六 1-6 和平 教室自排	跨文化社會工作實習（二）						0		必				30		1		
	IM89						0	0.00		社工所（碩）		SWM0066			0		3.0				115	半			Field Practicum: Social Welfare Services (II)			0006			0	N					◎課程開放上修			0			游美貴		六 1-6 和平 教室自排	社會福利實習（二）						0		選				30		1		
	IM89						0	0.00		社工所（碩）		SWM0006			0		3.0				115	半			Social Work Practicum (II)			0007			0	N					◎課程開放上修			0			王永慈		六 1-6 和平 教室自排	社會工作實習（二）						0		選				30		1		
	IM89						0	0.00		社工所（碩）		SWM0071			3		3.0				115	半			Special Topics on Social Policy and Social Legislation			0008			0	N					◎課程開放上修			0			王永慈		三 8-10 和平 綜602	社會政策與社會立法專題						0		選				30		1		
	SU44						20	0.40		地科系（學）		ESC9053			10		3.0				115	半			Climate Change Science and Practical Data Analysis			0009			0	N			9		◎限本系(含雙主修)、輔系修習◎限大三大四 ◎限碩一碩二碩三以上修習			0			林永富	大碩	五 7-9 公館 Ｓ407	氣候變遷科學與實務分析						0		選				50		1		
	IM89						0	0.00		社工所（碩）		SWM0086			0		3.0				115	半			Psychological Trauma and Social Work Practice			0010			0	N					◎課程開放上修			0			莊登閔		一 2-4 和平 綜603	心理創傷與社會工作實務專題						0		選				30		1		
	IM89						0	0.00		社工所（碩）		SWM0070			0		3.0				115	半			Special Topics on Social Work Supervision			0011			0	N					◎課程開放上修			0			游美貴		二 8-10 和平 綜604	社會工作督導專題						0		選				30		1		
	IM89						0	0.00		社工所（碩）		SWM0059			0		3.0				115	半			Seminar on Palliative Social Work			0012			0	N					◎課程開放上修			0			溫信學		一 A-C 和平 教101	臨終社會工作專題						0		選				30		1		
	ZU9E						0	0.00		社會與傳播應用學分學程		PGU1020			0		3.0				115	半			Introduction to Social Work </br>[ Program: The Inter-disciplinary Program of Human Services and Social Work Credit The Inter-disciplinary Program of Society and Communication Application ]			0013			0	N								0			張文		二 A-C 和平 綜603	社會工作概論 </br>[ 學分學程：人群服務與社會工作學分學程 社會與傳播應用學分學程 ]						0		必				50		1		ZU37/ZU9E
	SD44						10	0.20		地科系（博）		ESD0091			0	是	1.0				115	半	李悅寧		Seminar			0014			0	N		是			◎限本系(含雙主修)修習   ◎限博一博二博三博四博五以上修習    允許重複修 ◎課程不開放上修			0			李悅寧		二 7-8 公館 Ｓ101	專題討論						0		必				50		1		
	SM44						10	0.20		地科系（碩）		ESM0204			0	是	1.0				115	半	賴昱銘		Seminar	A		0015			0	N		是			◎限本系(含雙主修)修習  ◎限碩一碩二碩三以上修習    允許重複修 ◎課程不開放上修			0			賴昱銘		二 7-8 公館 Ｓ101	專題討論						0		必				50	本系碩士班地質組必修課程； 1. 各組同學將由該組課程之開課教師引導，進行論文導讀與介紹各自的研究，讓學生簡介其研究進度與成果，增加與教師之互動，解決學生之疑惑。 2. 定期邀請國內外地球科學領域 (包含地質、地球物理、太空、大氣、海洋等次領域) 學者專家進行專題演講，介紹其近期研究內容與結果，並進行學術討論，使學生瞭解個別領域研究的發展與趨勢。	1		
	MU90						10	0.20		音樂系（學）		MUU0309			2		2.0				115	半			Chamber Music for Piano (I)			0016			0	N					允許重複修			0			鄭怡君		一 1-2 和平 音409	鋼琴室內樂（一）						0		選				50	第一堂課需測驗器樂演奏程度	1		
	SM44						10	0.20		地科系（碩）		ESM0204			0		1.0				115	半			Seminar	B		0017			0	N		是			◎限本系(含雙主修)修習  ◎限碩一碩二碩三以上修習    允許重複修 ◎課程不開放上修			0			陳正達		二 7-8 公館 Ｓ101	專題討論						0		必				50	本系碩士班大氣組必修課程； 1. 各組同學將由該組課程之開課教師引導，進行論文導讀與介紹各自的研究，讓學生簡介其研究進度與成果，增加與教師之互動，解決學生之疑惑。  2. 定期邀請國內外地球科學領域 (包含地質、地球物理、太空、大氣、海洋等次領域) 學者專家進行專題演講，介紹其近期研究內容與結果，並進行學術討論，使學生瞭解個別領域研究的發展與趨勢。	1		
	SM44						10	0.20		地科系（碩）		ESM0204			0	是	1.0				115	半	管一政		Seminar	C		0018			0	N		是			◎限本系(含雙主修)修習  ◎限碩一碩二碩三以上修習    允許重複修 ◎課程不開放上修			0			管一政		二 7-8 公館 Ｓ101	專題討論						0		必				50	本系碩士班天文組必修課程； 1. 各組同學將由該組課程之開課教師引導，進行論文導讀與介紹各自的研究，讓學生簡介其研究進度與成果，增加與教師之互動，解決學生之疑惑。  2. 定期邀請國內外地球科學領域 (包含地質、地球物理、太空、大氣、海洋等次領域) 學者專家進行專題演講，介紹其近期研究內容與結果，並進行學術討論，使學生瞭解個別領域研究的發展與趨勢。	1		
	SM44						10	0.20		地科系（碩）		ESM0204			0	是	1.0				115	半	林永富		Seminar	E		0019			0	N		是			◎限碩一碩二碩三以上修習    允許重複修 ◎課程不開放上修			0			林永富		二 7-8 公館 Ｓ101	專題討論						0		必				50	為本系碩士班海洋組必修課程； 1. 各組同學將由該組課程之開課教師引導，進行論文導讀與介紹各自的研究，讓學生簡介其研究進度與成果，增加與教師之互動，解決學生之疑惑。  2. 定期邀請國內外地球科學領域 (包含地質、地球物理、太空、大氣、海洋等次領域) 學者專家進行專題演講，介紹其近期研究內容與結果，並進行學術討論，使學生瞭解個別領域研究的發展與趨勢。	1		
	SM44						10	0.20		地科系（碩）		ESM0204			0	是	1.0				115	半	未定		Seminar	D		0020			0	N		是			◎限本系(含雙主修)修習  ◎限碩一碩二碩三以上修習    允許重複修 ◎課程不開放上修			0			未定		二 7-8 公館 Ｓ101	專題討論						0		必				50	授課教師為林佩瑩老師；為本系碩士班地物組必修課程； 1. 各組同學將由該組課程之開課教師引導，進行論文導讀與介紹各自的研究，讓學生簡介其研究進度與成果，增加與教師之互動，解決學生之疑惑。  2. 定期邀請國內外地球科學領域 (包含地質、地球物理、太空、大氣、海洋等次領域) 學者專家進行專題演講，介紹其近期研究內容與結果，並進行學術討論，使學生瞭解個別領域研究的發展與趨勢。	1		
	SU44						10	0.20		地科系（學）		ESU0088			0		3.0				115	半			Weather Forecast and Analysis </br>[ Program: The Inter-disciplinary Program of Environmental Monitoring and Disaster Mitigation ]			0021			0	N					◎限大二大三大四修習			0			陳怡良		五 7-9 公館 Ｓ307	天氣預報與分析 </br>[ 學分學程：環境監測與防災學分學程 ]	三			3		0		選				50		1		ZU89
	LU21						5	0.11		英語系（學）		ENUE001			0		2.0				115	半			Teaching Materials and Methods : English </br>[ Program: The Inter-disciplinary Program of PASSION Quality Education in Rural Schools ]			0022			0	N					◎限本系(含雙主修)修習◎限大三大四修習     ◎限 二階生 教育學程生 不佔名額生 登記修習生 可修			0			曾俊傑		五 1-2 和平 科技系TB213教室	英語教材教法（教） </br>[ 學分學程：PASSION偏鄉優質教育學分學程 ]	三			3		0		選				45		1		ZU79
	LU21						5	0.13		英語系（學）		ENUE110			0		2.0				115	半			Teaching Practicum : English (I)			0023			0	N			1		◎限本系(含雙主修)修習◎限大四修習     ◎限 二階生 教育學程生 不佔名額生 登記修習生 可修◎必須先修過【ENUE001  英語教材教法（教）】			0			曾俊傑	甲	四 1-4 和平 製作教室B	英語教學實習（一）（教）	四			4		0		選				40	自115學年度起，取消師資生必修課程「英語教學實習（二）（教）」之規定。原「英語教學實習（二）（教）」課程內容將併入「英語教學實習（一）（教）」中，因此學生僅需修習「英語教學實習（一）（教）」即可。115學年度第2學期不開設「英語教學實習（二）（教）」，請同學自行選修其他教育實踐課程，以符合教育實踐課程至少8學分之規定。	1		
	LU21						5	0.20		英語系（學）		ENUE110			0		2.0				115	半			Teaching Practicum : English (I)			0024			0	N			2		◎限本系(含雙主修)修習◎限大四修習     ◎限 二階生 教育學程生 不佔名額生 登記修習生 可修◎必須先修過【ENUE001  英語教材教法（教）】			0			王宏均	乙	四 2-5 和平 泰順街綠能所研究室	英語教學實習（一）（教）	四			4		0		選				25	自115學年度起，取消師資生必修課程「英語教學實習（二）（教）」之規定。原「英語教學實習（二）（教）」課程內容將併入「英語教學實習（一）（教）」中，因此學生僅需修習「英語教學實習（一）（教）」即可。115學年度第2學期不開設「英語教學實習（二）（教）」，請同學自行選修其他教育實踐課程，以符合教育實踐課程至少8學分之規定。	1		
	AU30						9	0.18		體育系（學）		PEUE101			0		2.0				115	半			Teaching Materials and Methods: Physical Education			0025			0	N					◎限 二階生 教育學程生 不佔名額生 登記修習生 可修◎必須先修過【PEU3003  運動教育學】			0			施登堯		二 1-2 和平 體001	體育教材教法（教）	三			3		0		選				50		1		
	AU30						9	0.18		體育系（學）		PEUE210			0		2.0				115	半			Teaching Practicum: Physical Education (II)			0026			0	N					◎限 二階生 教育學程生 不佔名額生 登記修習生 可修◎必須先修過【PEUE209  體育教學實習（一）（教）】			0			林靜萍 楊幸鈞		五 1-4 和平 體003	體育教學實習（二）（教）	四			4		0		選				50		1		
	SM45						10	0.20		科教所（碩）		SEC0065			0		3.0				115	半			Philosophy of Science in Practice and Science Education			0027			0	N		是	8		◎課程開放上修			0			游立安	碩博	二 2-4 公館 科教大樓204	科學哲學與科學教育						0		選				50		1		
	SU51						5	0.25		營養學位學程（學）		NSU0026			0		1.0				115	半			Principles of Food Preparation			0028			0	N					◎限本系(含雙主修)修習◎限大一修習			0			沈賜川		五 6 和平 博402	食物製備原理	一			1		0		選				20	限修說明：實臉空間與設備有限，限20人。	1		
	SU51						5	0.25		營養學位學程（學）		NSU0045			0		1.0				115	半			Food Preparation Laboratory			0029			0	N					◎限本系(含雙主修)修習◎限大一修習			0			沈賜川		五 7-9 和平 博402	食物製備實驗	一			1		0		選				20	限修說明：實臉空間與設備有限，限20人。	1		
	SU51						10	0.20		營養學位學程（學）		NSU0036			0	是	1.0				115	半	洪永瀚		Basic practice in nutrition </br>[ Program: The Inter-disciplinary Program of Cultivating Seniors Service Talent in Community ]			0030			0	N					◎限本系(含雙主修)修習◎必須先修過【NSU0001  食物學】			0			洪永瀚		三 6-8 公館 Ｓ504	基礎營養實習 </br>[ 學分學程：社區高齡者服務人才培力學分學程 ]	二			2		0		選				50		1		ZU98
	SU51						10	0.20		營養學位學程（學）		NSU0046			0		2.0				115	半			Food Microbiology			0031			0	N					◎限本系(含雙主修)修習◎必須先修過【NSU0001  食物學】			0			洪永瀚		二 6-7 公館 Ｓ406	食品微生物	二			2		0		選				50		1		
	SU51						10	0.33		營養學位學程（學）		NSU0018			0		2.0				115	半			Quantity Food Preparation and Management			0032			0	N					◎限本系(含雙主修)修習◎必須先修過【NSU0026  食物製備原理】、【NSU0011  膳食計畫】			0			沈賜川		四 6-7 公館 Ｓ504	團體膳食管理	三			3		0		必				30	限修說明：實臉空間與設備有限，限30人。	1		
	SU51						10	0.33		營養學位學程（學）		NSU0019			0		1.0				115	半			Quantity Food Preparation and Management Laboratory			0033			0	N					◎限本系(含雙主修)修習◎必須先修過【NSU0011  膳食計畫】、【NSU0045  食物製備實驗】			0			沈賜川		四 2-4 公館 Ｃ005	團體膳食管理實驗	三			3		0		必				30	限修說明：實臉空間與設備有限，限30人。	1		
	SU44						10	0.20		地科系（學）		ESC0009			0		3.0				115	半			Numerical Weather Prediction			0034			0	N			9		◎限本系(含雙主修)、輔系修習◎限大三大四 ◎限碩一碩二碩三以上修習			0			徐月娟	大碩	四 7-9 公館 Ｓ407	數值天氣預報						0		選				50		1		
	SU44						10	0.20		地科系（學）		ESU0224			10		3.0				115	半			Astronomy in Taiwanese			0035			0	N					◎限大二大三大四修習			0			蔡安理		四 A-C 公館 Ｓ404	臺語天文學	二			2		0		選				50	◎臺語授課	1		
	IU89						0	0.00		社工所（學）		SWC9002			0		3.0				115	半			Global Aging			0036			0	N		是	9					0			Senjooti Roy	大碩	三 3-5 和平 綜602	全球老齡化						0		選				50		1		
	TU68						5	0.14		設計系（學）		VDU0253			0		3.0				115	半			Innovation Design (I)			0037			0	N								0			曾乙文		一 2-4 和平 設計系2B教室	創新設計（一）	二			2		0		必				35	台大,台科大學生請於開學後第一次上課時跟老師拿授權碼選課	1		
	TU68						10	0.28		設計系（學）		VDU0211			0		2.0				115	半			Interior Design Drawing </br>[ Program: The Inter-disciplinary Program of Interior Design Profession ]			0038			0	N								0			劉大章		二 1-2 和平 設計系2A教室	室內設計圖學 </br>[ 學分學程：室內設計學分學程 ]	二			2		0		選				35	台大,台科大學生請於開學後第一次上課時跟老師拿授權碼選課    授課教師:劉大章助理教授級專業技術人員	1		ZU9O
	TU68						5	0.14		設計系（學）		VDC9013			0		3.0				115	半			Interior Design (I) </br>[ Program: The Inter-disciplinary Program of Interior Design Profession ]			0039			0	N		是	9		◎必須先修過(也可以同時修)【VDU0070  基礎設計（一）】			0			長友大輔	大碩	二 3-5 和平 設計系2B教室	室內設計（一） </br>[ 學分學程：室內設計學分學程 ]						0		選				35	台大,台科大學生請於開學後第一次上課時跟老師拿授權碼選課	1		ZU9O
	TU68						5	0.14		設計系（學）		VDU0192			0		3.0				115	半			Product Design (I)			0040			0	N					◎必須先修過(也可以同時修)【VDU0070  基礎設計（一）】			0			鄧建國		二 6-8 和平 設計系2B教室	產品設計（一）	二			2		0		必				35	台大,台科大學生請於開學後第一次上課時跟老師拿授權碼選課	1		
	TU68						5	0.14		設計系（學）		VDU0275			0		3.0				115	半			Computer-Aided Interior Design			0041			0	N					◎必須先修過(也可以同時修)【VDU0263  基礎模型製作（一）】			0			趙昱		二 A-C 和平 設計系2B教室	電腦輔助室內設計						0		選				35	台大,台科大學生請於開學後第一次上課時跟老師拿授權碼選課    授課教師:趙昱講師	1		
	TU68						5	0.14		設計系（學）		VDU0218			0		2.0				115	半			Digital Modeling			0042			0	N								0			黃浩瑜		三 6-7 和平 設計系3B教室	數位建模	二			2		0		選				35	台大,台科大學生請於開學後第一次上課時跟老師拿授權碼選課    授課教師:黃浩瑜講師	1		
	TU68						5	0.14		設計系（學）		VDU0080			0		2.0				115	半			Typography (I)			0043			0	N					◎必須先修過【VDU0019  電腦繪圖】			0			林玠里		三 6-7 和平 設計系2B教室	字體設計（一）	二			2		0		必				35	台大,台科大學生請於開學後第一次上課時跟老師拿授權碼選課    授課教師:林玠里講師	1		
	TU68						5	0.14		設計系（學）		VDU0246			0		2.0				115	半			Sketching and Drawing Method (I)			0044			0	N					◎必須先修過(也可以同時修)【VDU0019  電腦繪圖】			0			林玠里		三 8-9 和平 設計系2B教室	表現技法（一）	二			2		0		選				35	台大,台科大學生請於開學後第一次上課時跟老師拿授權碼選課    授課教師:林玠里講師	1		
	TU68						5	0.14		設計系（學）		VDU0206			0		2.0				115	半			Media Design (I) </br>[ Program: The Inter-disciplinary Program of AI Digital Art ]			0045			0	N					◎必須先修過【VDU0019  電腦繪圖】			0			李文閣		二 5-6 和平 設計系6A教室	媒體設計（一） </br>[ 學分學程：AI與數位藝術學分學程 ]	二			2		0		必				35	台大,台科大學生請於開學後第一次上課時跟老師拿授權碼選課    授課教師:林家華副教授	1		ZU63
	TU68						5	0.14		設計系（學）		VDU0200			0		3.0				115	半			Visual Communication Design (I)			0046			0	N					◎必須先修過【VDU0019  電腦繪圖】			0			施令紅		四 6-8 和平 綜914	視覺傳達設計（一）	二			2		0		必				35	台大,台科大學生請於開學後第一次上課時跟老師拿授權碼選課	1		
	TU68						5	0.14		設計系（學）		VDU0248			0		3.0				115	半			Product Design Presentation Techniques (I)			0047			0	N								0			周育潤		五 2-4 和平 設計系2B教室	產品表現技法（一）	二			2		0		必				35	台大,台科大學生請於開學後第一次上課時跟老師拿授權碼選課    授課教師:周育潤助理教授級專業技術人員	1		
	TU68						10	0.28		設計系（學）		VDU0224			0		2.0				115	半			Printmaking and Design			0048			0	N								0			李延祥		五 9-10 和平 綜914	版畫設計	二			2		0		選				35		1		
	TU68						10	0.28		設計系（學）		VDU0177			0		2.0				115	半			Photography			0049			0	N								0			陳漢元		六 3-4 和平 設計系2A教室	攝影	二			2		0		選				35	台大,台科大學生請於開學後第一次上課時跟老師拿授權碼選課    授課教師:陳漢元講師	1		
	TU68						5	0.14		設計系（學）		VDU0181			0		2.0				115	半			3d Animation (I) </br>[ Program: The Inter-disciplinary Program of Metaverse Narrative The Inter-disciplinary Program of AI Digital Art ]			0050			0	N								0			呂奇駿		一 3-4 和平 設計系3B教室	３Ｄ動畫創作（一） </br>[ 學分學程：AI暨元宇宙敘事學分學程 AI與數位藝術學分學程 ]	三			3		0		選				35	台大,台科大學生請於開學後第一次上課時跟老師拿授權碼選課    授課教師:呂奇駿講師	1		ZU48/ZU63
	TU68						5	0.14		設計系（學）		VDU0228			0		2.0				115	半			Animation Script Writing			0051			0	N								0			呂奇駿		一 5-6 和平 設計系3B教室	動畫劇本創作	三			3		0		選				35	台大,台科大學生請於開學後第一次上課時跟老師拿授權碼選課    授課教師:呂奇駿講師	1		
	TU68						10	0.28		設計系（學）		VDU0157			0		2.0				115	半			Construction Drawing </br>[ Program: The Inter-disciplinary Program of Interior Design Profession ]			0052			0	N								0			劉大章		二 3-4 和平 設計系2A教室	施工圖 </br>[ 學分學程：室內設計學分學程 ]	三			3		0		選				35	台大,台科大學生請於開學後第一次上課時跟老師拿授權碼選課    授課教師:劉大章助理教授級專業技術人員	1		ZU9O
	TU68						5	0.14		設計系（學）		VDU0187			0		3.0				115	半			Motion Graphic Design (I) </br>[ Program: The Inter-disciplinary Program of AI Digital Art ]			0053			0	N								0			李文閣		二 2-4 和平 設計系3B教室	動態平面設計（一） </br>[ 學分學程：AI與數位藝術學分學程 ]	三			3		0		選				35	台大,台科大學生請於開學後第一次上課時跟老師拿授權碼選課    授課教師:李文閣講師	1		ZU63
	TU68						5	0.14		設計系（學）		VDU0232			0		6.0				115	半			Advanced Product Design (I)			0054			0	N								0			梁桂嘉 王千睿		二 6-8 和平 設計系3B教室, 五 2-4 和平 綜914	進階產品設計（一）	三			3		0		必				35		1		
	TU68						10	0.29		設計系（學）		VDC9005			0		2.0				115	半			Commercial Space Design (I)			0055			0	N		是	9		◎必須先修過【VDU0197  室內設計（二）】			0			長友大輔	大碩	二 9-10 和平 設計系2A教室	商業空間設計（一）						0		選				35	台大,台科大學生請於開學後第一次上課時跟老師拿授權碼選課	1		
	TU68						5	0.14		設計系（學）		VDU0104			0		2.0				115	半			Advertising Design (I)			0056			0	N		是						0			黃莉庭		三 6-7 和平 綜914	廣告設計（一）	三			3		0		必				35	台大,台科大學生請於開學後第一次上課時跟老師拿授權碼選課	1		
	TU68						5	0.14		設計系（學）		VDU0271			0		2.0				115	半			Infographics and Interface Design			0057			0	N					◎必須先修過【VDU0200  視覺傳達設計（一）】			0			廖偉民		三 8-9 和平 設計系6A教室	資訊圖表設計	三			3		0		選				35	台大,台科大學生請於開學後第一次上課時跟老師拿授權碼選課	1		
	TU68						5	0.14		設計系（學）		VDU0137			0		2.0				115	半			Visual Identity System (I)			0060			0	N					◎必須先修過【VDU0200  視覺傳達設計（一）】			0			林俊良		四 6-7 和平 設計系3B教室	視覺識別系統（一）	三			3		0		選				35	台大,台科大學生請於開學後第一次上課時跟老師拿授權碼選課	1		
	TU68						5	0.14		設計系（學）		VDU0152			0		3.0				115	半			Product Analysis			0061			0	N								0			周育潤		五 6-8 和平 設計系3B教室	產品分析	三			3		0		選				35	台大,台科大學生請於開學後第一次上課時跟老師拿授權碼選課    授課教師:周育潤助理教授級專業技術人員	1		
	TU68						5	0.14		設計系（學）		VDU0179			0		3.0				115	半			Graduate Work: Design (I)	A		0062			0	N								0			黃莉庭		二 7-9 和平 設計系3A教室	設計畢業製作（一）	四			4		0		必				35		1		
	TU68						5	0.14		設計系（學）		VDU0179			0		3.0				115	半			Graduate Work: Design (I)	B		0063			0	N								0			蘇瀚		二 7-9 和平 設計系3C教室	設計畢業製作（一）	四			4		0		必				35		1		
	TU68						10	0.20		設計系（學）		VDU0257			0		2.0				115	半			Strategic Brand			0064			0	N					◎必須先修過(也可以同時修)【VDU0179  設計畢業製作（一）】			0			王千睿		四 6-7 和平 設計系3A教室	品牌策略	四			4		0		必				50		1		
	TU68						5	0.14		設計系（學）		VDC9007			0		2.0				115	半			Digital Media Integration Design (I) </br>[ Program: The Inter-disciplinary Program of Metaverse Narrative The Inter-disciplinary Program of AI Digital Art ]			0065			0	N		是	9					0			黃心健	大碩	一 6-7 和平 綜1001	數位媒材整合設計（一） </br>[ 學分學程：AI暨元宇宙敘事學分學程 AI與數位藝術學分學程 ]						0		選				35	台大,台科大學生請於開學後第一次上課時跟老師拿授權碼選課	1		ZU48/ZU63
	S						10	0.20		理學院		S0C9002			5		3.0				115	半			Advanced PC Cluster Architectures for Scientific Computing			0066			0	N		是	9					0			林俊鈺	大碩	五 7-9 公館 Ｓ305	先進電腦叢集架構與科學計算實作						0		選				50		1		
	EU						10	0.20		師培學院		00UE074			0		2.0				115	半			Learning Assessment	C		0067			0	N					◎限 一階生 二階生 教育學程生 不佔名額生 登記修習生 資優教育學程生 國小教育學程生 國小不佔名額生 可修			0			未定		一 9-10 公館 Ｓ502	學習評量（教）						0		選				50		1		
	EU						10	0.20		師培學院		00UE074			0		2.0				115	半			Learning Assessment	D		0068			0	N					◎限 一階生 二階生 教育學程生 不佔名額生 登記修習生 資優教育學程生 國小教育學程生 國小不佔名額生 可修			0			未定		一 A-B 公館 Ｓ502	學習評量（教）						0		選				50		1		
	EM15						10	0.33		圖資所（碩）		ISC0410			3		3.0				115	半			Studies in Management of Information Service Organizations			0069			0	N			8		◎課程開放上修			0			謝建成	碩博	五 2-4 和平 教1011	資訊服務機構管理研究						0		選				30		1		
	TM60						10	0.33		美術系（碩）		ATC8002			2		3.0				115	半			Special Topics on Photography and Media Art in Taiwan			0070			0	N			8		◎限本系(含雙主修)修習 ◎課程不開放上修			0			孫松榮	碩博	四 6-8 和平 美405	臺灣近當代影像藝術專題研究						0		選				30	授課老師:孫松榮	1		
	LU21						10	0.33		英語系（學）		ENU0168			0		3.0				115	半			English (I) </br>[ Program: The Inter-disciplinary Program of Technology-assisted Teaching Industry ]	A		0071			0	N		是			◎限本系(含雙主修)修習◎限大一修習			0			謝妙玲		一 2-4 和平 製作教室B	英文（一） </br>[ 學分學程：科技化教學產業學分學程 ]	一			1		0		必				30		1		ZU47
	LU21						10	0.33		英語系（學）		ENU0168			0		3.0				115	半			English (I) </br>[ Program: The Inter-disciplinary Program of Technology-assisted Teaching Industry ]	B		0072			0	N		是			◎限本系(含雙主修)修習◎限大一修習			0			多德		一 2-4 和平 科技系TB212教室	英文（一） </br>[ 學分學程：科技化教學產業學分學程 ]	一			1		0		必				30		1		ZU47
	LU21						10	0.33		英語系（學）		ENU0168			0		3.0				115	半			English (I) </br>[ Program: The Inter-disciplinary Program of Technology-assisted Teaching Industry ]	C		0073			0	N		是			◎限本系(含雙主修)修習◎限大一修習			0			多德		二 6-8 和平 科技系TB212教室	英文（一） </br>[ 學分學程：科技化教學產業學分學程 ]	一			1		0		必				30		1		ZU47
	LU21						1	0.05		英語系（學）		ENU0237			0		2.0				115	半			Guided Writing (I)	A		0074			0	N		是			◎限本系(含雙主修)、輔系修習◎限大一修習			0			陳純音		五 6-7 和平 科技系TB213教室	寫作指導（一）	一			1		0		必				20	建議修習輔系第一年時選修	1		
	LU21						1	0.05		英語系（學）		ENU0237			0		2.0				115	半			Guided Writing (I)	B		0075			0	N		是			◎限本系(含雙主修)、輔系修習◎限大一修習			0			陳正賢		五 6-7 和平 圖傳系一般教室	寫作指導（一）	一			1		0		必				20	建議修習輔系第一年時選修	1		
	LU21						1	0.05		英語系（學）		ENU0237			0		2.0				115	半			Guided Writing (I)	C		0076			0	N		是			◎限本系(含雙主修)、輔系修習◎限大一修習			0			羅美蘭		五 6-7 和平 製作教室B	寫作指導（一）	一			1		0		必				20	建議修習輔系第一年時選修	1		
	LU21						1	0.05		英語系（學）		ENU0237			0		2.0				115	半			Guided Writing (I)	D		0077			0	N		是			◎限本系(含雙主修)、輔系修習◎限大一修習			0			蘇子中		五 6-7 和平 研討五	寫作指導（一）	一			1		0		必				20	建議修習輔系第一年時選修	1		
	LU21						1	0.05		英語系（學）		ENU0237			0		2.0				115	半			Guided Writing (I)	E		0078			0	N		是			◎限本系(含雙主修)、輔系修習◎限大一修習			0			謝妙玲		五 6-7 和平 研討一	寫作指導（一）	一			1		0		必				20	建議修習輔系第一年時選修	1		
	LU21						1	0.05		英語系（學）		ENU0237			0		2.0				115	半			Guided Writing (I)	F		0079			0	N		是			◎限本系(含雙主修)、輔系修習◎限大一修習			0			陳浩然		一 8-9 和平 製作教室B	寫作指導（一）	一			1		0		必				20	建議修習輔系第一年時選修	1		
	LU21						1	0.05		英語系（學）		ENU0237			0		2.0				115	半			Guided Writing (I)	G		0080			0	N		是			◎限本系(含雙主修)、輔系修習◎限大一修習			0			吳育潔		一 8-9 和平 圖傳系一般教室	寫作指導（一）	一			1		0		必				20	建議修習輔系第一年時選修	1		
	LU21						10	0.20		英語系（學）		ENU0257			0		2.0				115	半			Approaches to Literary Works (I) </br>[ Program: The Inter-disciplinary Program of Technology-assisted Teaching Industry ]	A		0081			0	N		是			◎限本系(含雙主修)、輔系修習◎限大一修習			0			曾思旭		三 6-7 和平 工401	文學作品導讀（一） </br>[ 學分學程：科技化教學產業學分學程 ]	一			1		0		必				50	建議修習輔系第二年以後選修	1		ZU47
	LU21						2	0.04		英語系（學）		ENU0257			0		2.0				115	半			Approaches to Literary Works (I) </br>[ Program: The Inter-disciplinary Program of Technology-assisted Teaching Industry ]	B		0082			0	N		是			◎限本系(含雙主修)、輔系修習◎限大一修習			0			邵毓娟		三 6-7 和平 科技系TB213教室	文學作品導讀（一） </br>[ 學分學程：科技化教學產業學分學程 ]	一			1		0		必				45	建議修習輔系第二年以後選修	1		ZU47
	LU21						10	0.20		英語系（學）		ENU0257			0		2.0				115	半			Approaches to Literary Works (I) </br>[ Program: The Inter-disciplinary Program of Technology-assisted Teaching Industry ]	C		0083			0	N		是			◎限本系(含雙主修)、輔系修習◎限大一修習			0			李秀娟		三 8-9 和平 工401	文學作品導讀（一） </br>[ 學分學程：科技化教學產業學分學程 ]	一			1		0		必				50	建議修習輔系第二年以後選修	1		ZU47
	LU21						10	0.40		英語系（學）		ENU0269			0		2.0				115	半			English Conversation (I) </br>[ Program: The EMI Specialization Program of English Communication and Critical Thinking ]	A		0084			0	N		是			◎限本系(含雙主修)、輔系修習◎限大一修習			0			多德		四 6-7 和平 研討五	英語會話（一） </br>[ 學分學程：英語表達、思辨與溝通專業學分學程 ]	一			1		0		必				25	建議修習輔系第一年時選修	1		ZU6S
	HU71						0	0.00		科技系（學）		ITU0156			0	是	1.0				115	半	簡佑宏 蔡其瑞		Capstone Projects (II) </br>[ Program: The Inter-disciplinary Program of STEM Innovation and Practices ]	A		0085			0	N					◎限本系(含雙主修)修習◎限大四修習			0			簡佑宏 蔡其瑞		五 C-D 和平 科技系TC504教室	專題製作（二） </br>[ 學分學程：理工創新與實作學分學程 ]	四			4		0		必				50	本系學生請依指導老師選課，外系勿選。	1		ZU62
	LU21						10	0.40		英語系（學）		ENU0269			0		2.0				115	半			English Conversation (I) </br>[ Program: The EMI Specialization Program of English Communication and Critical Thinking ]	B		0086			0	N		是			◎限本系(含雙主修)、輔系修習◎限大一修習			0			常紹如		四 6-7 和平 製作教室B	英語會話（一） </br>[ 學分學程：英語表達、思辨與溝通專業學分學程 ]	一			1		0		必				25	建議修習輔系第一年時選修	1		ZU6S
	LU21						1	0.04		英語系（學）		ENU0269			0		2.0				115	半			English Conversation (I) </br>[ Program: The EMI Specialization Program of English Communication and Critical Thinking ]	C		0087			0	N		是			◎限本系(含雙主修)、輔系修習◎限大一修習			0			柯衣凡		四 8-9 和平 國語中心603	英語會話（一） </br>[ 學分學程：英語表達、思辨與溝通專業學分學程 ]	一			1		0		必				25	建議修習輔系第一年時選修	1		ZU6S
	LU21						10	0.40		英語系（學）		ENU0269			0		2.0				115	半			English Conversation (I) </br>[ Program: The EMI Specialization Program of English Communication and Critical Thinking ]	D		0088			0	N		是			◎限本系(含雙主修)、輔系修習◎限大一修習			0			常紹如		四 8-9 和平 製作教室B	英語會話（一） </br>[ 學分學程：英語表達、思辨與溝通專業學分學程 ]	一			1		0		必				25	建議修習輔系第一年時選修	1		ZU6S
	LU21						10	0.40		英語系（學）		ENU0269			0		2.0				115	半			English Conversation (I) </br>[ Program: The EMI Specialization Program of English Communication and Critical Thinking ]	E		0089			0	N		是			◎限本系(含雙主修)、輔系修習◎限大一修習			0			多德		五 1-2 和平 圖傳系一般教室	英語會話（一） </br>[ 學分學程：英語表達、思辨與溝通專業學分學程 ]	一			1		0		必				25	建議修習輔系第一年時選修	1		ZU6S
	LU21						10	0.40		英語系（學）		ENU0269			0		2.0				115	半			English Conversation (I) </br>[ Program: The EMI Specialization Program of English Communication and Critical Thinking ]	F		0090			0	N		是			◎限本系(含雙主修)、輔系修習◎限大一修習			0			多德		五 3-4 和平 圖傳系一般教室	英語會話（一） </br>[ 學分學程：英語表達、思辨與溝通專業學分學程 ]	一			1		0		必				25	建議修習輔系第一年時選修	1		ZU6S
	LU21						2	0.10		英語系（學）		ENU0281			0		2.0				115	半			English Pronunciation (I)	A		0091			0	N		是			◎限本系(含雙主修)修習◎限大一修習			0			陳正賢		四 3-4 和平 雲202	英語發音（一）	一			1		0		選				20		1		
	LU21						0	0.00		英語系（學）		ENU0281			0		2.0				115	半			English Pronunciation (I)	B		0092			0	N		是			◎限本系(含雙主修)修習◎限大一修習			0			林至誠		四 3-4 和平 科技系TB312教室	英語發音（一）	一			1		0		選				20		1		
	LU21						5	0.25		英語系（學）		ENU0281			0		2.0				115	半			English Pronunciation (I)	C		0093			0	N		是			◎限本系(含雙主修)修習◎限大一修習			0			張妙霞		四 3-4 和平 泰順街AI所研究室	英語發音（一）	一			1		0		選				20		1		
	LU21						0	0.00		英語系（學）		ENU0281			0		2.0				115	半			English Pronunciation (I)	D		0094			0	N		是			◎限本系(含雙主修)修習◎限大一修習			0			羅美蘭		五 3-4 和平 科技系TB312教室	英語發音（一）	一			1		0		選				20		1		
	LU21						2	0.05		英語系（學）		ENU0279			0		2.0				115	半			Basic Aural-Oral Training in English (I)			0095			0	N		是	1		◎限本系(含雙主修)修習◎限大一修習			0			許月貴	甲	一 6-7 和平 科技系TB212教室	英語聽講（一）	一			1		0		選				40		1		
	LU21						10	0.25		英語系（學）		ENU0279			0		2.0				115	半			Basic Aural-Oral Training in English (I)			0096			0	N		是	2		◎限本系(含雙主修)修習◎限大一修習			0			吳靜蘭	乙	一 6-7 和平 科技系TB213教室	英語聽講（一）	一			1		0		選				40		1		
	LU21						10	0.20		英語系（學）		ENU6024			0		3.0				115	半			English Phonetics </br>[ Program: The Inter-disciplinary Program of Technology-assisted Teaching Industry The Specialization Program of Linguistics ]			0097			0	N		是			◎限本系(含雙主修)修習◎限大一修習			0			林蕙珊		二 2-4 和平 工401	英語語音學 </br>[ 學分學程：科技化教學產業學分學程 語言科學專業學分學程 ]	一			1		0		必				50		1		ZU47/ZU6Q
	MU90						10	0.20		音樂系（學）		MUC9017			0		2.0				115	半			The Interpretation of French Songs (I)			0098			0	N			9					0			林孟君	大碩	五 6-7 和平 音樂系演奏廳	法文藝術歌曲詮釋（一）						0		選				50		1		
	HD71						3	0.10		科技系（博）		ITD0019			3		3.0				115	半			Special Topics in Adult Learning Theory			0099			0	N					◎限本系(含雙主修)修習 ◎課程開放上修			0			張基成		五 7-9 和平 科技系TA513教室	成人學習理論專題研究						0		選				30		1		
	LU21						2	0.04		英語系（學）		ENU0150			0		2.0				115	半			Introduction to TEFL </br>[ Program: The Inter-disciplinary Program of Technology-assisted Teaching Industry ]	A		0100			0	N		是			◎限本系(含雙主修)、輔系修習◎限大二大三大四修習			0			李宜倩		四 5-6 和平 綜913	英語教學概論 </br>[ 學分學程：科技化教學產業學分學程 ]	二			2		0		必				48	建議修習輔系第一年時選修	1		ZU47
	LU21						10	0.20		英語系（學）		ENU0150			0		2.0				115	半			Introduction to TEFL </br>[ Program: The Inter-disciplinary Program of Technology-assisted Teaching Industry ]	B		0101			0	N		是			◎限本系(含雙主修)、輔系修習◎限大二大三大四修習			0			羅美蘭		一 6-7 和平 工401	英語教學概論 </br>[ 學分學程：科技化教學產業學分學程 ]	二			2		0		必				50	建議修習輔系第一年時選修	1		ZU47
	LU25						4	0.16		翻譯所（學）		TIC9006			1		3.0				115	半			Interpreting (II) </br>[ Program: The Inter-disciplinary Program of Translation and Interpretation ]			0102			0	N			9		◎必須先修過【TIC9005  中英口譯（一）】			0			詹柏勻	大碩	一 2-4 和平 博403	中英口譯（二） </br>[ 學分學程：中英翻譯學分學程 ]						0		選				25		1		ZU65
	HU71						5	0.17		科技系（學）		ITC9014			0		3.0				115	半			Studies in Technology and Engineering Education for Elementary Schools			0103			0	N			9		◎限本系(含雙主修)修習◎限大四 ◎限碩一碩二修習			0			張玉山	大碩	二 6-8 和平 科技系TD301教室	小學科技與工程教育研究						0		選				30		1		
	LU21						10	0.20		英語系（學）		ENU0150			0		2.0				115	半			Introduction to TEFL </br>[ Program: The Inter-disciplinary Program of Technology-assisted Teaching Industry ]	C		0104			0	N		是			◎限本系(含雙主修)、輔系修習◎限大二大三大四修習			0			劉宇挺		一 6-7 和平 科工學院會議室	英語教學概論 </br>[ 學分學程：科技化教學產業學分學程 ]	二			2		0		必				50	建議修習輔系第一年時選修	1		ZU47
	LU25						4	0.16		翻譯所（學）		TIC9003			1		3.0				115	半			Translation (II) </br>[ Program: The Inter-disciplinary Program of Translation and Interpretation ]			0105			0	N			9		◎必須先修過【TIC9002  中英筆譯（一）】			0			朱雯琪	大碩	五 6-8 和平 博403	中英筆譯（二） </br>[ 學分學程：中英翻譯學分學程 ]						0		選				25		1		ZU65
	HU71						5	0.14		科技系（學）		ITU0005			0		3.0				115	半			Basic Design </br>[ Program: The Specialization Program of Design and Technology ]			0106			0	N			1		◎限本系(含雙主修)修習◎限大一◎限甲班修習			0			簡佑宏	甲	二 7-9 和平 科技系TB310教室	基本設計 </br>[ 學分學程：設計與科技專業學分學程 ]	一			1		0		必				35		1		ZU8S
	HU71						5	0.14		科技系（學）		ITU2080			0		3.0				115	半			Products Design </br>[ Program: The Inter-disciplinary Program of STEM Innovation and Practices The Specialization Program of Design and Technology ]			0107			0	N					◎限本系(含雙主修)修習◎限大三修習			0			簡佑宏		四 2-4 和平 科技系TB310教室	產品設計 </br>[ 學分學程：理工創新與實作學分學程 設計與科技專業學分學程 ]	三			3		0		選				35	設科組優先選課	1		ZU62/ZU8S
	LM21						10	0.33		英語系（碩）		ENC1117			0		3.0				115	半			Readings in British and American Literary History			0108			0	N		是	8		◎課程不開放上修			0			楊志偉	碩博	一 2-4 和平 雲203	英美文學史選讀						0		選				30	The classroom is located on the 2nd floor of the Yunhe Building (Address: No. 1, Yunhe Street). Students from other departments or universities will need to apply for building access.	1		
	LM21						10	0.33		英語系（碩）		ENM1060			0		2.0				115	半			Research Practices of Literature and Cultural Studies (I)			0110			0	N		是			◎必須先修過【ENM1058  英文寫作與研究方法（二）】 ◎課程不開放上修			0			李秀娟		二 7-8 和平 雲203	文學與文化研究實作專題（一）						0		選				30	The classroom is located on the 2nd floor of the Yunhe Building (Address: No. 1, Yunhe Street). Students from other departments or universities will need to apply for building access.	1		
	LU21						2	0.04		英語系（學）		ENU0205			1		3.0				115	半			Classical Roots in English </br>[ Program: The Specialization Program of Linguistics ]			0111			0	N		是						0			陳乃嫻		一 2-4 和平 科技系TB213教室	英語字根研究 </br>[ 學分學程：語言科學專業學分學程 ]	二			2		0		選				45		1		ZU6Q
	LM25						10	0.20		翻譯所（碩）		TIM0088			0		2.0				115	半			Introduction to Translation & Interpretation			0112			0	N					◎限本系(含雙主修)修習 ◎課程不開放上修			0			廖柏森		一 6-7 和平 博403	口筆譯入門	一			1		0		必				50		1		
	LM21						10	0.33		英語系（碩）		ENC1022			2		3.0				115	半			Contemporary Western Drama			0113			0	N		是	8		◎課程不開放上修			0			戴宇呈	碩博	三 3-5 和平 雲203	當代西方戲劇						0		選				30	The classroom is located on the 2nd floor of the Yunhe Building (Address: No. 1, Yunhe Street). Students from other departments or universities will need to apply for building access.	1		
	HM71						3	0.10		科技系（碩）		ITM0082			0		3.0				115	半			Studies in Trends in Network Technology			0114			0	N					◎限本系(含雙主修)修習 ◎課程不開放上修			0			蕭顯勝		二 7-9 和平 科技系TA509教室	網路科技趨勢研究						0		選				30		1		
	LM21						10	0.33		英語系（碩）		ENC1011			1		3.0				115	半			Major 20th-Century American Authors			0115			0	N		是	8		◎課程不開放上修			0			高瑪麗	碩博	三 7-9 和平 雲203	二十世紀美國重要作家						0		選				30	The classroom is located on the 2nd floor of the Yunhe Building (Address: No. 1, Yunhe Street). Students from other departments or universities will need to apply for building access.	1		
	LU21						2	0.07		英語系（學）		ENU0265			0		2.0				115	半			Beginning Japanese (I)	A		0116			0	N								0			井郁子		一 3-4 和平 圖傳系一般教室	初級日文（一）	二			2		0		選				30		1		
	HD71						3	0.10		科技系（博）		ITD0036			0		3.0				115	半			Special Topics on E-learning Technology			0118			0	N					◎限本系(含雙主修)修習 ◎課程不開放上修			0			蕭顯勝		四 7-9 和平 科技系TB211教室	網路教學科技專題研究						0		選				30		1		
	LM21						10	0.33		英語系（碩）		ENM1057			0		2.0				115	半			English Writing and Research Methods (I)			0119			0	N		是			◎課程不開放上修			0			戴宇呈		四 6-7 和平 雲203	英文寫作與研究方法（一）						0		必				30	The classroom is located on the 2nd floor of the Yunhe Building (Address: No. 1, Yunhe Street). Students from other departments or universities will need to apply for building access.	1		
	LU21						10	0.33		英語系（學）		ENU0265			0		2.0				115	半			Beginning Japanese (I)	B		0120			0	N								0			井郁子		三 8-9 和平 科技系TB213教室	初級日文（一）	二			2		0		選				30		1		
	LD21						10	0.33		英語系（博）		END1026			2		3.0				115	半			Special Topics in Contemporary Theory (I)			0121			0	N		是			◎課程不開放上修			0			黃涵榆		五 2-4 和平 雲203	當代理論專題研究（一）						0		選				30	The classroom is located on the 2nd floor of the Yunhe Building (Address: No. 1, Yunhe Street). Students from other departments or universities will need to apply for building access.	1		
	HD71						5	0.17		科技系（博）		ITD0010			0		3.0				115	半			Research Methodology			0122			0	N					◎限本系(含雙主修)修習   ◎限博一修習 ◎課程不開放上修			0			張基成		五 2-4 和平 科技系TA513教室	研究方法論						0		必				30		1		
	HU71						5	0.14		科技系（學）		ITU0028			0		3.0				115	半			Image Processing </br>[ Program: The Inter-disciplinary Program of AI Digital Art ]			0123			0	N			2		◎限本系(含雙主修)修習◎限大一◎限乙班修習			0			張玉山	乙	四 2-4 和平 綜1001	電腦影像處理 </br>[ 學分學程：AI與數位藝術學分學程 ]	一			1		0		必				35		1		ZU63
	LM25						10	0.33		翻譯所（碩）		TIC8002			0		3.0				115	半			Translation Workshop: English into Chinese			0124			0	N			8		◎限本系(含雙主修)、外籍生修習 ◎課程不開放上修			0			賴慈芸	碩博	一 8-10 和平 博403	翻譯工作坊（英譯中）						0		選				30		1		
	LU21						5	0.11		英語系（學）		ENU0335			0		3.0				115	半			Language and Society </br>[ Program: The EMI Specialization Program of English Communication and Critical Thinking The Specialization Program of Linguistics ]			0125			0	N		是						0			蘇席瑤		二 6-8 和平 科技系TB213教室	語言與社會 </br>[ 學分學程：英語表達、思辨與溝通專業學分學程 語言科學專業學分學程 ]	二			2		0		選				45		1		ZU6Q/ZU6S
	HU71						5	0.17		科技系（學）		ITUE210			0		2.0				115	半			Teaching Practicum: Living Technology(I)			0126			0	N					◎限本系(含雙主修)修習◎限大三修習     ◎限 二階生 教育學程生 不佔名額生 登記修習生 可修			0			張玉山		一 7-10 和平 科技系TD301教室	生活科技科教學實習（一）（教）	三			3		0		選				30	師資生優先選課	1		
	LM25						5	0.23		翻譯所（碩）		TIC0029			3		3.0				115	半			Studies of Translation & Interpretation Industries			0127			0	N			8		◎課程不開放上修			0			陳子瑋	碩博	一 2-4 和平 博408	翻譯產業研究						0		選				22		1		
	LM21						10	0.33		英語系（碩）		ENC2066			0		3.0				115	半			Advanced Phonetics			0128			0	N		是	8		◎課程不開放上修			0			甯俐馨	碩博	一 3-5 和平 雲202	高級語音學						0		選				30	The classroom is located on the 2nd floor of the Yunhe Building (Address: No. 1, Yunhe Street). Students from other departments or universities will need to apply for building access.	1		
	LU21						5	0.20		英語系（學）		ENU0253			0		2.0				115	半			Beginning French (I)			0129			0	N								0			李曉芸		二 8-9 和平 泰順街AI所研究室	初級法文（一）	二			2		0		選				25		1		
	LM21						10	0.33		英語系（碩）		ENC2052			2		3.0				115	半			First Language Acquisition			0130			0	N		是	8		◎課程不開放上修			0			陳純音	碩博	一 7-9 和平 雲202	第一語言習得						0		選				30	The classroom is located on the 2nd floor of the Yunhe Building (Address: No. 1, Yunhe Street). Students from other departments or universities will need to apply for building access.	1		
	LU21						2	0.11		英語系（學）		ENU0352			0		2.0				115	半			Literary and Cultural Representations of Taiji </br>[ Program: The Specialization Program of Literary and Cultural Studies ]			0131			0	N		是						0			蘇榕		三 3-4 和平 科技系TB312教室	文學與文化中的太極 </br>[ 學分學程：文學與文化研究專業學分學程 ]	二			2		0		選				18		1		ZU6O
	LM21						10	0.33		英語系（碩）		ENC2010			2		3.0				115	半			Comparartive Study of Mandarin Syntax and Taiwanese Syntax			0132			0	N		是	8		◎課程不開放上修			0			謝妙玲	碩博	二 2-4 和平 雲202	國語閩南語句法比較分析						0		選				30	The classroom is located on the 2nd floor of the Yunhe Building (Address: No. 1, Yunhe Street). Students from other departments or universities will need to apply for building access.	1		
	LU21						2	0.11		英語系（學）		ENU0348			0		3.0				115	半			Practical Syntax: Basic English Syntax for Second Language Learners </br>[ Program: The Specialization Program of Linguistics ]			0133			0	N		是						0			颯楊		三 6-8 和平 科技系TB312教室	應用句法學：第二語言學習者的英語基礎句法 </br>[ 學分學程：語言科學專業學分學程 ]	二			2		0		選				18		1		ZU6Q
	LM21						10	0.33		英語系（碩）		ENM2002			0		3.0				115	半			Phonology			0135			0	N		是			◎課程不開放上修			0			林蕙珊		二 5-7 和平 雲202	音韻學						0		必				30	The classroom is located on the 2nd floor of the Yunhe Building (Address: No. 1, Yunhe Street). Students from other departments or universities will need to apply for building access.	1		
	LU21						10	0.40		英語系（學）		ENU0283			0		2.0				115	半			Intermediate Aural-Oral Training in English (I)	A		0136			0	N		是			◎限本系(含雙主修)修習◎必須先修過【ENU0279  英語聽講（一）】、【ENU0280  英語聽講（二）】			0			曾於萱		二 3-4 和平 研討五	中級英語聽講（一）	二			2		0		必				25		1		
	LM21						10	0.33		英語系（碩）		ENC2064			0		3.0				115	半			Discourse and Text Analysis			0137			0	N		是	8		◎課程不開放上修			0			張妙霞	碩博	三 2-4 和平 雲202	言談及語篇分析						0		選				30	The classroom is located on the 2nd floor of the Yunhe Building (Address: No. 1, Yunhe Street). Students from other departments or universities will need to apply for building access.	1		
	LM21						10	0.33		英語系（碩）		ENM2021			1		3.0				115	半			Semantics			0138			0	N		是			◎課程不開放上修			0			李臻儀		三 7-9 和平 雲202	語意學						0		選				30	The classroom is located on the 2nd floor of the Yunhe Building (Address: No. 1, Yunhe Street). Students from other departments or universities will need to apply for building access.	1		
	LM25						5	0.23		翻譯所（碩）		TIM1043			0		3.0				115	半			Advanced Translation (Chinese into English)			0139			0	N					◎限本系(含雙主修)修習 ◎課程不開放上修			0			朱雯琪		五 2-4 和平 博403	進階筆譯（中譯英）	二			2		0		選				22		1		
	LU21						2	0.11		英語系（學）		ENU0283			0		2.0				115	半			Intermediate Aural-Oral Training in English (I)	B		0140			0	N		是			◎限本系(含雙主修)修習◎必須先修過【ENU0279  英語聽講（一）】、【ENU0280  英語聽講（二）】			0			曾於萱		四 1-2 和平 科技系TB312教室	中級英語聽講（一）	二			2		0		必				18		1		
	LD21						10	0.33		英語系（博）		END2033			0		3.0				115	半			Seminar on Phonetics			0141			0	N		是			◎課程不開放上修			0			甯俐馨		四 3-5 和平 教室自排	語音學專題討論						0		選				30	The classroom is located on the 2nd floor of the Yunhe Building (Address: No. 1, Yunhe Street). Students from other departments or universities will need to apply for building access.	1		
	LM21						10	0.33		英語系（碩）		ENC2041			0		3.0				115	半			Psycholinguistics			0142			0	N		是	8		◎課程不開放上修			0			颯楊	碩博	四 7-9 和平 雲202	心理語言學						0		選				30	The classroom is located on the 2nd floor of the Yunhe Building (Address: No. 1, Yunhe Street). Students from other departments or universities will need to apply for building access.	1		
	LM25						10	0.20		翻譯所（碩）		TIC8027			3		3.0				115	半			Translation Technology (I) : Corpus Construction			0143			0	N			8		◎課程開放上修			0			徐嘉煜	碩博	三 2-4 和平 博403	翻譯科技（一）：語料庫建置						0		選				50		1		
	LM21						10	0.33		英語系（碩）		ENC2055			3		3.0				115	半			Introduction to Programming Languages for Linguistic Analysis			0144			0	N		是	8		◎課程不開放上修			0			陳正賢	碩博	五 2-4 和平 雲201	程式語言用於語言分析之導論						0		選				30	The classroom is located on the 2nd floor of the Yunhe Building (Address: No. 1, Yunhe Street). Students from other departments or universities will need to apply for building access.	1		
	LM21						10	0.33		英語系（碩）		ENM2027			0		3.0				115	半			Research Methods and Academic Writing			0145			0	N		是			◎必須先修過(也可以同時修)【ENM2002  音韻學】、【ENM2004  句法學】其中一門 ◎課程不開放上修			0			吳曉虹		五 7-9 和平 雲202	研究方法與論文寫作						0		必				30	The classroom is located on the 2nd floor of the Yunhe Building (Address: No. 1, Yunhe Street). Students from other departments or universities will need to apply for building access.	1		
	LU21						10	0.20		英語系（學）		ENU6025			0		3.0				115	半			Grammar & Rhetoric </br>[ Program: The Inter-disciplinary Program of Technology-assisted Teaching Industry ]	A		0146			0	N		是			◎限本系(含雙主修)、輔系修習			0			丁仁		五 3-5 和平 工401	文法與修辭 </br>[ 學分學程：科技化教學產業學分學程 ]	二			2		0		必				50		1		ZU47
	HU71						0	0.00		科技系（學）		ITU0156			0	是	1.0				115	半	張玉山 許庭嘉 丁玉良		Capstone Projects (II) </br>[ Program: The Inter-disciplinary Program of STEM Innovation and Practices ]	D		0147			0	N					◎限本系(含雙主修)修習◎限大四修習			0			張玉山 許庭嘉 丁玉良		五 C-D 和平 科技系TC411教室	專題製作（二） </br>[ 學分學程：理工創新與實作學分學程 ]	四			4		0		必				50	本系學生請依指導老師選課，外系勿選。	1		ZU62
	A						5	0.10		運休學院		A0U0002			5		2.0				115	半			Introduction to Leadership </br>[ Program: The Inter-disciplinary Program of Club Members Leadership And Empowerment Cultivation The Inter-disciplinary Program of Sports Leadership The Inter-disciplinary Program of Sports Leadership ]			0148			0	N					◎初選 運動領導學分學程 研究生得下修			0			張琪		四 1-2 和平 體003	領導概論 </br>[ 學分學程：社團人專業領導培力學分學程 運動領導學分學程 運動領導學分學程 ]						0		選				50		1		ZU9Q/ZU9W
	AD30						10	0.20		體育系（博）		PED0009			0		3.0				115	半			Special Topics in Leisure Education </br>[ Program: The Inter-disciplinary Program of Cultivating Seniors Service Talent in Community ]			0149			0	N					◎課程開放上修			0			張少熙		四 8-10 和平 體002	休閒教育專題研究 </br>[ 學分學程：社區高齡者服務人才培力學分學程 ]						0		選				50		1		ZU98
	AD30						10	0.20		體育系（博）		PED0012			0		3.0				115	半			Topics in Sport Science			0150			0	N					◎課程開放上修			0			張育愷		五 2-4 和平 體001	運動科學特論						0		必				50		1		
	AD30						10	0.20		體育系（博）		PED0066			0		3.0				115	半			Special Topics in Physical Education Teaching			0151			0	N					◎課程開放上修			0			施登堯		四 7-9 和平 教室自排	體育教學專題研究						0		選				50	第1週上課地點：體育館3F產經學群研究室；第2~16週上課地點：體育館2F體育室會議室	1		
	AD30						10	0.20		體育系（博）		PED0074			0		3.0				115	半			Topics on Instrumentations in Sports Biomechanics			0152			0	N					◎課程開放上修			0			張家豪		四 2-4 公館 研001	運動生物力學儀器特論						0		選				50		1		
	AD31						10	0.33		休旅所（博）		SRD0001			0		3.0				115	半			Qualitative Methodology			0153			0	N					◎課程不開放上修			0			林伯修 湯添進		四 7-9 和平 綜603	質性研究法						0		必				30		1		
	AD31						0	0.00		休旅所（博）		SRD0010			3		3.0				115	半			Studies in Research Paper and Its Submission to Journals			0154			0	N					◎課程不開放上修			0			王國欽		四 2-4 和平 綜603	期刊投稿研究						0		選				30		1		
	AD31						0	0.00		休旅所（博）		SRD0024			0		1.0				115	半			Seminar on Sport, Leisure, and Hospitality Management			0155			0	N					◎限本系(含雙主修)修習   允許重複修 ◎必須先修過【SRD0001  質性研究法】、【SRD0002  量化研究法】其中一門 ◎課程不開放上修			0			林儷蓉		四 C 和平 綜509國際會議廳	運動休閒與餐旅管理專題討論						0		必				30		1		
	AM30						10	0.20		體育系（碩）		PEM0005			0		3.0				115	半			Research on Teaching Physical Education			0156			0	N					◎課程開放上修			0			林靜萍		四 2-4 和平 體001	體育教學研究						0		選				50		1		
	AM30						10	0.20		體育系（碩）		PEM0020			0		3.0				115	半			Studies in Philosophy of Sport			0157			0	N					◎課程開放上修			0			林慶宏		一 2-4 和平 體002	運動哲學研究						0		選				50		1		
	AM30						10	0.20		體育系（碩）		PEM0024			0		3.0				115	半			Statistics and Experimental Design(I)			0158			0	N					◎課程開放上修			0			季力康		一 9-A 和平 教402	統計與實驗設計（一）						0		必				50		1		
	AM30						10	0.20		體育系（碩）		PEM0027			0		3.0				115	半			Research Methodology	A		0159			0	N					◎課程開放上修			0			程瑞福		二 2-4 和平 體002	研究法						0		必				50		1		
	AM30						10	0.20		體育系（碩）		PEM0027			0		3.0				115	半			Research Methodology	B		0160			0	N					◎課程開放上修			0			洪聰敏		二 2-4 和平 體003	研究法						0		必				50		1		
	AM30						10	0.20		體育系（碩）		PEM0033			0		3.0				115	半			Seminar in Sport  Management			0161			0	N					◎課程開放上修			0			張琪		四 7-9 和平 體001	運動管理學研究						0		選				50		1		
	AM30						10	0.20		體育系（碩）		PEM0074			0		3.0				115	半			Studies in Sprot Sociology			0162			0	N					◎課程開放上修			0			湯添進		四 2-4 和平 體002	運動社會學研究						0		選				50		1		
	AM30						10	0.20		體育系（碩）		PEM0108			0		3.0				115	半			Studies in Teacher Education- Physical Education			0163			0	N		是			◎課程開放上修			0			掌慶維		二 7-9 和平 體001	體育師資培育研究						0		選				50		1		
	AM30						10	0.20		體育系（碩）		PEC0016			0		3.0				115	半			Special Topics on Sport and Legal Issues			0164			0	N			8		◎課程開放上修			0			陳慶鴻	碩博	五 2-4 和平 體002	運動與法律問題專題研究						0		選				50		1		
	AM30						10	0.20		體育系（碩）		PEC0031			0		3.0				115	半			Qualitative Research Methods in Physical Education			0165			0	N			8		◎課程開放上修			0			闕月清	碩博	二 A-C 和平 體003	質的體育研究法						0		選				50		1		
	AM30						10	0.20		體育系（碩）		PEC0039			0		3.0				115	半			Special Topics in Exercise Energy Metabolism			0166			0	N		是	8		◎課程開放上修			0			陳勇志	碩博	五 6-8 公館 研001	運動能量代謝專題研究						0		選				50		1		
	AM30						10	0.20		體育系（碩）		PEC0050			0		3.0				115	半			Special Topics in Electromyographic Analysis			0167			0	N			8		◎課程開放上修			0			李恆儒	碩博	二 7-9 公館 體育館二3樓視聽教室	肌電圖分析專題研究						0		選				50		1		
	AM30						10	0.20		體育系（碩）		PEC0092			0		3.0				115	半			Special Topics in Adapted Physical Education			0168			0	N		是	8		◎課程開放上修			0			潘正宸	碩博	一 2-4 和平 體003	適應體育專題研究						0		選				50		1		
	AM30						10	0.20		體育系（碩）		PEC0103			0		3.0				115	半			Biomechanics of Skeletal System			0169			0	N		是	8		◎課程開放上修			0			黃昱倫	碩博	五 2-4 和平 體育館一2樓會議室	骨骼系統生物力學						0		選				50		1		
	AM30						10	0.20		體育系（碩）		PEC0104			3		3.0				115	半			Analytical Studies in Sport Sciences			0170			0	N		是	8		◎課程開放上修			0			Philip X. Fuchs	碩博	三 8-10 和平 體002	運動科學文獻分析						0		選				50		1		
	AM30						10	0.20		體育系（碩）		PEC0107			0		3.0				115	半			Studies in Sport Experience			0171			0	N			8		◎課程開放上修			0			石明宗	碩博	五 3-5 公館 體育館二3樓視聽教室	運動經驗研究						0		選				50		1		
	AM30						10	0.20		體育系（碩）		PEC0118			0		3.0				115	半			Special Topics on Physical Activity Psychology			0172			0	N			8		◎課程開放上修			0			張育愷	碩博	一 7-9 和平 體002	身體活動心理學專題研究						0		選				50		1		
	AM30						10	0.20		體育系（碩）		PEC0121			0		3.0				115	半			Special Topics on Sport Psychophysiology			0173			0	N			8		◎課程開放上修			0			洪聰敏	碩博	三 2-4 和平 體002	競技運動心生理學專題研究						0		選				50		1		
	AM30						10	0.20		體育系（碩）		PEC0125			3		3.0				115	半			Advanced Sport Biomechanics			0174			0	N			8		◎課程開放上修			0			黃長福	碩博	五 6-8 公館 體育館二3樓視聽教室	高級運動生物力學						0		選				50		1		
	AM30						10	0.33		體育系（碩）		PEC0128			3		3.0				115	半			Research of Applied Mechanics in Biomechanics			0175			0	N		是	8		◎課程開放上修			0			Philip X. Fuchs	碩博	四 6-8 公館 體育館二3樓視聽教室	應用生物力學研究						0		選				30		1		
	AM30						10	0.20		體育系（碩）		PEC0131			0		3.0				115	半			Advanced Exercise Physiology (Including Experiments)			0176			0	N			8		◎課程開放上修			0			徐孟達	碩博	二 6-A 公館 研001	高級運動生理學（含實驗）						0		選				50		1		
	AM30						10	0.20		體育系（碩）		PEC0133			0		3.0				115	半			Research on Physical Fitness and Exercise Prescription			0177			0	N			8		◎課程開放上修			0			陳勇志	碩博	三 2-4 公館 研001	體適能與運動處方專題研究						0		選				50		1		
	AM30						10	0.20		體育系（碩）		PEC0143			3		3.0				115	半			Studies in Sport Psychology			0178			0	N			8		◎課程開放上修			0			季力康	碩博	四 7-9 和平 體003	競技運動心理學研究						0		選				50		1		
	AM30						10	0.20		體育系（碩）		PEC8002			0		3.0				115	半			Sports History: Studies and Practices			0179			0	N			8		◎課程開放上修			0			林玫君	碩博	二 A-C 和平 體002	體育運動史學研究與實務						0		選				50		1		
	AM31						5	0.13		休旅所（碩）		SRM0005			0		3.0				115	半			Financial Management of Sport and Leisure			0180			0	N					◎課程不開放上修			0			朱文增		一 7-9 和平 綜604	運動與休閒財務管理						0		選				40		1		
	AM31						10	0.33		休旅所（碩）		SRM0010			3		3.0				115	半			Studies in Strategic Management in Hospitality			0181			0	N					◎課程開放上修			0			王國欽		二 2-4 和平 綜604	餐旅策略管理研究						0		選				30		1		
	AM31						0	0.00		休旅所（碩）		SRM0011			0		3.0				115	半			Research Methodology			0182			0	N					◎限本系(含雙主修)修習 ◎課程不開放上修			0			廖邕		五 7-9 和平 綜604	研究法						0		必				45		1		
	AM31						0	0.00		休旅所（碩）		SRM0018			0		3.0				115	半			Leisure Psychology and Behavioral Studies			0183			0	N					◎課程不開放上修			0			林儷蓉		二 7-9 和平 綜603	休閒心理與行為						0		選				30		1		
	AM31						5	0.17		休旅所（碩）		SRM0034			5		3.0				115	半			Leisure and Community Development			0184			0	N					◎課程開放上修			0			李晶		四 6-8 和平 綜604	休閒與社區發展						0		選				30		1		
	AM31						5	0.17		休旅所（碩）		SRM0073			2		3.0				115	半			Studies and Practices in Sport Tourism			0185			0	N					◎課程開放上修			0			林伯修		五 3-5 和平 綜604	運動觀光研究與實作						0		選				30		1		
	AM31						0	0.00		休旅所（碩）		SRC0012			0		3.0				115	半			Studies in Comprehensive Therapeutic Recreation Services </br>[ Program: The Inter-disciplinary Program of Cultivating Seniors Service Talent in Community ]			0186			0	N			8		◎課程不開放上修			0			林儷蓉	碩博	二 2-4 和平 綜603	休閒治療綜合方案研究 </br>[ 學分學程：社區高齡者服務人才培力學分學程 ]						0		選				30		1		ZU98
	AM31						0	0.00		休旅所（碩）		SRC0015			0		3.0				115	半			Contemporary Issues for the Hospitality and Tourism Industry </br>[ Program: The EMI Inter-disciplinary Program of Environmental Humanities ]			0187			0	N		是	8		◎課程不開放上修			0			雷芷卉	碩博	三 7-9 和平 綜603	餐旅業當代議題 </br>[ 學分學程：環境人文全英語學分學程 ]						0		選				30		1		ZU38
	AM31						1	0.03		休旅所（碩）		SRC8009			0		3.0				115	半			Studies in Hospitality Consumer Behavior			0188			0	N		是	8		◎課程不開放上修			0			雷芷卉	碩博	三 2-4 和平 綜603	餐旅消費者行為研究						0		選				30		1		
	AM31						10	0.33		休旅所（碩）		SRM0030			5		3.0				115	半			Advanced Statistics	A		0189			0	N					◎課程不開放上修			0			朱文增		一 2-4 和平 綜604	高級統計學	一			1		0		必				30		1		
	AM31						8	0.27		休旅所（碩）		SRM0030			1		3.0				115	半			Advanced Statistics	B		0190			0	N					◎課程開放上修			0			方進義		一 3-5 和平 教403	高級統計學	一			1		0		必				30		1		
	AM31						0	0.00		休旅所（碩）		SRM0003			0		1.0				115	半			Seminar on Sport, Leisure and Hospitality Management (II)			0191			0	N					◎限本系(含雙主修)修習 ◎課程不開放上修			0			林伯修		四 B 和平 綜509國際會議廳	運動休閒與餐旅管理專題討論（二）	二			2		0		必				50		1		
	AM32						10	0.20		競技系（碩）		FPM0002			0		3.0				115	半			Research Method of Competitive Sports			0192			0	N					◎課程開放上修			0			蔡於儒 石明宗		四 2-4 公館 研003	競技運動研究法						0		選				50		1		
	AM32						10	0.20		競技系（碩）		FPM0003			0		3.0				115	半			Studies in Sports Training			0193			0	N					◎課程開放上修			0			劉有德		五 2-4 公館 研003	運動訓練學研究						0		必				50		1		
	AM32						10	0.20		競技系（碩）		FPM0011			0		3.0				115	半			Management in Sport Competition			0194			0	N					◎課程開放上修			0			李建興		一 5-7 公館 研001	運動競賽管理學						0		選				50		1		
	AM32						10	0.20		競技系（碩）		FPM0020			0		3.0				115	半			Exercise Physiology of Training			0195			0	N					◎課程開放上修			0			鄭景峰		三 2-4 公館 體育館二3樓視聽教室	訓練運動生理學						0		選				50		1		
	AM32						10	0.20		競技系（碩）		FPM0021			0		2.0				115	半			Practice of Sports Conditioning Training (I)			0196			0	N					◎課程開放上修			0			李佳融		一 8-9 公館 體育館二3樓會議室	運動體能訓練實作（一）						0		必				50		1		
	AM32						10	0.20		競技系（碩）		FPM0023			0		2.0				115	半			Practice of Sports Skill Training (I)			0197			0	N					◎課程開放上修			0			李佳融		二 8-9 公館 體育館二3樓會議室	運動技能訓練實作（一）						0		必				50		1		
	AM32						10	0.20		競技系（碩）		FPM0028			0		3.0				115	半			Research Methods in Exercise and Sport Science			0198			0	N					◎課程開放上修			0			鄭景峰		二 6-8 公館 研003	運動科學研究法						0		必				50		1		
	AM32						10	0.20		競技系（碩）		FPM0037			0		3.0				115	半			Postural and Motor Control			0199			0	N					◎課程開放上修			0			劉有德		三 2-4 公館 研003	姿勢與運動控制						0		選				50		1		
	AM32						10	0.20		競技系（碩）		FPM0046			0		3.0				115	半			Intermediate Sport Biomechanics			0200			0	N					◎課程開放上修			0			李恆儒		一 6-8 公館 體育館二3樓視聽教室	中級運動生物力學						0		選				50		1		
	AM32						10	0.20		競技系（碩）		FPM0055			0		1.0				115	半			Exercise & Sport Science Seminar (II)			0201			0	N					◎課程開放上修			0			鄭景峰		四 5 公館 研001	運動科學專題報告（二）						0		必				50		1		
	AM32						3	0.08		競技系（碩）		FPM0064			0		3.0				115	半			Biostatistics and Experimental Design			0202			0	N		是			◎課程開放上修			0			利安琪		三 6-8 公館 理圖802	生物統計與實驗設計						0		必				37		1		
	AM32						10	0.20		競技系（碩）		FPM0067			0		3.0				115	半			Test and Evaluation in Exercise Biochemistry and Physiology			0203			0	N					◎課程開放上修			0			何仁育		二 2-4 公館 研001	運動生化與生理測量評估						0		選				50		1		
	AOD						0	0.00		國防教育		ADU0001			2		0.0				115	半			All-Out Defense Education Military Training-International Situations			0204			0	N								0			於仁鋒		二 1-2 和平 綜210展覽廳	全民國防教育軍事訓練－國際情勢						0		選				60	於仁鋒	1		
	AOD						0	0.00		國防教育		ADU0002			2		0.0				115	半			All-Out Defense Education Military Training-National Defense Policies	A		0205			0	N								0			侯昭原		四 1-2 公館 理圖001	全民國防教育軍事訓練－國防政策						0		選				60	侯昭原	1		
	AOD						0	0.00		國防教育		ADU0002			2		0.0				115	半			All-Out Defense Education Military Training-National Defense Policies	B		0206			0	N								0			侯昭原		四 3-4 公館 理圖001	全民國防教育軍事訓練－國防政策						0		選				60	侯昭原	1		
	AOD						0	0.00		國防教育		ADU0004			2		0.0				115	半			All-Out Defense Education Military Training-Defense Mobilization	A		0207			0	N								0			劉麗君		三 6-7 公館 Ｅ102	全民國防教育軍事訓練－防衛動員						0		選				60	劉麗君	1		
	AOD						0	0.00		國防教育		ADU0004			2		0.0				115	半			All-Out Defense Education Military Training-Defense Mobilization	B		0208			0	N								0			劉麗君		三 8-9 公館 Ｅ102	全民國防教育軍事訓練－防衛動員						0		選				60	劉麗君	1		
	AOD						0	0.00		國防教育		ADU0005			2		0.0				115	半			All-Out Defense Education Military Training-Defense Technology	A		0209			0	N								0			於仁鋒		四 1-2 和平 國語中心504演講廳	全民國防教育軍事訓練－國防科技						0		選				60	於仁鋒	1		
	AOD						0	0.00		國防教育		ADU0005			2		0.0				115	半			All-Out Defense Education Military Training-Defense Technology	B		0210			0	N								0			於仁鋒		一 1-2 公館 理圖002	全民國防教育軍事訓練－國防科技						0		選				60	於仁鋒	1		
	AU30						3	0.08		體育系（學）		PEC0145			0		3.0				115	半			Big Data and Visualization in Sports </br>[ Program: The Inter-disciplinary  Program of Sports Technology The Specialization Program of the Sports Industry Manager The Inter-disciplinary Program of Sports Industry Management ]			0211			0	N			9					0			蔣旭政	大碩	二 7-9 和平 教403	運動大數據與視覺化 </br>[ 學分學程：運動科技學分學程 運動產業經理人專業學分學程 運動產業經營管理學分學程 ]						0		選				37		1		ZU33/ZU39/ZU6F
	AU30						10	0.20		體育系（學）		PEC9004			0		2.0				115	半			Athletic Training Practicum (I)			0212			0	N			9		◎必須先修過【PEU0067  運動傷害與防護】、【PEU0292  運動貼紮與臨床實作】、【PEU0294  運動推拿指壓學】、【PEU0295  基礎儀器治療學】、【PEU0296  運動傷害評估學】、【PEU0297  運動治療學】			0			黃昱倫	大碩	三 A-B 和平 體002	運動防護實習（一）						0		選				50		1		
	AU30						10	0.13		體育系（學）		PEU0003			0		2.0				115	半			Principles of Physical Education			0213			0	N					◎限大一修習			0			程瑞福		二 8-9 和平 金牌講堂	體育學原理	一			1		0		必				75		1		
	AU30						10	0.20		體育系（學）		PEU0193			0		2.0				115	半			Human Anatomy and Physiology </br>[ Program: The Inter-disciplinary  Program of Sports Technology The Inter-disciplinary Program of Strength and Conditioning The Specialization Program of Exercise and Health Instruction The Specialization Program of Athletic Training The Inter-disciplinary Program of Injury Prevention and Athletic Training ]	A		0214			0	N					◎限大一修習			0			王宏豪		四 3-4 和平 金牌講堂	人體解剖生理學 </br>[ 學分學程：運動科技學分學程 肌力與體能訓練學分學程 運動健康指導專業學分學程 運動防護專業學分學程 運動傷害防護學分學程 ]	一			1		0		必				50		1		ZU39/ZU52/ZU6E/ZU6G/ZU73
	AU30						10	0.20		體育系（學）		PEU0193			0		2.0				115	半			Human Anatomy and Physiology </br>[ Program: The Inter-disciplinary  Program of Sports Technology The Inter-disciplinary Program of Strength and Conditioning The Specialization Program of Exercise and Health Instruction The Specialization Program of Athletic Training The Inter-disciplinary Program of Injury Prevention and Athletic Training ]	B		0215			0	N					◎限大一修習			0			王宏豪		四 6-7 和平 金牌講堂	人體解剖生理學 </br>[ 學分學程：運動科技學分學程 肌力與體能訓練學分學程 運動健康指導專業學分學程 運動防護專業學分學程 運動傷害防護學分學程 ]	一			1		0		必				50		1		ZU39/ZU52/ZU6E/ZU6G/ZU73
	AU30						10	0.20		體育系（學）		PEU0254			0		2.0				115	半			Baseball (Softball) (I)	F		0216			0	N	F				◎限女生修 ◎限大一修習			0			潘慈惠		一 3-4 公館 操場二	棒（壘）球（一）	一			1		0		選				50		1		
	AU30						10	0.20		體育系（學）		PEU0254			0		2.0				115	半			Baseball (Softball) (I)	M		0217			0	N	M				◎限男生修 ◎限大一修習			0			黃輝榮		二 3-4 公館 操場二	棒（壘）球（一）	一			1		0		選				50		1		
	AU30						10	0.20		體育系（學）		PEU0263			0		2.0				115	半			Swimming (I)	F		0218			0	N	F				◎限女生修 ◎限大一修習			0			未定		三 6-7 和平 游泳館1F大泳池	游泳（一）	一			1		0		必				50		1		
	AU30						10	0.20		體育系（學）		PEU0263			0		2.0				115	半			Swimming (I)	M		0219			0	N	M				◎限男生修 ◎限大一修習			0			未定		五 6-7 和平 游泳館1F大泳池	游泳（一）	一			1		0		必				50		1		
	AU30						10	0.20		體育系（學）		PEU0269			0		2.0				115	半			Table Tennis (I)	F		0220			0	N	F				◎限女生修 ◎限大一修習			0			林靜萍		二 6-7 和平 桌球室	桌球（一）	一			1		0		選				50		1		
	AU30						10	0.20		體育系（學）		PEU0269			0		2.0				115	半			Table Tennis (I)	M		0221			0	N	M				◎限男生修 ◎限大一修習			0			王傑賢		一 6-7 和平 桌球室	桌球（一）	一			1		0		選				50		1		
	AU30						10	0.20		體育系（學）		PEU0274			0		2.0				115	半			Gymnastics (I)	F		0222			0	N	F				◎限女生修 ◎限大一修習			0			張琪		二 3-4 和平 體操房	體操（一）	一			1		0		選				50		1		
	AU30						10	0.20		體育系（學）		PEU0274			0		2.0				115	半			Gymnastics (I)	M		0223			0	N	M				◎限男生修 ◎限大一修習			0			張琪		一 3-4 和平 體操房	體操（一）	一			1		0		選				50		1		
	AU30						10	0.20		體育系（學）		PEU0277			0		2.0				115	半			Track and Field (I)	F		0224			0	N	F				◎限女生修 ◎限大一修習			0			林淑惠		一 6-7 和平 操場一	田徑（一）	一			1		0		選				50		1		
	AU30						10	0.20		體育系（學）		PEU0277			0		2.0				115	半			Track and Field (I)	M		0225			0	N	M				◎限男生修 ◎限大一修習			0			詹俊成		四 8-9 和平 操場一	田徑（一）	一			1		0		選				50		1		
	AU30						10	0.13		體育系（學）		PEU0015			0		2.0				115	半			Sport Physiology </br>[ Program: The Inter-disciplinary Program of Strength and Conditioning The Specialization Program of Exercise and Health Instruction The Specialization Program of Athletic Training The Specialization Program of Sports Sciences The Inter-disciplinary Program of Injury Prevention and Athletic Training ]			0226			0	N								0			王鶴森		一 3-4 和平 金牌講堂	運動生理學 </br>[ 學分學程：肌力與體能訓練學分學程 運動健康指導專業學分學程 運動防護專業學分學程 運動科學專業學分學程 運動傷害防護學分學程 ]	二			2		0		必				80		1		ZU52/ZU6E/ZU6G/ZU73/ZU8R
	AU30						10	0.14		體育系（學）		PEU0067			3		2.0				115	半			Sport Injury and Prevention </br>[ Program: The Inter-disciplinary Program of Outdoor Adventure Leadership The Specialization Program of Exercise and Health Instruction The Specialization Program of Athletic Training The Inter-disciplinary Program of Injury Prevention and Athletic Training The Inter-disciplinary Program of Cultivating Seniors Service Talent in Community ]			0227			0	N								0			黃昱倫		一 8-9 和平 金牌講堂	運動傷害與防護 </br>[ 學分學程：戶外探索領導學分學程 運動健康指導專業學分學程 運動防護專業學分學程 運動傷害防護學分學程 社區高齡者服務人才培力學分學程 ]	二			2		0		選				70		1		ZU66/ZU6E/ZU6G/ZU73/ZU98
	AU30						10	0.20		體育系（學）		PEU0081			3		2.0				115	半			Handball (I)			0228			0	N								0			黃欽永		二 8-9 和平 體育館一4F	手球（一）	二			2		0		選				50		1		
	AU30						10	0.20		體育系（學）		PEU0190			0		2.0				115	半			Motor Learning			0230			0	N								0			梁嘉音		一 6-7 和平 體001	運動技能學習	二			2		0		選				50		1		
	AU30						10	0.20		體育系（學）		PEU0239			0		2.0				115	半			Water Safety and Life Saving (I)			0231			0	N								0			簡浚哲		三 6-7 和平 游泳館1F大泳池	水上安全與救生（一）	二			2		0		選				50		1		
	AU30						10	0.20		體育系（學）		PEU0245			0		2.0				115	半			Basketball (I)	F		0232			0	N	F				◎限女生修			0			掌慶維		四 6-7 和平 體育館一4F	籃球（一）	二			2		0		選				50		1		
	AU30						10	0.20		體育系（學）		PEU0245			0		2.0				115	半			Basketball (I)	M		0233			0	N	M				◎限男生修			0			掌慶維		四 3-4 和平 體育館一4F	籃球（一）	二			2		0		選				50		1		
	AU30						10	0.20		體育系（學）		PEU0248			0		2.0				115	半			Volleyball (I)	F		0234			0	N	F				◎限女生修			0			良財		二 3-4 和平 體育館一4F	排球（一）	二			2		0		選				50		1		
	AU30						10	0.20		體育系（學）		PEU0248			0		2.0				115	半			Volleyball (I)	M		0235			0	N	M				◎限男生修			0			良財		二 1-2 和平 體育館一4F	排球（一）	二			2		0		選				50		1		
	AU30						10	0.20		體育系（學）		PEU0257			0		2.0				115	半			Tennis (I)	F		0236			0	N	F				◎限女生修			0			陳勇志		四 3-4 公館 網球場二	網球（一）	二			2		0		選				50		1		
	AU30						10	0.20		體育系（學）		PEU0257			0		2.0				115	半			Tennis (I)	M		0237			0	N	M				◎限男生修			0			陳勇志		四 6-7 公館 網球場二	網球（一）	二			2		0		選				50		1		
	AU30						10	0.20		體育系（學）		PEU0260			0		2.0				115	半			Wu-Shu (I)	F		0238			0	N	F				◎限女生修			0			張育愷		二 1-2 和平 武術房一	武術（一）	二			2		0		選				50		1		
	AU30						10	0.20		體育系（學）		PEU0260			0		2.0				115	半			Wu-Shu (I)	M		0239			0	N	M				◎限男生修			0			張育愷		二 3-4 和平 武術房一	武術（一）	二			2		0		選				50		1		
	AU30						10	0.20		體育系（學）		PEU0266			0		2.0				115	半			Badminton (I)	F		0240			0	N	F				◎限女生修			0			潘光敏		五 6-7 和平 體育館一4F	羽球（一）	二			2		0		選				50		1		
	AU30						10	0.20		體育系（學）		PEU0266			0		2.0				115	半			Badminton (I)	M		0241			0	N	M				◎限男生修			0			蔡虔祿		五 3-4 和平 體育館一4F	羽球（一）	二			2		0		選				50		1		
	AU30						10	0.20		體育系（學）		PEU0272			0		2.0				115	半			Dancing (I)			0242			0	N								0			沈淑貞		一 6-7 和平 大韻律教室	舞蹈（一）	二			2		0		選				50		1		
	AU30						10	0.20		體育系（學）		PEU0282			0		2.0				115	半			Physical Fitness and Exercise Prescription </br>[ Program: The Inter-disciplinary Program of Strength and Conditioning The Specialization Program of Exercise and Health Instruction The Inter-disciplinary Program of Cultivating Seniors Service Talent in Community ]			0243			0	N								0			方進隆		三 8-9 和平 體003	體適能與運動處方 </br>[ 學分學程：肌力與體能訓練學分學程 運動健康指導專業學分學程 社區高齡者服務人才培力學分學程 ]	二			2		0		選				50		1		ZU52/ZU6E/ZU98
	AU30						10	0.20		體育系（學）		PEU0292			3		2.0				115	半			Athletic Taping and Clinical Application </br>[ Program: The Specialization Program of Athletic Training The Inter-disciplinary Program of Injury Prevention and Athletic Training ]			0244			0	N		是						0			黃昱倫		三 3-4 和平 體003	運動貼紮與臨床實作 </br>[ 學分學程：運動防護專業學分學程 運動傷害防護學分學程 ]	二			2		0		選				50		1		ZU6G/ZU73
	AU30						10	0.20		體育系（學）		PEU0303			3		2.0				115	半			Judo			0245			0	N								0			黃國恩		三 6-7 和平 武術房一	柔道	二			2		0		選				50		1		
	AU30						10	0.20		體育系（學）		PEU0313			0		2.0				115	半			Clinical Anatomy and Kinesiology </br>[ Program: The Specialization Program of Athletic Training ]			0246			0	N					◎必須先修過【PEU0193  人體解剖生理學】			0			陳又萍		五 A-B 和平 體003	臨床解剖肌動學 </br>[ 學分學程：運動防護專業學分學程 ]	二			2		0		選				50		1		ZU6G
	AU30						10	0.14		體育系（學）		PEU4020			0		2.0				115	半			Administration and Management of Physical Education </br>[ Program: The Specialization Program of the Sports Industry Manager The Inter-disciplinary Program of Sports Leadership The Inter-disciplinary Program of Sports Industry Management ]			0247			0	N								0			詹俊成		二 6-7 和平 金牌講堂	體育行政與管理 </br>[ 學分學程：運動產業經理人專業學分學程 運動領導學分學程 運動產業經營管理學分學程 ]	二			2		0		必				70		1		ZU33/ZU6F/ZU9W
	AU30						10	0.20		體育系（學）		PEU0034			0		2.0				115	半			Sports Technique Analysis </br>[ Program: The Inter-disciplinary  Program of Sports Technology ]			0248			0	N								0			蔡虔祿		五 6-7 和平 體002	運動技術分析 </br>[ 學分學程：運動科技學分學程 ]	三			3		0		選				50		1		ZU39
	AU30						10	0.20		體育系（學）		PEU0062			0		2.0				115	半			Applied Sport Psychology			0249			0	N		是						0			洪聰敏		二 8-9 和平 體003	應用運動心理學	三			3		0		選				50		1		
	AU30						10	0.20		體育系（學）		PEU0121			0		2.0				115	半			Chinese Folk Sport (I)			0250			0	N								0			麥秀英 李宗翰		五 3-4 和平 武術房一	民俗運動（一）	三			3		0		選				50		1		
	AU30						10	0.20		體育系（學）		PEU0201			0		1.0				115	半			Sport Specialty Training (I)			0251			0	N								0			張育愷		二 10 和平 體001	運動專長訓練（一）	三			3		0		選				50		1		
	AU30						10	0.20		體育系（學）		PEU0212			0		2.0				115	半			Tests and Assessment in Physical Education			0252			0	N								0			施登堯		一 3-4 和平 體001	體育測驗與評量	三			3		0		選				50		1		
	AU30						10	0.20		體育系（學）		PEU0244			0		2.0				115	半			Track and Field (III)			0253			0	N					◎必須先修過【PEU0243  田徑（二）】			0			林淑惠		一 8-9 和平 操場一	田徑（三）	三			3		0		選				50		1		
	AU30						10	0.20		體育系（學）		PEU0247			0		2.0				115	半			Basketball (III)			0254			0	N					◎必須先修過【PEU0246  籃球（二）】			0			施登堯		一 1-2 和平 體育館一4F	籃球（三）	三			3		0		選				50		1		
	AU30						10	0.20		體育系（學）		PEU0250			0		2.0				115	半			Volleyball (III)			0255			0	N					◎必須先修過【PEU0249  排球（二）】			0			張文		一 6-7 和平 體育館一4F	排球（三）	三			3		0		選				50		1		
	AU30						10	0.20		體育系（學）		PEU0256			0		2.0				115	半			Baseball (Softball) (III)			0256			0	N					◎必須先修過【PEU0255  棒（壘）球（二）】			0			陳妙怡		三 6-7 公館 操場二	棒（壘）球（三）	三			3		0		選				50		1		
	AU30						10	0.20		體育系（學）		PEU0268			0		2.0				115	半			Badminton (III)			0257			0	N					◎必須先修過【PEU0267  羽球（二）】			0			徐孟達		四 1-2 和平 體育館一4F	羽球（三）	三			3		0		選				50		1		
	AU30						10	0.20		體育系（學）		PEU0271			0		2.0				115	半			Table Tennis (III)			0258			0	N					◎必須先修過【PEU0270  桌球（二）】			0			林慶宏		四 6-7 和平 桌球室	桌球（三）	三			3		0		選				50		1		
	AU30						10	0.20		體育系（學）		PEU0289			0		2.0				115	半			Sports Information and Media Relations </br>[ Program: The Specialization Program of the Sports Industry Manager ]			0259			0	N								0			文大培		五 6-7 和平 體003	運動資訊與媒體公關 </br>[ 學分學程：運動產業經理人專業學分學程 ]	三			3		0		選				50		1		ZU6F
	AU30						10	0.20		體育系（學）		PEU0295			3		2.0				115	半			Basic Therapeutic Modalities </br>[ Program: The Specialization Program of Athletic Training ]			0260			0	N					◎必須先修過【PEU0193  人體解剖生理學】			0			黃昱倫		二 6-7 和平 體003	基礎儀器治療學 </br>[ 學分學程：運動防護專業學分學程 ]	三			3		0		選				50		1		ZU6G
	AU30						10	0.20		體育系（學）		PEU0296			0		2.0				115	半			Evaluation of Athletic Injuries </br>[ Program: The Specialization Program of Athletic Training ]			0261			0	N					◎必須先修過【PEU0067  運動傷害與防護】◎必須先修過【PEU2001  運動解剖學】、【PEU0313  臨床解剖肌動學】其中一門			0			李恆儒		二 3-4 和平 體001	運動傷害評估學 </br>[ 學分學程：運動防護專業學分學程 ]	三			3		0		選				50		1		ZU6G
	AU30						10	0.20		體育系（學）		PEU0315			0		2.0				115	半			Evidence-Based Rehabilitation and Conditioning in Athletic Training			0262			0	N					◎必須先修過【PEU0291  運動防護導論】、【PEU0067  運動傷害與防護】◎必須先修過(也可以同時修)【PEU0295  基礎儀器治療學】			0			黃昱倫		二 A-B 和平 體001	實證運動防護復健與訓練	三			3		0		選				50		1		
	AU30						3	0.14		體育系（學）		PEU4001			0		2.0				115	半			Sport Sociology </br>[ Program: The Specialization Program of the Sports Industry Manager The Inter-disciplinary Program of Sports Industry Management ]			0263			0	N								0			湯添進		二 6-7 和平 體002	運動社會學 </br>[ 學分學程：運動產業經理人專業學分學程 運動產業經營管理學分學程 ]	三			3		0		選				21		1		ZU33/ZU6F
	AU30						10	0.20		體育系（學）		PEU0186			0		2.0				115	半			Basketball (V)			0265			0	N					◎必須先修過【PEU0174  籃球（四）】			0			施登堯		三 8-9 和平 體育館一4F	籃球（五）	四			4		0		選				50		1		
	AU30						10	0.20		體育系（學）		PEU0209			0		2.0				115	半			Analysis of Human Motion </br>[ Program: The Inter-disciplinary  Program of Sports Technology ]			0266			0	N								0			張家豪		一 6-7 和平 體003	人體動作分析 </br>[ 學分學程：運動科技學分學程 ]	四			4		0		選				50		1		ZU39
	AU30						10	0.20		體育系（學）		PEU0237			0		2.0				115	半			Table Tennis (V)			0267			0	N					◎必須先修過【PEU0236  桌球（四）】			0			林慶宏		二 3-4 和平 桌球室	桌球（五）	四			4		0		選				50		1		
	AU30						10	0.20		體育系（學）		PEU0301			0		2.0				115	半			Frisbee			0268			0	N								0			黃正杰		五 6-7 和平 操場一	飛盤運動	四			4		0		選				50		1		
	AU30						10	0.20		體育系（學）		PEU3004			0		2.0				115	半			Philosophy of Sport			0269			0	N								0			林慶宏		四 3-4 和平 體003	運動哲學	四			4		0		選				50		1		
	AU32						10	0.20		競技系（學）		FPU0015			0		2.0				115	半			Sports Sociology </br>[ Program: The Specialization Program of Sports Humanities and Social Practice ]			0270			0	N								0			林郁偉		一 6-7 公館 研003	運動社會學 </br>[ 學分學程：運動人文與社會實踐專業學分學程 ]						0		選				50		1		ZU7T
	AU32						10	0.20		競技系（學）		FPU0055			0		2.0				115	半			Coaching Science Seminar			0271			0	N								0			劉錦璋		四 3-4 公館 體育館二3樓視聽教室	教練科學講座						0		選				50		1		
	AU32						10	0.20		競技系（學）		FPU0064			0		2.0				115	半			Physical Conditioning </br>[ Program: The Specialization Program of Strength and Conditioning Enhancement The Inter-disciplinary Program of Cultivating Seniors Service Talent in Community ]			0272			0	N								0			蔡於儒		二 6-7 公館 Ｂ101	體能訓練法 </br>[ 學分學程：肌力暨體能強化專業學分學程 社區高齡者服務人才培力學分學程 ]						0		選				50		1		ZU7V/ZU98
	AU32						10	0.20		競技系（學）		FPU0240			0		2.0				115	半			Swimming (I)	F		0273			0	N		是						0			利安琪		一 3-4 和平 游泳館1F大泳池	游泳（一）						0		選				50		1		
	AU32						10	0.20		競技系（學）		FPU0240			0		2.0				115	半			Swimming (I)	M		0274			0	N		是						0			利安琪		一 1-2 和平 游泳館1F大泳池	游泳（一）						0		選				50		1		
	AU32						10	0.20		競技系（學）		FPU0241			0		2.0				115	半			Dance (I) </br>[ Program: The Specialization Program of Sports Skill Training ]			0275			0	N								0			林維芬		三 6-7 和平 大韻律教室	舞蹈（一） </br>[ 學分學程：運動技能訓練專業學分學程 ]						0		選				50		1		ZU7U
	AU32						10	0.20		競技系（學）		FPU0328			0		2.0				115	半			Gymnastics (III)			0276			0	N					◎必須先修過【FPU0153  體操（二）】			0			范絜婷		三 10-A 和平 體操房	體操（三）						0		選				50		1		
	AU32						10	0.20		競技系（學）		FPU0330			0		2.0				115	半			Physical Fitness </br>[ Program: The Inter-disciplinary Program of Strength and Conditioning The Inter-disciplinary Program of Cultivating Seniors Service Talent in Community ]			0277			0	N								0			李秉鴻		四 3-4 公館 體育館二3樓會議室	體適能 </br>[ 學分學程：肌力與體能訓練學分學程 社區高齡者服務人才培力學分學程 ]						0		選				50		1		ZU52/ZU98
	AU32						10	0.20		競技系（學）		FPU0337			0		2.0				115	半			Introduction to Health and Physical Education </br>[ Program: The Specialization Program of Sports Humanities and Social Practice The Inter-disciplinary Program of Cultivating Seniors Service Talent in Community ]			0278			0	N								0			陳信亨		二 1-2 公館 體育館二3樓會議室	健康與體育概論 </br>[ 學分學程：運動人文與社會實踐專業學分學程 社區高齡者服務人才培力學分學程 ]						0		選				50		1		ZU7T/ZU98
	AU32						10	0.20		競技系（學）		FPU0340			0		2.0				115	半			Taekwondo (I) </br>[ Program: The Specialization Program of Sports Skill Training ]			0279			0	N								0			黃珮昀		一 3-4 公館 體育館二B1	跆拳道（一） </br>[ 學分學程：運動技能訓練專業學分學程 ]						0		選				50		1		ZU7U
	AU32						10	0.20		競技系（學）		FPU0342			0		2.0				115	半			Assessment in Physical Education Teaching			0280			0	N								0			楊琇惟		四 1-2 公館 體育館二3樓視聽教室	體育教學評量						0		選				50		1		
	AU32						10	0.20		競技系（學）		FPU0344			0	是	4.0				115	半	蔡於儒		Sport Specialties: Field Events </br>[ Program: The Specialization Program of Sports Skill Training ]			0281			0	N					◎限本系(含雙主修)修習   允許重複修			0			蔡於儒		一 8-9 公館 操場二, 二 8-9 公館 操場二, 四 8-9 公館 操場二, 五 8-9 公館 操場二	運動專長術科：田賽 </br>[ 學分學程：運動技能訓練專業學分學程 ]						0		必				50	因安全考量以本系學生優先，如欲修習本課程之他系學生需事先取得系主任及授課教師同意	1		ZU7U
	AU32						10	0.20		競技系（學）		FPU0345			0	是	4.0				115	半	林凡恩		Sport Specialties: Track Events </br>[ Program: The Specialization Program of Sports Skill Training ]			0282			0	N					◎限本系(含雙主修)修習   允許重複修			0			林凡恩		一 8-9 公館 操場二, 二 8-9 公館 操場二, 四 8-9 公館 操場二, 五 8-9 公館 操場二	運動專長術科：徑賽 </br>[ 學分學程：運動技能訓練專業學分學程 ]						0		必				50	因安全考量以本系學生優先，如欲修習本課程之他系學生需事先取得系主任及授課教師同意	1		ZU7U
	AU32						10	0.20		競技系（學）		FPU0346			0	是	4.0				115	半	石明宗 李秉鴻		Sport Specialties: Men Basketball </br>[ Program: The Specialization Program of Sports Skill Training ]			0283			0	N		是			◎限本系(含雙主修)修習   允許重複修			0			石明宗 李秉鴻		一 8-9 和平 體育館一4F, 二 8-9 公館 體育館二3樓, 四 8-9 公館 體育館二3樓, 五 8-9 公館 體育館二3樓	運動專長術科：男子籃球 </br>[ 學分學程：運動技能訓練專業學分學程 ]						0		必				50	因安全考量以本系學生優先，如欲修習本課程之他系學生需事先取得系主任及授課教師同意	1		ZU7U
	AU32						10	0.20		競技系（學）		FPU0347			0	是	4.0				115	半	梁嘉音		Sport Specialties: Women Basketball </br>[ Program: The Specialization Program of Sports Skill Training ]			0284			0	N					◎限本系(含雙主修)修習   允許重複修			0			梁嘉音		一 8-9 和平 體育館一4F, 二 8-9 公館 體育館二3樓, 四 8-9 公館 體育館二3樓, 五 8-9 公館 體育館二3樓	運動專長術科：女子籃球 </br>[ 學分學程：運動技能訓練專業學分學程 ]						0		必				50	因安全考量以本系學生優先，如欲修習本課程之他系學生需事先取得系主任及授課教師同意	1		ZU7U
	AU32						10	0.20		競技系（學）		FPU0348			0	是	4.0				115	半	陳妙怡		Sport Specialties: Softball </br>[ Program: The Specialization Program of Sports Skill Training ]			0285			0	N					◎限本系(含雙主修)修習   允許重複修			0			陳妙怡		一 8-9 公館 操場二, 二 8-9 公館 操場二, 四 8-9 公館 操場二, 五 8-9 公館 操場二	運動專長術科：壘球 </br>[ 學分學程：運動技能訓練專業學分學程 ]						0		必				50	因安全考量以本系學生優先，如欲修習本課程之他系學生需事先取得系主任及授課教師同意	1		ZU7U
	AU32						10	0.20		競技系（學）		FPU0349			0	是	4.0				115	半	朱芳儀		Sport Specialties: Female Soccer </br>[ Program: The Specialization Program of Sports Skill Training ]			0286			0	N					◎限本系(含雙主修)修習   允許重複修			0			朱芳儀		一 8-9 公館 操場二, 二 10-A 公館 操場二, 四 10-A 公館 操場二, 五 8-9 公館 操場二	運動專長術科：女子足球 </br>[ 學分學程：運動技能訓練專業學分學程 ]						0		必				50	因安全考量以本系學生優先，如欲修習本課程之他系學生需事先取得系主任及授課教師同意	1		ZU7U
	AU32						10	0.20		競技系（學）		FPU0350			0	是	4.0				115	半	張恩崇		Sport Specialties: Man Volleyball </br>[ Program: The Specialization Program of Sports Skill Training ]			0287			0	N					◎限本系(含雙主修)修習   允許重複修			0			張恩崇		一 8-9 公館 體育館二3樓, 二 8-9 公館 體育館二3樓, 四 8-9 和平 體育館一4F, 五 8-9 公館 體育館二3樓	運動專長術科：男子排球 </br>[ 學分學程：運動技能訓練專業學分學程 ]						0		必				50	因安全考量以本系學生優先，如欲修習本課程之他系學生需事先取得系主任及授課教師同意	1		ZU7U
	AU32						10	0.20		競技系（學）		FPU0351			0	是	4.0				115	半	張文		Sport Specialties: Women Volleyball </br>[ Program: The Specialization Program of Sports Skill Training ]			0288			0	N					◎限本系(含雙主修)修習   允許重複修			0			張文		一 8-9 公館 體育館二3樓, 二 8-9 公館 體育館二3樓, 四 8-9 公館 體育館二3樓, 五 8-9 公館 體育館二3樓	運動專長術科：女子排球 </br>[ 學分學程：運動技能訓練專業學分學程 ]						0		必				50	因安全考量以本系學生優先，如欲修習本課程之他系學生需事先取得系主任及授課教師同意	1		ZU7U
	AU32						10	0.20		競技系（學）		FPU0352			0	是	4.0				115	半	李佳融 柯易智		Sport Specialties: Taekwondo </br>[ Program: The Specialization Program of Sports Skill Training ]			0289			0	N					◎限本系(含雙主修)修習   允許重複修			0			李佳融 柯易智		一 10-A 公館 體育館二B1, 二 10-A 公館 體育館二B1, 四 10-A 公館 體育館二B1, 五 10-A 公館 體育館二B1	運動專長術科：跆拳道 </br>[ 學分學程：運動技能訓練專業學分學程 ]						0		必				50	因安全考量以本系學生優先，如欲修習本課程之他系學生需事先取得系主任及授課教師同意	1		ZU7U
	AU32						10	0.20		競技系（學）		FPU0353			0	是	4.0				115	半	黃珮昀		Sport Specialties: Taekwondo Poom-Sae </br>[ Program: The Specialization Program of Sports Skill Training ]			0290			0	N					◎限本系(含雙主修)修習   允許重複修			0			黃珮昀		一 8-9 公館 體育館二B1, 二 8-9 公館 體育館二B1, 四 8-9 公館 體育館二B1, 五 8-9 公館 體育館二B1	運動專長術科：跆拳道品勢 </br>[ 學分學程：運動技能訓練專業學分學程 ]						0		必				50	因安全考量以本系學生優先，如欲修習本課程之他系學生需事先取得系主任及授課教師同意	1		ZU7U
	AU32						10	0.20		競技系（學）		FPU0354			0	是	4.0				115	半	李玟寬		Sport Specialties: Weight Lifting </br>[ Program: The Specialization Program of Sports Skill Training ]			0291			0	N					◎限本系(含雙主修)修習   允許重複修			0			李玟寬		一 10-A 校外 教室自排, 二 10-A 校外 教室自排, 四 10-A 校外 教室自排, 五 10-A 校外 教室自排	運動專長術科：舉重 </br>[ 學分學程：運動技能訓練專業學分學程 ]						0		必				50	因安全考量以本系學生優先，如欲修習本課程之他系學生需事先取得系主任及授課教師同意	1		ZU7U
	AU32						10	0.20		競技系（學）		FPU0355			0	是	4.0				115	半	李濤名		Sport Specialties: Archery </br>[ Program: The Specialization Program of Sports Skill Training ]			0292			0	N					◎限本系(含雙主修)修習   允許重複修			0			李濤名		一 8-9 公館 教室自排, 二 8-9 公館 教室自排, 四 8-9 公館 教室自排, 五 8-9 公館 教室自排	運動專長術科：射箭 </br>[ 學分學程：運動技能訓練專業學分學程 ]						0		必				50	因安全考量以本系學生優先，如欲修習本課程之他系學生需事先取得系主任及授課教師同意	1		ZU7U
	AU32						10	0.20		競技系（學）		FPU0356			0	是	4.0				115	半	章富麟 何仁育		Sport Specialties: Other Sport Events </br>[ Program: The Specialization Program of Sports Skill Training ]			0293			0	N					◎限本系(含雙主修)修習   允許重複修			0			何仁育 章富麟		一 8-9 公館 教室自排, 二 8-9 公館 教室自排, 四 8-9 公館 教室自排, 五 8-9 公館 教室自排	運動專長術科：其它 </br>[ 學分學程：運動技能訓練專業學分學程 ]						0		必				50	因安全考量以本系學生優先，如欲修習本課程之他系學生需事先取得系主任及授課教師同意	1		ZU7U
	AU32						10	0.20		競技系（學）		FPU0357			0	是	4.0				115	半	林岱樵		Sport Specialties: Tennis </br>[ Program: The Specialization Program of Sports Skill Training ]			0294			0	N		是			◎限本系(含雙主修)修習   允許重複修			0			林岱樵		一 8-9 公館 網球場二, 二 8-9 公館 網球場二, 四 8-9 公館 網球場二, 五 8-9 公館 網球場二	運動專長術科：網球 </br>[ 學分學程：運動技能訓練專業學分學程 ]						0		必				50	因安全考量以本系學生優先，如欲修習本課程之他系學生需事先取得系主任及授課教師同意	1		ZU7U
	AU32						10	0.20		競技系（學）		FPU0358			0	是	4.0				115	半	張峻		Sport Specialties: Gymnastics </br>[ Program: The Specialization Program of Sports Skill Training ]			0295			0	N					◎限本系(含雙主修)修習   允許重複修			0			張峻		一 8-9 和平 體操房, 二 8-9 和平 體操房, 四 8-9 和平 體操房, 五 8-9 和平 體操房	運動專長術科：體操 </br>[ 學分學程：運動技能訓練專業學分學程 ]						0		必				50	因安全考量以本系學生優先，如欲修習本課程之他系學生需事先取得系主任及授課教師同意	1		ZU7U
	AU32						10	0.20		競技系（學）		FPU0360			0		2.0				115	半			Resistance Training Instruction </br>[ Program: The Inter-disciplinary Program of Strength and Conditioning The Specialization Program of Strength and Conditioning Enhancement ]			0296			0	N		是						0			何仁育		四 3-4 公館 重量訓練室二	阻力訓練指導法 </br>[ 學分學程：肌力與體能訓練學分學程 肌力暨體能強化專業學分學程 ]						0		選				50		1		ZU52/ZU7V
	AU32						10	0.20		競技系（學）		FPU0362			0		2.0				115	半			Sports Philosophy </br>[ Program: The Specialization Program of Sports Humanities and Social Practice ]			0297			0	N								0			石明宗		二 3-4 公館 體育館二3樓會議室	運動哲學 </br>[ 學分學程：運動人文與社會實踐專業學分學程 ]						0		選				50		1		ZU7T
	AU32						10	0.20		競技系（學）		FPU0364			0		2.0				115	半			Introduction to Therapeutic Recreation			0298			0	N								0			林儷蓉		三 3-4 公館 體育館二3樓會議室	休閒治療概論						0		選				50		1		
	AU32						10	0.20		競技系（學）		PEUE101			0		2.0				115	半			Teaching Materials and Methods: Physical Education			0299			0	N					◎限 二階生 教育學程生 不佔名額生 登記修習生 可修 ◎必須先修過(也可以同時修)【FPU0338  體育課程設計】、【PEU3007  體育課程設計】、【FPU0337  健康與體育概論】、【HEU0138  健康與體育概論】、【PEU0207  健康與體育概論】其中一門			0			陳信亨		四 6-7 公館 體育館二3樓會議室	體育教材教法（教）						0		選				50		1		
	AU32						10	0.20		競技系（學）		PEUE210			0		2.0				115	半			Teaching Practicum: Physical Education (II)			0300			0	N					◎限 二階生 教育學程生 不佔名額生 登記修習生 可修 ◎必須先修過(也可以同時修)【PEUE101  體育教材教法（教）】			0			陳信亨		五 1-4 公館 體育館二3樓會議室	體育教學實習（二）（教）						0		選				50		1		
	AU32						10	0.20		競技系（學）		FPC9003			0		3.0				115	半			Science of Sport Skill Training </br>[ Program: The Specialization Program of Sports Skill Training ]			0301			0	N			9					0			劉有德	大碩	三 6-8 公館 體育館二3樓視聽教室	競技運動技能訓練科學 </br>[ 學分學程：運動技能訓練專業學分學程 ]						0		選				50		1		ZU7U
	AU32						10	0.20		競技系（學）		FPU0244			0		2.0				115	半			Track and Field (I) </br>[ Program: The Specialization Program of Sports Skill Training ]			0302			0	N					◎限大一修習			0			蔡於儒		二 3-4 公館 操場二	田徑（一） </br>[ 學分學程：運動技能訓練專業學分學程 ]	一			1		0		選				50		1		ZU7U
	AU32						10	0.20		競技系（學）		FPU0250			0		2.0				115	半			Gymnastics (I) </br>[ Program: The Specialization Program of Sports Skill Training ]	F		0303			0	N					◎限大一修習			0			范絜婷		三 8-9 和平 體操房	體操（一） </br>[ 學分學程：運動技能訓練專業學分學程 ]	一			1		0		選				50		1		ZU7U
	AU32						10	0.20		競技系（學）		FPU0250			0		2.0				115	半			Gymnastics (I) </br>[ Program: The Specialization Program of Sports Skill Training ]	M		0304			0	N					◎限大一修習			0			范絜婷		三 6-7 和平 體操房	體操（一） </br>[ 學分學程：運動技能訓練專業學分學程 ]	一			1		0		選				50		1		ZU7U
	AU32						10	0.20		競技系（學）		FPU0251			0		2.0				115	半			Baseball (I) </br>[ Program: The Specialization Program of Sports Skill Training ]			0305			0	N					◎限大一修習			0			陳妙怡		五 3-4 公館 操場二	棒（壘）球（一） </br>[ 學分學程：運動技能訓練專業學分學程 ]	一			1		0		選				50		1		ZU7U
	AU32						10	0.20		競技系（學）		FPU0253			0		2.0				115	半			Basketball (I) </br>[ Program: The Specialization Program of Sports Skill Training ]	F		0306			0	N					◎限大一修習			0			梁嘉音		二 1-2 公館 體育館二3樓	籃球（一） </br>[ 學分學程：運動技能訓練專業學分學程 ]	一			1		0		選				50		1		ZU7U
	AU32						10	0.20		競技系（學）		FPU0253			0		2.0				115	半			Basketball (I) </br>[ Program: The Specialization Program of Sports Skill Training ]	M		0307			0	N					◎限大一修習			0			李秉鴻		四 6-7 公館 體育館二3樓	籃球（一） </br>[ 學分學程：運動技能訓練專業學分學程 ]	一			1		0		選				50		1		ZU7U
	AU32						20	0.33		競技系（學）		FPU0012			0		2.0				115	半			Exercise Physiology </br>[ Program: The Inter-disciplinary Program of Strength and Conditioning The Specialization Program of Strength and Conditioning Enhancement ]			0308			0	N								0			鄭景峰		四 6-7 公館 Ｂ102	運動生理學 </br>[ 學分學程：肌力與體能訓練學分學程 肌力暨體能強化專業學分學程 ]	二			2		0		必				60		1		ZU52/ZU7V
	AU32						10	0.20		競技系（學）		FPU0013			0		2.0				115	半			Sports Psychology </br>[ Program: The Specialization Program of Sports Skill Training ]			0309			0	N								0			梁嘉音		四 1-2 公館 體育館二3樓會議室	運動心理學 </br>[ 學分學程：運動技能訓練專業學分學程 ]	二			2		0		必				50		1		ZU7U
	AU32						10	0.20		競技系（學）		FPU0014			0		2.0				115	半			Administration and Management of Physical Education			0310			0	N								0			李佳融		二 6-7 公館 體育館二3樓會議室	體育行政與管理	二			2		0		選				50		1		
	AU32						10	0.20		競技系（學）		FPU0243			0		2.0				115	半			Volleyball (I) </br>[ Program: The Specialization Program of Sports Skill Training ]			0311			0	N								0			張恩崇		五 3-4 公館 體育館二3樓	排球（一） </br>[ 學分學程：運動技能訓練專業學分學程 ]	二			2		0		選				50		1		ZU7U
	AU32						10	0.20		競技系（學）		FPU0245			0		2.0				115	半			Badminton (I) </br>[ Program: The Specialization Program of Sports Skill Training ]			0312			0	N								0			李建興		二 3-4 公館 中正堂	羽球（一） </br>[ 學分學程：運動技能訓練專業學分學程 ]	二			2		0		選				50		1		ZU7U
	AU32						10	0.20		競技系（學）		FPU0248			0		2.0				115	半			Table Tennis (I) </br>[ Program: The Specialization Program of Sports Skill Training ]			0313			0	N								0			林岱樵		四 1-2 和平 桌球室	桌球（一） </br>[ 學分學程：運動技能訓練專業學分學程 ]	二			2		0		選				50		1		ZU7U
	AU32						10	0.20		競技系（學）		FPU0016			0		2.0				115	半			Sports Biomechanics </br>[ Program: The Specialization Program of Sports Skill Training The Inter-disciplinary Program of Strength and Conditioning The Specialization Program of Strength and Conditioning Enhancement ]			0314			0	N								0			劉錦璋		一 3-4 公館 體育館二3樓會議室	運動生物力學 </br>[ 學分學程：運動技能訓練專業學分學程 肌力與體能訓練學分學程 肌力暨體能強化專業學分學程 ]	三			3		0		必				50		1		ZU52/ZU7U/ZU7V
	AU32						10	0.20		競技系（學）		FPU0037			0		2.0				115	半			Coaching Psychology </br>[ Program: The Inter-disciplinary Program of Sports Leadership ]			0315			0	N								0			梁嘉音		二 3-4 公館 研003	教練心理學 </br>[ 學分學程：運動領導學分學程 ]	三			3		0		選				50		1		ZU9W
	AU32						10	0.20		競技系（學）		FPU0065			0		2.0				115	半			Physical Characteristics Training </br>[ Program: The Inter-disciplinary Program of Strength and Conditioning ]			0316			0	N								0			蔡於儒		一 6-7 公館 體育館二3樓會議室	身體素質訓練法 </br>[ 學分學程：肌力與體能訓練學分學程 ]	三			3		0		選				50		1		ZU52
	AU32						10	0.20		競技系（學）		FPU0246			0		2.0				115	半			Tennis (I) </br>[ Program: The Specialization Program of Sports Skill Training ]			0317			0	N								0			林岱樵		五 6-7 公館 網球場二	網球（一） </br>[ 學分學程：運動技能訓練專業學分學程 ]	三			3		0		選				50		1		ZU7U
	AU32						10	0.20		競技系（學）		FPU0249			0		2.0				115	半			Soccer (I) </br>[ Program: The Specialization Program of Sports Skill Training ]			0318			0	N								0			朱芳儀		三 8-9 公館 體育館二3樓	足球（一） </br>[ 學分學程：運動技能訓練專業學分學程 ]	三			3		0		選				50		1		ZU7U
	C						9	0.10		產創學院		C0C8001			0		1.0				115	半			Seminar			0319			0	N		是	8		允許重複修 ◎課程開放上修			0			李冠群 高文忠 林昇源	碩博	三 3-4 和平 教103	書報討論						0		必				90		1		
	CMK0						5	0.25		AI跨域所（碩）		AIC8008			0		3.0				115	半			Machine Learning			0320			0	N		是	8		◎課程開放上修			0			未定	碩博	五 7-9 和平 產創學院會議室	機器學習						0		選				20		1		
	CMK0						0	0.00		AI跨域所（碩）		AIC8009			0		3.0				115	半			DSP Architecture Design			0321			0	N			8		◎課程開放上修			0			高文忠	碩博	一 6-8 和平 TA512	數位信號處理架構設計						0		選				30		1		
	CMK0						6	0.20		AI跨域所（碩）		AIC8010			0		3.0				115	半			Evolutionary Computation			0322			0	N		是	8		◎課程開放上修			0			許陳鑑	碩博	五 2-4 和平 TA512	演化式計算						0		選				30		1		
	CMK0						5	0.25		AI跨域所（碩）		AIC8011			0		3.0				115	半			Smart Video System Design			0323			0	N			8		◎課程開放上修			0			林昇源	碩博	四 2-4 和平 產創學院會議室	智慧影像監控與視訊會議系統設計						0		選				20		1		
	CMK0						5	0.25		AI跨域所（碩）		AIC8018			0		3.0				115	半			Speech Processing and Intelligent Human-Computer Interaction			0324			0	N			8		◎課程開放上修			0			未定	碩博	二 2-4 和平 產創學院會議室	語音處理與人機互動						0		選				20		1		
	CMK0						5	0.25		AI跨域所（碩）		AIC8019			0		3.0				115	半			Natural Language Processing and Large Language Models			0325			0	N			8		◎課程開放上修			0			未定	碩博	三 6-8 和平 產創學院會議室	自然語言處理與大型語言模型						0		選				20		1		
	CMK0						5	0.25		AI跨域所（碩）		AIC8020			0		3.0				115	半			3d Camera Image Processing and Slam Applications			0326			0	N			8		◎課程開放上修			0			林昇源	碩博	一 7-9 和平 產創學院會議室	三維相機影像處理與SLAM整合應用						0		選				20		1		
	CMK1						10	0.20		綠能科技所（碩）		GSC8005			0		3.0				115	半			Energy Storage Technology			0327			0	N		是	8		◎課程開放上修			0			陳韋任	碩博	二 6-8 和平 汽車工場B101	儲能系統與節能科技						0		選				50		1		
	CMK1						10	0.20		綠能科技所（碩）		GSC8009			0		3.0				115	半			Power Electronic for Green Energy Systems			0328			0	N			8		◎課程開放上修			0			劉華棟	碩博	五 2-4 和平 汽車工場B101	綠能系統電力電子設計						0		選				50		1		
	CMK1						10	0.20		綠能科技所（碩）		GSC8012			0		3.0				115	半			Smart Grid			0329			0	N			8		◎課程開放上修			0			未定	碩博	一 2-4 和平 汽車工場B101	智慧電網						0		選				50		1		
	CU						0	0.00		共同科		00UA744			0		2.0				115	半			Basic Chinese for International Students (I)	A		0330			0	N					◎限外籍生修習			0			陳家妮		一 1-2 公館 Ｓ201	基礎華語（一）						0		選				30	1.本課程華語能力為準備級-A1。2.學過半年以上華語者，請勿選課。3.原則上不開放授權碼及不開放旁聽。	1		
	CU						0	0.00		共同科		00UA744			0		2.0				115	半			Basic Chinese for International Students (I)	B		0331			0	N					◎限外籍生修習			0			張金祝		三 8-9 公館 Ｓ203	基礎華語（一）						0		選				30	1.本課程華語能力為準備級-A1。2.學過半年以上華語者，請勿選課。3.原則上不開放授權碼及不開放旁聽。	1		
	CU						0	0.00		共同科		00UA7A1			0		2.0				115	半			Chinese Reading and Thinking	A		0332			0	N					◎限大一修習◎限數學系（學）、物理系（學）、化學系（學）選修			0			林津羽		一 1-2 公館 Ｓ203	中文閱讀與思辨						0		必				37	1.原則上不發放授權碼。2.舊生請於全校加退選階段登錄系統即時選課。	1		
	CU						0	0.00		共同科		00UA7A1			0		2.0				115	半			Chinese Reading and Thinking	B		0333			0	N					◎限大一修習◎限數學系（學）、物理系（學）、化學系（學）選修			0			陳嘉琪		一 1-2 公館 Ｓ301	中文閱讀與思辨						0		必				37	1.原則上不發放授權碼。2.舊生請於全校加退選階段登錄系統即時選課。	1		
	CU						0	0.00		共同科		00UA7A1			0		2.0				115	半			Chinese Reading and Thinking	C		0334			0	N					◎限大一修習◎限數學系（學）、物理系（學）、化學系（學）選修			0			李鍑倫		一 1-2 公館 Ｓ304	中文閱讀與思辨						0		必				37	1.原則上不發放授權碼。2.舊生請於全校加退選階段登錄系統即時選課。	1		
	CU						0	0.00		共同科		00UA7A1			0		2.0				115	半			Chinese Reading and Thinking	D		0335			0	N					◎限大一修習◎限數學系（學）、物理系（學）、化學系（學）選修			0			謝佳瀅		一 1-2 公館 Ｓ401	中文閱讀與思辨						0		必				37	1.原則上不發放授權碼。2.舊生請於全校加退選階段登錄系統即時選課。	1		
	CU						0	0.00		共同科		00UA7A1			0		2.0				115	半			Chinese Reading and Thinking	E		0336			0	N					◎限大一修習◎限數學系（學）、物理系（學）、化學系（學）選修			0			楊穎詩		一 1-2 公館 Ｓ404	中文閱讀與思辨						0		必				37	1.原則上不發放授權碼。2.舊生請於全校加退選階段登錄系統即時選課。	1		
	CU						0	0.00		共同科		00UA7A1			0		2.0				115	半			Chinese Reading and Thinking	F		0337			0	N					◎限大一修習◎限數學系（學）、物理系（學）、化學系（學）選修			0			謝秀卉		一 1-2 公館 Ｓ204	中文閱讀與思辨						0		必				37	1.原則上不發放授權碼。2.舊生請於全校加退選階段登錄系統即時選課。	1		
	CU						0	0.00		共同科		00UA7A1			0		2.0				115	半			Chinese Reading and Thinking	G		0338			0	N					◎限外籍生修習			0			林書漢		一 1-2 公館 Ｓ504	中文閱讀與思辨						0		必				37	1.原則上不發放授權碼。2.需具備華語B1以上程度。	1		
	CU						0	0.00		共同科		00UA7A2			0		2.0				115	半			Chinese Reading and Thinking	A		0339			0	N					◎限大一修習◎限光電學位學程（學）、生科系（學）、地科系（學）、資工系（學）、營養學位學程（學）選修			0			林津羽		一 3-4 公館 Ｓ201	中文閱讀與思辨						0		必				37	1.原則上不發放授權碼。2.舊生請於全校加退選階段登錄系統即時選課。	1		
	CU						0	0.00		共同科		00UA7A2			0		2.0				115	半			Chinese Reading and Thinking	B		0340			0	N					◎限大一修習◎限光電學位學程（學）、生科系（學）、地科系（學）、資工系（學）、營養學位學程（學）選修			0			陳嘉琪		一 3-4 公館 Ｓ301	中文閱讀與思辨						0		必				37	1.原則上不發放授權碼。2.舊生請於全校加退選階段登錄系統即時選課。	1		
	CU						0	0.00		共同科		00UA7A2			0		2.0				115	半			Chinese Reading and Thinking	C		0341			0	N					◎限大一修習◎限光電學位學程（學）、生科系（學）、地科系（學）、資工系（學）、營養學位學程（學）選修			0			謝佳瀅		一 3-4 公館 Ｓ401	中文閱讀與思辨						0		必				37	1.原則上不發放授權碼。2.舊生請於全校加退選階段登錄系統即時選課。	1		
	CU						0	0.00		共同科		00UA7A2			0		2.0				115	半			Chinese Reading and Thinking	D		0342			0	N					◎限大一修習◎限光電學位學程（學）、生科系（學）、地科系（學）、資工系（學）、營養學位學程（學）選修			0			楊穎詩		一 3-4 公館 Ｓ404	中文閱讀與思辨						0		必				37	1.原則上不發放授權碼。2.舊生請於全校加退選階段登錄系統即時選課。	1		
	CU						0	0.00		共同科		00UA7A2			0		2.0				115	半			Chinese Reading and Thinking	E		0343			0	N					◎限大一修習◎限光電學位學程（學）、生科系（學）、地科系（學）、資工系（學）、營養學位學程（學）選修			0			謝秀卉		一 3-4 公館 Ｓ204	中文閱讀與思辨						0		必				37	1.原則上不發放授權碼。2.舊生請於全校加退選階段登錄系統即時選課。	1		
	CU						0	0.00		共同科		00UA7A2			0		2.0				115	半			Chinese Reading and Thinking	F		0344			0	N					◎限大一修習◎限光電學位學程（學）、生科系（學）、地科系（學）、資工系（學）、營養學位學程（學）選修			0			林介如		一 3-4 公館 Ｓ101	中文閱讀與思辨						0		必				37	1.原則上不發放授權碼。2.舊生請於全校加退選階段登錄系統即時選課。	1		
	CU						0	0.00		共同科		00UA7A2			0		2.0				115	半			Chinese Reading and Thinking	G		0345			0	N					◎限競技系（學）選修			0			林書漢		一 3-4 公館 Ｓ304	中文閱讀與思辨						0		必				72	1.原則上不發放授權碼。2.舊生請於全校加退選階段登錄系統即時選課。	1		
	CU						0	0.00		共同科		00UA7A3			0		2.0				115	半			Chinese Reading and Thinking	A		0346			0	N					◎限大一修習◎限教育系（學）、心輔系（學）、社教系（學）、衛教系（學）、教院學士班（學）、科技系（學）、英語系（學）、音樂系（學）選修			0			林玉玫		五 1-2 公館 Ｓ302	中文閱讀與思辨						0		必				37	1.原則上不發放授權碼。2.舊生請於全校加退選階段登錄系統即時選課。	1		
	CU						0	0.00		共同科		00UA7A3			0		2.0				115	半			Chinese Reading and Thinking	B		0347			0	N					◎限大一修習◎限教育系（學）、心輔系（學）、社教系（學）、衛教系（學）、教院學士班（學）、科技系（學）、英語系（學）、音樂系（學）選修			0			黃子純		五 1-2 公館 Ｓ202	中文閱讀與思辨						0		必				37	1.原則上不發放授權碼。2.舊生請於全校加退選階段登錄系統即時選課。	1		
	CU						0	0.00		共同科		00UA7A3			0		2.0				115	半			Chinese Reading and Thinking	C		0348			0	N					◎限大一修習◎限教育系（學）、心輔系（學）、社教系（學）、衛教系（學）、教院學士班（學）、科技系（學）、英語系（學）、音樂系（學）選修			0			林津羽		五 1-2 公館 Ｓ204	中文閱讀與思辨						0		必				37	1.原則上不發放授權碼。2.舊生請於全校加退選階段登錄系統即時選課。	1		
	CU						0	0.00		共同科		00UA7A3			0		2.0				115	半			Chinese Reading and Thinking	D		0349			0	N					◎限大一修習◎限教育系（學）、心輔系（學）、社教系（學）、衛教系（學）、教院學士班（學）、科技系（學）、英語系（學）、音樂系（學）選修			0			謝嘉文		五 1-2 公館 Ｓ304	中文閱讀與思辨						0		必				37	1.原則上不發放授權碼。2.舊生請於全校加退選階段登錄系統即時選課。	1		
	CU						0	0.00		共同科		00UA7A3			0		2.0				115	半			Chinese Reading and Thinking	E		0350			0	N					◎限大一修習◎限教育系（學）、心輔系（學）、社教系（學）、衛教系（學）、教院學士班（學）、科技系（學）、英語系（學）、音樂系（學）選修			0			魏伯全		五 1-2 公館 Ｓ505	中文閱讀與思辨						0		必				36	1.原則上不發放授權碼。2.舊生請於全校加退選階段登錄系統即時選課。	1		
	CU						0	0.00		共同科		00UA7A3			0		2.0				115	半			Chinese Reading and Thinking	F		0351			0	N					◎限大一修習◎限教育系（學）、心輔系（學）、社教系（學）、衛教系（學）、教院學士班（學）、科技系（學）、英語系（學）、音樂系（學）選修			0			謝秀卉		五 1-2 公館 Ｓ504	中文閱讀與思辨						0		必				37	1.原則上不發放授權碼。2.舊生請於全校加退選階段登錄系統即時選課。	1		
	CU						0	0.00		共同科		00UA7A3			0		2.0				115	半			Chinese Reading and Thinking	G		0352			0	N					◎限大一修習◎限教育系（學）、心輔系（學）、社教系（學）、衛教系（學）、教院學士班（學）、科技系（學）、英語系（學）、音樂系（學）選修			0			李蘋芬		五 1-2 公館 Ｓ301	中文閱讀與思辨						0		必				37	1.原則上不發放授權碼。2.舊生請於全校加退選階段登錄系統即時選課。	1		
	CU						0	0.00		共同科		00UA7A3			0		2.0				115	半			Chinese Reading and Thinking	H		0353			0	N					◎限大一修習◎限教育系（學）、心輔系（學）、社教系（學）、衛教系（學）、教院學士班（學）、科技系（學）、英語系（學）、音樂系（學）選修			0			陳惠鈴		五 1-2 公館 Ｓ501	中文閱讀與思辨						0		必				37	1.原則上不發放授權碼。2.舊生請於全校加退選階段登錄系統即時選課。	1		
	CU						0	0.00		共同科		00UA7A3			0		2.0				115	半			Chinese Reading and Thinking	I		0354			0	N					◎限大一修習◎限教育系（學）、心輔系（學）、社教系（學）、衛教系（學）、教院學士班（學）、科技系（學）、英語系（學）、音樂系（學）選修			0			陳筱筠		五 1-2 公館 Ｓ601	中文閱讀與思辨						0		必				37	1.原則上不發放授權碼。2.舊生請於全校加退選階段登錄系統即時選課。	1		
	CU						0	0.00		共同科		00UA7A3			0		2.0				115	半			Chinese Reading and Thinking	J		0355			0	N					◎限大一修習◎限教育系（學）、心輔系（學）、社教系（學）、衛教系（學）、教院學士班（學）、科技系（學）、英語系（學）、音樂系（學）選修			0			蘇子齊		五 1-2 公館 Ｓ502	中文閱讀與思辨						0		必				37	1.原則上不發放授權碼。2.舊生請於全校加退選階段登錄系統即時選課。	1		
	CU						0	0.00		共同科		00UA7A4			0		2.0				115	半			Chinese Reading and Thinking	A		0356			0	N					◎限外籍生修習			0			黃子純		五 3-4 公館 Ｓ202	中文閱讀與思辨						0		必				37	1.原則上不發放授權碼。2.需具備華語B1以上程度。	1		
	CU						0	0.00		共同科		00UA7A4			0		2.0				115	半			Chinese Reading and Thinking	B		0357			0	N					◎限大一修習◎限體育系（學）、幼家科學系（學）、公領系（學）、特教系（學）、學習科學學位學程（學）、企管系（學）、美術系（學）、設計系（學）選修			0			林玉玫		五 3-4 公館 Ｓ302	中文閱讀與思辨						0		必				37	1.原則上不發放授權碼。2.舊生請於全校加退選階段登錄系統即時選課。	1		
	CU						0	0.00		共同科		00UA7A4			0		2.0				115	半			Chinese Reading and Thinking	C		0358			0	N					◎限大一修習◎限體育系（學）、幼家科學系（學）、公領系（學）、特教系（學）、學習科學學位學程（學）、企管系（學）、美術系（學）、設計系（學）選修			0			徐敏媛		五 3-4 公館 Ｓ402	中文閱讀與思辨						0		必				37	1.原則上不發放授權碼。2.舊生請於全校加退選階段登錄系統即時選課。	1		
	CU						0	0.00		共同科		00UA7A4			0		2.0				115	半			Chinese Reading and Thinking	D		0359			0	N					◎限大一修習◎限體育系（學）、幼家科學系（學）、公領系（學）、特教系（學）、學習科學學位學程（學）、企管系（學）、美術系（學）、設計系（學）選修			0			陳惠鈴		五 3-4 公館 Ｓ501	中文閱讀與思辨						0		必				37	1.原則上不發放授權碼。2.舊生請於全校加退選階段登錄系統即時選課。	1		
	CU						0	0.00		共同科		00UA7A4			0		2.0				115	半			Chinese Reading and Thinking	E		0360			0	N					◎限大一修習◎限體育系（學）、幼家科學系（學）、公領系（學）、特教系（學）、學習科學學位學程（學）、企管系（學）、美術系（學）、設計系（學）選修			0			謝秀卉		五 3-4 公館 Ｓ504	中文閱讀與思辨						0		必				37	1.原則上不發放授權碼。2.舊生請於全校加退選階段登錄系統即時選課。	1		
	CU						0	0.00		共同科		00UA7A4			0		2.0				115	半			Chinese Reading and Thinking	F		0361			0	N					◎限大一修習◎限體育系（學）、幼家科學系（學）、公領系（學）、特教系（學）、學習科學學位學程（學）、企管系（學）、美術系（學）、設計系（學）選修			0			謝嘉文		五 3-4 公館 Ｓ304	中文閱讀與思辨						0		必				37	1.原則上不發放授權碼。2.舊生請於全校加退選階段登錄系統即時選課。	1		
	CU						0	0.00		共同科		00UA7A4			0		2.0				115	半			Chinese Reading and Thinking	G		0362			0	N					◎限大一修習◎限體育系（學）、幼家科學系（學）、公領系（學）、特教系（學）、學習科學學位學程（學）、企管系（學）、美術系（學）、設計系（學）選修			0			魏伯全		五 3-4 公館 Ｓ505	中文閱讀與思辨						0		必				36	1.原則上不發放授權碼。2.舊生請於全校加退選階段登錄系統即時選課。	1		
	CU						0	0.00		共同科		00UA7A4			0		2.0				115	半			Chinese Reading and Thinking	H		0363			0	N					◎限大一修習◎限體育系（學）、幼家科學系（學）、公領系（學）、特教系（學）、學習科學學位學程（學）、企管系（學）、美術系（學）、設計系（學）選修			0			黃薏文		五 3-4 公館 Ｓ306	中文閱讀與思辨						0		必				34	1.原則上不發放授權碼。2.舊生請於全校加退選階段登錄系統即時選課。	1		
	CU						0	0.00		共同科		00UA7A4			0		2.0				115	半			Chinese Reading and Thinking	I		0364			0	N					◎限大一修習◎限體育系（學）、幼家科學系（學）、公領系（學）、特教系（學）、學習科學學位學程（學）、企管系（學）、美術系（學）、設計系（學）選修			0			陳筱筠		五 3-4 公館 Ｓ601	中文閱讀與思辨						0		必				37	1.原則上不發放授權碼。2.舊生請於全校加退選階段登錄系統即時選課。	1		
	CU						0	0.00		共同科		00UA7A4			0		2.0				115	半			Chinese Reading and Thinking	J		0365			0	N					◎限大一修習◎限體育系（學）、幼家科學系（學）、公領系（學）、特教系（學）、學習科學學位學程（學）、企管系（學）、美術系（學）、設計系（學）選修			0			李蘋芬		五 3-4 公館 Ｓ301	中文閱讀與思辨						0		必				37	1.原則上不發放授權碼。2.舊生請於全校加退選階段登錄系統即時選課。	1		
	CU						0	0.00		共同科		00UA7A4			0		2.0				115	半			Chinese Reading and Thinking	K		0366			0	N					◎限大一修習◎限體育系（學）、幼家科學系（學）、公領系（學）、特教系（學）、學習科學學位學程（學）、企管系（學）、美術系（學）、設計系（學）選修			0			林介如		五 3-4 公館 Ｓ307	中文閱讀與思辨						0		必				34	1.原則上不發放授權碼。2.舊生請於全校加退選階段登錄系統即時選課。	1		
	CU						0	0.00		共同科		00UA7A4			0		2.0				115	半			Chinese Reading and Thinking	L		0367			0	N					◎限大一修習◎限體育系（學）、幼家科學系（學）、公領系（學）、特教系（學）、學習科學學位學程（學）、企管系（學）、美術系（學）、設計系（學）選修			0			蘇子齊		五 3-4 公館 Ｓ502	中文閱讀與思辨						0		必				37	1.原則上不發放授權碼。2.舊生請於全校加退選階段登錄系統即時選課。	1		
	CU						0	0.00		共同科		00UA7A5			0		2.0				115	半			Chinese Reading and Thinking	A		0368			0	N					◎限大一修習◎限東亞系（學）、國文系（學）、歷史系（學）、地理系（學）選修			0			林玉玫		五 6-7 公館 Ｓ302	中文閱讀與思辨						0		必				37	1.原則上不發放授權碼。2.舊生請於全校加退選階段登錄系統即時選課。	1		
	CU						0	0.00		共同科		00UA7A5			0		2.0				115	半			Chinese Reading and Thinking	B		0369			0	N					◎限大一修習◎限東亞系（學）、國文系（學）、歷史系（學）、地理系（學）選修			0			徐敏媛		五 6-7 公館 Ｓ204	中文閱讀與思辨						0		必				37	1.原則上不發放授權碼。2.舊生請於全校加退選階段登錄系統即時選課。	1		
	CU						0	0.00		共同科		00UA7A5			0		2.0				115	半			Chinese Reading and Thinking	C		0370			0	N					◎限大一修習◎限東亞系（學）、國文系（學）、歷史系（學）、地理系（學）選修			0			黃薏文		五 6-7 公館 Ｓ303	中文閱讀與思辨						0		必				37	1.原則上不發放授權碼。2.舊生請於全校加退選階段登錄系統即時選課。	1		
	CU						0	0.00		共同科		00UA7A5			0		2.0				115	半			Chinese Reading and Thinking	D		0371			0	N					◎限大一修習◎限東亞系（學）、國文系（學）、歷史系（學）、地理系（學）選修			0			賴昶		五 6-7 公館 Ｓ505	中文閱讀與思辨						0		必				36	1.原則上不發放授權碼。2.舊生請於全校加退選階段登錄系統即時選課。	1		
	CU						0	0.00		共同科		00UA7A5			0		2.0				115	半			Chinese Reading and Thinking	E		0372			0	N					◎限大一修習◎限東亞系（學）、國文系（學）、歷史系（學）、地理系（學）選修			0			許仲南		五 6-7 公館 Ｓ401	中文閱讀與思辨						0		必				37	1.原則上不發放授權碼。2.舊生請於全校加退選階段登錄系統即時選課。	1		
	CU						0	0.00		共同科		00UA7A5			0		2.0				115	半			Chinese Reading and Thinking	F		0373			0	N					◎限大一修習◎限東亞系（學）、國文系（學）、歷史系（學）、地理系（學）選修			0			謝秀卉		五 6-7 公館 Ｓ203	中文閱讀與思辨						0		必				37	1.原則上不發放授權碼。2.舊生請於全校加退選階段登錄系統即時選課。	1		
	CU						0	0.00		共同科		00UA7A5			0		2.0				115	半			Chinese Reading and Thinking	G		0374			0	N					◎限大一修習◎限東亞系（學）、國文系（學）、歷史系（學）、地理系（學）選修			0			林佩怡		五 6-7 公館 Ｓ304	中文閱讀與思辨						0		必				36	1.原則上不發放授權碼。2.舊生請於全校加退選階段登錄系統即時選課。	1		
	CU						0	0.00		共同科		00UA7A5			0		2.0				115	半			Chinese Reading and Thinking	H		0375			0	N					◎限大一修習◎限東亞系（學）、國文系（學）、歷史系（學）、地理系（學）選修			0			王鍾山		五 6-7 公館 Ｓ402	中文閱讀與思辨						0		必				37	1.原則上不發放授權碼。2.舊生請於全校加退選階段登錄系統即時選課。	1		
	CU						0	0.00		共同科		00UA7A5			0		2.0				115	半			Chinese Reading and Thinking	I		0376			0	N					◎限大一修習◎限東亞系（學）、國文系（學）、歷史系（學）、地理系（學）選修			0			陳明緻		五 6-7 公館 Ｓ502	中文閱讀與思辨						0		必				37	1.原則上不發放授權碼。2.舊生請於全校加退選階段登錄系統即時選課。	1		
	CU						0	0.00		共同科		00UA7A6			0		2.0				115	半			Chinese Reading and Thinking	A		0377			0	N					◎限大一修習◎限工教系（學）、圖傳系（學）、機電系（學）、電機系（學）、車能學位學程（學）、華語系（學）「應用華語文學組」、臺文系（學）、表藝系（學）選修			0			陳嘉琪		五 8-9 公館 Ｓ403	中文閱讀與思辨						0		必				37	1.原則上不發放授權碼。2.舊生請於全校加退選階段登錄系統即時選課。	1		
	CU						0	0.00		共同科		00UA7A6			0		2.0				115	半			Chinese Reading and Thinking	B		0378			0	N					◎限大一修習◎限工教系（學）、圖傳系（學）、機電系（學）、電機系（學）、車能學位學程（學）、華語系（學）「應用華語文學組」、臺文系（學）、表藝系（學）選修			0			徐敏媛		五 8-9 公館 Ｓ204	中文閱讀與思辨						0		必				37	1.原則上不發放授權碼。2.舊生請於全校加退選階段登錄系統即時選課。	1		
	CU						0	0.00		共同科		00UA7A6			0		2.0				115	半			Chinese Reading and Thinking	C		0379			0	N					◎限大一修習◎限工教系（學）、圖傳系（學）、機電系（學）、電機系（學）、車能學位學程（學）、華語系（學）「應用華語文學組」、臺文系（學）、表藝系（學）選修			0			賴昶		五 8-9 公館 Ｓ506	中文閱讀與思辨						0		必				36	1.原則上不發放授權碼。2.舊生請於全校加退選階段登錄系統即時選課。	1		
	CU						0	0.00		共同科		00UA7A6			0		2.0				115	半			Chinese Reading and Thinking	D		0380			0	N					◎限大一修習◎限工教系（學）、圖傳系（學）、機電系（學）、電機系（學）、車能學位學程（學）、華語系（學）「應用華語文學組」、臺文系（學）、表藝系（學）選修			0			許仲南		五 8-9 公館 Ｓ401	中文閱讀與思辨						0		必				37	1.原則上不發放授權碼。2.舊生請於全校加退選階段登錄系統即時選課。	1		
	CU						0	0.00		共同科		00UA7A6			0		2.0				115	半			Chinese Reading and Thinking	E		0381			0	N					◎限大一修習◎限工教系（學）、圖傳系（學）、機電系（學）、電機系（學）、車能學位學程（學）、華語系（學）「應用華語文學組」、臺文系（學）、表藝系（學）選修			0			林佩怡		五 8-9 公館 Ｓ505	中文閱讀與思辨						0		必				36	1.原則上不發放授權碼。2.舊生請於全校加退選階段登錄系統即時選課。	1		
	CU						0	0.00		共同科		00UA7A6			0		2.0				115	半			Chinese Reading and Thinking	F		0382			0	N					◎限大一修習◎限工教系（學）、圖傳系（學）、機電系（學）、電機系（學）、車能學位學程（學）、華語系（學）「應用華語文學組」、臺文系（學）、表藝系（學）選修			0			王鍾山		五 8-9 公館 Ｓ404	中文閱讀與思辨						0		必				37	1.原則上不發放授權碼。2.舊生請於全校加退選階段登錄系統即時選課。	1		
	CU						0	0.00		共同科		00UA7A6			0		2.0				115	半			Chinese Reading and Thinking	G		0383			0	N					◎限大一修習◎限工教系（學）、圖傳系（學）、機電系（學）、電機系（學）、車能學位學程（學）、華語系（學）「應用華語文學組」、臺文系（學）、表藝系（學）選修			0			陳明緻		五 8-9 公館 Ｓ502	中文閱讀與思辨						0		必				37	1.原則上不發放授權碼。2.舊生請於全校加退選階段登錄系統即時選課。	1		
	CU						0	0.00		共同科		00UA7A7			0		2.0				115	半			Chinese Reading and Thinking	A		0384			0	N					◎限大一修習			0			黃月銀		二 A-B 公館 Ｓ505	中文閱讀與思辨						0		必				36	1.不限系所。2.原則上不發放授權碼。3.舊生請於全校加退選階段登錄系統即時選課。	1		
	CU						0	0.00		共同科		00UA7A7			0		2.0				115	半			Chinese Reading and Thinking	B		0385			0	N					◎限大一修習			0			黃月銀		四 A-B 公館 Ｓ505	中文閱讀與思辨						0		必				36	1.不限系所。2.原則上不發放授權碼。3.舊生請於全校加退選階段登錄系統即時選課。	1		
	CU						0	0.00		共同科		00UA7A8			0		2.0				115	半			Chinese Reading and Thinking			0386			0	N					◎限華語系（學）「國際華語與文化組」選修 ◎必須先修過(也可以同時修)【CLU0069  讀寫訓練（四）】			0			陳惠鈴		五 6-7 公館 Ｓ501	中文閱讀與思辨						0		必				37	原則上不發放授權碼。	1		
	CU						0	0.00		共同科		00UB7A1			0		2.0				115	半			English (I)	A		0387			0	N		是			◎第一階段需人工加選◎第二階段需人工加選◎加退選階段需人工加選			0			柯珍宜		一 1-2 公館 Ｓ503	英文（一）						0		必				40	生科系、地科系、資工系、營養科學學位學程、光電工程學位學程	1		
	CU						0	0.00		共同科		00UB7A1			0		2.0				115	半			English (I)	B		0388			0	N		是			◎第一階段需人工加選◎第二階段需人工加選◎加退選階段需人工加選			0			柯珍宜		一 3-4 公館 Ｓ503	英文（一）						0		必				40	數學系、物理系、化學系、全球研究學程	1		
	CU						0	0.00		共同科		00UB7A1			0		2.0				115	半			English (I)	C		0389			0	N		是			◎第一階段需人工加選◎第二階段需人工加選◎加退選階段需人工加選			0			柯衣凡		五 1-2 公館 Ｓ402	英文（一）						0		必				40	幼家系、公領系、特教系、學習科學學位學程、美術系、設計系、企管系	1		
	CU						0	0.00		共同科		00UB7A1			0		2.0				115	半			English (I)	D		0390			0	N		是			◎第一階段需人工加選◎第二階段需人工加選◎加退選階段需人工加選			0			曾於萱		五 3-4 公館 Ｓ602	英文（一）						0		必				40	教育系、心輔系、社教系、衛教系、教院學士班、音樂系、科技系	1		
	CU						0	0.00		共同科		00UB7A2			0		2.0				115	半			English (I)	A		0391			0	N		是			◎第一階段需人工加選◎第二階段需人工加選◎加退選階段需人工加選			0			李金安		一 1-2 公館 Ｓ303	英文（一）						0		必				40	生科系、地科系、資工系、營養科學學位學程、光電工程學位學程	1		
	CU						0	0.00		共同科		00UB7A2			0		2.0				115	半			English (I)	B		0392			0	N		是			◎第一階段需人工加選◎第二階段需人工加選◎加退選階段需人工加選			0			李金安		一 3-4 公館 Ｓ303	英文（一）						0		必				40	數學系、物理系、化學系、全球研究學程	1		
	CU						0	0.00		共同科		00UB7A2			0		2.0				115	半			English (I)	C		0393			0	N		是			◎第一階段需人工加選◎第二階段需人工加選◎加退選階段需人工加選			0			王潔		一 3-4 公館 Ｓ203	英文（一）						0		必				40	數學系、物理系、化學系、全球研究學程	1		
	CU						0	0.00		共同科		00UB7A2			0		2.0				115	半			English (I)	D		0394			0	N		是			◎第一階段需人工加選◎第二階段需人工加選◎加退選階段需人工加選			0			郭儀風		五 1-2 公館 Ｓ503	英文（一）						0		必				40	幼家系、公領系、特教系、學習科學學位學程、美術系、設計系、企管系	1		
	CU						0	0.00		共同科		00UB7A2			0		2.0				115	半			English (I)	E		0395			0	N		是			◎第一階段需人工加選◎第二階段需人工加選◎加退選階段需人工加選			0			郭儀風		五 3-4 公館 Ｓ503	英文（一）						0		必				40	教育系、心輔系、社教系、衛教系、教院學士班、音樂系、科技系	1		
	CU						0	0.00		共同科		00UB7A2			0		2.0				115	半			English (I)	F		0396			0	N		是			◎第一階段需人工加選◎第二階段需人工加選◎加退選階段需人工加選			0			王潔		五 1-2 公館 Ｓ303	英文（一）						0		必				40	幼家系、公領系、特教系、學習科學學位學程、美術系、設計系、企管系	1		
	CU						0	0.00		共同科		00UB7A2			0		2.0				115	半			English (I)	G		0397			0	N		是			◎第一階段需人工加選◎第二階段需人工加選◎加退選階段需人工加選			0			陳嬿如		五 1-2 公館 Ｓ602	英文（一）						0		必				40	幼家系、公領系、特教系、學習科學學位學程、美術系、設計系、企管系	1		
	CU						0	0.00		共同科		00UB7A2			0		2.0				115	半			English (I)	H		0398			0	N		是			◎第一階段需人工加選◎第二階段需人工加選◎加退選階段需人工加選			0			王潔		五 3-4 公館 Ｓ303	英文（一）						0		必				40	教育系、心輔系、社教系、衛教系、教院學士班、音樂系、科技系	1		
	CU						0	0.00		共同科		00UB7A2			0		2.0				115	半			English (I)	I		0399			0	N		是			◎第一階段需人工加選◎第二階段需人工加選◎加退選階段需人工加選			0			陳惠芬		五 3-4 公館 Ｓ204	英文（一）						0		必				40	教育系、心輔系、社教系、衛教系、教院學士班、音樂系、科技系	1		
	CU						0	0.00		共同科		00UB7A2			0		2.0				115	半			English (I)	J		0400			0	N		是			◎第一階段需人工加選◎第二階段需人工加選◎加退選階段需人工加選			0			陳嬿如		五 6-7 公館 Ｓ603	英文（一）						0		必				40	工教系、圖傳系、機電系、電機系、車能學位學程、華語系、臺文系、表藝系	1		
	CU						0	0.00		共同科		00UB7A2			0		2.0				115	半			English (I)	K		0401			0	N		是			◎第一階段需人工加選◎第二階段需人工加選◎加退選階段需人工加選			0			黃慧儀		五 6-7 公館 Ｓ403	英文（一）						0		必				40	工教系、圖傳系、機電系、電機系、車能學位學程、華語系、臺文系、表藝系	1		
	CU						0	0.00		共同科		00UB7A2			0		2.0				115	半			English (I)	L		0402			0	N		是			◎第一階段需人工加選◎第二階段需人工加選◎加退選階段需人工加選			0			陳瑄		五 8-9 公館 Ｓ201	英文（一）						0		必				40	國文系、歷史系、地理系、東亞系	1		
	CU						0	0.00		共同科		00UB7A2			0		2.0				115	半			English (I)	M		0403			0	N		是			◎第一階段需人工加選◎第二階段需人工加選◎加退選階段需人工加選			0			陳嬿如		五 8-9 公館 Ｓ203	英文（一）						0		必				40	國文系、歷史系、地理系、東亞系	1		
	CU						0	0.00		共同科		00UB7A2			0		2.0				115	半			English (I)	N		0404			0	N		是			◎第一階段需人工加選◎第二階段需人工加選◎加退選階段需人工加選			0			黃慧儀		五 8-9 公館 Ｓ302	英文（一）						0		必				40	國文系、歷史系、地理系、東亞系	1		
	CU						0	0.00		共同科		00UB7A3			0		2.0				115	半			English (I)	A		0405			0	N		是			◎第一階段需人工加選◎第二階段需人工加選◎加退選階段需人工加選			0			翁悅心		一 1-2 公館 Ｓ202	英文（一）						0		必				40	生科系、地科系、資工系、營養科學學位學程、光電工程學位學程	1		
	CU						0	0.00		共同科		00UB7A3			0		2.0				115	半			English (I)	B		0406			0	N		是			◎第一階段需人工加選◎第二階段需人工加選◎加退選階段需人工加選			0			翁悅心		一 3-4 公館 Ｓ202	英文（一）						0		必				40	數學系、物理系、化學系、全球研究學程	1		
	CU						0	0.00		共同科		00UB7A3			0		2.0				115	半			English (I)	C		0407			0	N		是			◎第一階段需人工加選◎第二階段需人工加選◎加退選階段需人工加選			0			翁悅心		五 1-2 公館 Ｓ201	英文（一）						0		必				40	幼家系、公領系、特教系、學習科學學位學程、美術系、設計系、企管系	1		
	CU						0	0.00		共同科		00UB7A3			0		2.0				115	半			English (I)	D		0408			0	N		是			◎第一階段需人工加選◎第二階段需人工加選◎加退選階段需人工加選			0			邵毓娟		五 1-2 公館 Ｓ401	英文（一）						0		必				40	幼家系、公領系、特教系、學習科學學位學程、美術系、設計系、企管系	1		
	CU						0	0.00		共同科		00UB7A3			0		2.0				115	半			English (I)	E		0409			0	N		是			◎第一階段需人工加選◎第二階段需人工加選◎加退選階段需人工加選			0			邵毓娟		五 3-4 公館 Ｓ401	英文（一）						0		必				40	教育系、心輔系、社教系、衛教系、教院學士班、音樂系、科技系	1		
	CU						0	0.00		共同科		00UB7A3			0		2.0				115	半			English (I)	F		0410			0	N		是			◎第一階段需人工加選◎第二階段需人工加選◎加退選階段需人工加選			0			黃郁珺		五 3-4 公館 Ｓ506	英文（一）						0		必				40	教育系、心輔系、社教系、衛教系、教院學士班、音樂系、科技系	1		
	CU						0	0.00		共同科		00UB7A3			0		2.0				115	半			English (I)	G		0411			0	N		是			◎第一階段需人工加選◎第二階段需人工加選◎加退選階段需人工加選			0			黃郁珺		五 6-7 公館 Ｓ102	英文（一）						0		必				40	工教系、圖傳系、機電系、電機系、車能學位學程、華語系、臺文系、表藝系	1		
	CU						0	0.00		共同科		00UB7A3			0		2.0				115	半			English (I)	H		0412			0	N		是			◎第一階段需人工加選◎第二階段需人工加選◎加退選階段需人工加選			0			徐立妍		五 6-7 公館 Ｓ601	英文（一）						0		必				40	工教系、圖傳系、機電系、電機系、車能學位學程、華語系、臺文系、表藝系	1		
	CU						0	0.00		共同科		00UB7A3			0		2.0				115	半			English (I)	I		0413			0	N		是			◎第一階段需人工加選◎第二階段需人工加選◎加退選階段需人工加選			0			甘甯		五 6-7 公館 Ｓ202	英文（一）						0		必				40	工教系、圖傳系、機電系、電機系、車能學位學程、華語系、臺文系、表藝系	1		
	CU						0	0.00		共同科		00UB7A3			0		2.0				115	半			English (I)	J		0414			0	N		是			◎第一階段需人工加選◎第二階段需人工加選◎加退選階段需人工加選			0			甘甯		五 8-9 公館 Ｓ202	英文（一）						0		必				40	國文系、歷史系、地理系、東亞系	1		
	CU						0	0.00		共同科		00UB7A3			0		2.0				115	半			English (I)	K		0415			0	N		是			◎第一階段需人工加選◎第二階段需人工加選◎加退選階段需人工加選			0			徐立妍		五 8-9 公館 Ｓ304	英文（一）						0		必				40	國文系、歷史系、地理系、東亞系	1		
	CU						0	0.00		共同科		00UB7A3			0		2.0				115	半			English (I)	L		0416			0	N		是			◎第一階段需人工加選◎第二階段需人工加選◎加退選階段需人工加選			0			黃郁珺		五 8-9 公館 Ｓ402	英文（一）						0		必				40	國文系、歷史系、地理系、東亞系	1		
	CU						0	0.00		共同科		00UB7A4			0		2.0				115	半			English (I)	A		0417			0	N					◎第一階段需人工加選◎第二階段需人工加選◎加退選階段需人工加選			0			未定		一 1-2 公館 Ｓ101	英文（一）						0		必				70	授課教師：葉威廷，競技系(專班)	1		
	CU						0	0.00		共同科		00UB7A4			0		2.0				115	半			English (I)	B		0418			0	N					◎第一階段需人工加選◎第二階段需人工加選◎加退選階段需人工加選			0			蘇鈺恩		一 1-2 公館 Ｓ402	英文（一）						0		必				40	生科系、地科系、資工系、營養科學學位學程、光電工程學位學程	1		
	CU						0	0.00		共同科		00UB7A4			0		2.0				115	半			English (I)	C		0419			0	N					◎第一階段需人工加選◎第二階段需人工加選◎加退選階段需人工加選			0			未定		一 3-4 公館 Ｓ504	英文（一）						0		必				40	授課教師：葉威廷，數學系、物理系、化學系、全球研究學程	1		
	CU						0	0.00		共同科		00UB7A4			0		2.0				115	半			English (I)	D		0420			0	N					◎第一階段需人工加選◎第二階段需人工加選◎加退選階段需人工加選			0			蘇鈺恩		一 3-4 公館 Ｓ402	英文（一）						0		必				40	數學系、物理系、化學系、全球研究學程	1		
	CU						0	0.00		共同科		00UB7A4			0		2.0				115	半			English (I)	E		0421			0	N					◎第一階段需人工加選◎第二階段需人工加選◎加退選階段需人工加選			0			范雅筑		五 1-2 公館 Ｓ203	英文（一）						0		必				40	幼家系、公領系、特教系、學習科學學位學程、美術系、設計系、企管系	1		
	CU						0	0.00		共同科		00UB7A4			0		2.0				115	半			English (I)	F		0422			0	N					◎第一階段需人工加選◎第二階段需人工加選◎加退選階段需人工加選			0			蘇鈺恩		五 1-2 公館 Ｓ404	英文（一）						0		必				40	幼家系、公領系、特教系、學習科學學位學程、美術系、設計系、企管系	1		
	CU						0	0.00		共同科		00UB7A4			0		2.0				115	半			English (I)	G		0423			0	N					◎第一階段需人工加選◎第二階段需人工加選◎加退選階段需人工加選			0			彭家洋		五 1-2 公館 Ｓ603	英文（一）						0		必				40	幼家系、公領系、特教系、學習科學學位學程、美術系、設計系、企管系	1		
	CU						0	0.00		共同科		00UB7A4			0		2.0				115	半			English (I)	H		0424			0	N					◎第一階段需人工加選◎第二階段需人工加選◎加退選階段需人工加選			0			彭家洋		五 3-4 公館 Ｓ603	英文（一）						0		必				40	教育系、心輔系、社教系、衛教系、教院學士班、音樂系、科技系	1		
	CU						0	0.00		共同科		00UB7A4			0		2.0				115	半			English (I)	I		0425			0	N					◎第一階段需人工加選◎第二階段需人工加選◎加退選階段需人工加選			0			陳亞玲		五 3-4 公館 Ｓ404	英文（一）						0		必				40	教育系、心輔系、社教系、衛教系、教院學士班、音樂系、科技系	1		
	CU						0	0.00		共同科		00UB7A4			0		2.0				115	半			English (I)	J		0426			0	N					◎第一階段需人工加選◎第二階段需人工加選◎加退選階段需人工加選			0			陳秋梅		五 3-4 公館 Ｓ201	英文（一）						0		必				40	教育系、心輔系、社教系、衛教系、教院學士班、音樂系、科技系	1		
	CU						0	0.00		共同科		00UB7A4			0		2.0				115	半			English (I)	K		0427			0	N					◎第一階段需人工加選◎第二階段需人工加選◎加退選階段需人工加選			0			陳秋梅		五 6-7 公館 Ｓ201	英文（一）						0		必				40	工教系、圖傳系、機電系、電機系、車能學位學程、華語系、臺文系、表藝系	1		
	CU						0	0.00		共同科		00UB7A4			0		2.0				115	半			English (I)	L		0428			0	N					◎第一階段需人工加選◎第二階段需人工加選◎加退選階段需人工加選			0			陳亞玲		五 6-7 公館 Ｓ404	英文（一）						0		必				40	工教系、圖傳系、機電系、電機系、車能學位學程、華語系、臺文系、表藝系	1		
	CU						0	0.00		共同科		00UB7A4			0		2.0				115	半			English (I)	M		0429			0	N					◎第一階段需人工加選◎第二階段需人工加選◎加退選階段需人工加選			0			彭家洋		五 6-7 公館 Ｓ602	英文（一）						0		必				40	工教系、圖傳系、機電系、電機系、車能學位學程、華語系、臺文系、表藝系	1		
	CU						0	0.00		共同科		00UB7A4			0		2.0				115	半			English (I)	N		0430			0	N					◎第一階段需人工加選◎第二階段需人工加選◎加退選階段需人工加選			0			陳亞玲		五 8-9 公館 Ｓ504	英文（一）						0		必				40	國文系、歷史系、地理系、東亞系	1		
	CU						0	0.00		共同科		00UB7A5			0		2.0				115	半			English (I)	A		0431			0	N					◎第一階段需人工加選◎第二階段需人工加選◎加退選階段需人工加選			0			林政憲		一 1-2 公館 Ｓ403	英文（一）						0		必				40	生科系、地科系、資工系、營養科學學位學程、光電工程學位學程	1		
	CU						0	0.00		共同科		00UB7A5			0		2.0				115	半			English (I)	B		0432			0	N					◎第一階段需人工加選◎第二階段需人工加選◎加退選階段需人工加選			0			林政憲		一 3-4 公館 Ｓ403	英文（一）						0		必				40	數學系、物理系、化學系、全球研究學程	1		
	CU						0	0.00		共同科		00UB7A5			0		2.0				115	半			English (I)	C		0433			0	N					◎第一階段需人工加選◎第二階段需人工加選◎加退選階段需人工加選			0			藍偉華		五 1-2 公館 Ｓ403	英文（一）						0		必				40	幼家系、公領系、特教系、學習科學學位學程、美術系、設計系、企管系	1		
	CU						0	0.00		共同科		00UB7A5			0		2.0				115	半			English (I)	D		0434			0	N					◎第一階段需人工加選◎第二階段需人工加選◎加退選階段需人工加選			0			林政憲		五 6-7 公館 Ｓ301	英文（一）						0		必				40	工教系、圖傳系、機電系、電機系、車能學位學程、華語系、臺文系、表藝系	1		
	CU						0	0.00		共同科		00UB9A3			0		2.0				115	半			English (III): English for Liberal Arts	A		0435			0	N		是			◎限國文系（學）（含雙主修、輔系）、歷史系（學）（含雙主修、輔系）、地理系（學）（含雙主修、輔系）、臺文系（學）（含雙主修、輔系）選修 ◎必須先修過【英文(一)】◎必須先修過【英文(二)】			0			柯衣凡		一 3-4 和平 進305	英文（三）：人文英文						0		必				35	第一、二階依學院別自行選修、加退選階段開放跨院系選修	1		
	CU						0	0.00		共同科		00UB9A3			0		2.0				115	半			English (III): English for Liberal Arts	B		0436			0	N		是			◎限國文系（學）（含雙主修、輔系）、歷史系（學）（含雙主修、輔系）、地理系（學）（含雙主修、輔系）、臺文系（學）（含雙主修、輔系）選修 ◎必須先修過【英文(一)】◎必須先修過【英文(二)】			0			柯衣凡		四 3-4 公館 Ｓ504	英文（三）：人文英文						0		必				35	第一、二階依學院別自行選修、加退選階段開放跨院系選修	1		
	CU						0	0.00		共同科		00UB9A3			0		2.0				115	半			English (III): English for Liberal Arts	C		0437			0	N		是			◎限國文系（學）（含雙主修、輔系）、歷史系（學）（含雙主修、輔系）、地理系（學）（含雙主修、輔系）、臺文系（學）（含雙主修、輔系）選修 ◎必須先修過【英文(一)】◎必須先修過【英文(二)】			0			蘇子中		五 3-4 和平 教1004	英文（三）：人文英文						0		必				30	第一、二階依學院別自行選修、加退選階段開放跨院系選修	1		
	CU						0	0.00		共同科		00UB9A3			0		2.0				115	半			English (III): English for Liberal Arts	D		0438			0	N		是			◎限國文系（學）（含雙主修、輔系）、歷史系（學）（含雙主修、輔系）、地理系（學）（含雙主修、輔系）、臺文系（學）（含雙主修、輔系）選修 ◎必須先修過【英文(一)】◎必須先修過【英文(二)】			0			甘甯		五 3-4 公館 Ｃ004	英文（三）：人文英文						0		必				35	第一、二階依學院別自行選修、加退選階段開放跨院系選修	1		
	CU						0	0.00		共同科		00UB9B1			0		2.0				115	半			English (III): English for Education	A		0439			0	N		是			◎限教育系（學）（含雙主修、輔系）、心輔系（學）（含雙主修、輔系）、社教系（學）（含雙主修、輔系）、衛教系（學）（含雙主修、輔系）、幼家科學系（學）（含雙主修、輔系）、公領系（學）（含雙主修、輔系）、特教系（學）（含雙主修、輔系）、學習科學學位學程（學）（含雙主修、輔系）、教院學士班（學）（含雙主修、輔系）選修 ◎必須先修過【英文(一)】◎必須先修過【英文(二)】			0			范雅筑		五 3-4 公館 Ｓ203	英文（三）：教育英文						0		必				35	第一、二階依學院別自行選修、加退選階段開放跨院系選修	1		
	CU						0	0.00		共同科		00UB9B1			0		2.0				115	半			English (III): English for Education	B		0440			0	N		是			◎限教育系（學）（含雙主修、輔系）、心輔系（學）（含雙主修、輔系）、社教系（學）（含雙主修、輔系）、衛教系（學）（含雙主修、輔系）、幼家科學系（學）（含雙主修、輔系）、公領系（學）（含雙主修、輔系）、特教系（學）（含雙主修、輔系）、學習科學學位學程（學）（含雙主修、輔系）、教院學士班（學）（含雙主修、輔系）選修 ◎必須先修過【英文(一)】◎必須先修過【英文(二)】			0			范雅筑		五 6-7 公館 Ｓ504	英文（三）：教育英文						0		必				35	第一、二階依學院別自行選修、加退選階段開放跨院系選修	1		
	CU						0	0.00		共同科		00UB9B1			0		2.0				115	半			English (III): English for Education	C		0441			0	N		是			◎限教育系（學）（含雙主修、輔系）、心輔系（學）（含雙主修、輔系）、社教系（學）（含雙主修、輔系）、衛教系（學）（含雙主修、輔系）、幼家科學系（學）（含雙主修、輔系）、公領系（學）（含雙主修、輔系）、特教系（學）（含雙主修、輔系）、學習科學學位學程（學）（含雙主修、輔系）、教院學士班（學）（含雙主修、輔系）選修 ◎必須先修過【英文(一)】◎必須先修過【英文(二)】			0			藍偉華		五 3-4 公館 Ｓ403	英文（三）：教育英文						0		必				35	第一、二階依學院別自行選修、加退選階段開放跨院系選修	1		
	CU						0	0.00		共同科		00UB9B1			0		2.0				115	半			English (III): English for Education	D		0442			0	N		是			◎限教育系（學）（含雙主修、輔系）、心輔系（學）（含雙主修、輔系）、社教系（學）（含雙主修、輔系）、衛教系（學）（含雙主修、輔系）、幼家科學系（學）（含雙主修、輔系）、公領系（學）（含雙主修、輔系）、特教系（學）（含雙主修、輔系）、學習科學學位學程（學）（含雙主修、輔系）、教院學士班（學）（含雙主修、輔系）選修 ◎必須先修過【英文(一)】◎必須先修過【英文(二)】			0			藍偉華		五 6-7 公館 Ｂ103	英文（三）：教育英文						0		必				35	第一、二階依學院別自行選修、加退選階段開放跨院系選修	1		
	CU						0	0.00		共同科		00UB9B1			0		2.0				115	半			English (III): English for Education	E		0443			0	N					◎限教育系（學）（含雙主修、輔系）、心輔系（學）（含雙主修、輔系）、社教系（學）（含雙主修、輔系）、衛教系（學）（含雙主修、輔系）、幼家科學系（學）（含雙主修、輔系）、公領系（學）（含雙主修、輔系）、特教系（學）（含雙主修、輔系）、學習科學學位學程（學）（含雙主修、輔系）、教院學士班（學）（含雙主修、輔系）選修 ◎必須先修過【英文(一)】◎必須先修過【英文(二)】			0			李金安		四 6-7 公館 Ｓ501	英文（三）：教育英文						0		必				35	第一、二階依學院別自行選修、加退選階段開放跨院系選修	1		
	CU						0	0.00		共同科		00UB9C1			0		2.0				115	半			English (III): English for Technology	A		0444			0	N		是			◎限工教系（學）（含雙主修、輔系）、科技系（學）（含雙主修、輔系）、圖傳系（學）（含雙主修、輔系）、機電系（學）（含雙主修、輔系）、電機系（學）（含雙主修、輔系）、車能學位學程（學）（含雙主修、輔系）、光電學位學程（學）（含雙主修、輔系）選修 ◎必須先修過【英文(一)】◎必須先修過【英文(二)】			0			許月貴		一 3-4 公館 Ｓ302	英文（三）：科技英文						0		必				35	第一、二階依學院別自行選修、加退選階段開放跨院系選修	1		
	CU						0	0.00		共同科		00UB9C1			0		2.0				115	半			English (III): English for Technology	B		0445			0	N		是			◎限工教系（學）（含雙主修、輔系）、科技系（學）（含雙主修、輔系）、圖傳系（學）（含雙主修、輔系）、機電系（學）（含雙主修、輔系）、電機系（學）（含雙主修、輔系）、車能學位學程（學）（含雙主修、輔系）、光電學位學程（學）（含雙主修、輔系）選修 ◎必須先修過【英文(一)】◎必須先修過【英文(二)】			0			曾輔國		四 3-4 公館 Ｓ303	英文（三）：科技英文						0		必				35	第一、二階依學院別自行選修、加退選階段開放跨院系選修	1		
	CU						0	0.00		共同科		00UB9C1			0		2.0				115	半			English (III): English for Technology	C		0446			0	N		是			◎限工教系（學）（含雙主修、輔系）、科技系（學）（含雙主修、輔系）、圖傳系（學）（含雙主修、輔系）、機電系（學）（含雙主修、輔系）、電機系（學）（含雙主修、輔系）、車能學位學程（學）（含雙主修、輔系）、光電學位學程（學）（含雙主修、輔系）選修 ◎必須先修過【英文(一)】◎必須先修過【英文(二)】			0			曾輔國		四 6-7 公館 Ｃ004	英文（三）：科技英文						0		必				35	第一、二階依學院別自行選修、加退選階段開放跨院系選修	1		
	CU						0	0.00		共同科		00UB9C1			0		2.0				115	半			English (III): English for Technology	D		0447			0	N					◎限工教系（學）（含雙主修、輔系）、科技系（學）（含雙主修、輔系）、圖傳系（學）（含雙主修、輔系）、機電系（學）（含雙主修、輔系）、電機系（學）（含雙主修、輔系）、車能學位學程（學）（含雙主修、輔系）、光電學位學程（學）（含雙主修、輔系）選修 ◎必須先修過【英文(一)】◎必須先修過【英文(二)】			0			項瑞芳		四 6-7 公館 Ｓ505	英文（三）：科技英文						0		必				35	第一、二階依學院別自行選修、加退選階段開放跨院系選修	1		
	CU						0	0.00		共同科		00UB9D1			0		2.0				115	半			English (III): English for Arts and Design	A		0448			0	N		是			◎限美術系（學）（含雙主修、輔系）、設計系（學）（含雙主修、輔系）選修 ◎必須先修過【英文(一)】◎必須先修過【英文(二)】			0			陳瑄		五 3-4 公館 Ｃ006	英文（三）：藝術英文						0		必				35	第一、二階依學院別自行選修、加退選階段開放跨院系選修	1		
	CU						0	0.00		共同科		00UB9D1			0		2.0				115	半			English (III): English for Arts and Design	B		0449			0	N		是			◎限美術系（學）（含雙主修、輔系）、設計系（學）（含雙主修、輔系）選修 ◎必須先修過【英文(一)】◎必須先修過【英文(二)】			0			陳瑄		五 6-7 公館 Ｅ101	英文（三）：藝術英文						0		必				35	第一、二階依學院別自行選修、加退選階段開放跨院系選修	1		
	CU						0	0.00		共同科		00UB9E1			0		2.0				115	半			English (III): English for Sports	A		0450			0	N		是			◎限體育系（學）（含雙主修、輔系）、競技系（學）（含雙主修、輔系）選修 ◎必須先修過【英文(一)】◎必須先修過【英文(二)】			0			李世文		五 6-7 公館 Ｅ102	英文（三）：運動英文						0		必				35	第一、二階依學院別自行選修、加退選階段開放跨院系選修	1		
	CU						0	0.00		共同科		00UB9E1			0		2.0				115	半			English (III): English for Sports	B		0451			0	N					◎限體育系（學）（含雙主修、輔系）、競技系（學）（含雙主修、輔系）選修 ◎必須先修過【英文(一)】◎必須先修過【英文(二)】			0			李世文		五 3-4 公館 Ｃ007	英文（三）：運動英文						0		必				35	第一、二階依學院別自行選修、加退選階段開放跨院系選修	1		
	CU						0	0.00		共同科		00UB9H3			0		2.0				115	半			English (III): English for Business and Management	A		0452			0	N		是			◎限企管系（學）（含雙主修、輔系）選修 ◎必須先修過【英文(一)】◎必須先修過【英文(二)】			0			陳惠芬		四 3-4 公館 Ｓ304	英文（三）：商管英文						0		必				35	第一、二階依學院別自行選修、加退選階段開放跨院系選修	1		
	CU						0	0.00		共同科		00UB9H3			0		2.0				115	半			English (III): English for Business and Management	B		0453			0	N		是			◎限企管系（學）（含雙主修、輔系）選修 ◎必須先修過【英文(一)】◎必須先修過【英文(二)】			0			陳惠芬		四 6-7 公館 Ｓ402	英文（三）：商管英文						0		必				35	第一、二階依學院別自行選修、加退選階段開放跨院系選修	1		
	CU						0	0.00		共同科		00UB9L1			0		2.0				115	半			English (III): English for Science	A		0454			0	N		是			◎限數學系（學）（含雙主修、輔系）、物理系（學）（含雙主修、輔系）、化學系（學）（含雙主修、輔系）、生科系（學）（含雙主修、輔系）、地科系（學）（含雙主修、輔系）、資工系（學）（含雙主修、輔系）、營養學位學程（學）（含雙主修、輔系）選修 ◎必須先修過【英文(一)】◎必須先修過【英文(二)】			0			項瑞芳		一 3-4 公館 Ｓ505	英文（三）：科學英文						0		必				35	第一、二階依學院別自行選修、加退選階段開放跨院系選修	1		
	CU						0	0.00		共同科		00UB9L1			0		2.0				115	半			English (III): English for Science	B		0455			0	N		是			◎限數學系（學）（含雙主修、輔系）、物理系（學）（含雙主修、輔系）、化學系（學）（含雙主修、輔系）、生科系（學）（含雙主修、輔系）、地科系（學）（含雙主修、輔系）、資工系（學）（含雙主修、輔系）、營養學位學程（學）（含雙主修、輔系）選修 ◎必須先修過【英文(一)】◎必須先修過【英文(二)】			0			項瑞芳		五 3-4 公館 Ｃ003	英文（三）：科學英文						0		必				35	第一、二階依學院別自行選修、加退選階段開放跨院系選修	1		
	CU						0	0.00		共同科		00UB9L1			0		2.0				115	半			English (III): English for Science	C		0456			0	N		是			◎限數學系（學）（含雙主修、輔系）、物理系（學）（含雙主修、輔系）、化學系（學）（含雙主修、輔系）、生科系（學）（含雙主修、輔系）、地科系（學）（含雙主修、輔系）、資工系（學）（含雙主修、輔系）、營養學位學程（學）（含雙主修、輔系）選修 ◎必須先修過【英文(一)】◎必須先修過【英文(二)】			0			柯衣凡		四 1-2 公館 Ｓ504	英文（三）：科學英文						0		必				35	第一、二階依學院別自行選修、加退選階段開放跨院系選修	1		
	CU						0	0.00		共同科		00UB9L1			0		2.0				115	半			English (III): English for Science	D		0457			0	N					◎限數學系（學）（含雙主修、輔系）、物理系（學）（含雙主修、輔系）、化學系（學）（含雙主修、輔系）、生科系（學）（含雙主修、輔系）、地科系（學）（含雙主修、輔系）、資工系（學）（含雙主修、輔系）、營養學位學程（學）（含雙主修、輔系）選修 ◎必須先修過【英文(一)】◎必須先修過【英文(二)】			0			曾輔國		五 3-4 和平 教404	英文（三）：科學英文						0		必				30	第一、二階依學院別自行選修、加退選階段開放跨院系選修	1		
	CU						0	0.00		共同科		00UB9M1			0		2.0				115	半			English (III): English for Social Sciences	A		0458			0	N		是			◎限東亞系（學）（含雙主修、輔系）、華語系（學）（含雙主修、輔系）、全球研究學位學程（學）（含雙主修、輔系）選修 ◎必須先修過【英文(一)】◎必須先修過【英文(二)】			0			陳惠芬		一 3-4 公館 Ｃ007	英文（三）：社會科學英文						0		必				35	第一、二階依學院別自行選修、加退選階段開放跨院系選修	1		
	CU						0	0.00		共同科		00UB9M1			0		2.0				115	半			English (III): English for Social Sciences	B		0459			0	N		是			◎限東亞系（學）（含雙主修、輔系）、華語系（學）（含雙主修、輔系）、全球研究學位學程（學）（含雙主修、輔系）選修 ◎必須先修過【英文(一)】◎必須先修過【英文(二)】			0			郭儀風		五 6-7 公館 Ｓ503	英文（三）：社會科學英文						0		必				35	第一、二階依學院別自行選修、加退選階段開放跨院系選修	1		
	CU						0	0.00		共同科		00UB9M1			0		2.0				115	半			English (III): English for Social Sciences	C		0460			0	N					◎限東亞系（學）（含雙主修、輔系）、華語系（學）（含雙主修、輔系）、全球研究學位學程（學）（含雙主修、輔系）選修 ◎必須先修過【英文(一)】◎必須先修過【英文(二)】			0			陳惠芬		一 6-7 公館 Ｓ303	英文（三）：社會科學英文						0		必				35	第一、二階依學院別自行選修、加退選階段開放跨院系選修	1		
	CU						0	0.00		共同科		00UB9Q1			0		2.0				115	半			English (III): English for Music	A		0461			0	N		是			◎限音樂系（學）（含雙主修、輔系）、表藝系（學）（含雙主修、輔系）選修 ◎必須先修過【英文(一)】◎必須先修過【英文(二)】			0			黃浩軒		一 3-4 公館 Ｃ005	英文（三）：音樂英文						0		必				35	第一、二階依學院別自行選修、加退選階段開放跨院系選修	1		
	CU						0	0.00		共同科		00UB9Q1			0		2.0				115	半			English (III): English for Music	B		0462			0	N		是			◎限音樂系（學）（含雙主修、輔系）、表藝系（學）（含雙主修、輔系）選修 ◎必須先修過【英文(一)】◎必須先修過【英文(二)】			0			范雅筑		四 3-4 公館 Ｓ401	英文（三）：音樂英文						0		必				35	第一、二階依學院別自行選修、加退選階段開放跨院系選修	1		
	E						10	0.20		教育學院		E0U0001			0		2.0				115	半			Educational Statistics (I) </br>[ Program: The Specialization Program of Psychological Testing and Data Science ]	A		0463			0	N								0			張凌嘉		五 8-9 和平 教401	教育統計學（一） </br>[ 學分學程：測驗評量與數據科學專業學分學程 ]						0		選				50		1		ZU4V
	E						10	0.20		教育學院		E0U0001			0		2.0				115	半			Educational Statistics (I) </br>[ Program: The Specialization Program of Psychological Testing and Data Science ]	B		0464			0	N								0			趙本強		二 6-7 和平 特115	教育統計學（一） </br>[ 學分學程：測驗評量與數據科學專業學分學程 ]						0		選				50		1		ZU4V
	E						10	0.20		教育學院		E0U0001			0		2.0				115	半			Educational Statistics (I) </br>[ Program: The Specialization Program of Psychological Testing and Data Science ]	C		0465			0	N					◎限社教系（學）選修			0			郭郡羽		五 6-7 和平 教402	教育統計學（一） </br>[ 學分學程：測驗評量與數據科學專業學分學程 ]						0		選				50		1		ZU4V
	E						10	0.13		教育學院		E0U0001			0		2.0				115	半			Educational Statistics (I) </br>[ Program: The Specialization Program of Psychological Testing and Data Science ]	D		0466			0	N								0			吳清麟		二 3-4 和平 綜210展覽廳	教育統計學（一） </br>[ 學分學程：測驗評量與數據科學專業學分學程 ]						0		選				80		1		ZU4V
	E						10	0.13		教育學院		E0U0001			0		2.0				115	半			Educational Statistics (I) </br>[ Program: The Specialization Program of Psychological Testing and Data Science ]	E		0467			0	N		是						0			陳柏邑		二 3-4 和平 教202會議廳	教育統計學（一） </br>[ 學分學程：測驗評量與數據科學專業學分學程 ]						0		選				75		1		ZU4V
	E						10	0.20		教育學院		E0U0004			0		2.0				115	半			Practice of Elderly Health Service </br>[ Program: The Inter-disciplinary Program of Human Services and Social Work Credit The Inter-disciplinary Program of Cultivating Seniors Service Talent in Community ]			0468			0	N								0			林玫君 吳振邦 蔡昕璋		四 10-A 和平 教710	社區高齡者健康服務實務 </br>[ 學分學程：人群服務與社會工作學分學程 社區高齡者服務人才培力學分學程 ]						0		必				50		1		ZU37/ZU98
	E						10	0.20		教育學院		E0U0008			5		2.0				115	半			Introduction to Learning and Teaching			0469			0	N		是						0			胡翠君		二 6-7 和平 教600	學習與教學導論						0		選				50		1		
	E						0	0.00		教育學院		E0U0009			5		2.0				115	半			PASSION Teaching Materials and Methods </br>[ Program: The Inter-disciplinary Program of PASSION Quality Education in Rural Schools ]			0470			0	N					◎初選 PASSION偏鄉優質教育學分學程 研究生得下修			0			胡翠君		五 6-7 和平 教513	PASSION國英數教材教法 </br>[ 學分學程：PASSION偏鄉優質教育學分學程 ]						0		必				50		1		ZU79
	E						1	0.03		教育學院		E0U0011			1		2.0				115	半			PASSION Distance Learning </br>[ Program: The Inter-disciplinary Program of PASSION Quality Education in Rural Schools ]			0471			0	N					◎初選 PASSION偏鄉優質教育學分學程 研究生得下修◎必須先修過【E0U0010  PASSION實習課程】			0			胡翠君		一 8-9 公館 理圖802	PASSION遠距教學實習 </br>[ 學分學程：PASSION偏鄉優質教育學分學程 ]						0		必				37		1		ZU79
	E						3	0.08		教育學院		E0C8001			0		3.0				115	半			Advanced Educational Statistics (A)	A		0472			0	N			8		◎課程不開放上修			0			邱皓政 林碧芳	碩博	三 2-4 和平 教403	高級教育統計學（甲）						0		選				37		1		
	E						3	0.08		教育學院		E0C8001			0		3.0				115	半			Advanced Educational Statistics (A)	B		0473			0	N			8		◎課程不開放上修			0			譚克平	碩博	三 8-10 和平 教402	高級教育統計學（甲）						0		選				37		1		
	E						10	0.20		教育學院		E0C8005			0		3.0				115	半			Structural Equation Models			0474			0	N			8		◎課程不開放上修			0			林世華	碩博	四 6-8 和平 圖傳系一般教室	結構方程模式						0		選				50	授課地點：科工大樓圖傳系一般教室	1		
	E						10	0.20		教育學院		E0C8008			0		3.0				115	半			Categorical Analysis			0475			0	N		是	8		◎課程不開放上修			0			劉振維	碩博	五 7-9 和平 教709	類別資料分析						0		選				50		1		
	E						10	0.20		教育學院		E0C9011			5		2.0				115	半			The Application of Educational Technology in Teaching and Course Design </br>[ Program: The Inter-disciplinary Program of Technology-assisted Teaching Industry ]			0476			0	N			9					0			胡翠君	大碩	一 6-7 和平 教511	科技化教學平台運用與課程設計 </br>[ 學分學程：科技化教學產業學分學程 ]						0		必				50		1		ZU47
	ED00						10	0.33		教育系（博）		EDD0109			0		3.0				115	半			Special Topics on Qualitative Research Methodology			0477			0	N					◎課程不開放上修			0			甄曉蘭		四 2-4 和平 教804	質性研究方法論專題研究						0		選				30		1		
	ED00						10	0.33		教育系（博）		EDD0159			0		3.0				115	半			Special Topics on Educational Administration			0478			0	N					◎課程不開放上修			0			陳玉娟 黃乃熒 陳宏彰		四 9-A 和平 教803	教育行政專題研究						0		必				30		1		
	ED00						10	0.33		教育系（博）		EDD0160			0		3.0				115	半			Critical Study of Selected Readings in English Educational Classics			0479			0	N		是			◎課程不開放上修			0			甄曉蘭		二 7-9 和平 教813	英語名著選讀與批判研究						0		選				30		1		
	ED01						10	0.20		心輔系（博）		PCD1001			0		2.0				115	半			Studies in Contemporary Educational Psychology			0480			0	N					◎課程開放上修			0			陳學志		四 10-A 和平 教600	當代教育心理學專題研討	一			1		0		必				50		1		
	ED01						10	0.20		心輔系（博）		PCD1004			0		3.0				115	半			Advanced Special Topics on Counseling Theories			0481			0	N					◎課程開放上修			0			王麗斐		二 8-10 和平 教500	進階諮商理論專題研究	一			1		0		必				50		1		
	ED01						10	0.20		心輔系（博）		PCD2006			0	是	2.0				115	半	陳秀蓉		Counseling Supervision and Practicum (I)			0482			0	N					◎必須先修過【PCD2009  進階諮商心理實習（二）】 ◎課程開放上修			0			陳秀蓉		二 6-8 和平 教615	諮商督導研究與實習（一）	二			2		0		必				50		1		
	ED01						10	0.20		心輔系（博）		PCD2010			0	是	2.0				115	半	王玉珍		Advanced Internship in Counseling Psychology (I)			0483			0	N					◎必須先修過【PCD2007  諮商督導研究與實習（二）】 ◎課程開放上修			0			王玉珍		四 2-4 和平 教621	進階諮商專業實習（一）	三			3		0		必				50		1		
	ED02						2	0.20		社教系（博）		SOD0108			0		3.0				115	半			Special Topics on Social and Cultural Issues			0484			0	N					◎課程不開放上修			0			黃靖惠		二 5-7 和平 教709	社會文化議題專題研究						0		選				10		1		
	ED02						2	0.20		社教系（博）		SOD0112			0		3.0				115	半			Seminar in Cultural Administration and Cultural Policy			0485			0	N					◎課程開放上修			0			廖世璋		四 A-C 和平 教709	文化行政與文化政策專題研究						0		選				10		1		
	ED03						10	0.33		課程所（博）		ECD0001			0		3.0				115	半			Special Topics on Curriculum Theories			0486			0	N					◎課程不開放上修			0			甄曉蘭 卯靜儒		四 9-A 和平 教804	課程理論專題研究						0		必				30		1		
	ED03						10	0.33		課程所（博）		ECD0006			0		3.0				115	半			Special Topics on Teacher Professional Development			0487			0	N					◎課程不開放上修			0			郝永崴		三 6-8 和平 教804	教師專業發展專題研究						0		選				30		1		
	ED05						10	0.20		衛教系（博）		HED0001			1		2.0				115	半			Special Topics on Behavioral Science			0488			0	N					◎課程開放上修			0			李思賢		四 6-7 和平 教600	健康行為專題研究	一			1		0		必				50		1		
	ED05						10	0.20		衛教系（博）		HED0063			1		2.0				115	半			Philosophy of Health Promotion and Health Education			0489			0	N					◎課程開放上修			0			張晏蓉		四 1-2 和平 教615	健康促進與衛生教育哲學	一			1		0		必				50		1		
	ED05						10	0.20		衛教系（博）		HED0004			1		2.0				115	半			Advanced Seminar on Health Education			0490			0	N					◎課程開放上修			0			張鳳琴 張晏蓉		四 7-8 和平 教615	高級衛生教育研討	二			2		0		必				50		1		
	ED05						10	0.20		衛教系（博）		HED0039			0		2.0				115	半			Seminar(I)			0491			0	N					◎課程開放上修			0			連盈如		四 9-10 和平 教9樓綜合教室	專題討論（一）	二			2		0		必				50		1		
	ED06						10	0.20		幼家科學系（博）		HGD0213			0		2.0				115	半			Seminar (III)	B		0492			0	N					◎課程不開放上修			0			張鑑如		一 3-4 和平 教709	專題討論（三）						0		必				50		1		
	ED07						1	0.14		公領系（博）		CED0085			1		3.0				115	半			Special Topics in Leadership Studies			0493			0	N					◎課程開放上修			0			蔡居澤		三 6-8 和平 教813	領導專題研究	一			1		0		必				7		1		
	ED07						3	0.30		公領系（博）		CED0087			1		3.0				115	半			Special Topics in Administration and Management			0494			0	N					◎課程開放上修			0			曾冠球		四 A-C 和平 教615	行政與管理專題研究	一			1		0		選				10		1		
	ED07						5	0.33		公領系（博）		CED0107			5		3.0				115	半			Special Topics on Student Rights & Campus Legal Issues			0495			0	N					◎課程開放上修			0			林佳範		二 A-C 和平 教600	學生權利與校園法律問題專題研究	一			1		0		選				15		1		
	ED07						2	0.33		公領系（博）		CED0071			1		3.0				115	半			Special Topics in Student Affairs			0496			0	N					◎課程開放上修			0			劉若蘭		三 2-4 和平 教813	學生事務專題研究	二			2		0		選				6		1		
	ED08						10	0.20		資教所（博）		ICD0001			0		1.0				115	半			Seminar (I)			0497			0	N					◎課程開放上修			0			陳志洪		一 8-9 和平 教1011	專題討論（一）						0		必				50		1		
	ED08						10	0.20		資教所（博）		ICD0003			0		1.0				115	半			Seminar (III)			0498			0	N					◎課程開放上修			0			林育慈		一 8-9 和平 教1004	專題討論（三）						0		必				50		1		
	ED09						10	0.33		特教系（博）		SPD0001			3		2.0				115	半			Studies of Theory and Practice of Special Education			0499			0	N					◎課程不開放上修			0			洪儷瑜		二 6-7 和平 特230	特殊教育理論與實務專題研討						0		必				30		1		
	ED09						10	0.33		特教系（博）		SPD0087			0		1.0				115	半			Practicum in Teaching Individuals with Disabilities(I)			0500			0	N					◎必須先修過【SPD0001  特殊教育理論與實務專題研討】 ◎課程不開放上修			0			佘永吉		二 8 和平 特204	身心障礙教育教學實務（甲）						0		選				30		1		
	ED09						10	0.33		特教系（博）		SPD0089			0		1.0				115	半			Practicum of Research on Education for Individuals with Disabilities(I)			0501			0	N					◎必須先修過【SPD0001  特殊教育理論與實務專題研討】 ◎課程開放上修			0			洪儷瑜		二 9 和平 特204	身心障礙教育研究實務（甲）						0		選				30		1		
	ED09						10	0.33		特教系（博）		SPD0090			0		1.0				115	半			Practicum of Research on Education for Individuals with Disabilities(II)			0502			0	N					◎課程不開放上修			0			陳貞夙		三 8 和平 特204	身心障礙教育研究實務（乙）						0		選				30		1		
	ED09						10	0.33		特教系（博）		SPD0091			0		1.0				115	半			Practicum in Teaching the Gifted and Talented(I)	A		0503			0	N					◎課程開放上修			0			于曉平		一 A 和平 特203	資優教育教學實務（甲）						0		選				30		1		
	ED09						10	0.33		特教系（博）		SPD0091			0		1.0				115	半			Practicum in Teaching the Gifted and Talented(I)	B		0504			0	N					◎課程不開放上修			0			潘裕豐		四 8 和平 特203	資優教育教學實務（甲）						0		選				30		1		
	ED09						10	0.33		特教系（博）		SPD0093			0		1.0				115	半			Practicum of Research on Education for the Gifted and Talented(I)	A		0505			0	N					◎必須先修過(也可以同時修)【SPD0001  特殊教育理論與實務專題研討】 ◎課程開放上修			0			于曉平		二 B 和平 特203	資優教育研究實務（甲）						0		選				30		1		
	ED15						10	0.33		圖資所（博）		ISD0110			3		3.0				115	半			Trends in Library and Information Research			0506			0	N					◎課程開放上修			0			邱銘心		二 6-8 和平 教室自排	圖書資訊學研究趨勢						0		必				30	授課地點：教1026	1		
	EM00						10	0.33		教育系（碩）		EDM0087			0		3.0				115	半			Research Practices of Education and Social Sciences			0507			0	N					◎限本系(含雙主修)修習 ◎課程不開放上修			0			李玉馨 張宜君		二 6-8 和平 教803	教育與社會科學研究法						0		必				30		1		
	EM00						10	0.33		教育系（碩）		EDM0088			3		3.0				115	半			Studies in the Design and Practice of Quantitative Research			0508			0	N					◎課程不開放上修			0			余穎麒 張宜君		四 2-4 和平 教710	量化研究設計與實施						0		選				30		1		
	EM00						10	0.33		教育系（碩）		EDM0089			0		3.0				115	半			Studies in the Design and Practice of Qualitative Research			0509			0	N					◎課程不開放上修			0			林君憶		三 2-4 和平 教804	質性研究設計與實施						0		選				30		1		
	EM00						10	0.33		教育系（碩）		EDM0097			0		3.0				115	半			Studies in Lao Tzu and Education			0510			0	N					◎課程不開放上修			0			林秀珍		三 2-4 和平 教803	老子研究與教育						0		選				30		1		
	EM00						10	0.33		教育系（碩）		EDM0193			0		3.0				115	半			Studies in History of Chinese Philosophy			0511			0	N					◎課程不開放上修			0			李玉馨		五 7-9 和平 教801	中國哲學史研究						0		選				30		1		
	EM00						10	0.33		教育系（碩）		EDM0194			0		3.0				115	半			Studies in History of Western Philosophy			0512			0	N					◎課程不開放上修			0			未定		四 9-A 和平 教801	西洋哲學史研究						0		選				30		1		
	EM00						10	0.33		教育系（碩）		EDC0077			0		3.0				115	半			Studies in Educational Psychology			0513			0	N			8		◎課程不開放上修			0			唐淑華	碩博	三 3-5 和平 教802	教育心理學研究						0		選				30		1		
	EM00						10	0.33		教育系（碩）		EDC0149			0		3.0				115	半			Studies in the History of Women's Education			0514			0	N			8		◎課程不開放上修			0			周愚文	碩博	二 2-4 和平 教804	婦女教育史研究						0		選				30		1		
	EM00						10	0.33		教育系（碩）		EDC0157			0		3.0				115	半			Studies in Educational History			0515			0	N			8		◎課程不開放上修			0			李玉馨	碩博	三 6-8 和平 教801	教育史研究						0		選				30		1		
	EM00						10	0.33		教育系（碩）		EDC0165			0		3.0				115	半			Studies in Economics of Education			0516			0	N		是	8		◎課程開放上修			0			余穎麒	碩博	四 7-9 和平 教813	教育經濟學研究						0		選				30		1		
	EM00						10	0.33		教育系（碩）		EDC0189			0		3.0				115	半			Discourse Analysis			0517			0	N			8		◎課程不開放上修			0			卯靜儒	碩博	一 6-8 和平 教801	論述分析						0		選				30		1		
	EM00						10	0.33		教育系（碩）		EDC0192			0		3.0				115	半			Studies in Philosophy of Educational Administration			0518			0	N			8		◎課程不開放上修			0			黃乃熒	碩博	三 9-A 和平 教803	教育行政哲學研究						0		選				30		1		
	EM00						10	0.33		教育系（碩）		EDC0194			0		3.0				115	半			Studies in Ethics of Educational Administration			0519			0	N			8		◎課程不開放上修			0			黃乃熒	碩博	三 6-8 和平 教803	教育行政倫理研究						0		選				30		1		
	EM00						10	0.33		教育系（碩）		EDC0196			0		3.0				115	半			Studies in History of Taiwanese Education			0520			0	N			8		◎課程不開放上修			0			林玉体	碩博	一 2-4 和平 教803	臺灣教育史研究						0		選				30		1		
	EM00						10	0.33		教育系（碩）		EDC0198			0		3.0				115	半			Studies in Historiography of Education			0521			0	N			8		◎課程不開放上修			0			方永泉	碩博	三 9-A 和平 教801	教育影視史學研究						0		選				30		1		
	EM00						10	0.33		教育系（碩）		EDC0199			0		3.0				115	半			Studies in History of Western Education			0522			0	N			8		◎課程不開放上修			0			方永泉	碩博	一 9-A 和平 教813	西洋教育史研究						0		選				30		1		
	EM00						10	0.33		教育系（碩）		EDC0200			0		3.0				115	半			Special Topics on Theories and Practices of New Education in the West			0523			0	N			8		◎課程不開放上修			0			劉蔚之	碩博	一 6-8 和平 教室自排	西方新教育理論與實踐專題研究						0		選				30	授課教室為劉蔚之教授研究室	1		
	EM00						10	0.33		教育系（碩）		EDC0207			0		3.0				115	半			Studies in Student Culture			0524			0	N			8		◎課程不開放上修			0			黃鴻文	碩博	二 2-4 和平 教801	學生文化研究						0		選				30		1		
	EM00						10	0.33		教育系（碩）		EDC0214			0		3.0				115	半			Studies in Sociology of Culture and Education			0525			0	N			8		◎課程不開放上修			0			鄭英傑	碩博	四 6-8 和平 教801	文化社會學與教育研究						0		選				30		1		
	EM00						10	0.33		教育系（碩）		EDC0215			0		3.0				115	半			Studies in Globalization and Education			0526			0	N			8		◎課程不開放上修			0			張珍瑋	碩博	四 2-4 和平 教803	全球化與教育研究						0		選				30		1		
	EM00						10	0.33		教育系（碩）		EDC0222			0		3.0				115	半			Critical Study in Selected English Educational Readings			0527			0	N			8		◎課程不開放上修			0			李玉馨	碩博	四 6-8 和平 教803	英文教育名著批判						0		選				30		1		
	EM00						10	0.33		教育系（碩）		EDC0226			0		3.0				115	半			Telecommunications and Educational Research			0528			0	N		是	8		◎課程不開放上修			0			郝永崴	碩博	三 9-A 和平 教804	網路教學與教育研究						0		選				30		1		
	EM00						10	0.33		教育系（碩）		EDC8001			0		3.0				115	半			Studies in Emerging Issues in Educational Policies			0529			0	N			8		◎課程不開放上修			0			陳宏彰 王麗雲	碩博	一 6-8 和平 教803	教育政策新興議題研究						0		選				30		1		
	EM00						10	0.33		教育系（碩）		EDC8004			0		3.0				115	半			Seminar on Philosophy and History Education			0530			0	N			8		◎課程不開放上修			0			洪仁進 崔	碩博	五 3-5 和平 教801	教育哲史研討						0		選				30		1		
	EM00						10	0.33		教育系（碩）		EDC8010			2		3.0				115	半			Studies in Transition from School to Work			0531			0	N			8		◎課程不開放上修			0			張宜君	碩博	三 2-4 和平 教801	教育與工作轉銜研究						0		選				30		1		
	EM00						10	0.33		教育系（碩）		EDC8012			0		3.0				115	半			Studies in Aristotelian Virtue Ethics and Character Education			0532			0	N			8		◎課程不開放上修			0			陳伊琳	碩博	四 2-4 和平 教801	亞里斯多德主義與品德教育研究						0		選				30		1		
	EM00						10	0.33		教育系（碩）		EDC8013			0		3.0				115	半			Studies in Politics of Differences and Education			0533			0	N			8		◎課程不開放上修			0			黃純敏	碩博	二 10-B 和平 教813	差異政治與教育研究						0		選				30		1		
	EM01						10	0.20		心輔系（碩）		PCC0029			0		3.0				115	半			Special Topics in Psychology of Reading			0534			0	N			8		◎課程開放上修			0			簡郁芩	碩博	三 6-8 和平 教515	閱讀心理學專題研究						0		選				50		1		
	EM01						8	0.36		心輔系（碩）		PCC0081			0		3.0				115	半			Theory and Practice of Group Counseling			0535			0	N			8		◎必須先修過【PCU0011  團體輔導】◎必須先修過(也可以同時修)【PCM0072  諮商技術專題研究】 ◎課程開放上修			0			未定	碩博	二 3-5 和平 教500	團體諮商理論與技術						0		選				22		1		
	EM01						10	0.36		心輔系（碩）		PCC0101			0		3.0				115	半			Special Topics in Psychology of E-learning </br>[ Program: The Inter-disciplinary Program of Cultivating Seniors Service Talent in Community ]			0536			0	N			8		◎課程開放上修			0			劉子鍵	碩博	一 2-4 和平 進309	數位學習心理學專題研究 </br>[ 學分學程：社區高齡者服務人才培力學分學程 ]						0		選				28		1		ZU98
	EM01						5	0.20		心輔系（碩）		PCC0113			0		3.0				115	半			Special Topics in Theories of Personality			0537			0	N			8		◎課程開放上修			0			陳建安	碩博	四 6-8 和平 泰順街產創學院會議室	人格心理學專題研究						0		選				25		1		
	EM01						5	0.20		心輔系（碩）		PCC0115			0		3.0				115	半			Studies in Social and Emotional Development			0538			0	N			8		◎課程開放上修			0			程景琳	碩博	五 7-9 和平 教602	社會與情緒發展研究						0		選				25		1		
	EM01						10	0.20		心輔系（碩）		PCC0135			0		3.0				115	半			Special Topics on Learning and Instructional Psychology			0539			0	N			8		◎課程開放上修			0			毛國楠	碩博	三 8-10 和平 教500	學習與教學心理學專題研討						0		選				50		1		
	EM01						10	0.20		心輔系（碩）		PCC8008			0		3.0				115	半			Mathematic Foundation of Test			0540			0	N			8		◎課程開放上修			0			陳柏邑	碩博	一 8-10 和平 教500	測驗的數理基礎						0		必				50		1		
	EM01						10	0.20		心輔系（碩）		PCC8011			0		2.0				115	半			Academic Orientation and Professional Development			0541			0	N			8		◎課程開放上修			0			李俊仁	碩博	二 6-7 和平 教511	學術定向與專業成長						0		必				50		1		
	EM01						10	0.20		心輔系（碩）		PCC8019			0		2.0				115	半			Psychology of Crossing Cultural Borders			0542			0	N		是	8		◎課程開放上修			0			王麗斐	碩博	四 7-8 和平 教500	文化跨界心理學						0		必				50		1		
	EM01						10	0.33		心輔系（碩）		PCC8021			2		2.0				115	半			Studies in Human Intelligence			0543			0	N			8		◎課程開放上修			0			曾志朗	碩博	二 A-B 和平 教500	人類智慧專題研討						0		選				30		1		
	EM01						10	0.20		心輔系（碩）		PCC8022			1		2.0				115	半			Qualitative Research			0544			0	N			8		◎課程開放上修			0			何英奇	碩博	二 9-10 和平 教803	質性研究法						0		選				50		1		
	EM01						10	0.20		心輔系（碩）		PCC8034			0		3.0				115	半			Ethical Issues and Laws in Counseling			0545			0	N			8		◎必須先修過(也可以同時修)【PCM0085  諮商心理實習（一）】 ◎課程開放上修			0			葉安華	碩博	三 7-9 和平 美202	諮商專業倫理與法規						0		選				50		1		
	EM01						10	0.20		心輔系（碩）		PCC8038			0		3.0				115	半			Nonverbal Communication			0546			0	N		是	8		◎課程開放上修			0			藤原健	碩博	二 2-4 和平 教615	非語言溝通						0		選				50		1		
	EM01						10	0.20		心輔系（碩）		PCM0002			0		3.0				115	半			Methodology in Behavior Science			0547			0	N					◎課程開放上修			0			吳昭容		四 2-4 和平 教600	行為科學方法論	一			1		0		必				50		1		
	EM01						10	0.20		心輔系（碩）		PCM0003			0		2.0				115	半			Special Topics in Educational Psychology			0548			0	N					◎課程開放上修			0			邱美秀		二 9-10 和平 教600	教育心理學專題研究	一			1		0		必				50		1		
	EM01						10	0.20		心輔系（碩）		PCM0089			0		3.0				115	半			Special Topics on Counseling Theories			0549			0	N					◎課程開放上修			0			陳秀蓉		二 2-4 和平 教600	諮商理論專題研究	一			1		0		必				50		1		
	EM01						10	0.20		心輔系（碩）		PCM0085			0	是	3.0				115	半	林旻沛		Practicum in Counseling Psychology (I)	A		0550			0	N					◎必須先修過(也可以同時修)【PCC0081  團體諮商理論與技術】 ◎課程開放上修			0			林旻沛		三 1-4 和平 教500	諮商心理實習（一）	二			2		0		必				50		1		
	EM01						10	0.20		心輔系（碩）		PCM0085			0	是	3.0				115	半	未定		Practicum in Counseling Psychology (I)	B		0551			0	N					◎必須先修過(也可以同時修)【PCC0081  團體諮商理論與技術】 ◎課程開放上修			0			未定		三 1-4 和平 教615	諮商心理實習（一）	二			2		0		必				50		1		
	EM01						10	0.20		心輔系（碩）		PCM0087			0	是	3.0				115	半	喬虹		Internship in Counseling Psychology (I)	A		0552			0	N					◎必須先修過【PCC0114  變態心理學專題研究】、【PCC0064  心理衡鑑專題研究】、【PCC0081  團體諮商理論與技術】、【PCM0086  諮商心理實習（二）】◎必須先修過【PCC0096  諮商專業倫理】、【PCC8034  諮商專業倫理與法規】其中一門 ◎課程開放上修			0			喬虹		五 1-4 和平 教515	諮商專業實習（一）	三			3		0		選				50		1		
	EM01						10	0.20		心輔系（碩）		PCM0087			0	是	3.0				115	半	鄭曉楓		Internship in Counseling Psychology (I)	B		0553			0	N					◎必須先修過【PCC0114  變態心理學專題研究】、【PCC0064  心理衡鑑專題研究】、【PCC0081  團體諮商理論與技術】、【PCM0086  諮商心理實習（二）】◎必須先修過【PCC0096  諮商專業倫理】、【PCC8034  諮商專業倫理與法規】其中一門 ◎課程開放上修			0			鄭曉楓		五 1-4 和平 教500	諮商專業實習（一）	三			3		0		選				50		1		
	EM02						2	0.20		社教系（碩）		SOM0020			0		2.0				115	半			Studies in Philosophy of Adult &  Continuing Education			0554			0	N					◎課程不開放上修			0			徐敏雄		五 3-4 和平 教705	成人教育哲學研究						0		選				10		1		
	EM02						3	0.25		社教系（碩）		SOM0134			0		2.0				115	半			Culture Studies			0555			0	N					◎課程不開放上修			0			黃靖惠		四 5-6 和平 教615	文化研究						0		選				12		1		
	EM02						2	0.20		社教系（碩）		SOM0138			0		2.0				115	半			Studies in Administration and Management			0556			0	N					◎課程不開放上修			0			鄭勝分		一 9-10 和平 教709	行政管理學研究						0		選				10		1		
	EM02						0	0.00		社教系（碩）		SOM0143			0		1.0				115	半			Practicum: Social Education Institutions			0557			0	N					◎限本系(含雙主修)修習 ◎課程不開放上修			0			黃靖惠		六 10-A 和平 教709	社會教育機構專業實習						0		必				12		1		
	EM02						0	0.00		社教系（碩）		SOM0144			0		1.0				115	半			Practicum: Cultural Institutions			0558			0	N					◎限本系(含雙主修)修習 ◎課程不開放上修			0			黃靖惠		六 8-9 和平 教714	文化機構專業實習						0		必				30		1		
	EM02						3	0.11		社教系（碩）		SOM0145			0		3.0				115	半			Research Methods			0559			0	N					◎課程不開放上修			0			林鴻洲		一 3-5 和平 教710	研究方法						0		必				27		1		
	EM02						3	0.11		社教系（碩）		SOM0146			0		2.0				115	半			Digital Learning and Information Literacy </br>[ Program: The Inter-disciplinary Program of Cultivating Seniors Service Talent in Community ]			0560			0	N					◎課程不開放上修			0			王雅鈴		四 5-6 和平 教710	數位學習與資訊素養 </br>[ 學分學程：社區高齡者服務人才培力學分學程 ]						0		選				27		1		ZU98
	EM02						10	0.20		社教系（碩）		SOC0144			0		3.0				115	半			Studies in Lifelong Learning			0561			0	N			8		◎課程不開放上修			0			張德永	碩博	二 A-C 和平 教710	終身學習研究						0		選				50		1		
	EM02						10	0.20		社教系（碩）		SOC8009			0		3.0				115	半			Social Media and New Media Research			0562			0	N			8		◎課程不開放上修			0			張振維	碩博	三 A-C 和平 教710	社群媒體與新媒體研究						0		選				50		1		
	EM02						3	0.11		社教系（碩）		SOC8022			0		3.0				115	半			Visual Communication Studies			0563			0	N			8		◎課程不開放上修			0			林玉鵬	碩博	四 7-9 和平 教710	視覺傳播研究						0		選				27		1		
	EM03						10	0.33		課程所（碩）		ECM0001			0		3.0				115	半			Research Practice of Education and Social Sciences			0564			0	N					◎課程不開放上修			0			湯仁燕 張宜君 林君憶		二 8-10 和平 教804	教育與社會科學研究法						0		必				30		1		
	EM03						10	0.33		課程所（碩）		ECM0014			0		3.0				115	半			Observation Analysis and Improvement of Instruction			0565			0	N					◎課程不開放上修			0			林君憶		五 2-4 和平 教804	教學觀察分析與改進						0		選				30		1		
	EM03						10	0.33		課程所（碩）		ECM0022			0		3.0				115	半			Studies in Competency-Based Teaching and Learning			0566			0	N					◎課程不開放上修			0			王力億		四 6-8 和平 教804	素養導向教學研究						0		選				30		1		
	EM03						10	0.33		課程所（碩）		ECC0021			0		3.0				115	半			Studies in Comparative Curriculum			0567			0	N			8		◎課程不開放上修			0			黃純敏	碩博	一 5-7 和平 教804	課程比較研究						0		選				30		1		
	EM05						10	0.20		衛教系（碩）		HEC0012			1		2.0				115	半			Special Topics on Sexuality Education			0568			0	N			8		◎課程開放上修			0			高松景	碩博	一 B-C 和平 教315	性教育專題研究						0		選				50		1		
	EM05						10	0.20		衛教系（碩）		HEC0013			1		2.0				115	半			Special Topics on Nutrition Education			0569			0	N			8		◎課程開放上修			0			張家臻	碩博	五 5-6 和平 教602	營養教育專題研究						0		選				50		1		
	EM05						10	0.20		衛教系（碩）		HEC0014			0		3.0				115	半			Theory and Practice in Health Communication			0570			0	N		是	8		◎課程開放上修			0			吳文琪	碩博	一 8-10 和平 教802	健康傳播理論與實務						0		選				50		1		
	EM05						3	0.11		衛教系（碩）		HEC0023			0		2.0				115	半			Studies in Social Psychology			0571			0	N			8		◎課程開放上修			0			李思賢	碩博	四 3-4 和平 研討六	社會心理學研究						0		選				27		1		
	EM05						10	0.20		衛教系（碩）		HEC0025			0		2.0				115	半			Special Topics on Safety Education			0572			0	N			8		◎課程開放上修			0			張育通	碩博	二 6-7 和平 綜602	安全教育專題研究						0		選				50		1		
	EM05						3	0.11		衛教系（碩）		HEC0034			0		2.0				115	半			Measurement and Assessment in Behavioral Sciences			0573			0	N			8		◎課程開放上修			0			趙恩	碩博	四 A-B 和平 教404	測量及評量在行為科學上之應用						0		選				27		1		
	EM05						10	0.20		衛教系（碩）		HEC8010			0		2.0				115	半			Special Topics in Medical Sociology			0574			0	N			8		◎課程開放上修			0			趙恩	碩博	三 9-10 和平 教813	醫療社會學專題研究						0		選				50		1		
	EM05						10	0.20		衛教系（碩）		HEC8011			0		3.0				115	半			Health Database Statistical Analysis			0575			0	N			8		◎課程開放上修			0			李子奇	碩博	二 8-10 和平 教709	衛生資料庫統計分析						0		選				50		1		
	EM05						10	0.20		衛教系（碩）		HEC8013			0		2.0				115	半			Health Promotion and Health Education Research Program Planning			0576			0	N			8		◎課程開放上修			0			李銘杰	碩博	五 1-2 和平 教1004	健康促進與衛生教育研究計畫設計						0		選				50		1		
	EM05						10	0.20		衛教系（碩）		HEC8014			0		2.0				115	半			Advanced Biological Statistics			0577			0	N		是	8		◎課程開放上修			0			李子奇	碩博	二 5-6 和平 教1011	進階生物統計學						0		選				50		1		
	EM05						10	0.20		衛教系（碩）		HEC8022			0		3.0				115	半			Design Thinking and Creative Proposal of Health Industry (I)			0578			0	N			8		◎課程開放上修			0			郭鐘隆	碩博	三 A-C 和平 教511	健康產業之設計思考與創意提案（一）						0		選				50		1		
	EM05						10	0.20		衛教系（碩）		HEM0070			1		2.0				115	半			Questionnaire Design			0579			0	N					◎課程開放上修			0			廖容瑜		三 3-4 和平 教714	問卷設計	一			1		0		選				50		1		
	EM05						10	0.20		衛教系（碩）		HEM0104			1		2.0				115	半			Research Methods in Health Promotion and Health Education			0580			0	N					◎課程開放上修			0			李思賢		二 1-2 和平 教714	健康促進與衛生教育研究法	一			1		0		必				50		1		
	EM05						10	0.20		衛教系（碩）		HEM0109			1		2.0				115	半			Theory and Method in Health Promotion and Health Education			0581			0	N					◎課程開放上修			0			郭鐘隆		二 3-4 和平 教710	健康促進與衛生教育理論與方法	一			1		0		必				50		1		
	EM05						10	0.20		衛教系（碩）		HEM0112			0	是	2.0				115	半	廖容瑜		Advanced School Health Practice			0582			0	N					◎課程開放上修			0			廖容瑜		五 6-9 和平 教310	進階學校衛生實習	二			2		0		必				50		1		
	EM05						10	0.20		衛教系（碩）		HEM0113			0	是	2.0				115	半	吳文琪		Advanced Public Health Education Practice			0583			0	N					◎課程開放上修			0			吳文琪		五 1-4 和平 教813	進階公共衛生教育實習	二			2		0		必				50		1		
	EM06						10	0.20		幼家科學系（碩）		HGM0193			0		3.0				115	半			Research Methods in Social Science			0584			0	N					◎課程不開放上修			0			王馨敏		二 6-8 和平 教602	社會科學研究法						0		必				50		1		
	EM06						10	0.20		幼家科學系（碩）		HGM0205			0		3.0				115	半			Design for Family Research			0585			0	N					◎課程不開放上修			0			吳齊殷		四 10-B 和平 教511	家庭研究設計						0		選				50		1		
	EM06						10	0.20		幼家科學系（碩）		HGM0208			0		3.0				115	半			Studies in Consumer Culture			0586			0	N					◎課程不開放上修			0			楊翠竹		二 2-4 和平 教709	消費文化研究						0		選				50		1		
	EM06						10	0.20		幼家科學系（碩）		HGM0212			0		2.0				115	半			Seminar (I)	A		0587			0	N					◎課程不開放上修			0			林如萍		四 6-7 和平 教709	專題討論（一）						0		必				50		1		
	EM06						10	0.20		幼家科學系（碩）		HGM0212			0		2.0				115	半			Seminar (I)	B		0588			0	N					◎課程不開放上修			0			張鑑如		一 9-10 和平 教804	專題討論（一）						0		必				50		1		
	EM06						10	0.20		幼家科學系（碩）		HGC0069			0		3.0				115	半			Studies in Reading and Writing of Young Children			0589			0	N			8		◎課程不開放上修			0			張鑑如	碩博	一 6-8 和平 教710	幼兒讀寫研究						0		選				50		1		
	EM06						10	0.20		幼家科學系（碩）		HGC0089			0		3.0				115	半			Studies in Early Childhood Curriculum			0590			0	N			8		◎課程不開放上修			0			賴文鳳	碩博	二 9-A 和平 教615	幼兒教育課程研究						0		選				50		1		
	EM06						10	0.20		幼家科學系（碩）		HGC8007			0		3.0				115	半			Studies in Cognitive Development in Infancy and Early Childhood			0591			0	N		是	8		◎課程不開放上修			0			王馨敏	碩博	四 9-A 和平 教1011	嬰幼兒認知發展研究						0		選				50		1		
	EM06						10	0.20		幼家科學系（碩）		HGC8009			0		3.0				115	半			Studies in Family Development			0592			0	N			8		◎課程不開放上修			0			林如萍	碩博	三 2-4 和平 教511	家庭發展研究						0		選				50		1		
	EM06						10	0.20		幼家科學系（碩）		HGC8014			0		3.0				115	半			Studies in Family Measurement Techniques			0593			0	N			8		◎課程不開放上修			0			吳志文	碩博	三 6-8 和平 教709	家庭評估工具研究						0		選				50		1		
	EM06	A					10	0.20		幼家科學系（碩）		HGM0213			0		2.0				115	半			Seminar (II)			0594			0	N					◎必須先修過【HGM0212  專題討論（一）】 ◎課程不開放上修			0	家庭生活教育組		林如萍		四 8-9 和平 教709	專題討論（二）						0		必				50		1		
	EM06	B					10	0.20		幼家科學系（碩）		HGM0213			0		2.0				115	半			Seminar (II)			0595			0	N					◎必須先修過【HGM0212  專題討論（一）】 ◎課程不開放上修			0	幼兒發展與教育組		賴文鳳		二 6-7 和平 教804	專題討論（二）						0		必				50		1		
	EM07						8	0.40		公領系（碩）		CEC0059			1		3.0				115	半			Studies in Cultural  Anthropology			0596			0	N			8		◎課程開放上修			0			陳素秋	碩博	四 9-A 和平 教1004	文化人類學研究						0		選				20		1		
	EM07						3	0.20		公領系（碩）		CEC0080			1		3.0				115	半			Studies in Outdoor Survival Skills			0597			0	N			8		◎課程開放上修			0			王伯宇	碩博	一 9-A 和平 教801	野外生活技能研究						0		選				15		1		
	EM07						2	0.25		公領系（碩）		CEC8004			1		3.0				115	半			Studies in Campus Crisis Management			0598			0	N			8		◎課程開放上修			0			陳新霖	碩博	三 A-C 和平 教709	校園危機處理研究						0		選				8		1		
	EM07						6	0.30		公領系（碩）		CEC8013			2		3.0				115	半			Studies in Leisure Behavior			0599			0	N			8		◎課程開放上修			0			吳崇旗	碩博	四 8-10 和平 教714	休閒行為研究						0		選				20		1		
	EM07						5	0.14		公領系（碩）		CEC8014			5		2.0				115	半			Studies on Critical Thinking and Communication in Ethical Issues			0600			0	N			8		◎課程開放上修			0			鄭楷立	碩博	三 1-2 和平 教802	倫理議題與思辯研究						0		選				35		1		
	EM07						3	0.12		公領系（碩）		CEM0001			1		2.0				115	半			Methodology of Social Science			0601			0	N					◎課程開放上修			0			黃信豪		五 1-2 和平 教600	社會科學方法論	一			1		0		必				25		1		
	EM07						2	0.33		公領系（碩）		CEM0127			1		3.0				115	半			Methods of Applied Inferential Statistics			0602			0	N					◎課程開放上修			0			楊智元		二 2-4 和平 教813	應用推論統計方法	一			1		0		選				6		1		
	EM07						3	0.30		公領系（碩）		CEM0129			1		3.0				115	半			Studies in Citizenship Theories			0603			0	N					◎課程開放上修			0			王錦雀		五 6-8 和平 教615	公民資質理論研究	一			1		0		選				10		1		
	EM07						2	0.33		公領系（碩）		CEM0170			1		3.0				115	半			Studies in Outdoor Education			0604			0	N		是			◎課程開放上修			0			李晟瑋		五 5-7 和平 教813	戶外教育研究	一			1		0		必				6		1		
	EM07						3	0.12		公領系（碩）		CEM0173			1		3.0				115	半			Studies in the Theoretical Foundations of Citizenship Education			0605			0	N					◎課程開放上修			0			蔡居澤 劉恆妏 鍾明倫		三 3-5 和平 教600	公民教育理論基礎研究	一			1		0		必				25		1		
	EM07						2	0.33		公領系（碩）		CEM0176			1		3.0				115	半			Studies in Democratic and Political Education			0606			0	N		是			◎課程開放上修			0			何家騏		四 4-6 和平 教813	民主政治教育研究	一			1		0		選				6		1		
	EM07						2	0.33		公領系（碩）		CEM0186			1		3.0				115	半			The Study of Facilitation Skill and Reflection			0607			0	N					◎課程開放上修			0			蔡居澤		一 6-8 和平 教813	引導反思研究	一			1		0		選				6		1		
	EM07						2	0.33		公領系（碩）		CEM0136			1		3.0				115	半			Studies in Law-related Education			0608			0	N					◎課程開放上修			0			劉恆妏		四 1-3 和平 教813	法治教育研究	二			2		0		選				6		1		
	EM07						2	0.25		公領系（碩）		CEM0159			1		3.0				115	半			Studies in Human Rights Education			0609			0	N		是			◎課程開放上修			0			林佳範		一 6-8 和平 教709	人權教育研究	二			2		0		選				8		1		
	EM07						2	0.25		公領系（碩）		CEM0187			1		3.0				115	半			Professional Practice of Studies in Student Affairs			0610			0	N					◎課程開放上修			0			鍾明倫		二 A-C 和平 教709	學生事務研究專業實踐	二			2		0		必				8		1		
	EM08						10	0.20		資教所（碩）		ICM0001			0		1.0				115	半			Seminar (I)			0611			0	N					◎課程開放上修			0			吳正己		一 6-7 和平 教1004	專題討論（一）						0		選				50		1		
	EM08						10	0.20		資教所（碩）		ICM0003			0		1.0				115	半			Seminar (III)			0612			0	N					◎課程開放上修			0			林育慈		一 6-7 和平 教1011	專題討論（三）						0		選				50		1		
	EM08						10	0.33		資教所（碩）		ICC0041			1		3.0				115	半			Courseware Design and Evaluation			0613			0	N			8		◎課程開放上修			0			陳志洪	碩博	四 3-5 和平 教1011	教學軟體設計與評鑑						0		選				30		1		
	EM08						10	0.33		資教所（碩）		ICC0073			0		3.0				115	半			Introduction to Computer Science Education			0614			0	N			8		◎課程開放上修			0			吳正己	碩博	四 7-9 和平 教室自排	電腦科學教育導論						0		選				30	教1026	1		
	EM08						10	0.33		資教所（碩）		ICC0074			1		3.0				115	半			Computer Science Instructional Methods			0615			0	N			8		◎課程開放上修			0			林育慈	碩博	五 3-5 和平 教室自排	電腦科學教學法						0		選				30	教1026	1		
	EM08						10	0.33		資教所（碩）		ICC0079			1		3.0				115	半			Introduction to e-Learning </br>[ Program: The Inter-disciplinary Program of Cultivating Seniors Service Talent in Community ]			0616			0	N			8		◎課程開放上修			0			邱國力	碩博	二 2-4 和平 教1011	數位學習導論 </br>[ 學分學程：社區高齡者服務人才培力學分學程 ]						0		選				30		1		ZU98
	EM08						10	0.33		資教所（碩）		ICC0083			1		3.0				115	半			Cognition and e-Learning </br>[ Program: The Inter-disciplinary Program of Cultivating Seniors Service Talent in Community ]			0617			0	N			8		◎課程開放上修			0			陳明溥	碩博	二 7-9 和平 教1011	認知與數位學習 </br>[ 學分學程：社區高齡者服務人才培力學分學程 ]						0		選				30		1		ZU98
	EM08						10	0.33		資教所（碩）		ICC8003			1		3.0				115	半			Virtual Reality for Digital Learning			0618			0	N			8		◎課程開放上修			0			李文瑜	碩博	一 2-4 和平 教1011	虛擬實境與數位學習						0		選				30		1		
	EM09						10	0.33		特教系（碩）		SPM0038			2		2.0				115	半			Studying in Psychology and Education of the Gifted Students			0619			0	N					◎課程開放上修			0			于曉平		一 9-10 和平 特203	資優學生心理與教育研究						0		必				30		1		
	EM09						10	0.33		特教系（碩）		SPM0046			0		2.0				115	半			Practicum in Education for Students with Disabilities			0620			0	N					◎必須先修過【SPC0059  特殊教育專題討論（一）】、【SPC0060  特殊教育專題討論（二）】其中一門 ◎課程開放上修			0			佘永吉		四 6-7 和平 特230	身心障礙教育實務						0		必				30		1		
	EM09						10	0.33		特教系（碩）		SPM0047			0		2.0				115	半			Practicum in Gifted and Talented Education			0621			0	N					◎必須先修過【SPC0059  特殊教育專題討論（一）】、【SPC0060  特殊教育專題討論（二）】其中一門 ◎課程不開放上修			0			于曉平		二 8-9 和平 特203	資優教育實務						0		必				30	本課程需經開課老師同意後方得選修。	1		
	EM09						10	0.33		特教系（碩）		SPM0056			0		2.0				115	半			Theoretical Foundations of Special Education: Sociology			0622			0	N					◎課程開放上修			0			沈慶盈		二 10-A 和平 特230	特殊教育理論基礎：社會學						0		選				30		1		
	EM09						10	0.33		特教系（碩）		SPC0005			0		2.0				115	半			Special Topics on the Learning and Cognition of Children with Disabilities			0623			0	N			8		◎課程開放上修			0			王曉嵐	碩博	五 9-10 和平 特230	特殊兒童認知與學習專題研究						0		選				30		1		
	EM09						10	0.33		特教系（碩）		SPC0020			2		3.0				115	半			Studies in the Administration of Special Education			0624			0	N			8		◎課程不開放上修			0			潘裕豐	碩博	一 9-A 和平 特230	特殊教育行政研究						0		選				30		1		
	EM09						10	0.33		特教系（碩）		SPC0031			2		3.0				115	半			Special Topics on  Learning Disabilities			0625			0	N			8		◎課程開放上修			0			洪儷瑜	碩博	一 7-9 和平 特204	學習障礙專題研究						0		選				30		1		
	EM09						10	0.33		特教系（碩）		SPC0034			5		3.0				115	半			Applied Behavior Analysis			0626			0	N		是	8		◎課程不開放上修			0			廖靜宜	碩博	四 2-4 和平 特203	應用行為分析						0		選				30		1		
	EM09						10	0.33		特教系（碩）		SPC0059			0		1.0				115	半			Seminar on Special Education (I)			0627			0	N			8		◎課程開放上修			0			吳亭芳	碩博	二 3 和平 特114視聽室	特殊教育專題討論（一）						0		必				30		1		
	EM09						10	0.33		特教系（碩）		SPC0075			0		3.0				115	半			Special Topics on Design and Practice for Resource Programs			0628			0	N			8		◎課程不開放上修			0			張蓓莉	碩博	三 6-8 和平 特230	資源方案設計與實務專題研究						0		選				30		1		
	EM09						10	0.33		特教系（碩）		SPC8006			5		3.0				115	半			Qualitative Research			0629			0	N			8		◎課程不開放上修			0			張千惠	碩博	三 2-4 和平 特230	質性研究法						0		選				30		1		
	EM09						10	0.33		特教系（碩）		SPC8013			1		3.0				115	半			Issues on Special Education			0630			0	N		是	8		◎課程開放上修			0			吳亭芳 郭靜姿 邱春瑜	碩博	一 6-8 和平 特203	特殊教育論題						0		必				30	建議修習過「特殊教育導論」(SPU5007)同學修習，課程中將不再介紹基礎課程。	1		
	EM09						10	0.33		特教系（碩）		SPC8021			3		3.0				115	半			Special Topics on Special Education Curriculum and Instruction			0631			0	N			8		◎課程開放上修			0			胡心慈	碩博	四 8-10 和平 特230	特殊教育課程與教學專題研究						0		選				30		1		
	EM15						10	0.33		圖資所（碩）		ISM0110			3		3.0				115	半			Studies in Library and Information Science			0632			0	N					◎課程開放上修			0			邱銘心		二 2-4 和平 教1004	圖書資訊學研究						0		必				30		1		
	EM15						10	0.33		圖資所（碩）		ISM0636			3		3.0				115	半			Programming for Social Science			0633			0	N					◎課程開放上修			0			柯皓仁		一 2-4 和平 教室自排	社會科學程式設計						0		選				30	教1026	1		
	EM15						10	0.33		圖資所（碩）		ISC8008			3		3.0	Y			115	半			Studies in Human Information Interaction			0634			0	1			8		◎課程開放上修			0			吳怡瑾	碩博	◎面授/同步	人資互動						0		選				30	◎數位課程  僅顯示同步遠距及面授時間。	1		
	EM15						10	0.33		圖資所（碩）		ISC8011			3		3.0				115	半			Scholarly Electronic Resources Management			0635			0	N			8		◎課程開放上修			0			陳亞寧	碩博	四 6-8 和平 教1004	學術電子資源管理						0		選				30		1		
	EM15						10	0.33		圖資所（碩）		ISC8013			3		3.0				115	半			Planning and Management of Library Information Systems			0636			0	N			8		◎課程不開放上修			0			陳亞寧	碩博	四 2-4 和平 教1004	圖書資訊系統的規劃與管理						0		選				30		1		
	EM15						10	0.33		圖資所（碩）		ISC8017			3		3.0				115	半			Human-AI Interaction			0637			0	N			8		◎課程不開放上修			0			成維寧	碩博	三 7-9 和平 教1004	智慧人機互動						0		選				30		1		
	EM15						10	0.33		圖資所（碩）		ISC8018			3		3.0				115	半			AI Application Literacy			0638			0	N			8		◎課程開放上修			0			曾元顯	碩博	五 7-9 和平 教1011	人工智慧的應用素養						0		選				30		1		
	EM16						10	0.33		教政所（碩）		EPM0003			0		3.0				115	半			Studies in Educational Administration			0639			0	N					◎課程不開放上修			0			王麗雲		二 2-4 和平 教803	教育行政學研究						0		必				30		1		
	EM16						10	0.20		教政所（碩）		EPM0023			0		3.0				115	半			Studies in Educational Administration Leadership			0640			0	N					◎課程不開放上修			0			吳清基		四 A-C 和平 教802	教育行政領導研究						0		選				50		1		
	EM16						10	0.33		教政所（碩）		EPM0050			0		3.0				115	半			Studies in Administrative Law			0641			0	N					◎課程不開放上修			0			周佳宥		一 2-4 和平 教801	行政法研究						0		選				30		1		
	EM16						10	0.33		教政所（碩）		EPM0066			0		3.0				115	半			Research Practice of Education and Social Sciences			0642			0	N					◎課程不開放上修			0			陳佩英		二 7-9 和平 教801	教育與社會科學研究法						0		必				30		1		
	EM17						10	0.33		復諮高齡所（碩）		RCM0011			0		3.0				115	半			Special Topic in Vocational Rehabilitation			0643			0	N					◎課程開放上修			0			陳貞夙		三 2-4 和平 特204	職業復健專題研究						0		必				30		1		
	EM17						10	0.33		復諮高齡所（碩）		RCM0032			0		2.0				115	半			Studies in Rehabilitation Counseling for Individuals with Acquired Disabilities			0644			0	N					◎課程開放上修			0			吳亭芳		二 6-7 和平 特203	中途致障者復健諮商研究						0		選				30		1		
	EM17						10	0.33		復諮高齡所（碩）		RCM0039			1		2.0				115	半			Special Topics on Counseling Practice			0645			0	N					◎課程開放上修			0			張本聖		二 3-4 和平 特113	諮商實務專題研究						0		選				30		1		
	EM17						10	0.33		復諮高齡所（碩）		RCM0055			0		1.0				115	半			Research Practicum in Rehabilitation Counseling (I)			0646			0	N					◎課程不開放上修			0			陳貞夙		三 7 和平 特204	復健諮商研究實務（一）						0		選				30		1		
	EM17						10	0.33		復諮高齡所（碩）		RCM0062			0		3.0				115	半			Special Topics on Medical and Psychosocial Aspects for Elderly Adults			0647			0	N					◎課程開放上修			0			陳貞夙		四 2-4 和平 特204	高齡者醫療、心理與社會專題研究						0		必				30		1		
	EM17						10	0.33		復諮高齡所（碩）		RCM0064			3		3.0				115	半			Special Topics on Medical and Psychosocial Aspects for Persons with Disabilities			0648			0	N					◎課程開放上修			0			吳亭芳		一 2-4 和平 特204	身心障礙者醫療、心理與社會專題研究						0		必				30		1		
	EU						10	0.20		師培學院		00UE001			0		2.0				115	半			Introduction to Education </br>[ Program: The Specialization Program of Learning Experience Design (LXD) ]	A		0649			0	N					◎限 一階生 二階生 教育學程生 不佔名額生 登記修習生 資優教育學程生 國小教育學程生 國小不佔名額生 可修			0			葉坤靈		二 6-7 和平 綜913	教育概論（教） </br>[ 學分學程：學習體驗設計(LXD) 專業學分學程 ]						0		選				50		1		ZU6H
	EU						10	0.20		師培學院		00UE001			0		2.0				115	半			Introduction to Education </br>[ Program: The Specialization Program of Learning Experience Design (LXD) ]	B		0650			0	N					◎限 一階生 二階生 教育學程生 不佔名額生 登記修習生 資優教育學程生 國小教育學程生 國小不佔名額生 可修			0			周愚文		二 8-9 和平 美601	教育概論（教） </br>[ 學分學程：學習體驗設計(LXD) 專業學分學程 ]						0		選				50		1		ZU6H
	EU						10	0.20		師培學院		00UE001			0		2.0				115	半			Introduction to Education </br>[ Program: The Specialization Program of Learning Experience Design (LXD) ]	C		0651			0	N					◎限 一階生 二階生 教育學程生 不佔名額生 登記修習生 資優教育學程生 國小教育學程生 國小不佔名額生 可修			0			葉坤靈		二 8-9 和平 綜913	教育概論（教） </br>[ 學分學程：學習體驗設計(LXD) 專業學分學程 ]						0		選				50		1		ZU6H
	EU						10	0.20		師培學院		00UE001			0		2.0				115	半			Introduction to Education </br>[ Program: The Specialization Program of Learning Experience Design (LXD) ]	D		0652			0	N					◎限 一階生 二階生 教育學程生 不佔名額生 登記修習生 資優教育學程生 國小教育學程生 國小不佔名額生 可修			0			葉坤靈		四 8-9 和平 美101	教育概論（教） </br>[ 學分學程：學習體驗設計(LXD) 專業學分學程 ]						0		選				50		1		ZU6H
	EU						10	0.20		師培學院		00UE001			0		2.0				115	半			Introduction to Education </br>[ Program: The Specialization Program of Learning Experience Design (LXD) ]	E		0653			0	N					◎限 一階生 二階生 教育學程生 不佔名額生 登記修習生 資優教育學程生 國小教育學程生 國小不佔名額生 可修			0			劉蔚之		五 1-2 和平 美101	教育概論（教） </br>[ 學分學程：學習體驗設計(LXD) 專業學分學程 ]						0		選				50		1		ZU6H
	EU						8	0.20		師培學院		00UE002			0		2.0				115	半			Educational Psychology </br>[ Program: The Specialization Program of Learning Experience Design (LXD) ]	A		0654			0	N					◎限 一階生 二階生 教育學程生 不佔名額生 登記修習生 資優教育學程生 國小教育學程生 國小不佔名額生 可修			0			張文哲		四 9-10 和平 美203	教育心理學（教） </br>[ 學分學程：學習體驗設計(LXD) 專業學分學程 ]						0		選				40		1		ZU6H
	EU						10	0.20		師培學院		00UE002			0		2.0				115	半			Educational Psychology </br>[ Program: The Specialization Program of Learning Experience Design (LXD) ]	B		0655			0	N					◎限 一階生 二階生 教育學程生 不佔名額生 登記修習生 資優教育學程生 國小教育學程生 國小不佔名額生 可修			0			張文哲		五 9-10 和平 綜913	教育心理學（教） </br>[ 學分學程：學習體驗設計(LXD) 專業學分學程 ]						0		選				50		1		ZU6H
	EU						10	0.20		師培學院		00UE002			0		2.0				115	半			Educational Psychology </br>[ Program: The Specialization Program of Learning Experience Design (LXD) ]	C		0656			0	N					◎限 一階生 二階生 教育學程生 不佔名額生 登記修習生 資優教育學程生 國小教育學程生 國小不佔名額生 可修			0			王孜		一 3-4 公館 理圖002	教育心理學（教） </br>[ 學分學程：學習體驗設計(LXD) 專業學分學程 ]						0		選				50		1		ZU6H
	EU						10	0.20		師培學院		00UE002			0		2.0				115	半			Educational Psychology </br>[ Program: The Specialization Program of Learning Experience Design (LXD) ]	D		0657			0	N					◎限 一階生 二階生 教育學程生 不佔名額生 登記修習生 資優教育學程生 國小教育學程生 國小不佔名額生 可修			0			王孜		一 6-7 公館 理圖002	教育心理學（教） </br>[ 學分學程：學習體驗設計(LXD) 專業學分學程 ]						0		選				50		1		ZU6H
	EU						10	0.20		師培學院		00UE002			0		2.0				115	半			Educational Psychology </br>[ Program: The Specialization Program of Learning Experience Design (LXD) ]	E		0658			0	N					◎限 一階生 二階生 教育學程生 不佔名額生 登記修習生 資優教育學程生 國小教育學程生 國小不佔名額生 可修			0			王孜		一 8-9 公館 理圖002	教育心理學（教） </br>[ 學分學程：學習體驗設計(LXD) 專業學分學程 ]						0		選				50		1		ZU6H
	EU						4	0.09		師培學院		00UE003			0		2.0				115	半			Philosophy of Education </br>[ Program: The Specialization Program of Learning Experience Design (LXD) ]	A		0659			0	N					◎限 一階生 二階生 教育學程生 不佔名額生 登記修習生 資優教育學程生 國小教育學程生 國小不佔名額生 可修			0			陳伊琳		一 3-4 公館 Ｃ006	教育哲學（教） </br>[ 學分學程：學習體驗設計(LXD) 專業學分學程 ]						0		選				45		1		ZU6H
	EU						4	0.20		師培學院		00UE003			0		2.0				115	半			Philosophy of Education </br>[ Program: The Specialization Program of Learning Experience Design (LXD) ]	B		0660			0	N					◎限 一階生 二階生 教育學程生 不佔名額生 登記修習生 資優教育學程生 國小教育學程生 國小不佔名額生 可修			0			陳伊琳		一 8-9 和平 美406	教育哲學（教） </br>[ 學分學程：學習體驗設計(LXD) 專業學分學程 ]						0		選				20		1		ZU6H
	EU						10	0.20		師培學院		00UE003			0		2.0				115	半			Philosophy of Education </br>[ Program: The Specialization Program of Learning Experience Design (LXD) ]	C		0661			0	N					◎限 一階生 二階生 教育學程生 不佔名額生 登記修習生 資優教育學程生 國小教育學程生 國小不佔名額生 可修			0			洪仁進		二 3-4 和平 美101	教育哲學（教） </br>[ 學分學程：學習體驗設計(LXD) 專業學分學程 ]						0		選				50		1		ZU6H
	EU						10	0.20		師培學院		00UE003			0		2.0				115	半			Philosophy of Education </br>[ Program: The Specialization Program of Learning Experience Design (LXD) ]	D		0662			0	N					◎限 一階生 二階生 教育學程生 不佔名額生 登記修習生 資優教育學程生 國小教育學程生 國小不佔名額生 可修			0			葉坤靈		三 6-7 和平 美601	教育哲學（教） </br>[ 學分學程：學習體驗設計(LXD) 專業學分學程 ]						0		選				50		1		ZU6H
	EU						10	0.20		師培學院		00UE003			0		2.0				115	半			Philosophy of Education </br>[ Program: The Specialization Program of Learning Experience Design (LXD) ]	E		0663			0	N					◎限 一階生 二階生 教育學程生 不佔名額生 登記修習生 資優教育學程生 國小教育學程生 國小不佔名額生 可修			0			葉坤靈		三 8-9 和平 美601	教育哲學（教） </br>[ 學分學程：學習體驗設計(LXD) 專業學分學程 ]						0		選				50		1		ZU6H
	EU						10	0.20		師培學院		00UE003			0		2.0				115	半			Philosophy of Education </br>[ Program: The Specialization Program of Learning Experience Design (LXD) ]	F		0664			0	N					◎限 一階生 二階生 教育學程生 不佔名額生 登記修習生 資優教育學程生 國小教育學程生 國小不佔名額生 可修			0			林秀珍		四 3-4 和平 美101	教育哲學（教） </br>[ 學分學程：學習體驗設計(LXD) 專業學分學程 ]						0		選				50		1		ZU6H
	EU						10	0.20		師培學院		00UE004			0		2.0				115	半			Sociology of Education	A		0665			0	N								0			賴宏銓		一 9-10 公館 理圖001	教育社會學（教）						0		選				50		1		
	EU						10	0.20		師培學院		00UE004			0		2.0				115	半			Sociology of Education	B		0666			0	N					◎限 一階生 二階生 教育學程生 幼教師資生 不佔名額生 登記修習生 資優教育學程生 國小教育學程生 國小不佔名額生 可修			0			賴宏銓		一 A-B 公館 理圖001	教育社會學（教）						0		選				50		1		
	EU						10	0.20		師培學院		00UE005			0		2.0				115	半			Principles of Instruction </br>[ Program: The Specialization Program of Learning Experience Design (LXD) ]	A		0667			0	N					◎限 一階生 二階生 教育學程生 不佔名額生 登記修習生 資優教育學程生 可修			0			湯仁燕		一 3-4 和平 美601	教學原理（教） </br>[ 學分學程：學習體驗設計(LXD) 專業學分學程 ]						0		選				50		1		ZU6H
	EU						10	0.20		師培學院		00UE005			0		2.0				115	半			Principles of Instruction </br>[ Program: The Specialization Program of Learning Experience Design (LXD) ]	B		0668			0	N					◎限 一階生 二階生 教育學程生 不佔名額生 登記修習生 資優教育學程生 可修			0			湯仁燕		一 8-9 和平 美601	教學原理（教） </br>[ 學分學程：學習體驗設計(LXD) 專業學分學程 ]						0		選				50		1		ZU6H
	EU						8	0.20		師培學院		00UE005			0		2.0				115	半			Principles of Instruction </br>[ Program: The Specialization Program of Learning Experience Design (LXD) ]	C		0669			0	N					◎限 一階生 二階生 教育學程生 不佔名額生 登記修習生 資優教育學程生 可修			0			吳柏菱		二 9-10 和平 美203	教學原理（教） </br>[ 學分學程：學習體驗設計(LXD) 專業學分學程 ]						0		選				40		1		ZU6H
	EU						3	0.09		師培學院		00UE005			0		2.0				115	半			Principles of Instruction </br>[ Program: The Specialization Program of Learning Experience Design (LXD) ]	D		0670			0	N					◎限 一階生 二階生 教育學程生 不佔名額生 登記修習生 資優教育學程生 可修			0			王力億		五 6-7 和平 美術館501	教學原理（教） </br>[ 學分學程：學習體驗設計(LXD) 專業學分學程 ]						0		選				33		1		ZU6H
	EU						3	0.09		師培學院		00UE005			0		2.0				115	半			Principles of Instruction </br>[ Program: The Specialization Program of Learning Experience Design (LXD) ]	E		0671			0	N					◎限 一階生 二階生 教育學程生 不佔名額生 登記修習生 資優教育學程生 可修			0			王力億		五 3-4 和平 美術館501	教學原理（教） </br>[ 學分學程：學習體驗設計(LXD) 專業學分學程 ]						0		選				33		1		ZU6H
	EU						10	0.20		師培學院		00UE005			0		2.0				115	半			Principles of Instruction </br>[ Program: The Specialization Program of Learning Experience Design (LXD) ]	F		0672			0	N					◎限 一階生 二階生 教育學程生 不佔名額生 登記修習生 資優教育學程生 可修			0			未定		二 8-9 公館 Ｓ503	教學原理（教） </br>[ 學分學程：學習體驗設計(LXD) 專業學分學程 ]						0		選				50		1		ZU6H
	EU						10	0.20		師培學院		00UE006			0		2.0				115	半			Classroom Management	A		0673			0	N					◎限 一階生 二階生 教育學程生 不佔名額生 登記修習生 資優教育學程生 可修			0			張民杰		四 6-7 公館 理圖002	班級經營（教）						0		選				50		1		
	EU						8	0.20		師培學院		00UE006			0		2.0				115	半			Classroom Management	B		0674			0	N					◎限 一階生 二階生 教育學程生 不佔名額生 登記修習生 資優教育學程生 可修			0			張哲榕		一 9-10 和平 美203	班級經營（教）						0		選				40		1		
	EU						8	0.20		師培學院		00UE006			0		2.0				115	半			Classroom Management	C		0675			0	N					◎限 一階生 二階生 教育學程生 不佔名額生 登記修習生 資優教育學程生 可修			0			張哲榕		一 A-B 和平 美203	班級經營（教）						0		選				40		1		
	EU						10	0.20		師培學院		00UE006			0		2.0				115	半			Classroom Management	D		0676			0	N					◎限 一階生 二階生 教育學程生 不佔名額生 登記修習生 資優教育學程生 可修			0			楊傳蓮		一 6-7 公館 Ｓ502	班級經營（教）						0		選				50		1		
	EU						10	0.20		師培學院		00UE008			0		2.0				115	半			Principle and Practice of Guidance </br>[ Program: The Inter-disciplinary Program of Cultivating Seniors Service Talent in Community ]	A		0677			0	N					◎限 一階生 二階生 教育學程生 不佔名額生 登記修習生 資優教育學程生 可修			0			吳淑禎		一 3-4 和平 美101	輔導原理與實務（教） </br>[ 學分學程：社區高齡者服務人才培力學分學程 ]						0		選				50		1		ZU98
	EU						0	0.00		師培學院		00UE008			0		2.0				115	半			Principle and Practice of Guidance </br>[ Program: The Inter-disciplinary Program of Cultivating Seniors Service Talent in Community ]	B		0678			0	N					◎限 一階生 二階生 教育學程生 不佔名額生 登記修習生 可修			0			吳淑禎		一 6-7 和平 綜913	輔導原理與實務（教） </br>[ 學分學程：社區高齡者服務人才培力學分學程 ]						0		選				50	**除上課時間之外，每週另安排1小時臨近中學進行義務輔導，適合想要強化臨床教學經驗且時間許可者。1.外加義務輔導10-12週，每週1次，每次1節課。2.不開放授權碼選課。3.第1週請務必出席參與義務輔導媒合說明，不接受第1、2週未到同學加選。	1		ZU98
	EU						10	0.20		師培學院		00UE008			0		2.0				115	半			Principle and Practice of Guidance </br>[ Program: The Inter-disciplinary Program of Cultivating Seniors Service Talent in Community ]	C		0679			0	N					◎限 一階生 二階生 教育學程生 不佔名額生 登記修習生 資優教育學程生 可修			0			陳淑琦		三 9-10 和平 綜913	輔導原理與實務（教） </br>[ 學分學程：社區高齡者服務人才培力學分學程 ]						0		選				50		1		ZU98
	EU						10	0.20		師培學院		00UE008			0		2.0				115	半			Principle and Practice of Guidance </br>[ Program: The Inter-disciplinary Program of Cultivating Seniors Service Talent in Community ]	D		0680			0	N					◎限 一階生 二階生 教育學程生 不佔名額生 登記修習生 資優教育學程生 可修			0			陳淑琦		三 A-B 和平 綜913	輔導原理與實務（教） </br>[ 學分學程：社區高齡者服務人才培力學分學程 ]						0		選				50		1		ZU98
	EU						10	0.20		師培學院		00UE036			0		2.0				115	半			History of Education </br>[ Program: The Specialization Program of Learning Experience Design (LXD) ]			0682			0	N					◎限 一階生 二階生 教育學程生 不佔名額生 登記修習生 國小教育學程生 國小不佔名額生 可修			0			劉蔚之		五 3-4 和平 美101	教育史（教） </br>[ 學分學程：學習體驗設計(LXD) 專業學分學程 ]						0		選				50		1		ZU6H
	EU						10	0.20		師培學院		00UE059			0		3.0				115	半			Introduction to Special Education </br>[ Program: The Specialization Program of Learning Experience Design (LXD) The Specialization Program of Communication Disorders Education ]	A		0684			0	N					◎限 一階生 二階生 教育學程生 不佔名額生 登記修習生 國小教育學程生 國小不佔名額生 可修			0			朱怡珊		四 7-9 和平 綜913	特殊教育導論（教） </br>[ 學分學程：學習體驗設計(LXD) 專業學分學程 溝通障礙教育領域專業學分學程 ]						0		選				50		1		ZU6H/ZU8V
	EU						8	0.20		師培學院		00UE059			0		3.0				115	半			Introduction to Special Education </br>[ Program: The Specialization Program of Learning Experience Design (LXD) The Specialization Program of Communication Disorders Education ]	B		0685			0	N					◎限 一階生 二階生 教育學程生 不佔名額生 登記修習生 國小教育學程生 國小不佔名額生 可修			0			張素貞 朱怡珊		四 10-B 和平 綜913	特殊教育導論（教） </br>[ 學分學程：學習體驗設計(LXD) 專業學分學程 溝通障礙教育領域專業學分學程 ]						0		選				40		1		ZU6H/ZU8V
	EU						4	0.20		師培學院		00UE059			0		3.0				115	半			Introduction to Special Education </br>[ Program: The Specialization Program of Learning Experience Design (LXD) The Specialization Program of Communication Disorders Education ]	C		0686			0	N		是			◎限 一階生 二階生 教育學程生 不佔名額生 登記修習生 國小教育學程生 國小不佔名額生 可修			0			王宣惠		一 2-4 和平 特113	特殊教育導論（教） </br>[ 學分學程：學習體驗設計(LXD) 專業學分學程 溝通障礙教育領域專業學分學程 ]						0		選				20		1		ZU6H/ZU8V
	EU						5	0.11		師培學院		00UE059			0		3.0				115	半			Introduction to Special Education </br>[ Program: The Specialization Program of Learning Experience Design (LXD) The Specialization Program of Communication Disorders Education ]	D		0687			0	N					◎限 一階生 二階生 教育學程生 不佔名額生 登記修習生 國小教育學程生 國小不佔名額生 可修			0			林淑莉		二 6-8 和平 特113	特殊教育導論（教） </br>[ 學分學程：學習體驗設計(LXD) 專業學分學程 溝通障礙教育領域專業學分學程 ]						0		選				45		1		ZU6H/ZU8V
	EU						2	0.20		師培學院		00UE073			0		2.0				115	半			Introduction to Education for the Gifted			0688			0	N					◎限 一階生 二階生 教育學程生 不佔名額生 登記修習生 國小教育學程生 國小不佔名額生 可修			0			潘宏倫		四 A-B 和平 特115	資優教育概論（教）						0		選				10		1		
	EU						10	0.20		師培學院		00UE074			0		2.0				115	半			Learning Assessment	A		0689			0	N					◎限 一階生 二階生 教育學程生 不佔名額生 登記修習生 資優教育學程生 國小教育學程生 國小不佔名額生 可修			0			林碧芳		三 6-7 和平 教401	學習評量（教）						0		選				50		1		
	EU						10	0.20		師培學院		00UE074			0		2.0				115	半			Learning Assessment	B		0690			0	N					◎限 一階生 二階生 教育學程生 不佔名額生 登記修習生 資優教育學程生 國小教育學程生 國小不佔名額生 可修			0			葉怡芬		四 3-4 公館 Ｓ501	學習評量（教）						0		選				50		1		
	EU						10	0.20		師培學院		00UE075			0		2.0				115	半			Curriculum Development and Design </br>[ Program: The Specialization Program of Learning Experience Design (LXD) ]	A		0691			0	N					◎限 一階生 二階生 教育學程生 不佔名額生 登記修習生 資優教育學程生 可修			0			何雅芬		二 A-B 和平 綜913	課程發展與設計（教） </br>[ 學分學程：學習體驗設計(LXD) 專業學分學程 ]						0		選				50		1		ZU6H
	EU						10	0.20		師培學院		00UE075			0		2.0				115	半			Curriculum Development and Design </br>[ Program: The Specialization Program of Learning Experience Design (LXD) ]	B		0692			0	N					◎限 一階生 二階生 教育學程生 不佔名額生 登記修習生 資優教育學程生 可修			0			何雅芬		三 A-B 和平 美301	課程發展與設計（教） </br>[ 學分學程：學習體驗設計(LXD) 專業學分學程 ]						0		選				50		1		ZU6H
	EU						10	0.20		師培學院		00UE075			0		2.0				115	半			Curriculum Development and Design </br>[ Program: The Specialization Program of Learning Experience Design (LXD) ]	C		0693			0	N					◎限 一階生 二階生 教育學程生 不佔名額生 登記修習生 資優教育學程生 可修			0			藍淑珠		一 10-A 和平 綜913	課程發展與設計（教） </br>[ 學分學程：學習體驗設計(LXD) 專業學分學程 ]						0		選				50		1		ZU6H
	EU						10	0.20		師培學院		00UE075			0		2.0				115	半			Curriculum Development and Design </br>[ Program: The Specialization Program of Learning Experience Design (LXD) ]	D		0694			0	N					◎限 一階生 二階生 教育學程生 不佔名額生 登記修習生 資優教育學程生 可修			0			藍淑珠		一 B-C 和平 綜913	課程發展與設計（教） </br>[ 學分學程：學習體驗設計(LXD) 專業學分學程 ]						0		選				50		1		ZU6H
	EU						10	0.20		師培學院		00UE076			0		2.0				115	半			Instructional Medium </br>[ Program: The Specialization Program of Learning Experience Design (LXD) ]	A		0695			0	N					◎限 一階生 二階生 教育學程生 不佔名額生 登記修習生 資優教育學程生 國小教育學程生 國小不佔名額生 可修			0			顏龍源		四 10-A 公館 理圖801	教學媒體與運用（教） </br>[ 學分學程：學習體驗設計(LXD) 專業學分學程 ]						0		選				50		1		ZU6H
	EU						10	0.20		師培學院		00UE076			0		2.0				115	半			Instructional Medium </br>[ Program: The Specialization Program of Learning Experience Design (LXD) ]	B		0696			0	N					◎限 一階生 二階生 教育學程生 不佔名額生 登記修習生 資優教育學程生 國小教育學程生 國小不佔名額生 可修			0			林育沖		四 8-9 公館 理圖807	教學媒體與運用（教） </br>[ 學分學程：學習體驗設計(LXD) 專業學分學程 ]						0		選				50		1		ZU6H
	EU						10	0.20		師培學院		00UE076			0		2.0				115	半			Instructional Medium </br>[ Program: The Specialization Program of Learning Experience Design (LXD) ]	C		0697			0	N					◎限 一階生 二階生 教育學程生 不佔名額生 登記修習生 資優教育學程生 國小教育學程生 國小不佔名額生 可修			0			林育沖		四 10-A 公館 理圖807	教學媒體與運用（教） </br>[ 學分學程：學習體驗設計(LXD) 專業學分學程 ]						0		選				50		1		ZU6H
	EU						3	0.08		師培學院		00UE076			0		2.0				115	半			Instructional Medium </br>[ Program: The Specialization Program of Learning Experience Design (LXD) ]	D		0698			0	N					◎限 一階生 二階生 教育學程生 不佔名額生 登記修習生 資優教育學程生 國小教育學程生 國小不佔名額生 可修			0			蔡明貴		二 8-9 公館 理圖802	教學媒體與運用（教） </br>[ 學分學程：學習體驗設計(LXD) 專業學分學程 ]						0		選				37		1		ZU6H
	EU						3	0.08		師培學院		00UE076			0		2.0				115	半			Instructional Medium </br>[ Program: The Specialization Program of Learning Experience Design (LXD) ]	E		0699			0	N					◎限 一階生 二階生 教育學程生 不佔名額生 登記修習生 資優教育學程生 國小教育學程生 國小不佔名額生 可修			0			蔡明貴		二 10-A 公館 理圖802	教學媒體與運用（教） </br>[ 學分學程：學習體驗設計(LXD) 專業學分學程 ]						0		選				37		1		ZU6H
	EU						10	0.20		師培學院		00UE079			0		2.0				115	半			Professional Literacy for Teachers </br>[ Program: The Inter-disciplinary Program of PASSION Quality Education in Rural Schools ]			0700			0	N					◎限 一階生 二階生 教育學程生 不佔名額生 登記修習生 國小教育學程生 國小不佔名額生 可修			0			劉桂光		五 5-6 和平 美601	教師素養（教） </br>[ 學分學程：PASSION偏鄉優質教育學分學程 ]						0		選				50		1		ZU79
	EU						10	0.20		師培學院		00UE080			0		2.0				115	半			Teacher Professional Development </br>[ Program: The Inter-disciplinary Program of PASSION Quality Education in Rural Schools ]	A		0701			0	N					◎限 一階生 二階生 教育學程生 不佔名額生 登記修習生 國小教育學程生 國小不佔名額生 可修			0			張民杰		四 8-9 公館 理圖002	教師專業發展（教） </br>[ 學分學程：PASSION偏鄉優質教育學分學程 ]						0		選				50		1		ZU79
	EU						5	0.10		師培學院		00UE080			0		2.0				115	半			Teacher Professional Development </br>[ Program: The Inter-disciplinary Program of PASSION Quality Education in Rural Schools ]	B		0702			0	N					◎限 一階生 二階生 教育學程生 不佔名額生 登記修習生 國小教育學程生 國小不佔名額生 可修			0			劉桂光		五 8-9 和平 美601	教師專業發展（教） </br>[ 學分學程：PASSION偏鄉優質教育學分學程 ]						0		選				50		1		ZU79
	EU						0	0.00		師培學院		00UE084			0		0.0				115	半			Field Lesson(I)			0703			0	N					◎限 一階生 二階生 教育學程生 不佔名額生 登記修習生 可修			0			葉怡芬			實地學習（一）（教）						0		選				50	本課程係期末彙整實地學習時數加註成績單用，不涉選課。如欲採認實地學習時數請洽各系辦或師培課程組。	1		
	EU						10	0.20		師培學院		00UE085			0		0.0				115	半			Field Lesson(II)			0704			0	N					◎限 一階生 二階生 教育學程生 不佔名額生 登記修習生 可修			0			葉怡芬			實地學習（二）（教）						0		選				50	本課程係期末彙整實地學習時數加註成績單用，不涉選課。如欲採認實地學習時數請洽各系辦或師培課程組。	1		
	EU						10	0.20		師培學院		00UE086			0		0.0				115	半			Field Lesson(III)			0705			0	N					◎限 一階生 二階生 教育學程生 不佔名額生 登記修習生 可修			0			葉怡芬			實地學習（三）（教）						0		選				50	本課程係期末彙整實地學習時數加註成績單用，不涉選課。如欲採認實地學習時數請洽各系辦或師培課程組。	1		
	EU						10	0.20		師培學院		00UE087			0		0.0				115	半			Field Lesson(A)			0706			0	N					◎限 一階生 二階生 教育學程生 不佔名額生 登記修習生 可修			0			葉怡芬			實地學習（A）（教）						0		選				50	本課程係期末彙整實地學習時數加註成績單用，不涉選課。如欲採認實地學習時數請洽各系辦或師培課程組。	1		
	EU						10	0.20		師培學院		00UE088			0		0.0				115	半			Field Lesson(B)			0707			0	N					◎限 一階生 二階生 教育學程生 不佔名額生 登記修習生 可修			0			葉怡芬			實地學習（B）（教）						0		選				50	本課程係期末彙整實地學習時數加註成績單用，不涉選課。如欲採認實地學習時數請洽各系辦或師培課程組。	1		
	EU						10	0.20		師培學院		00UE089			0		0.0				115	半			Field Lesson(C)			0708			0	N					◎限 一階生 二階生 教育學程生 不佔名額生 登記修習生 可修			0			葉怡芬			實地學習（C）（教）						0		選				50	本課程係期末彙整實地學習時數加註成績單用，不涉選課。如欲採認實地學習時數請洽各系辦或師培課程組。	1		
	EU						10	0.20		師培學院		00UE093			0		2.0				115	半			Differentiated Instruction in Mathematics			0709			0	N					◎限 一階生 二階生 教育學程生 不佔名額生 登記修習生 可修			0			謝佳叡		一 9-10 公館 數學館M210	數學適性教學（教）						0		選				50		1		
	EU						10	0.20		師培學院		00UE096			0		2.0				115	半			Reading and Information Literacy Education			0710			0	N					◎限 一階生 二階生 教育學程生 不佔名額生 登記修習生 可修			0			林玫伶		二 8-9 公館 Ｓ502	閱讀暨資訊素養教育（教）						0		選				50		1		
	EU						10	0.20		師培學院		00UE097			0		2.0				115	半			Parent Education : Families and Schools Working Together	A		0711			0	N					◎限 一階生 二階生 教育學程生 不佔名額生 登記修習生 可修			0			陳婉琦		三 A-B 和平 美101	親職教育與親師合作（教）						0		選				50		1		
	EU						10	0.20		師培學院		00UE097			0		2.0				115	半			Parent Education : Families and Schools Working Together	B		0712			0	N					◎限 一階生 二階生 教育學程生 不佔名額生 登記修習生 可修			0			陳婉琦		五 A-B 和平 美101	親職教育與親師合作（教）						0		選				50		1		
	EU						10	0.20		師培學院		00UE099			0		2.0				115	半			Education Policy and Law </br>[ Program: The Specialization Program of Learning Experience Design (LXD) ]	A		0713			0	N					◎限 一階生 二階生 教育學程生 不佔名額生 登記修習生 資優教育學程生 國小教育學程生 國小不佔名額生 可修			0			廖純英		一 6-7 和平 美101	教育政策與法令（教） </br>[ 學分學程：學習體驗設計(LXD) 專業學分學程 ]						0		選				50		1		ZU6H
	EU						10	0.20		師培學院		00UE099			0		2.0				115	半			Education Policy and Law </br>[ Program: The Specialization Program of Learning Experience Design (LXD) ]	B		0714			0	N					◎限 一階生 二階生 教育學程生 不佔名額生 登記修習生 資優教育學程生 國小教育學程生 國小不佔名額生 可修			0			未定		一 6-7 公館 Ｓ501	教育政策與法令（教） </br>[ 學分學程：學習體驗設計(LXD) 專業學分學程 ]						0		選				50		1		ZU6H
	EU						10	0.20		師培學院		00UE099			0		2.0				115	半			Education Policy and Law </br>[ Program: The Specialization Program of Learning Experience Design (LXD) ]	C		0715			0	N					◎限 一階生 二階生 教育學程生 不佔名額生 登記修習生 資優教育學程生 國小教育學程生 國小不佔名額生 可修			0			未定		一 8-9 公館 Ｓ501	教育政策與法令（教） </br>[ 學分學程：學習體驗設計(LXD) 專業學分學程 ]						0		選				50		1		ZU6H
	EU						10	0.20		師培學院		00UE102			0		1.0	Y			115	半			Vocational Education Training and Career Planning	A		0716			0	N					◎限 一階生 二階生 教育學程生 不佔名額生 登記修習生 資優教育學程生 國小教育學程生 國小不佔名額生 可修			0			顏龍源		◎密集課程	職業教育與訓練暨生涯規劃（教）						0		必				50	1.密集課程，每週上課2小時，持續8週。選修本課程者視同接受實際上課時間為：9/3與9/10只上第B節、9/17、9/24、10/1、10/8、10/15、10/22、10/29皆須連續上第B-C節。本學期此時段不得再安排其他課程，避免衝堂之情事發生。2.欲停修該密集課程，請於115/9/3~10/29前提出線上申請。	1		
	EU						10	0.20		師培學院		00UE102			0		1.0	Y			115	半			Vocational Education Training and Career Planning	B		0717			0	N					◎限 一階生 二階生 教育學程生 不佔名額生 登記修習生 資優教育學程生 國小教育學程生 國小不佔名額生 可修			0			顏龍源		◎密集課程	職業教育與訓練暨生涯規劃（教）						0		必				50	1.密集課程，每週上課2小時，持續8週。選修本課程者視同接受實際上課時間為：9/3與9/10只上第C節、11/5、11/12、11/19、11/26、12/3、12/10、12/17皆須連續上B-C節。本學期此時段不得再安排其他課程，避免衝堂之情事發生。2.欲停修該密集課程，請於115/9/3~12/17前提出線上申請。	1		
	EU						10	0.20		師培學院		00UE102			0		1.0	Y			115	半			Vocational Education Training and Career Planning	C		0718			0	N					◎限 一階生 二階生 教育學程生 不佔名額生 登記修習生 資優教育學程生 國小教育學程生 國小不佔名額生 可修			0			吳淑禎		◎密集課程	職業教育與訓練暨生涯規劃（教）						0		必				50	1.密集課程，每週上課2小時，持續8週，不接受第3週才加選，第1週即列記出缺席。選修本課程者視同接受實際上課時間為：9/1、9/8、9/15、9/22、9/29、10/6、10/13、10/20皆須連續上第6-7節。本學期此時段不得再安排其他課程，避免衝堂之情事發生。2.欲停修該密集課程，請於115/9/1~10/20前提出線上申請。	1		
	EU						10	0.20		師培學院		00UE110			0		2.0				115	半			Inquiry and Practice of Health and Sports Field			0720			0	N					◎限 一階生 二階生 教育學程生 不佔名額生 登記修習生 可修			0			高松景		二 8-9 和平 教103	健康與體育領域探究與實作（教）						0		選				50		1		
	EU						10	0.20		師培學院		00UE304			0		2.0				115	半			Education Issues </br>[ Program: The Specialization Program of Learning Experience Design (LXD) ]			0721			0	N					◎限 一階生 二階生 教育學程生 不佔名額生 登記修習生 資優教育學程生 國小教育學程生 國小不佔名額生 可修			0			高松景		三 6-7 和平 綜913	教育議題專題（教） </br>[ 學分學程：學習體驗設計(LXD) 專業學分學程 ]						0		選				50	本課程以性教育議題為主。	1		ZU6H
	EU						10	0.20		師培學院		00UE311			0		2.0				115	半			Education Issues			0722			0	N					◎限 一階生 二階生 教育學程生 不佔名額生 登記修習生 資優教育學程生 國小教育學程生 國小不佔名額生 可修			0			郝永崴		五 3-4 和平 綜913	教育議題專題（教）						0		選				50	本課程以生命教育議題為主。	1		
	EU						10	0.20		師培學院		00UE324			0		2.0				115	半			Education Issues			0723			0	N					◎限 一階生 二階生 教育學程生 不佔名額生 登記修習生 資優教育學程生 國小教育學程生 國小不佔名額生 可修			0			林玫伶		二 6-7 公館 Ｓ602	教育議題專題（教）						0		選				50	本課程以閱讀素養議題為主。	1		
	EU						10	0.20		師培學院		00UE325			0		2.0				115	半			Education Issues	A		0724			0	N					◎限 一階生 二階生 教育學程生 不佔名額生 登記修習生 資優教育學程生 國小教育學程生 國小不佔名額生 可修			0			劉恆妏		一 8-9 和平 美101	教育議題專題（教）						0		選				50	本課程以人權、法治議題為主。	1		
	EU						10	0.20		師培學院		00UE325			0		2.0				115	半			Education Issues	B		0725			0	N					◎限 一階生 二階生 教育學程生 不佔名額生 登記修習生 資優教育學程生 國小教育學程生 國小不佔名額生 可修			0			葉明芬		二 3-4 公館 Ｓ603	教育議題專題（教）						0		選				50	本課程以綜合、家庭議題為主。	1		
	EU						3	0.09		師培學院		00UE520			0		2.0				115	半			Children's Drawing Mental Development			0726			0	N					◎限 國小教育學程生 國小不佔名額生 可修			0			盧姵綺		三 9-10 和平 美101	兒童繪畫心智發展（小教）						0		選				33		1		
	EU						10	0.20		師培學院		00UE523			0		2.0				115	半			Guidance Principles and Practice			0727			0	N					◎限 國小教育學程生 國小不佔名額生 可修			0			吳淑禎		一 A-B 和平 美101	輔導原理與實務（小教）						0		選				50		1		
	EU						0	0.00		師培學院		00UE526			0		2.0				115	半			Elementary Teaching Practicum			0728			0	N					◎限 國小教育學程生 國小不佔名額生 可修 ◎必須先修過(也可以同時修)【00UE528  國民小學國語文教材教法（小教）】、【00UE527  國民小學數學領域教材教法（小教）】			0			洪麗卿		五 1-4 和平 美601	國民小學教學實習（小教）						0		必				50		1		
	EU						10	0.20		師培學院		00UE527			0		2.0				115	半			Teaching Materials and Methods on Mathematics for Elementary School	A		0729			0	N					◎限 國小教育學程生 國小不佔名額生 可修◎必須先修過【00UE537  普通數學（小教）】			0			吳柏菱		二 1-2 和平 美301	國民小學數學領域教材教法（小教）						0		必				50		1		
	EU						3	0.09		師培學院		00UE527			0		2.0				115	半			Teaching Materials and Methods on Mathematics for Elementary School	B		0730			0	N					◎限 國小教育學程生 國小不佔名額生 可修◎必須先修過【00UE537  普通數學（小教）】			0			吳柏菱		四 6-7 和平 美301	國民小學數學領域教材教法（小教）						0		必				33		1		
	EU						5	0.10		師培學院		00UE528			0		2.0				115	半			Teaching Materials and Methods on Mandarin for Elementary School			0731			0	N					◎限 國小教育學程生 國小不佔名額生 可修 ◎必須先修過【00UE538  國音及說話（小教）】、【00UE539  兒童文學（小教）】、【00UE540  本土語言（小教）】、【00UE552  作文教學指導（小教）】、【00UE555  寫字與書法（小教）】其中一門			0			邢小萍		二 10-A 和平 美601	國民小學國語文教材教法（小教）						0		必				50		1		
	EU						4	0.20		師培學院		00UE532			0		2.0				115	半			Teaching Materials and Methods on Social Studies for Elementary School			0732			0	N					◎限 國小教育學程生 國小不佔名額生 可修			0			洪麗卿		四 3-4 和平 美405	國民小學社會領域教材教法（小教）						0		選				20		1		
	EU						4	0.20		師培學院		00UE535			0		2.0				115	半			Teaching Materials and Methods on Integrative Activities for Elementary School			0733			0	N					◎限 國小教育學程生 國小不佔名額生 可修			0			徐秀婕		二 6-7 和平 美405	國民小學綜合活動領域教材教法（小教）						0		選				20		1		
	EU						8	0.20		師培學院		00UE541			0		2.0				115	半			Introduction to Social Science Subject Area			0734			0	N					◎限 國小教育學程生 國小不佔名額生 可修			0			洪麗卿		四 1-2 和平 美203	社會領域概論（小教）						0		選				40		1		
	EU						4	0.20		師培學院		00UE549			0		2.0				115	半			Scout Education			0735			0	N					◎限 國小教育學程生 國小不佔名額生 可修			0			徐秀婕		二 8-9 和平 美406	童軍教育（小教）						0		選				20		1		
	EU						0	0.00		師培學院		00UE551			0		2.0				115	半			Introduction of Artificial Intelligence			0736			0	N					◎限 國小教育學程生 國小不佔名額生 可修			0			丁玉良		四 8-9 和平 科技系TC411教室	人工智慧（小教）						0		選				50		1		
	EU						10	0.20		師培學院		00UE553			0		2.0				115	半			Introduction to Natural Sciences			0737			0	N					◎限 國小教育學程生 國小不佔名額生 可修			0			吳柏菱		五 6-7 和平 美301	自然科學領域概論（小教）						0		選				50		1		
	EU						10	0.20		師培學院		00UEB01			0		2.0				115	半			Teaching Materials and Methods : Bilingual Education	A		0738			0	N		是			◎限 雙語修習資格生 可修			0			柯琦		一 3-4 和平 綜913	雙語教材教法（教）						0		必				50		1		
	EU						10	0.20		師培學院		00UEB01			0		2.0				115	半			Teaching Materials and Methods : Bilingual Education	B		0739			0	N		是			◎限 雙語修習資格生 可修			0			柯琦		四 3-4 和平 綜913	雙語教材教法（教）						0		必				50		1		
	EU						10	0.20		師培學院		00UEB02			0		1.0				115	半			Practice in Bilingual Teaching	A		0741			0	N		是			◎限 雙語修習資格生 可修			0			柯琦		二 4 和平 綜913	雙語教學應用與實作（教）						0		必				50		1		
	EU						4	0.20		師培學院		00UEB02			0		1.0				115	半			Practice in Bilingual Teaching	B		0742			0	N		是			◎限 雙語修習資格生 可修			0			吳柏菱		四 2 和平 美405	雙語教學應用與實作（教）						0		必				20		1		
	EU						4	0.20		師培學院		00UEB02			0		1.0				115	半			Practice in Bilingual Teaching	C		0743			0	N		是			◎限 雙語修習資格生 可修			0			吳柏菱		四 9 和平 美405	雙語教學應用與實作（教）						0		必				20		1		
	EU						10	0.20		師培學院		00UEB03			0		2.0				115	半			Introduction to Bilingual Education	A		0744			0	N		是			◎限 雙語修習資格生 可修			0			柯琦		一 1-2 和平 綜913	雙語教育概論（教）						0		必				50		1		
	EU						10	0.20		師培學院		00UEB03			0		2.0				115	半			Introduction to Bilingual Education	B		0745			0	N		是			◎限 雙語修習資格生 可修			0			柯琦		四 1-2 和平 綜913	雙語教育概論（教）						0		必				50		1		
	EU						10	0.20		師培學院		00UEB06			0		3.0				115	半			Classroom English for Bilingual Education			0746			0	N		是			◎限 雙語修習資格生 可修			0			柯琦		二 1-3 和平 綜913	雙語教育之課室英語（教）						0		選				50		1		
	EU						6	0.20		師培學院		00UEG01			0		2.0				115	半			Practicum in Teaching Students with Special Needs (I)	A		0747			0	N					◎限 不佔名額生 資優教育學程生 可修◎必須先修過【00UEG03  資賦優異學生教材教法（一）（資優）】◎必須先修過(也可以同時修)【00UEG04  資賦優異學生教材教法（二）（資優）】			0			陳偉仁		四 6-9 和平 特115	特殊教育教學實習（一）（資優）						0		必				30		1		
	EU						6	0.20		師培學院		00UEG04			0		2.0				115	半			Curriculum and Instructional Designs for Gifted and Talented Students (II)			0748			0	N					◎限 不佔名額生 資優教育學程生 可修			0			陳偉仁		五 6-7 和平 特113	資賦優異學生教材教法（二）（資優）						0		必				30		1		
	EU						5	0.20		師培學院		00UEG07			0		2.0				115	半			Creativity	A		0749			0	N					◎限 不佔名額生 資優教育學程生 可修			0			潘裕豐		四 3-4 和平 特114視聽室	創造力教育（資優）						0		必				25		1		
	EU						5	0.20		師培學院		00UEG08			0		2.0				115	半			Leadership Education			0750			0	N					◎限 不佔名額生 資優教育學程生 可修			0			潘裕豐		一 3-4 和平 特115	領導才能教育（資優）						0		必				25		1		
	EU						5	0.20		師培學院		00UEG10			0		2.0				115	半			Special Topics on Gifted and Talented Education			0751			0	N					◎限 不佔名額生 資優教育學程生 可修			0			于曉平 潘宏倫		一 A-B 和平 特115	資優教育專題研究（資優）						0		必				25		1		
	EU						5	0.20		師培學院		00UEG14			0		2.0				115	半			Gifted and Talented Education for Diverse Populations			0752			0	N					◎限 不佔名額生 資優教育學程生 可修 ◎必須先修過【00UEG18  資優教育概論（資優）】、【00UEG19  特殊教育導論（資優）】其中一門			0			陳偉仁		五 8-9 和平 特113	特殊族群資優教育（資優）						0		選				25		1		
	EU						1	0.20		師培學院		00UEG16			0		2.0				115	半			Introduction and Management of Resource Room Programs			0753			0	N					◎限 不佔名額生 資優教育學程生 可修			0			劉秀丹		四 3-4 和平 特115	資源教室方案與經營（資優）						0		必				5		1		
	EU						2	0.20		師培學院		00UEG17			0		2.0				115	半			Special Education Administration and Related Laws	A		0754			0	N					◎限 不佔名額生 資優教育學程生 可修			0			邱春瑜		四 1-2 和平 特114視聽室	特殊教育行政與法規（資優）						0		必				10		1		
	EU						8	0.20		師培學院		00UEG17			0		2.0				115	半			Special Education Administration and Related Laws	B		0755			0	N					◎限 不佔名額生 資優教育學程生 可修			0			趙本強		一 8-9 和平 特115	特殊教育行政與法規（資優）						0		必				40		1		
	EU						8	0.20		師培學院		00UEG18			0		2.0				115	半			Introduction to Education for the Gifted			0756			0	N					◎限 不佔名額生 資優教育學程生 可修			0			潘宏倫		四 A-B 和平 特115	資優教育概論（資優）						0		必				40		1		
	EU						2	0.20		師培學院		00UEG19			0		3.0				115	半			Introduction to Special Education </br>[ Program: The Specialization Program of Communication Disorders Education ]	A		0757			0	N		是			◎限 不佔名額生 資優教育學程生 可修			0			王宣惠		一 2-4 和平 特113	特殊教育導論（資優） </br>[ 學分學程：溝通障礙教育領域專業學分學程 ]						0		必				10		1		ZU8V
	EU						0	0.00		師培學院		00UEG19			0		3.0				115	半			Introduction to Special Education </br>[ Program: The Specialization Program of Communication Disorders Education ]	B		0758			0	N					◎限 不佔名額生 資優教育學程生 可修			0			林淑莉		二 6-8 和平 特113	特殊教育導論（資優） </br>[ 學分學程：溝通障礙教育領域專業學分學程 ]						0		必				3		1		ZU8V
	EU						2	0.20		師培學院		00UEG19			0		3.0				115	半			Introduction to Special Education </br>[ Program: The Specialization Program of Communication Disorders Education ]	C		0759			0	N					◎限 不佔名額生 資優教育學程生 可修			0			張素貞 朱怡珊		四 10-B 和平 綜913	特殊教育導論（資優） </br>[ 學分學程：溝通障礙教育領域專業學分學程 ]						0		必				10		1		ZU8V
	EU						5	0.20		師培學院		00UEG23			0		2.0				115	半			Gifted and Talented Education for Science			0760			0	N					◎限 不佔名額生 資優教育學程生 可修			0			游森棚		三 3-4 公館 數學館M310	數學資優教育（資優）						0		選				25		1		
	EU						4	0.20		師培學院		00UEG25			0		2.0				115	半			Practicum in Gifted and Talented Education			0761			0	N					◎限 不佔名額生 資優教育學程生 可修 ◎必須先修過(也可以同時修)【00UEG04  資賦優異學生教材教法（二）（資優）】			0			于曉平 進明		三 10-A 和平 特115	資賦優異教學實務（資優）						0		選				20		1		
	EU						0	0.00		師培學院		IBC9004			0		3.0				115	半			IB Philosophy and Practices(IB) </br>[ Program: The Specialization Program of Learning Experience Design (LXD) The Inter-disciplinary Program of International Baccalaureate Educator Certificate-Chinese Language Education The Inter-disciplinary Program of International Baccalaureate Educator Certificate-International  Mathematics Education The Inter-disciplinary Program of International Baccalaureate Educator Certificate-International  Physics  Education The Inter-disciplinary Program of International Baccalaureate Educator Certificate-International Education ]			0762			0	N		是	9		◎初選 國際教師學分學程-華語文教育 國際教師學分學程-國際數學教育 國際教師學分學程-國際物理教育 國際教師學分學程-國際教育 研究生得下修◎限國際教師學分學程-華語文教育、國際教師學分學程-國際數學教育、國際教師學分學程-國際物理教育、國際教師學分學程-國際教育選修			0			范雅筑	大碩	四 6-8 公館 Ｓ404	IB哲學與實作（IB） </br>[ 學分學程：學習體驗設計(LXD) 專業學分學程 國際教師學分學程-華語文教育 國際教師學分學程-國際數學教育 國際教師學分學程-國際物理教育 國際教師學分學程-國際教育 ]						0		選				30		1		ZU6H/ZU74/ZU75/ZU76/ZU9Z
	EU						10	0.20		師培學院		IBC9007			0		3.0				115	半			Curriculum Development and Design (IB) </br>[ Program: The Inter-disciplinary Program of International Baccalaureate Educator Certificate-International Education ]			0763			0	N		是	9		◎初選 國際教師學分學程-華語文教育 國際教師學分學程-國際數學教育 國際教師學分學程-國際物理教育 國際教師學分學程-國際教育 研究生得下修◎限國際教師學分學程-華語文教育、國際教師學分學程-國際數學教育、國際教師學分學程-國際物理教育、國際教師學分學程-國際教育選修			0			葉怡芬	大碩	三 8-10 和平 美301	課程發展與設計（IB） </br>[ 學分學程：國際教師學分學程-國際教育 ]						0		選				50		1		ZU9Z
	EU00						10	0.20		教育系（學）		EDU0011			0		2.0				115	半			Logic			0764			0	N					◎限大一修習			0			崔		四 6-7 和平 教511	邏輯	一			1		0		選				50		1		
	EU00						10	0.20		教育系（學）		EDU0153			1		2.0				115	半			Introduction to Education	A		0765			0	N		是			◎限本系(含雙主修)、輔系修習◎限大一修習			0			鄭英傑		三 6-7 和平 教310	教育概論	一			1		0		必				50		1		
	EU00						10	0.20		教育系（學）		EDU0153			1		2.0				115	半			Introduction to Education	B		0766			0	N					◎限本系(含雙主修)、輔系修習◎限大一修習			0			鄭英傑		二 6-7 和平 教310	教育概論	一			1		0		必				50		1		
	EU00						10	0.20		教育系（學）		EDU0154			1		2.0				115	半			Educational Psychology </br>[ Program: The Inter-disciplinary Program of PASSION Quality Education in Rural Schools ]	A		0767			0	N		是			◎限本系(含雙主修)、輔系修習◎限大一修習			0			唐淑華		二 8-9 和平 教310	教育心理學 </br>[ 學分學程：PASSION偏鄉優質教育學分學程 ]	一			1		0		必				50		1		ZU79
	EU00						1	0.02		教育系（學）		EDU0154			0		2.0				115	半			Educational Psychology </br>[ Program: The Inter-disciplinary Program of PASSION Quality Education in Rural Schools ]	B		0768			0	N					◎限本系(含雙主修)、輔系修習◎限大一修習			0			唐淑華		二 3-4 和平 科技系TB310教室	教育心理學 </br>[ 學分學程：PASSION偏鄉優質教育學分學程 ]	一			1		0		必				44		1		ZU79
	EU00						10	0.20		教育系（學）		EDU0003			1		2.0				115	半			History of Chinese Education			0769			0	N			1		◎限本系(含雙主修)、輔系修習◎限大一◎限甲班修習			0			周愚文	甲	一 6-7 和平 教802	中國教育史	一			1		0		必				50		1		
	EU00						10	0.20		教育系（學）		EDU0003			1		2.0				115	半			History of Chinese Education			0770			0	N			2		◎限本系(含雙主修)、輔系修習◎限大一◎限乙班修習			0			周愚文	乙	一 3-4 和平 教802	中國教育史	一			1		0		必				50		1		
	EU00						10	0.20		教育系（學）		EDU0021			0		2.0				115	半			Politics of Education </br>[ Program: The Specialization Program of Education and Social Justice The Specialization Program of Education Policy and Administration ]			0771			0	N								0			王麗雲		二 8-9 和平 教312	教育政治學 </br>[ 學分學程：教育與社會正義專業學分學程 教育行政專業學分學程 ]	二			2		0		選				50		1		ZU5J/ZU5L
	EU00						10	0.20		教育系（學）		EDU0025			0		2.0				115	半			Modern History of Western  Education </br>[ Program: The Specialization Program of History and Philosophy of Education ]			0772			0	N								0			洪仁進		二 1-2 和平 教3樓第一會議室	西洋近代教育史 </br>[ 學分學程：教育哲史專業學分學程 ]	二			2		0		選				50		1		ZU5M
	EU00						2	0.07		教育系（學）		EDU0034			0		2.0				115	半			Laws of School </br>[ Program: The Specialization Program of Education Policy and Administration ]			0773			0	N								0			陳宏彰		一 10-A 和平 教600	教育法令 </br>[ 學分學程：教育行政專業學分學程 ]	二			2		0		選				28		1		ZU5J
	EU00						10	0.20		教育系（學）		EDU0117			0		2.0				115	半			Theories of Learning </br>[ Program: The Specialization Program of Curriculum and Instruction ]			0774			0	N								0			王力億		五 1-2 和平 教802	學習理論 </br>[ 學分學程：課程與教學專業學分學程 ]	二			2		0		選				50		1		ZU5K
	EU00						10	0.20		教育系（學）		EDU0005			1		2.0				115	半			Educational Administration </br>[ Program: The Specialization Program of Education Policy and Administration The Inter-disciplinary Program of Club Members Leadership And Empowerment Cultivation The Specialization Program of Educational Leadership and Innovation ]			0775			0	N			1		◎限本系(含雙主修)、輔系修習◎限大二◎限甲班修習◎必須先修過【EDU0153  教育概論】			0			黃乃熒	甲	四 6-7 和平 教312	教育行政 </br>[ 學分學程：教育行政專業學分學程 社團人專業領導培力學分學程 教育領導與創新專業學分學程 ]	二			2		0		必				50		1		ZU5J/ZU5J/ZU8D/ZU8D/ZU9Q/ZU9Q
	EU00						10	0.20		教育系（學）		EDU0156			1		2.0				115	半			Sociology of Education </br>[ Program: The Specialization Program of Educational Leadership and Innovation The Specialization Program of Education and Social Justice ]			0776			0	N			1		◎限本系(含雙主修)、輔系修習◎限大二◎限甲班修習			0			鄭英傑	甲	二 3-4 和平 教310	教育社會學 </br>[ 學分學程：教育領導與創新專業學分學程 教育與社會正義專業學分學程 ]	二			2		0		必				50		1		ZU5L/ZU5L/ZU8D/ZU8D
	EU00						10	0.20		教育系（學）		EDU0184			1		2.0				115	半			Theories of Curriculum </br>[ Program: The Inter-disciplinary Program of Technology-assisted Teaching Industry The Specialization Program of Curriculum and Instruction ]			0777			0	N			1		◎限本系(含雙主修)、輔系修習◎限大二◎限甲班修習			0			卯靜儒	甲	四 8-9 和平 教802	課程原理 </br>[ 學分學程：科技化教學產業學分學程 課程與教學專業學分學程 ]	二			2		0		必				50		1		ZU47/ZU47/ZU5K/ZU5K
	EU00						10	0.20		教育系（學）		EDU0005			1		2.0				115	半			Educational Administration </br>[ Program: The Specialization Program of Education Policy and Administration The Inter-disciplinary Program of Club Members Leadership And Empowerment Cultivation The Specialization Program of Educational Leadership and Innovation ]			0778			0	N			2		◎限本系(含雙主修)、輔系修習◎限大二◎限乙班修習◎必須先修過【EDU0153  教育概論】			0			陳玉娟	乙	四 1-2 和平 教312	教育行政 </br>[ 學分學程：教育行政專業學分學程 社團人專業領導培力學分學程 教育領導與創新專業學分學程 ]	二			2		0		必				50		1		ZU5J/ZU5J/ZU8D/ZU8D/ZU9Q/ZU9Q
	EU00						10	0.20		教育系（學）		EDU0156			1		2.0				115	半			Sociology of Education </br>[ Program: The Specialization Program of Educational Leadership and Innovation The Specialization Program of Education and Social Justice ]			0779			0	N			2		◎限本系(含雙主修)、輔系修習◎限大二◎限乙班修習			0			張宜君	乙	二 3-4 和平 教9樓綜合教室	教育社會學 </br>[ 學分學程：教育領導與創新專業學分學程 教育與社會正義專業學分學程 ]	二			2		0		必				50		1		ZU5L/ZU5L/ZU8D/ZU8D
	EU00						10	0.20		教育系（學）		EDU0184			1		2.0				115	半			Theories of Curriculum </br>[ Program: The Inter-disciplinary Program of Technology-assisted Teaching Industry The Specialization Program of Curriculum and Instruction ]			0780			0	N			2		◎限本系(含雙主修)、輔系修習◎限大二◎限乙班修習			0			卯靜儒	乙	四 6-7 和平 教802	課程原理 </br>[ 學分學程：科技化教學產業學分學程 課程與教學專業學分學程 ]	二			2		0		必				50		1		ZU47/ZU47/ZU5K/ZU5K
	EU00						0	0.00		教育系（學）		EDU0007			0		2.0				115	半			Educational Research Methods	A		0781			0	N		是			◎限本系(含雙主修)、輔系修習◎限大三修習			0			林子斌		四 3-4 和平 教615	教育研究法	三			3		0		必				15		1		
	EU00						10	0.20		教育系（學）		EDU0007			1		2.0				115	半			Educational Research Methods	B		0782			0	N					◎限本系(含雙主修)、輔系修習◎限大三修習			0			林子斌		四 6-7 和平 教310	教育研究法	三			3		0		必				50		1		
	EU00						10	0.20		教育系（學）		EDU0035			0		2.0				115	半			Educational Anthropology </br>[ Program: The Specialization Program of Curriculum and Instruction The Specialization Program of Education and Social Justice ]			0783			0	N								0			黃純敏		三 6-7 和平 教802	教育人類學 </br>[ 學分學程：課程與教學專業學分學程 教育與社會正義專業學分學程 ]	三			3		0		選				50		1		ZU5K/ZU5L
	EU00						10	0.20		教育系（學）		EDU0047			0		2.0				115	半			Economics of Education </br>[ Program: The Specialization Program of Education Policy and Administration ]			0784			0	N								0			余穎麒		三 3-4 和平 教310	教育經濟學 </br>[ 學分學程：教育行政專業學分學程 ]	三			3		0		選				50		1		ZU5J
	EU00						0	0.00		教育系（學）		EDU0202			0		2.0				115	半			History of Western Educational Institutions and Activities			0785			0	N								0			劉蔚之		四 1-2 和平 教310	西洋教育制度與活動史	三			3		0		選				50		1		
	EU00						10	0.20		教育系（學）		EDU0216			0		2.0				115	半			Curriculum Development and Design </br>[ Program: The Inter-disciplinary Program of PASSION Quality Education in Rural Schools ]			0786			0	N					◎必須先修過【EDU0157  教學原理】、【EDU0184  課程原理】			0			湯仁燕		五 3-4 和平 教802	課程發展與設計 </br>[ 學分學程：PASSION偏鄉優質教育學分學程 ]	三			3		0		選				50		1		ZU79
	EU00						10	0.20		教育系（學）		EDU0142			1		2.0				115	半			Educational Evaluation </br>[ Program: The Inter-disciplinary Program of Club Members Leadership And Empowerment Cultivation The Specialization Program of Education Policy and Administration ]			0787			0	N			1		◎限本系(含雙主修)、輔系修習◎限大三◎限甲班修習			0			王麗雲	甲	一 3-4 和平 教310	教育評鑑 </br>[ 學分學程：社團人專業領導培力學分學程 教育行政專業學分學程 ]	三			3		0		必				50		1		ZU5J/ZU5J/ZU9Q/ZU9Q
	EU00						10	0.20		教育系（學）		EDU0155			1		2.0				115	半			Philosophy of Education </br>[ Program: The Specialization Program of Educational Leadership and Innovation The Specialization Program of History and Philosophy of Education ]			0788			0	N			1		◎限本系(含雙主修)、輔系修習◎限大三◎限甲班修習			0			林秀珍	甲	二 1-2 和平 教802	教育哲學 </br>[ 學分學程：教育領導與創新專業學分學程 教育哲史專業學分學程 ]	三			3		0		必				50		1		ZU5M/ZU5M/ZU8D/ZU8D
	EU00						10	0.20		教育系（學）		EDU0142			1		2.0				115	半			Educational Evaluation </br>[ Program: The Inter-disciplinary Program of Club Members Leadership And Empowerment Cultivation The Specialization Program of Education Policy and Administration ]			0789			0	N			2		◎限本系(含雙主修)、輔系修習◎限大三◎限乙班修習			0			陳宏彰	乙	二 1-2 和平 教310	教育評鑑 </br>[ 學分學程：社團人專業領導培力學分學程 教育行政專業學分學程 ]	三			3		0		必				50		1		ZU5J/ZU5J/ZU9Q/ZU9Q
	EU00						10	0.20		教育系（學）		EDU0155			1		2.0				115	半			Philosophy of Education </br>[ Program: The Specialization Program of Educational Leadership and Innovation The Specialization Program of History and Philosophy of Education ]			0790			0	N			2		◎限本系(含雙主修)、輔系修習◎限大三◎限乙班修習			0			洪仁進	乙	一 4-5 和平 教312	教育哲學 </br>[ 學分學程：教育領導與創新專業學分學程 教育哲史專業學分學程 ]	三			3		0		必				50		1		ZU5M/ZU5M/ZU8D/ZU8D
	EU00						10	0.20		教育系（學）		EDU0158			0		2.0				115	半			Class Management </br>[ Program: The Inter-disciplinary Program of PASSION Quality Education in Rural Schools ]			0791			0	N								0			陳玉娟		四 3-4 和平 教312	班級經營 </br>[ 學分學程：PASSION偏鄉優質教育學分學程 ]	四			4		0		選				50		1		ZU79
	EU00						10	0.20		教育系（學）		EDU0226			0		2.0				115	半			Philosophical Issues of Educational Practice </br>[ Program: The Specialization Program of History and Philosophy of Education ]			0792			0	N								0			未定		五 1-2 和平 教310	教育實踐的哲學議題 </br>[ 學分學程：教育哲史專業學分學程 ]	四			4		0		選				50		1		ZU5M
	EU01						10	0.20		心輔系（學）		PCU0005			0	是	3.0				115	半	李俊仁		Experimental Psychology	B		0793			0	N					◎必須先修過【E0U0002  教育統計學（二）】			0			李俊仁		四 6-9 和平 教602	實驗心理學						0		必				50		1		
	EU01						10	0.20		心輔系（學）		PCU0014			0		3.0				115	半			Psychology of Personality </br>[ Program: The Specialization Program of Community and Mental Health The Specialization Program of Learning and Instruction ]	B		0794			0	N					◎必須先修過【PCU0152  普通心理學（一）】、【SPU6008  普通心理學（一）】其中一門			0			林旻沛		三 6-8 和平 教511	人格心理學 </br>[ 學分學程：社區與心理健康專業學分學程 學習與教學專業學分學程 ]						0		必				50		1		ZU4U/ZU4W
	EU01						10	0.20		心輔系（學）		PCU0086			0		3.0				115	半			Mental and Educational Measurement </br>[ Program: The Specialization Program of Psychological Testing and Data Science ]	B		0795			0	N					◎必須先修過【E0U0001  教育統計學（一）】、【05UG020  統計學】其中一門			0			劉振維		五 2-4 和平 教312	心理與教育測驗 </br>[ 學分學程：測驗評量與數據科學專業學分學程 ]						0		必				50		1		ZU4V
	EU01						10	0.20		心輔系（學）		PCU0117			0		3.0				115	半			Principle and Practice of Guidance </br>[ Program: The Inter-disciplinary Program of PASSION Quality Education in Rural Schools The Inter-disciplinary Program of Cultivating Seniors Service Talent in Community ]	B		0796			0	N								0			傅筑君		一 1-3 和平 教602	輔導原理與實務 </br>[ 學分學程：PASSION偏鄉優質教育學分學程 社區高齡者服務人才培力學分學程 ]						0		必				50		1		ZU79/ZU98
	EU01						10	0.33		心輔系（學）		PCU0131			0		3.0				115	半			Techniques of Counseling </br>[ Program: The Inter-disciplinary Program of PASSION Quality Education in Rural Schools The Inter-disciplinary Program of Cultivating Seniors Service Talent in Community ]	C		0797			0	N					◎必須先修過【PCU0130  諮商理論】			0			喬虹		一 2-4 和平 教600	諮商技術 </br>[ 學分學程：PASSION偏鄉優質教育學分學程 社區高齡者服務人才培力學分學程 ]						0		必				30		1		ZU79/ZU98
	EU01						10	0.20		心輔系（學）		PCU0152			0		2.0				115	半			General Psychology(I) </br>[ Program: The Specialization Program of Community and Mental Health The Specialization Program of Learning and Instruction The Inter-disciplinary Program of Cultivating Seniors Service Talent in Community The Inter-disciplinary Program of Music-assisted Guidance and Special Education ]	B		0798			0	N								0			蘇宜芬		三 6-7 和平 教9樓綜合教室	普通心理學（一） </br>[ 學分學程：社區與心理健康專業學分學程 學習與教學專業學分學程 社區高齡者服務人才培力學分學程 音樂輔導與特教學分學程 ]						0		必				50		1		ZU4U/ZU4W/ZU59/ZU98
	EU01						10	0.20		心輔系（學）		PCU0152			0		2.0				115	半			General Psychology(I) </br>[ Program: The Specialization Program of Community and Mental Health The Specialization Program of Learning and Instruction The Inter-disciplinary Program of Cultivating Seniors Service Talent in Community The Inter-disciplinary Program of Music-assisted Guidance and Special Education ]	C		0799			0	N								0			蘇宜芬		三 8-9 和平 教802	普通心理學（一） </br>[ 學分學程：社區與心理健康專業學分學程 學習與教學專業學分學程 社區高齡者服務人才培力學分學程 音樂輔導與特教學分學程 ]						0		必				50		1		ZU4U/ZU4W/ZU59/ZU98
	EU01						10	0.20		心輔系（學）		PCU0186			0		3.0				115	半			School-Based Family Counseling			0800			0	N					◎必須先修過(也可以同時修)【PCU0150  學校諮商實習（一）】			0			張世華		二 8-10 和平 教714	學校本位家庭諮商						0		選				50		1		
	EU01						10	0.20		心輔系（學）		PCU0194			0		2.0				115	半			Self-Harm Prevention			0801			0	N		是			◎必須先修過【PCU0048  變態心理學】			0			未定		四 3-4 和平 美術館601	自我傷害防治						0		選				50		1		
	EU01						10	0.20		心輔系（學）		PCU0117			0		3.0				115	半			Principle and Practice of Guidance </br>[ Program: The Inter-disciplinary Program of PASSION Quality Education in Rural Schools The Inter-disciplinary Program of Cultivating Seniors Service Talent in Community ]	A		0803			0	N					◎限本系(含雙主修)修習◎限大一修習			0			姜兆眉		四 2-4 和平 教511	輔導原理與實務 </br>[ 學分學程：PASSION偏鄉優質教育學分學程 社區高齡者服務人才培力學分學程 ]	一			1		0		必				50		1		ZU79/ZU98
	EU01						10	0.20		心輔系（學）		PCU0143			0		2.0				115	半			Creativity Psychology </br>[ Program: The Inter-disciplinary Program of Music-assisted Guidance and Special Education ]			0804			0	N					◎限大一修習			0			張雨霖		三 3-4 和平 教9樓綜合教室	創造力心理學 </br>[ 學分學程：音樂輔導與特教學分學程 ]	一			1		0		選				50		1		ZU59
	EU01						10	0.20		心輔系（學）		PCU0152			0		2.0				115	半			General Psychology(I) </br>[ Program: The Specialization Program of Community and Mental Health The Specialization Program of Learning and Instruction The Inter-disciplinary Program of Cultivating Seniors Service Talent in Community The Inter-disciplinary Program of Music-assisted Guidance and Special Education ]	A		0805			0	N					◎限大一修習			0			許禕芳		一 3-4 和平 教511	普通心理學（一） </br>[ 學分學程：社區與心理健康專業學分學程 學習與教學專業學分學程 社區高齡者服務人才培力學分學程 音樂輔導與特教學分學程 ]	一			1		0		必				50		1		ZU4U/ZU4W/ZU59/ZU98
	EU01						10	0.20		心輔系（學）		PCU0005			0	是	3.0				115	半	許禕芳		Experimental Psychology	A		0806			0	N					◎必須先修過【E0U0002  教育統計學（二）】			0			許禕芳		二 6-9 和平 教513	實驗心理學	二			2		0		必				50		1		
	EU01						10	0.20		心輔系（學）		PCU0014			0		3.0				115	半			Psychology of Personality </br>[ Program: The Specialization Program of Community and Mental Health The Specialization Program of Learning and Instruction ]	A		0807			0	N					◎必須先修過【PCU0152  普通心理學（一）】、【SPU6008  普通心理學（一）】其中一門			0			林旻沛		二 2-4 和平 教602	人格心理學 </br>[ 學分學程：社區與心理健康專業學分學程 學習與教學專業學分學程 ]	二			2		0		必				50		1		ZU4U/ZU4W
	EU01						10	0.20		心輔系（學）		PCU0032			0		2.0				115	半			Social Psychology </br>[ Program: The Inter-disciplinary Program of Human Services and Social Work Credit The Specialization Program of Community and Mental Health ]			0808			0	N		是						0			藤原健		三 3-4 和平 教602	社會心理學 </br>[ 學分學程：人群服務與社會工作學分學程 社區與心理健康專業學分學程 ]	二			2		0		選				50		1		ZU37/ZU4U
	EU01						10	0.20		心輔系（學）		PCU0086			0		3.0				115	半			Mental and Educational Measurement </br>[ Program: The Specialization Program of Psychological Testing and Data Science ]	A		0809			0	N					◎必須先修過【E0U0001  教育統計學（一）】、【05UG020  統計學】其中一門			0			陳柏熹		一 2-4 和平 教513	心理與教育測驗 </br>[ 學分學程：測驗評量與數據科學專業學分學程 ]	二			2		0		必				50		1		ZU4V
	EU01						10	0.20		心輔系（學）		PCU0101			0		2.0				115	半			Adolescent Psychology </br>[ Program: The Inter-disciplinary Program of PASSION Quality Education in Rural Schools ]			0810			0	N		是			◎必須先修過【PCU0003  發展心理學】、【00UE017  發展心理學（教）】其中一門			0			傅筑君		五 3-4 和平 教9樓綜合教室	青少年心理學 </br>[ 學分學程：PASSION偏鄉優質教育學分學程 ]	二			2		0		選				50		1		ZU79
	EU01						10	0.20		心輔系（學）		PCU0009			0		2.0				115	半			Career Guidance			0811			0	N					◎必須先修過【PCU0130  諮商理論】			0			未定		一 8-9 和平 教511	生涯輔導	三			3		0		選				50		1		
	EU01						10	0.33		心輔系（學）		PCU0131			0		3.0				115	半			Techniques of Counseling </br>[ Program: The Inter-disciplinary Program of PASSION Quality Education in Rural Schools The Inter-disciplinary Program of Cultivating Seniors Service Talent in Community ]	A		0812			0	N					◎必須先修過【PCU0130  諮商理論】			0			張世華		三 6-8 和平 教513	諮商技術 </br>[ 學分學程：PASSION偏鄉優質教育學分學程 社區高齡者服務人才培力學分學程 ]	三			3		0		必				30		1		ZU79/ZU98
	EU01						10	0.33		心輔系（學）		PCU0131			0		3.0				115	半			Techniques of Counseling </br>[ Program: The Inter-disciplinary Program of PASSION Quality Education in Rural Schools The Inter-disciplinary Program of Cultivating Seniors Service Talent in Community ]	B		0813			0	N					◎必須先修過【PCU0130  諮商理論】			0			姜兆眉		三 6-8 和平 教600	諮商技術 </br>[ 學分學程：PASSION偏鄉優質教育學分學程 社區高齡者服務人才培力學分學程 ]	三			3		0		必				30		1		ZU79/ZU98
	EU01						10	0.20		心輔系（學）		PCU0144			0		2.0				115	半			Learning and Instruction Psychology </br>[ Program: The Inter-disciplinary Program of PASSION Quality Education in Rural Schools The Specialization Program of Learning and Instruction ]			0814			0	N					◎必須先修過【PCU0114  教育心理學】、【00UE002  教育心理學（教）】其中一門			0			簡郁芩		三 3-4 和平 教513	學習與教學心理學 </br>[ 學分學程：PASSION偏鄉優質教育學分學程 學習與教學專業學分學程 ]	三			3		0		選				50		1		ZU4W/ZU79
	EU01						10	0.20		心輔系（學）		PCU0174			0		2.0				115	半			Human Resource Management and Manpower Utilization			0815			0	N								0			林俊宏		二 3-4 和平 進修學院演講堂	人力資源運用與管理	三			3		0		選				50		1		
	EU01						10	0.20		心輔系（學）		PCU0179			0		2.0				115	半			Contemporary Theories in Counseling			0816			0	N		是			◎必須先修過(也可以同時修)【PCU0131  諮商技術】			0			鄭曉楓		一 3-4 和平 教500	當代諮商理論	三			3		0		選				50		1		
	EU01						10	0.20		心輔系（學）		PCU0111			0		2.0				115	半			Crisis Intervention </br>[ Program: The Inter-disciplinary Program of PASSION Quality Education in Rural Schools The Inter-disciplinary Program of Club Members Leadership And Empowerment Cultivation ]			0817			0	N					◎必須先修過【PCU0176  青少年問題與輔導】、【PCU0131  諮商技術】			0			蘇盈儀		一 9-10 和平 教312	危機處理 </br>[ 學分學程：PASSION偏鄉優質教育學分學程 社團人專業領導培力學分學程 ]	四			4		0		選				50		1		ZU79/ZU9Q
	EU01						0	0.00		心輔系（學）		PCU0146			0		2.0				115	半			School Guidance </br>[ Program: The Inter-disciplinary Program of PASSION Quality Education in Rural Schools ]			0818			0	N					◎必須先修過【PCU0117  輔導原理與實務】、【00UE008  輔導原理與實務（教）】其中一門			0			林上能		四 6-7 和平 教513	學校輔導工作 </br>[ 學分學程：PASSION偏鄉優質教育學分學程 ]	四			4		0		選				50		1		ZU79
	EU01						0	0.00		心輔系（學）		PCU0147			0		2.0				115	半			Counseling Ethics </br>[ Program: The Inter-disciplinary Program of PASSION Quality Education in Rural Schools ]			0819			0	N					◎必須先修過【PCU0131  諮商技術】			0			林上能		四 8-9 和平 教511	諮商倫理 </br>[ 學分學程：PASSION偏鄉優質教育學分學程 ]	四			4		0		選				50		1		ZU79
	EU01						10	0.20		心輔系（學）		PCU0150			0	是	2.0				115	半	張世華		Practicum in School Counseling (I) </br>[ Program: The Inter-disciplinary Program of PASSION Quality Education in Rural Schools ]	A		0820			0	N					◎必須先修過【PCU0011  團體輔導】、【PCU0180  自我覺察與成長】、【PCU0086  心理與教育測驗】、【PCU0176  青少年問題與輔導】、【PCU0004  學習輔導】、【PCU0009  生涯輔導】、【PCU0170  諮詢理論與實務】			0			張世華		二 5-7 和平 教515	學校諮商實習（一） </br>[ 學分學程：PASSION偏鄉優質教育學分學程 ]	四			4		0		選				50	本課程限已於前一學期向本系提出申請並被排定實習學校者方能選課。	1		ZU79
	EU01						10	0.20		心輔系（學）		PCU0150			0	是	2.0				115	半	姜兆眉		Practicum in School Counseling (I) </br>[ Program: The Inter-disciplinary Program of PASSION Quality Education in Rural Schools ]	B		0821			0	N					◎必須先修過【PCU0011  團體輔導】、【PCU0180  自我覺察與成長】、【PCU0086  心理與教育測驗】、【PCU0176  青少年問題與輔導】、【PCU0004  學習輔導】、【PCU0009  生涯輔導】、【PCU0170  諮詢理論與實務】			0			姜兆眉		二 5-7 和平 教621	學校諮商實習（一） </br>[ 學分學程：PASSION偏鄉優質教育學分學程 ]	四			4		0		選				50	本課程限已於前一學期向本系提出申請並被排定實習學校者方能選課。	1		ZU79
	EU01						10	0.20		心輔系（學）		PCU0165			0		2.0				115	半			Special Topics on Educational Psychology and Counseling			0822			0	N								0			陳柏熹 吳昭容		二 1-2 和平 教710	教育心理與輔導專題實作	四			4		0		選				50	本課程限已於前一學期向本系提出申請者方能選課。	1		
	EU01						0	0.00		心輔系（學）		PCUE111			0		2.0				115	半			Teaching Practice in Career Planning (I)			0823			0	N					◎限 二階生 教育學程生 不佔名額生 登記修習生 可修◎必須先修過【PCU0011  團體輔導】、【PCUE101  生涯規劃教材教法（教）】			0			王玉珍		二 1-4 和平 教515	生涯規劃教學實習（一）（教）	四			4		0		選				50		1		
	EU01						10	0.20		心輔系（學）		PCUE210			0		2.0				115	半			Teaching Practicum: Guidance (I)			0824			0	N					◎限 二階生 教育學程生 不佔名額生 登記修習生 可修◎必須先修過【PCU0011  團體輔導】、【PCUE001  輔導教材教法（教）】			0			張雨霖		二 1-4 和平 教511	輔導教學實習（一）（教）	四			4		0		選				50		1		
	EU02						3	0.08		社教系（學）		SOU0143			0		2.0				115	半			Academic Expression and Presentation Skills			0825			0	N		是			◎限本系(含雙主修)修習			0			王雅鈴		五 5-6 和平 教1011	學術表達與報告技巧						0		選				37		1		
	EU02						4	0.08		社教系（學）		SOU0149			0		2.0				115	半			Film, Television and Digital Media Industries			0826			0	N		是			◎限本系(含雙主修)修習◎必須先修過【SOU0042  社會教育概論】			0			林玉鵬		五 9-10 和平 教513	影視與數位媒體產業						0		選				50		1		
	EU02						3	0.11		社教系（學）		SOC9001			0		3.0				115	半			Studies in Social Innovation and Social Education (I)			0827			0	N			9		◎限本系(含雙主修)修習			0			吳盈慧	大碩	三 A-C 和平 教714	社會教育專題實習（一）						0		選				27		1		
	EU02						20	0.40		社教系（學）		SOU0006			0		3.0				115	半			Sociology </br>[ Program: The Inter-disciplinary Program of Human Services and Social Work Credit ]			0828			0	N					◎限本系(含雙主修)修習◎限大一修習			0			王美文		一 1-3 和平 教3樓第一會議室	社會學 </br>[ 學分學程：人群服務與社會工作學分學程 ]	一			1		0		必				50		1		ZU37
	EU02						14	0.28		社教系（學）		SOU0007			0		2.0				115	半			Psychology </br>[ Program: The Inter-disciplinary Program of Human Services and Social Work Credit ]			0829			0	N					◎限本系(含雙主修)修習◎限大一修習			0			郭郡羽		五 9-10 和平 教9樓綜合教室	心理學 </br>[ 學分學程：人群服務與社會工作學分學程 ]	一			1		0		必				50		1		ZU37
	EU02						20	0.40		社教系（學）		SOU0042			0		3.0				115	半			Introduction to Social Education			0830			0	N					◎限本系(含雙主修)修習◎限大一修習			0			廖世璋		四 3-5 和平 教3樓第一會議室	社會教育概論	一			1		0		必				50		1		
	EU02						3	0.06		社教系（學）		SOU0060			0		2.0				115	半			Media Literacy			0831			0	N		是			◎限本系(含雙主修)修習◎限大一修習			0			張振維		五 A-B 和平 教310	媒體素養	一			1		0		選				47		1		
	EU02						14	0.28		社教系（學）		SOU0116			0		2.0				115	半			Story Writing			0832			0	N					◎限本系(含雙主修)修習◎限大一修習			0			曹仕翰		五 6-7 和平 教9樓綜合教室	故事創作	一			1		0		選				50		1		
	EU02						14	0.28		社教系（學）		SOU0141			0		2.0				115	半			Planning and Execution of Cultural and Creative Festivals and Events			0833			0	N					◎限本系(含雙主修)修習◎限大一修習			0			王定亞		三 9-10 和平 教9樓綜合教室	文創節慶活動規劃與執行	一			1		0		選				50		1		
	EU02						20	0.40		社教系（學）		SOU5081			0		2.0				115	半			Political Science			0834			0	N					◎限本系(含雙主修)修習◎限大一修習			0			曾冠球		四 6-7 和平 教3樓第一會議室	政治學	一			1		0		選				50		1		
	EU02						20	0.40		社教系（學）		SOU0063			0		2.0				115	半			Introduction to Non-Profit Organizations			0835			0	N					◎限本系(含雙主修)修習			0			鄭勝分		一 4-5 和平 教3樓第一會議室	非營利組織導論	二			2		0		必				50		1		
	EU02						3	0.06		社教系（學）		SOU0071			0		2.0				115	半			Website Design and Multimedia Application			0836			0	N					◎限本系(含雙主修)修習			0			萬岳憲		三 A-B 和平 教310	網站設計與多媒體應用	二			2		0		選				47		1		
	EU02						20	0.40		社教系（學）		SOU0080			0		2.0				115	半			Cultural Tourism			0837			0	N					◎限本系(含雙主修)修習			0			馬繼康		五 9-10 和平 教3樓第一會議室	文化觀光	二			2		0		選				50		1		
	EU02						3	0.07		社教系（學）		SOU0095			2		2.0				115	半			News Report on Cultural and Educational Events			0838			0	N					◎限本系(含雙主修)修習			0			詹婉如		一 9-10 和平 教310	文教採訪報導與應用	二			2		0		選				45		1		
	EU02						10	0.20		社教系（學）		SOU5120			0		2.0				115	半			Introduction to Museology			0839			0	N					◎限本系(含雙主修)修習			0			潘美璟		二 8-9 和平 美術館601	博物館學概論	二			2		0		選				50		1		
	EU02						14	0.28		社教系（學）		SOU0048			0		2.0				115	半			Management of Culture Industry, Social Enterprise and Social Education Institutions			0840			0	N					◎限本系(含雙主修)修習			0			張德永		二 8-9 和平 教9樓綜合教室	社會教育與文化機構經營	三			3		0		必				50		1		
	EU02						4	0.08		社教系（學）		SOU0081			0		2.0				115	半			Community Building </br>[ Program: The Inter-disciplinary Program of Human Services and Social Work Credit ]			0841			0	N					◎限本系(含雙主修)修習			0			吳盈慧		三 9-10 和平 教513	社區總體營造 </br>[ 學分學程：人群服務與社會工作學分學程 ]	三			3		0		選				50		1		ZU37
	EU02						3	0.11		社教系（學）		SOU0118			0		2.0				115	半			Consumer Behavior			0842			0	N					◎限本系(含雙主修)修習◎必須先修過【SOU0121  社會行銷】			0			林鴻洲		二 A-B 和平 教714	消費者行為	三			3		0		選				27		1		
	EU02						3	0.11		社教系（學）		SOU0091			0		2.0				115	半			Cultural Policies and Administration			0843			0	N					◎限本系(含雙主修)修習			0			彭俊亨		二 3-4 和平 教714	文化政策與行政	四			4		0		選				27		1		
	EU02						0	0.00		社教系（學）		SOU0109			0		2.0				115	半			Practicum: Social Education Institutions			0844			0	N					◎限本系(含雙主修)修習			0			張振維		六 10-C 和平 教714	社會教育機構實習	四			4		0		選				30		1		
	EU02						0	0.00		社教系（學）		SOU0110			0		2.0				115	半			Practicum: Cultural Institutions			0845			0	N					◎限本系(含雙主修)修習			0			郭郡羽 林玉鵬		六 10-C 和平 教710	文化機構實習	四			4		0		選				30		1		
	EU02						3	0.11		社教系（學）		SOU0114			0		2.0				115	半			Introduction to Social Investment			0846			0	N					◎限本系(含雙主修)修習			0			鄭勝分		一 A-B 和平 教714	社會投資導論	四			4		0		選				27		1		
	EU02						14	0.28		社教系（學）		SOU0125			0		2.0				115	半			Culture Marketing and Marketing Culture			0847			0	N					◎限本系(含雙主修)修習			0			徐凱玲		一 3-4 和平 教9樓綜合教室	文化行銷	四			4		0		選				50		1		
	EU02						3	0.11		社教系（學）		SOU0126			0		2.0				115	半			Integrated Marketing Communication			0848			0	N					◎限本系(含雙主修)修習◎必須先修過【SOU0121  社會行銷】			0			林鴻洲		二 6-7 和平 教714	整合行銷傳播	四			4		0		選				27		1		
	EU05						10	0.20		衛教系（學）		HEU0029			0	是	2.0				115	半	吳文琪		Public Health Education Practice </br>[ Program: The Specialization Program of Healthy Aging Promotion ]			0849			0	N					◎必須先修過(也可以同時修)【HEU0156  健康促進與衛生教育導論】、【HEU0155  健康促進與衛生教育計畫】、【HEU0028  公共衛生教育】			0			吳文琪		六 1-4 和平 教513	公共衛生教育實習 </br>[ 學分學程：高齡健康促進專業學分學程 ]						0		必				50		1		ZU7E
	EU05						10	0.20		衛教系（學）		HEC9004			1		2.0				115	半			Medical Care and Health Insurance </br>[ Program: The Specialization Program of Public Health Specialist ]			0850			0	N			9					0			張芳維	大碩	五 6-7 和平 教802	醫療服務與健康保險 </br>[ 學分學程：公共衛生師專業學分學程 ]						0		選				50		1		ZU7F
	EU05						10	0.20		衛教系（學）		HEC9007			1		2.0				115	半			Applied Statistics </br>[ Program: The Specialization Program of Health Big Data and AI Communication Technologies The Specialization Program of Public Health Specialist ]			0851			0	N		是	9					0			朱妮明	大碩	五 9-10 和平 教714	應用統計學 </br>[ 學分學程：健康大數據與AI科技傳播專業學分學程 公共衛生師專業學分學程 ]						0		選				50		1		ZU7D/ZU7F
	EU05						10	0.20		衛教系（學）		HEC9008			0		2.0				115	半			Health Law and Ethics </br>[ Program: The Specialization Program of Public Health Specialist The Specialization Program of Occupational Safety and Health ]			0852			0	N			9					0			李銘杰	大碩	五 3-4 和平 教310	衛生法規與倫理 </br>[ 學分學程：公共衛生師專業學分學程 職業安全衛生管理專業學分學程 ]						0		必				50		1		ZU7F/ZU7G
	EU05						10	0.20		衛教系（學）		HEC9009			0		3.0				115	半			Occupational Health </br>[ Program: The Specialization Program of Occupational Safety and Health The Specialization Program of Public Health Specialist ]			0853			0	N			9					0			李銘杰	大碩	一 5-7 和平 教600	職業衛生 </br>[ 學分學程：職業安全衛生管理專業學分學程 公共衛生師專業學分學程 ]						0		選				50		1		ZU7F/ZU7G
	EU05						10	0.20		衛教系（學）		HEU0075			0		2.0				115	半			Safety Education			0854			0	N		是			◎限大一修習			0			張育通		二 9-10 和平 教802	安全教育	一			1		0		選				50		1		
	EU05						10	0.20		衛教系（學）		HEU0156			0		2.0				115	半			Introduction to Health Promotion and Health Education </br>[ Program: The Specialization Program of Public Health Specialist ]			0855			0	N					◎限大一修習			0			張鳳琴		一 6-7 和平 教3樓第一會議室	健康促進與衛生教育導論 </br>[ 學分學程：公共衛生師專業學分學程 ]	一			1		0		必				50		1		ZU7F
	EU05						10	0.20		衛教系（學）		HEU0179			0		3.0				115	半			Human Anatomy and Physiology </br>[ Program: The Inter-disciplinary Program of Music-assisted Guidance and Special Education The Inter-disciplinary Program of Strength and Conditioning ]			0856			0	N					◎限大一修習			0			王宏豪		二 2-4 和平 金牌講堂	人體解剖生理學 </br>[ 學分學程：音樂輔導與特教學分學程 肌力與體能訓練學分學程 ]	一			1		0		必				50		1		ZU52/ZU59
	EU05						10	0.20		衛教系（學）		HEU0190			0		2.0				115	半			Healthcare Management </br>[ Program: The Specialization Program of Public Health Specialist ]			0857			0	N					◎限大一修習			0			張芳維		一 8-9 和平 體001	醫務管理 </br>[ 學分學程：公共衛生師專業學分學程 ]	一			1		0		選				50		1		ZU7F
	EU05						10	0.20		衛教系（學）		HEU0191			0		2.0				115	半			Studies in Global Health Practice			0858			0	N		是			◎限大一修習			0			朱妮明		三 9-10 和平 教1011	全球衛生實務研討	一			1		0		選				50		1		
	EU05						10	0.20		衛教系（學）		HEU0009			0		2.0				115	半			Microbiology			0859			0	N								0			賴韻如		二 8-9 公館 Ｓ302	微生物學	二			2		0		必				50		1		
	EU05						10	0.20		衛教系（學）		HEU0012			0		2.0				115	半			Nutrition </br>[ Program: The Inter-disciplinary Program of Strength and Conditioning ]			0860			0	N								0			李銘杰		一 9-10 和平 教602	營養學 </br>[ 學分學程：肌力與體能訓練學分學程 ]	二			2		0		必				50		1		ZU52
	EU05						10	0.20		衛教系（學）		HEU0017			0		3.0				115	半			Epidemiology </br>[ Program: The Specialization Program of Public Health Specialist The Specialization Program of Occupational Safety and Health The Inter-disciplinary Program of Geospatial Information Science The Specialization Program of Health Big Data and AI Communication Technologies ]			0861			0	N								0			連盈如		四 2-4 和平 教602	流行病學 </br>[ 學分學程：公共衛生師專業學分學程 職業安全衛生管理專業學分學程 空間資訊學分學程 健康大數據與AI科技傳播專業學分學程 ]	二			2		0		必				50		1		ZU7D/ZU7F/ZU7G/ZU9B
	EU05						3	0.08		衛教系（學）		HEU0118			0		2.0				115	半			Introduction to Health Communication </br>[ Program: The Specialization Program of Health Big Data and AI Communication Technologies ]			0862			0	N								0			李錟鋒		四 10-A 和平 教403	健康傳播導論 </br>[ 學分學程：健康大數據與AI科技傳播專業學分學程 ]	二			2		0		選				37		1		ZU7D
	EU05						10	0.20		衛教系（學）		HEU0144			0		2.0				115	半			Introduction to Health and Welfare Policy			0863			0	N								0			張鳳琴		一 1-2 和平 教710	衛生與福利政策導論	二			2		0		必				50		1		
	EU05						10	0.20		衛教系（學）		HEU0159			0		2.0				115	半			Research Methods in Health Promotion and Health Education </br>[ Program: The Specialization Program of Public Health Specialist ]			0864			0	N								0			李子奇		二 3-4 和平 特115	健康促進與衛生教育研究法 </br>[ 學分學程：公共衛生師專業學分學程 ]	二			2		0		必				50		1		ZU7F
	EU05						10	0.20		衛教系（學）		HEU0014			1		3.0				115	半			Sexuality Education			0865			0	N					◎必須先修過(也可以同時修)【HEU0156  健康促進與衛生教育導論】			0			高松景		三 8-10 和平 教710	性教育	三			3		0		必				50		1		
	EU05						10	0.20		衛教系（學）		HEU0015			1		2.0				115	半			Environmental Health </br>[ Program: The Specialization Program of Public Health Specialist The Specialization Program of Occupational Safety and Health ]			0866			0	N					◎必須先修過(也可以同時修)【HEU0156  健康促進與衛生教育導論】			0			曾治乾		五 3-4 和平 教511	環境衛生 </br>[ 學分學程：公共衛生師專業學分學程 職業安全衛生管理專業學分學程 ]	三			3		0		必				50		1		ZU7F/ZU7G
	EU05						10	0.20		衛教系（學）		HEU0016			0	是	1.0				115	半	曾治乾		Environmental Health Laboratory	A		0867			0	N		是			◎必須先修過(也可以同時修)【HEU0156  健康促進與衛生教育導論】			0			曾治乾		一 2-4 和平 教714	環境衛生實驗	三			3		0		必				50		1		
	EU05						10	0.20		衛教系（學）		HEU0016			0	是	1.0				115	半	曾治乾		Environmental Health Laboratory	B		0868			0	N		是			◎必須先修過(也可以同時修)【HEU0156  健康促進與衛生教育導論】			0			曾治乾		一 5-7 和平 教714	環境衛生實驗	三			3		0		必				50		1		
	EU05						10	0.20		衛教系（學）		HEU0022			1		2.0				115	半			Health Behavior Sciences </br>[ Program: The Specialization Program of Public Health Specialist ]			0869			0	N					◎必須先修過(也可以同時修)【HEU0156  健康促進與衛生教育導論】			0			張晏蓉		二 1-2 和平 教9樓綜合教室	健康行為科學 </br>[ 學分學程：公共衛生師專業學分學程 ]	三			3		0		必				50		1		ZU7F
	EU05						10	0.20		衛教系（學）		HEU0051			1		2.0				115	半			Drug Education			0870			0	N					◎必須先修過(也可以同時修)【HEU0156  健康促進與衛生教育導論】			0			高松景		一 10-A 和平 教315	藥物教育	三			3		0		必				50		1		
	EU05						10	0.20		衛教系（學）		HEU0056			0		2.0				115	半			Consumer Health			0871			0	N		是			◎必須先修過(也可以同時修)【HEU0156  健康促進與衛生教育導論】			0			廖容瑜		一 8-9 和平 教600	消費者保健	三			3		0		必				50		1		
	EU05						3	0.10		衛教系（學）		HEU0119			1		2.0				115	半			Health Promotion </br>[ Program: The Specialization Program of Healthy Aging Promotion The Inter-disciplinary Program of Cultivating Seniors Service Talent in Community ]			0872			0	N					◎必須先修過(也可以同時修)【HEU0156  健康促進與衛生教育導論】			0			廖容瑜		三 6-7 和平 美術館501	健康促進 </br>[ 學分學程：高齡健康促進專業學分學程 社區高齡者服務人才培力學分學程 ]	三			3		0		必				31		1		ZU7E/ZU98
	EU05						3	0.08		衛教系（學）		HEU0141			0		2.0				115	半			Data Analysis with Statistics Software </br>[ Program: The Specialization Program of Health Big Data and AI Communication Technologies ]			0873			0	N								0			趙恩		四 8-9 和平 綜1001	統計軟體在資料分析上之應用 </br>[ 學分學程：健康大數據與AI科技傳播專業學分學程 ]	三			3		0		選				37		1		ZU7D
	EU05						10	0.20		衛教系（學）		HEU0155			1		2.0				115	半			Health Promotion and Health Education Planning </br>[ Program: The Specialization Program of Healthy Aging Promotion ]			0874			0	N					◎必須先修過(也可以同時修)【HEU0156  健康促進與衛生教育導論】			0			吳文琪		二 3-4 和平 教802	健康促進與衛生教育計畫 </br>[ 學分學程：高齡健康促進專業學分學程 ]	三			3		0		必				50		1		ZU7E
	EU05						1	0.03		衛教系（學）		HEU0161			1		2.0				115	半			Mass Media Development of Health Promotion and Health Education </br>[ Program: The Specialization Program of Health Big Data and AI Communication Technologies ]			0875			0	N								0			李錟鋒		四 B-C 和平 教403	健康促進與衛生教育媒體設計製作 </br>[ 學分學程：健康大數據與AI科技傳播專業學分學程 ]	三			3		0		選				37		1		ZU7D
	EU05						10	0.20		衛教系（學）		HEU0176			1		2.0				115	半			Design of Health Education (Health Education and Nursing) Curriculum			0876			0	N								0			高松景		二 10-A 和平 教310	健康教育（健康與護理）課程設計	三			3		0		選				50		1		
	EU05						10	0.20		衛教系（學）		HEU0131			0		2.0				115	半			Introduction of gerontology </br>[ Program: The Specialization Program of Healthy Aging Promotion ]			0877			0	N								0			張家臻		五 3-4 和平 教600	老人學概論 </br>[ 學分學程：高齡健康促進專業學分學程 ]	四			4		0		選				50		1		ZU7E
	EU05						10	0.20		衛教系（學）		HEUE110			0		2.0				115	半			Teaching Practicum: Health Education (Health Education and Nursing)			0878			0	N					◎限 二階生 教育學程生 不佔名額生 登記修習生 可修◎必須先修過【HEUE101  健康教育（健康與護理）教材教法（教）】			0			劉潔心 張晏蓉		五 1-4 和平 教615	健康教育（健康與護理）教學實習（教）	四			4		0		選				50		1		
	EU06						10	0.20		幼家科學系（學）		HGU0021			0		3.0				115	半			Interpersonal Relations </br>[ Program: The Specialization Program of Social and Emotional Learning for Child and Family ]			0879			0	N		是			◎限本系(含雙主修)修習			0			陳虹仰		四 8-10 和平 教310	人際關係 </br>[ 學分學程：兒童與家庭社會情緒學習專業學分學程 ]						0		選				50		1		ZU5Z
	EU06						10	0.20		幼家科學系（學）		HGU0386			0		2.0				115	半			Introduction to Family Life Education			0880			0	N					◎幼家科學系（學） 不得修習◎限心輔系（博）、公領系（博）、心輔系（碩）、公領系（碩）、心輔系（學）（含雙主修、輔系）、公領系（學）（含雙主修、輔系）選修			0			曾慶玲		四 10-A 和平 教602	家庭生活教育導論						0		選				50		1		
	EU06						10	0.20		幼家科學系（學）		HGU0411			0		3.0				115	半			Seminar in Child and Family			0881			0	N					◎限本系(含雙主修)修習			0			吳怡萱 黃淑滿 王馨敏 吳志文 洪宜芳 聶西平		二 8-10 和平 教710	幼兒與家庭專題						0		選				50		1		
	EU06						3	0.08		幼家科學系（學）		HGC9004			0		3.0				115	半			Resilience in Young Children and Family </br>[ Program: The Specialization Program of Social and Emotional Learning for Child and Family ]			0882			0	N		是	9		◎限本系(含雙主修)修習			0			Yena Kyeong	大碩	五 2-4 和平 進305	幼兒韌性與家庭 </br>[ 學分學程：兒童與家庭社會情緒學習專業學分學程 ]						0		選				37		1		ZU5Z
	EU06						10	0.20		幼家科學系（學）		HGU0044			0		3.0				115	半			Literature for Young Children </br>[ Program: The Specialization Program of Bilingual Education in Early Childhood ]			0883			0	N					◎限本系(含雙主修)修習◎限大一修習			0			陳欣希		一 9-A 和平 教513	幼兒文學 </br>[ 學分學程：幼兒雙語教育專業學分學程 ]	一			1		0		選				50		1		ZU6B
	EU06						3	0.09		幼家科學系（學）		HGU0207			0		3.0				115	半			Fashion Culture Analysis			0885			0	N					◎限本系(含雙主修)修習			0			楊翠竹		一 2-4 公館 Ｓ506	服飾流行文化	三			3		0		選				33		1		
	EU06						10	0.20		幼家科學系（學）		HGU0272			0		3.0				115	半			Research Methods			0886			0	N					◎限本系(含雙主修)修習			0			吳志文		一 6-8 和平 教312	研究法	三			3		0		必				50		1		
	EU06						10	0.20		幼家科學系（學）		HGU0405			0		3.0				115	半			Family and Health </br>[ Program: The EMI Specialization Program of Youth and Family Development across Cultures ]			0887			0	N		是			◎限本系(含雙主修)修習			0			聶西平		三 6-8 和平 教602	家庭與健康 </br>[ 學分學程：跨文化青少年與家庭發展全英語專業學分學程 ]	三			3		0		選				50		1		ZU6C
	EU06						10	0.20		幼家科學系（學）		HGU0412			0		3.0				115	半			Emotional Socialization in Young Children within Family Context			0888			0	N		是			◎限本系(含雙主修)修習			0			Yena Kyeong		二 8-10 和平 教1004	家庭中的幼兒情緒社會化	三			3		0		選				50		1		
	EU06						10	0.20		幼家科學系（學）		HGUE001			0		2.0				115	半			Teaching Materials and Methods: Home Economics Education			0889			0	N					◎限本系(含雙主修)修習    ◎限 二階生 教育學程生 不佔名額生 登記修習生 可修◎必須先修過【HGU0001  家政教育概論】			0			葉明芬		二 6-7 和平 教710	家政教材教法（教）	三			3		0		選				50		1		
	EU06						10	0.20		幼家科學系（學）		HGU0414			0		3.0				115	半			Universal Design for Learning in Early Childhood Education </br>[ Program: The Specialization Program of Inclusive Education in Early Childhood ]			0890			0	N					◎限本系(含雙主修)修習			0			楊逸飛		一 10-B 和平 教511	學前通用設計學習 </br>[ 學分學程：幼兒園融合教育專業學分學程 ]	四			4		0		選				50		1		ZU8Y
	EU06						10	0.20		幼家科學系（學）		HGUE410			0		2.0				115	半			Teaching Practicum: Home Economics Education (II)			0891			0	N					◎限本系(含雙主修)修習    ◎限 二階生 教育學程生 不佔名額生 登記修習生 可修◎必須先修過【HGU0001  家政教育概論】			0			葉明芬		一 6-9 和平 教615	家政教學實習（二）（教）	四			4		0		選				50		1		
	EU06	B					10	0.20		幼家科學系（學）		HGU0398			0		3.0				115	半			Play in Early Childhood			0892			0	N		是			◎限本系(含雙主修)修習◎必須先修過【HGU0004  人類發展】			0	幼兒發展與教育組		洪宜芳		四 2-4 和平 教714	幼兒遊戲						0		選				50		1		
	EU06	B					3	0.09		幼家科學系（學）		HGU0004			0		3.0				115	半			Human Development </br>[ Program: The Specialization Program of Social and Emotional Learning for Child and Family The EMI Specialization Program of Child Development Science The Specialization Program of Inclusive Education in Early Childhood ]	A		0893			0	N		是			◎限本系(含雙主修)修習◎限大一修習			0	幼兒發展與教育組		吳怡萱		四 6-8 和平 美術館501	人類發展 </br>[ 學分學程：兒童與家庭社會情緒學習專業學分學程 幼兒發展科學全英語專業學分學程 幼兒園融合教育專業學分學程 ]	一			1		0		必				33		1		ZU5Z/ZU6A/ZU8Y
	EU06	B					10	0.20		幼家科學系（學）		HGU0004			0		3.0				115	半			Human Development </br>[ Program: The Specialization Program of Social and Emotional Learning for Child and Family The EMI Specialization Program of Child Development Science The Specialization Program of Inclusive Education in Early Childhood ]	B		0894			0	N					◎限本系(含雙主修)修習◎限大一修習			0	幼兒發展與教育組		吳怡萱		四 2-4 和平 教802	人類發展 </br>[ 學分學程：兒童與家庭社會情緒學習專業學分學程 幼兒發展科學全英語專業學分學程 幼兒園融合教育專業學分學程 ]	一			1		0		必				50		1		ZU5Z/ZU6A/ZU8Y
	EU06	B					10	0.20		幼家科學系（學）		HGU0317			1		3.0				115	半			Introduction to Human Physiology </br>[ Program: The Specialization Program of Basic Medicine ]			0895			0	N					◎限本系(含雙主修)修習◎限大一修習			0	幼兒發展與教育組		李明忠		一 6-8 公館 Ｓ401	基礎人體生理學 </br>[ 學分學程：基礎醫學專業學分學程 ]	一			1		0		必				50		1		ZU6L
	EU06	B					10	0.20		幼家科學系（學）		HGU0373			0		3.0				115	半			Introduction to Early Childhood Education and Care			0896			0	N					◎限本系(含雙主修)修習◎限大一修習			0	幼兒發展與教育組		周姍姍		二 6-8 和平 教802	幼兒教保概論	一			1		0		必				50		1		
	EU06	B					10	0.20		幼家科學系（學）		HGU0147			0		3.0				115	半			Curriculum Design of  Early Childhood Education			0897			0	N					◎限本系(含雙主修)修習◎必須先修過【HGU0004  人類發展】、【HGU0373  幼兒教保概論】			0	幼兒發展與教育組		周姍姍		二 2-4 和平 教312	幼兒教育課程設計	二			2		0		必				50		1		
	EU06	B					10	0.20		幼家科學系（學）		HGU0261			0		3.0				115	半			Behavior Observing of Infancy and Early Childhood			0898			0	N					◎限本系(含雙主修)修習◎必須先修過【HGU0004  人類發展】			0	幼兒發展與教育組		馮麗琦		五 2-4 和平 教513	嬰幼兒行為觀察	二			2		0		必				50		1		
	EU06	B					10	0.20		幼家科學系（學）		HGU0327			0		3.0				115	半			Language and Literacy Development in Infancy and Early Childhood </br>[ Program: The Specialization Program of Bilingual Education in Early Childhood ]			0899			0	N					◎限本系(含雙主修)修習			0	幼兒發展與教育組		洪宜芳		一 6-8 和平 教513	嬰幼兒語文發展 </br>[ 學分學程：幼兒雙語教育專業學分學程 ]	二			2		0		必				50		1		ZU6B
	EU06	B					10	0.20		幼家科學系（學）		HGU0376			0		3.0				115	半			Teaching Materials and Methods in Preschool (II)			0900			0	N					◎限本系(含雙主修)修習◎必須先修過【HGU0375  幼兒教育教材教法（一）】			0	幼兒發展與教育組		周姍姍		五 2-4 和平 教602	幼兒教育教材教法（二）	三			3		0		必				50		1		
	EU06	B					10	0.20		幼家科學系（學）		HGU0397			0		3.0				115	半			Counseling for Young Children </br>[ Program: The Specialization Program of Social and Emotional Learning for Child and Family The Specialization Program of Inclusive Education in Early Childhood ]			0901			0	N					◎限本系(含雙主修)修習◎必須先修過【HGU0004  人類發展】			0	幼兒發展與教育組		吳怡萱		三 8-10 和平 教310	幼兒輔導 </br>[ 學分學程：兒童與家庭社會情緒學習專業學分學程 幼兒園融合教育專業學分學程 ]	三			3		0		選				50		1		ZU5Z/ZU8Y
	EU06	B					10	0.25		幼家科學系（學）		HGU0407			0		3.0				115	半			Parent Education and Practice </br>[ Program: The Specialization Program of Social and Emotional Learning for Child and Family ]			0902			0	N					◎限本系(含雙主修)修習◎必須先修過【HGU0004  人類發展】、【HGU0191  家庭發展】			0	幼兒發展與教育組		劉冠宜		一 2-4 和平 進306	親職教育與實務 </br>[ 學分學程：兒童與家庭社會情緒學習專業學分學程 ]	三			3		0		必				40		1		ZU5Z
	EU06	B					10	0.20		幼家科學系（學）		HGU0389			0		3.0				115	半			Internship in Early Childhood Education			0903			0	N					◎限本系(含雙主修)修習◎必須先修過【HGU0374  嬰幼兒健康與安全】、【HGU0388  幼教職場觀摩】			0	幼兒發展與教育組		張鑑如 王馨敏		六 1-6 和平 教室自排	幼教職場實習	四			4		0		必				50		1		
	EU06	B					10	0.20		幼家科學系（學）		HGU0396			0		3.0				115	半			Administration in Preschools			0904			0	N					◎限本系(含雙主修)修習			0	幼兒發展與教育組		馮麗琦		五 6-8 和平 教804	幼兒園行政	四			4		0		選				50		1		
	EU06	B					10	0.20		幼家科學系（學）		HGU0402			0		4.0				115	半			Education Practicum in Preschool			0905			0	N					◎限本系(含雙主修)修習◎必須先修過【HGU0375  幼兒教育教材教法（一）】、【HGU0376  幼兒教育教材教法（二）】			0	幼兒發展與教育組		洪宜芳 周姍姍 陳美君		三 6-9 和平 教714	幼兒園教學實習	四			4		0		選				50		1		
	EU06	E					10	0.20		幼家科學系（學）		HGU0001			0		2.0				115	半			Introduction to Home Economics Education			0906			0	N					◎限本系(含雙主修)修習◎限大一修習			0	家庭生活教育組		葉明芬		二 9-10 和平 國語中心504演講廳	家政教育概論	一			1		0		選				50		1		
	EU06	E					10	0.20		幼家科學系（學）		HGU0004			0		3.0				115	半			Human Development </br>[ Program: The Specialization Program of Social and Emotional Learning for Child and Family The EMI Specialization Program of Child Development Science The Specialization Program of Inclusive Education in Early Childhood ]			0907			0	N					◎限本系(含雙主修)修習◎限大一修習			0	家庭生活教育組		陳虹仰		一 6-8 和平 教602	人類發展 </br>[ 學分學程：兒童與家庭社會情緒學習專業學分學程 幼兒發展科學全英語專業學分學程 幼兒園融合教育專業學分學程 ]	一			1		0		必				50		1		ZU5Z/ZU6A/ZU8Y
	EU06	E					10	0.20		幼家科學系（學）		HGU0233			0		3.0				115	半			Introduction to Family Life Education			0908			0	N					◎限本系(含雙主修)修習◎限大一修習			0	家庭生活教育組		黃淑滿		四 6-8 和平 教9樓綜合教室	家庭生活教育概論	一			1		0		必				50		1		
	EU06	E					0	0.00		幼家科學系（學）		HGU0236			0		2.0				115	半			Introduction to Nutrition </br>[ Program: The Inter-disciplinary Program of Strength and Conditioning ]			0909			0	N					◎限本系(含雙主修)修習◎限大一修習			0	家庭生活教育組		徐欣億		一 1-2 和平 教511	營養學導論 </br>[ 學分學程：肌力與體能訓練學分學程 ]	一			1		0		選				50		1		ZU52
	EU06	E					10	0.20		幼家科學系（學）		HGU0020			0		3.0				115	半			Family Resources and Management			0910			0	N					◎限本系(含雙主修)修習◎必須先修過【HGU0233  家庭生活教育概論】			0	家庭生活教育組		魏秀珍		一 6-8 和平 教310	家庭資源與管理	二			2		0		必				50		1		
	EU06	E					10	0.20		幼家科學系（學）		HGU0285			0		2.0				115	半			Food Culture			0911			0	N					◎限本系(含雙主修)修習			0	家庭生活教育組		嚴如鈺		二 6-7 和平 美術館601	飲食文化	二			2		0		選				50		1		
	EU06	E					10	0.20		幼家科學系（學）		HGU0318			0		3.0				115	半			Marriage and Family Relations </br>[ Program: The Specialization Program of Family Systems and Individual Adaptation ]			0912			0	N					◎限本系(含雙主修)修習◎必須先修過【HGU0191  家庭發展】			0	家庭生活教育組		陳虹仰		二 8-10 和平 教511	婚姻與家人關係 </br>[ 學分學程：家庭系統與個人適應專業學分學程 ]	二			2		0		必				50		1		ZU6D
	EU06	E					10	0.20		幼家科學系（學）		HGU0019			0		3.0				115	半			Family Sociology </br>[ Program: The Specialization Program of Family Systems and Individual Adaptation ]			0913			0	N					◎限本系(含雙主修)修習◎必須先修過【HGU0191  家庭發展】			0	家庭生活教育組		聶西平		四 8-10 和平 教312	家庭社會學 </br>[ 學分學程：家庭系統與個人適應專業學分學程 ]	三			3		0		必				50		1		ZU6D
	EU06	E					3	0.09		幼家科學系（學）		HGU0237			0		3.0				115	半			Program Design of Family Life Education			0914			0	N					◎限本系(含雙主修)修習◎必須先修過【HGU0191  家庭發展】、【HGU0233  家庭生活教育概論】			0	家庭生活教育組		黃淑滿		四 2-4 和平 美術館501	家庭生活教育方案設計	三			3		0		必				33		1		
	EU06	E					10	0.20		幼家科學系（學）		HGU0391			0		3.0				115	半			Internship in Family Life Education			0915			0	N					◎限本系(含雙主修)修習◎必須先修過【HGU0390  家庭生活教育職場觀摩】			0	家庭生活教育組		楊翠竹		六 1-6 和平 教室自排	家庭生活教育職場實習	四			4		0		必				50		1		
	EU07						3	0.07		公領系（學）		CEU0003			1		2.0				115	半			Political Science </br>[ Program: The Specialization Program of Politics and Public Affairs ]			0916			0	N								0			呂啟民		五 10-A 和平 教312	政治學 </br>[ 學分學程：政治與公共事務專業學分學程 ]						0		必				45		1		ZU7H/ZU7H/ZU7H
	EU07						10	0.07		公領系（學）		CEU0011			7		2.0				115	半			Economics </br>[ Program: The Specialization Program of International Economics and Finance The Inter-disciplinary Program of Finance ]			0917			0	N					◎公領系（學） 不得修習			0			周有熙		一 10-A 和平 教201演講廳	經濟學 </br>[ 學分學程：國際經濟與金融專業學分學程 財務金融學分學程 ]						0		必				150		1		ZU7J/ZU84
	EU07						3	0.07		公領系（學）		CEU0033			1		2.0				115	半			International Politics </br>[ Program: The Specialization Program of Politics and Public Affairs ]			0918			0	N		是						0			鄭楷立		二 A-B 和平 教802	國際政治 </br>[ 學分學程：政治與公共事務專業學分學程 ]						0		選				45		1		ZU7H
	EU07						0	0.00		公領系（學）		CEU0496			1		3.0				115	半			Industrial Analysis </br>[ Program: The Specialization Program of International Economics and Finance The Inter-disciplinary Program of Finance The Inter-disciplinary Program of Sports Industry Management ]			0919			0	N								0			田正利		一 8-10 和平 教714	產業分析 </br>[ 學分學程：國際經濟與金融專業學分學程 財務金融學分學程 運動產業經營管理學分學程 ]						0		選				28		1		ZU33/ZU7J/ZU84
	EU07						10	0.20		公領系（學）		CEUE004			0		2.0				115	半			Teaching Practicum: Civics and Society (I)			0920			0	N					◎限本系(含雙主修)修習◎限大四修習     ◎限 二階生 教育學程生 不佔名額生 登記修習生 可修◎必須先修過【CEUE002  公民與社會（公民）教材教法（教）】			0			王錦雀		二 6-9 和平 教202會議廳	公民與社會教學實習（一）（教）						0		選				50		1		
	EU07						10	0.20		公領系（學）		CEUE008			0		2.0				115	半			Teaching Practicum: Scout Education (I)			0921			0	N					◎限本系(含雙主修)修習◎限大四修習     ◎限 二階生 教育學程生 不佔名額生 登記修習生 可修◎必須先修過【CEUE101  童軍教育教材教法（教）】			0			徐秀婕		四 1-4 和平 教9樓綜合教室	童軍教學實習（一）（教）						0		選				50		1		
	EU07						10	0.10		公領系（學）		CEU0006			1		2.0				115	半			Introduction to Philosophy </br>[ Program: The Inter-disciplinary Program of Philosophy ]			0922			0	N					◎限大一修習			0			王錦雀		四 6-7 和平 綜509國際會議廳	哲學概論 </br>[ 學分學程：哲學學分學程 ]	一			1		0		必				100		1		ZU9X
	EU07						5	0.05		公領系（學）		CEU0366			1		2.0				115	半			Topics in Democracy </br>[ Program: The Specialization Program of Politics and Public Affairs The Inter-disciplinary Program of Cultivating Seniors Service Talent in Community ]			0923			0	N					◎限大一修習			0			黃信豪		四 3-4 和平 國語中心504演講廳	民主政治 </br>[ 學分學程：政治與公共事務專業學分學程 社區高齡者服務人才培力學分學程 ]	一			1		0		必				110		1		ZU7H/ZU98
	EU07						2	0.04		公領系（學）		CEU0490			1		3.0				115	半			Organizational Behavior </br>[ Program: The Specialization Program of Politics and Public Affairs ]			0924			0	N					◎限大一修習			0			曾冠球		四 8-10 和平 教513	組織行為 </br>[ 學分學程：政治與公共事務專業學分學程 ]	一			1		0		選				50		1		ZU7H
	EU07						2	0.04		公領系（學）		CEU0003			1		2.0				115	半			Political Science </br>[ Program: The Specialization Program of Politics and Public Affairs ]			0925			0	N			1		◎限大一修習			0			呂啟民	甲	一 6-7 和平 教9樓綜合教室	政治學 </br>[ 學分學程：政治與公共事務專業學分學程 ]	一			1		0		必				50		1		ZU7H/ZU7H/ZU7H
	EU07						10	0.05		公領系（學）		CEU0004			10		2.0				115	半			Introduction to Jurisprudence </br>[ Program: The Specialization Program of Law ]			0926			0	N			1		◎限大一修習			0			林安邦	甲	二 6-7 和平 教201演講廳	法學緒論 </br>[ 學分學程：法律專業學分學程 ]	一			1		0		必				200		1		ZU7I/ZU7I
	EU07						2	0.04		公領系（學）		CEU0370			1		2.0				115	半			Introduction to leadership </br>[ Program: The Specialization Program of Outdoor Leadership The Inter-disciplinary Program of Club Members Leadership And Empowerment Cultivation The Inter-disciplinary Program of Sports Industry Management ]			0927			0	N			1		◎限大一修習			0			王伯宇	甲	二 1-2 和平 教513	領導概論 </br>[ 學分學程：戶外活動領導專業學分學程 社團人專業領導培力學分學程 運動產業經營管理學分學程 ]	一			1		0		必				50		1		ZU33/ZU33/ZU8W/ZU8W/ZU9Q/ZU9Q
	EU07						2	0.04		公領系（學）		CEU0003			1		2.0				115	半			Political Science </br>[ Program: The Specialization Program of Politics and Public Affairs ]			0928			0	N			2		◎限大一修習			0			呂啟民	乙	一 8-9 和平 教9樓綜合教室	政治學 </br>[ 學分學程：政治與公共事務專業學分學程 ]	一			1		0		必				50		1		ZU7H/ZU7H/ZU7H
	EU07						0	0.00		公領系（學）		CEU0004			0		2.0				115	半			Introduction to Jurisprudence </br>[ Program: The Specialization Program of Law ]			0929			0	N			2		◎限大一修習			0			林佳範	乙	二 9-10 和平 教602	法學緒論 </br>[ 學分學程：法律專業學分學程 ]	一			1		0		必				50		1		ZU7I/ZU7I
	EU07						2	0.04		公領系（學）		CEU0370			1		2.0				115	半			Introduction to leadership </br>[ Program: The Specialization Program of Outdoor Leadership The Inter-disciplinary Program of Club Members Leadership And Empowerment Cultivation The Inter-disciplinary Program of Sports Industry Management ]			0930			0	N			2		◎限大一修習			0			王伯宇	乙	二 3-4 和平 教513	領導概論 </br>[ 學分學程：戶外活動領導專業學分學程 社團人專業領導培力學分學程 運動產業經營管理學分學程 ]	一			1		0		必				50		1		ZU33/ZU33/ZU8W/ZU8W/ZU9Q/ZU9Q
	EU07						3	0.07		公領系（學）		CEU0031			1		2.0				115	半			Political Parties & Voting  Behavior </br>[ Program: The Specialization Program of Politics and Public Affairs ]			0931			0	N								0			黃信豪		五 6-7 和平 教312	政黨與選舉 </br>[ 學分學程：政治與公共事務專業學分學程 ]	二			2		0		選				45		1		ZU7H
	EU07						3	0.07		公領系（學）		CEU0036			1		2.0				115	半			Political Development </br>[ Program: The Specialization Program of Politics and Public Affairs ]			0932			0	N		是						0			何家騏		三 10-A 和平 教312	政治發展 </br>[ 學分學程：政治與公共事務專業學分學程 ]	二			2		0		選				45		1		ZU7H
	EU07						10	0.20		公領系（學）		CEU0072			1		2.0				115	半			Micro-Economics </br>[ Program: The Specialization Program of International Economics and Finance ]	A		0933			0	N								0			楊怡雯		二 6-7 和平 教9樓綜合教室	個體經濟學 </br>[ 學分學程：國際經濟與金融專業學分學程 ]	二			2		0		必				50		1		ZU7J
	EU07						10	0.20		公領系（學）		CEU0072			1		2.0				115	半			Micro-Economics </br>[ Program: The Specialization Program of International Economics and Finance ]	B		0934			0	N								0			楊怡雯		二 8-9 和平 綜202演講廳	個體經濟學 </br>[ 學分學程：國際經濟與金融專業學分學程 ]	二			2		0		必				50		1		ZU7J
	EU07						10	0.05		公領系（學）		CEU0333			10		2.0				115	半			Civil Law (II) </br>[ Program: The Specialization Program of Law ]			0935			0	N								0			林安邦		二 3-4 和平 教201演講廳	民法（二） </br>[ 學分學程：法律專業學分學程 ]	二			2		0		必				200		1		ZU7I
	EU07						10	0.10		公領系（學）		CEU0334			5		2.0				115	半			Criminal Law(I) </br>[ Program: The Specialization Program of Law ]			0936			0	N								0			林佳範		二 1-2 和平 教201演講廳	刑法（一） </br>[ 學分學程：法律專業學分學程 ]	二			2		0		必				100		1		ZU7I
	EU07						3	0.07		公領系（學）		CEU0345			1		2.0				115	半			Introduction to Outdoor Education </br>[ Program: The Specialization Program of Outdoor Leadership ]			0937			0	N								0			李晟瑋		四 3-4 和平 教310	戶外教育概論 </br>[ 學分學程：戶外活動領導專業學分學程 ]	二			2		0		必				45		1		ZU8W
	EU07						10	0.10		公領系（學）		CEU0369			1		2.0				115	半			Theory of Programming </br>[ Program: The Specialization Program of Outdoor Leadership The Inter-disciplinary Program of Club Members Leadership And Empowerment Cultivation ]			0938			0	N								0			蔡居澤		四 6-7 和平 綜210展覽廳	活動規劃原理 </br>[ 學分學程：戶外活動領導專業學分學程 社團人專業領導培力學分學程 ]	二			2		0		必				100		1		ZU8W/ZU9Q
	EU07						3	0.07		公領系（學）		CEU0385			1		2.0				115	半			Scouting Skills			0939			0	N								0			洪維		五 8-9 和平 教312	童軍技能	二			2		0		選				45		1		
	EU07						10	0.07		公領系（學）		CEU0439			3		3.0				115	半			Accounting </br>[ Program: The Inter-disciplinary Program of Finance ]			0940			0	N								0			卓瑞蘋		五 3-5 和平 綜210展覽廳	會計學 </br>[ 學分學程：財務金融學分學程 ]	二			2		0		選				150		1		ZU84
	EU07						2	0.04		公領系（學）		CEU0469			1		2.0				115	半			Scouting Camp Activities(I)			0941			0	N								0			洪維		五 1-2 和平 教511	童軍露營活動（一）	二			2		0		選				50		1		
	EU07						10	0.07		公領系（學）		CEU0493			3		3.0				115	半			Financial Statement Analysis </br>[ Program: The Specialization Program of International Economics and Finance The Inter-disciplinary Program of Finance ]			0942			0	N								0			卓瑞蘋		五 7-9 和平 綜210展覽廳	財務報表分析 </br>[ 學分學程：國際經濟與金融專業學分學程 財務金融學分學程 ]	二			2		0		選				150		1		ZU7J/ZU84
	EU07						10	0.13		公領系（學）		CEU0494			3		3.0				115	半			Financial Market </br>[ Program: The Specialization Program of International Economics and Finance The Inter-disciplinary Program of Finance ]			0943			0	N								0			楊智元		一 A-C 和平 綜210展覽廳	金融市場 </br>[ 學分學程：國際經濟與金融專業學分學程 財務金融學分學程 ]	二			2		0		選				80		1		ZU7J/ZU84
	EU07						10	0.20		公領系（學）		CEU0512			1		3.0				115	半			Introduction to Statistics </br>[ Program: The Inter-disciplinary Program of Finance ]			0944			0	N		是						0			楊怡雯		四 8-10 和平 教3樓第一會議室	統計學概論 </br>[ 學分學程：財務金融學分學程 ]	二			2		0		選				50		1		ZU84
	EU07						8	0.13		公領系（學）		CEU0017			1		2.0				115	半			Ethics </br>[ Program: The Inter-disciplinary Program of Club Members Leadership And Empowerment Cultivation ]			0945			0	N			1					0			鄭楷立	甲	二 8-9 和平 教3樓第一會議室	倫理學 </br>[ 學分學程：社團人專業領導培力學分學程 ]	二			2		0		必				60		1		ZU9Q/ZU9Q
	EU07						10	0.20		公領系（學）		CEU0098			1		2.0				115	半			Cultural Anthropology			0946			0	N			1					0			陳素秋	甲	三 6-7 和平 教3樓第一會議室	文化人類學	二			2		0		必				50		1		
	EU07						8	0.13		公領系（學）		CEU0017			1		2.0				115	半			Ethics </br>[ Program: The Inter-disciplinary Program of Club Members Leadership And Empowerment Cultivation ]			0947			0	N			2					0			鄭楷立	乙	二 6-7 和平 教3樓第一會議室	倫理學 </br>[ 學分學程：社團人專業領導培力學分學程 ]	二			2		0		必				60		1		ZU9Q/ZU9Q
	EU07						10	0.20		公領系（學）		CEU0098			1		2.0				115	半			Cultural Anthropology			0948			0	N			2					0			陳素秋	乙	三 8-9 和平 教3樓第一會議室	文化人類學	二			2		0		必				50		1		
	EU07						10	0.17		公領系（學）		CEU0034			1		2.0				115	半			Public Policy </br>[ Program: The Specialization Program of Politics and Public Affairs ]			0949			0	N		是						0			曾冠球		三 5-6 和平 進修學院演講堂	公共政策 </br>[ 學分學程：政治與公共事務專業學分學程 ]	三			3		0		必				60		1		ZU7H
	EU07						9	0.10		公領系（學）		CEU0046			3		3.0				115	半			Administrative Law </br>[ Program: The Specialization Program of Law ]			0950			0	N								0			劉恆妏		一 5-7 和平 教103	行政法 </br>[ 學分學程：法律專業學分學程 ]	三			3		0		選				90		1		ZU7I
	EU07						3	0.07		公領系（學）		CEU0055			1		3.0				115	半			Commercial Law </br>[ Program: The Specialization Program of Law ]			0951			0	N								0			李元德		一 1-3 和平 教312	商事法 </br>[ 學分學程：法律專業學分學程 ]	三			3		0		選				45		1		ZU7I
	EU07						10	0.07		公領系（學）		CEU0076			7		3.0				115	半			Money and Banking </br>[ Program: The Inter-disciplinary Program of Economics The Specialization Program of International Economics and Finance The Inter-disciplinary Program of Finance ]			0952			0	N								0			周有熙		二 8-10 和平 教201演講廳	貨幣銀行學 </br>[ 學分學程：經濟學學分學程 國際經濟與金融專業學分學程 財務金融學分學程 ]	三			3		0		必				150		1		ZU42/ZU7J/ZU84
	EU07						3	0.12		公領系（學）		CEU0303			1		2.0				115	半			The Programming and Practices of  Scouting Activities			0953			0	N					◎必須先修過【CEU0469  童軍露營活動（一）】			0			洪維		五 3-4 和平 教714	童軍活動設計與實施	三			3		0		選				25		1		
	EU07						3	0.12		公領系（學）		CEU0379			1		2.0				115	半			Environmental Education			0954			0	N								0			徐秀婕		一 A-B 和平 教710	環境教育	三			3		0		必				25		1		
	EU07						3	0.12		公領系（學）		CEU0380			1		2.0				115	半			Design and Practice of Service-Learning </br>[ Program: The Specialization Program of Student Affairs The Inter-disciplinary Program of Cultivating Seniors Service Talent in Community ]			0955			0	N								0			劉若蘭		四 A-B 和平 教714	服務學習活動設計與實施 </br>[ 學分學程：學生事務專業學分學程 社區高齡者服務人才培力學分學程 ]	三			3		0		選				25		1		ZU7K/ZU98
	EU07						3	0.07		公領系（學）		CEU0382			1		2.0				115	半			Leisure Education </br>[ Program: The Inter-disciplinary Program of Cultivating Seniors Service Talent in Community The Inter-disciplinary Program of Strength and Conditioning The Inter-disciplinary Program of Region and Tourism Planning ]			0956			0	N								0			蕭如軒		一 1-2 和平 教310	休閒教育 </br>[ 學分學程：社區高齡者服務人才培力學分學程 肌力與體能訓練學分學程 區域與觀光規劃學分學程 ]	三			3		0		選				45		1		ZU52/ZU98/ZU9A
	EU07						10	0.20		公領系（學）		CEU0390			1		3.0				115	半			Consumer Protection Law </br>[ Program: The Specialization Program of Law ]			0957			0	N								0			李元德		五 6-8 和平 教3樓第一會議室	消費者保護法 </br>[ 學分學程：法律專業學分學程 ]	三			3		0		選				50		1		ZU7I
	EU07						10	0.20		公領系（學）		CEU0461			1		2.0				115	半			Planning and Implementation of Student Affairs Program </br>[ Program: The Specialization Program of Student Affairs ]			0958			0	N								0			鍾明倫		二 3-4 和平 教3樓第一會議室	學生事務規劃與實施 </br>[ 學分學程：學生事務專業學分學程 ]	三			3		0		必				50		1		ZU7K
	EU07						3	0.07		公領系（學）		CEU0473			1		3.0				115	半			Practices of Program </br>[ Program: The Specialization Program of Outdoor Leadership ]			0959			0	N								0			李晟瑋 蕭如軒		二 5-7 和平 教312	活動專業實務 </br>[ 學分學程：戶外活動領導專業學分學程 ]	三			3		0		必				45		1		ZU8W
	EU07						10	0.24		公領系（學）		CEU0502			1		2.0				115	半			Learning Assessment: Civic and Society			0960			0	N								0			鍾明倫		三 9-10 和平 教511	公民與社會學習評量	三			3		0		選				42		1		
	EU07						8	0.40		公領系（學）		CEU0510			1		2.0				115	半			Instruction and Assessment for the Field of Integrated Activities			0961			0	N								0			徐秀婕		一 9-10 和平 教710	綜合活動領域教學與評量	三			3		0		選				20		1		
	EU07						2	0.04		公領系（學）		CEU0513			1		3.0				115	半			Public Finance </br>[ Program: The Specialization Program of International Economics and Finance The Inter-disciplinary Program of Finance ]			0962			0	N								0			楊怡雯		四 3-5 和平 教513	財政學 </br>[ 學分學程：國際經濟與金融專業學分學程 財務金融學分學程 ]	三			3		0		選				50		1		ZU7J/ZU84
	EU07						5	0.20		公領系（學）		CEUE003			0		2.0				115	半			Teaching Materials and Methods: Civics and Society			0963			0	N			1		◎限本系(含雙主修)修習◎限大三大四修習     ◎限 二階生 教育學程生 不佔名額生 登記修習生 可修			0			陳素秋	甲	四 6-7 和平 教714	公民與社會教材教法（教）	三			3		0		選				25		1		
	EU07						8	0.20		公領系（學）		CEU0341			1		2.0				115	半			Wilderness Therapy			0964			0	N								0			蕭如軒		一 4-5 和平 教602	野外心理治療	四			4		0		選				40		1		
	EU07						10	0.20		公領系（學）		CEU0507			1		2.0				115	半			Introduction to Social Studies			0965			0	N								0			王錦雀		五 3-4 和平 教3樓第一會議室	社會領域課程概論	四			4		0		選				50	本課程為「社會領域探究與實作」之先修課程。	1		
	EU07						0	0.00		公領系（學）		CEU0511			0		3.0				115	半			Civics Capstone Course			0966			0	N					◎限本系(含雙主修)修習◎限大四修習			0			周有熙		四 0 和平 教室自排, 五 0 和平 教室自排, 六 0 和平 教室自排	公民專題實作與產業實習	四			4		0		必				50	本課程採人工方式加選。	1		
	EU09						10	0.20		特教系（學）		SPU0103			0		2.0				115	半			Children's Literature in Diverse and Inclusive Classrooms			0967			0	N		是						0			王宣惠		二 9-10 和平 特113	兒童文學與融合教育中的多元理解						0		選				50	建議修過特殊教育導論。	1		
	EU09						5	0.25		特教系（學）		SPU5007			5		3.0				115	半			Introduction to Special Education </br>[ Program: The Inter-disciplinary Program of Art Education Therapy The Inter-disciplinary Program of PASSION Quality Education in Rural Schools The Specialization Program of Communication Disorders Education The Inter-disciplinary Program of Music-assisted Guidance and Special Education ]			0968			0	N		是						0			王宣惠		一 2-4 和平 特113	特殊教育導論 </br>[ 學分學程：藝術教育治療學分學程 PASSION偏鄉優質教育學分學程 溝通障礙教育領域專業學分學程 音樂輔導與特教學分學程 ]						0		必				20		1		ZU36/ZU36/ZU59/ZU59/ZU79/ZU79/ZU8V/ZU8V
	EU09						0	0.00		特教系（學）		SPU5007			0		3.0				115	半			Introduction to Special Education </br>[ Program: The Inter-disciplinary Program of Art Education Therapy The Inter-disciplinary Program of PASSION Quality Education in Rural Schools The Specialization Program of Communication Disorders Education The Inter-disciplinary Program of Music-assisted Guidance and Special Education ]	A		0969			0	N								0			林淑莉		二 6-8 和平 特113	特殊教育導論 </br>[ 學分學程：藝術教育治療學分學程 PASSION偏鄉優質教育學分學程 溝通障礙教育領域專業學分學程 音樂輔導與特教學分學程 ]						0		必				2		1		ZU36/ZU59/ZU79/ZU8V
	EU09						10	0.40		特教系（學）		SPU6020			1		2.0				115	半			Gifted and Talented Education for Mathematics			0970			0	N								0			游森棚		三 3-4 公館 數學館M310	數學資優教育						0		選				25		1		
	EU09						10	0.20		特教系（學）		SPC0070			3		2.0				115	半			Social Skills Training			0971			0	N			9		◎必須先修過【SPU1032  情緒行為障礙】◎必須先修過(也可以同時修)【SPU1020  自閉症】其中一門			0			姚惠馨	大碩	二 10-A 和平 特115	社會技能訓練						0		選				50		1		
	EU09						10	0.40		特教系（學）		SPC9003			3		2.0				115	半			Gifted and Talented Education for Diverse Populations			0972			0	N			9		◎必須先修過【SPU0056  資優教育概論】、【SPU5007  特殊教育導論】其中一門			0			陳偉仁	大碩	五 8-9 和平 特113	特殊族群資優教育						0		選				25		1		
	EU09						10	0.20		特教系（學）		SPU5007			0		3.0				115	半			Introduction to Special Education </br>[ Program: The Inter-disciplinary Program of Art Education Therapy The Inter-disciplinary Program of PASSION Quality Education in Rural Schools The Specialization Program of Communication Disorders Education The Inter-disciplinary Program of Music-assisted Guidance and Special Education ]			0973			0	N					◎限大一修習			0			王慧婷		五 6-8 和平 特114視聽室	特殊教育導論 </br>[ 學分學程：藝術教育治療學分學程 PASSION偏鄉優質教育學分學程 溝通障礙教育領域專業學分學程 音樂輔導與特教學分學程 ]	一			1		0		必				50	非全英語授課。以特教系學生優先修習，非特教系的學生請先取得授課教師同意，並以授權碼方式加選。	1		ZU36/ZU36/ZU59/ZU59/ZU79/ZU79/ZU8V/ZU8V
	EU09						10	0.20		特教系（學）		SPU6008			3		2.0				115	半			General Psychology(I) </br>[ Program: The Inter-disciplinary Program of Cultivating Seniors Service Talent in Community ]			0974			0	N		是			◎限大一修習			0			王曉嵐		一 6-7 和平 特114視聽室	普通心理學（一） </br>[ 學分學程：社區高齡者服務人才培力學分學程 ]	一			1		0		選				50		1		ZU98
	EU09						10	0.20		特教系（學）		SPU0009			3		2.0				115	半			Sign Language </br>[ Program: The Specialization Program of Communication Disorders Education ]			0975			0	N								0			劉秀丹		二 6-7 和平 特114視聽室	手語 </br>[ 學分學程：溝通障礙教育領域專業學分學程 ]	二			2		0		選				50		1		ZU8V
	EU09						10	0.20		特教系（學）		SPU0070			0		3.0				115	半			Measurement in Psychology and Education			0976			0	N					◎必須先修過【E0U0002  教育統計學（二）】			0			吳清麟		一 6-8 和平 特113	心理與教育測驗	二			2		0		必				50		1		
	EU09						10	0.20		特教系（學）		SPU0072			3		2.0				115	半			Development of Children with Special Needs			0977			0	N								0			王曉嵐		五 6-7 和平 特115	特殊兒童發展	二			2		0		必				50		1		
	EU09						10	0.40		特教系（學）		SPU0074			0		2.0				115	半			Creativity </br>[ Program: The Inter-disciplinary Program of Music-assisted Guidance and Special Education ]			0978			0	N								0			潘裕豐		四 3-4 和平 特114視聽室	創造力教育 </br>[ 學分學程：音樂輔導與特教學分學程 ]	二			2		0		必				25		1		ZU59
	EU09						10	0.20		特教系（學）		SPU0092			2		3.0				115	半			The Curricula Adaptation and Teaching Design for the Students with Special Needs </br>[ Program: The Inter-disciplinary Program of Music-assisted Guidance and Special Education ]			0979			0	N					◎必須先修過【SPU5007  特殊教育導論】、【00UE059  特殊教育導論（教）】其中一門			0			胡心慈		一 2-4 和平 特114視聽室	特殊教育課程調整與教學設計 </br>[ 學分學程：音樂輔導與特教學分學程 ]	二			2		0		必				50		1		ZU59
	EU09						10	0.20		特教系（學）		SPU0095			5		3.0				115	半			Application of Assistive Technology			0980			0	N					◎必須先修過【SPU5007  特殊教育導論】			0			佘永吉		一 9-A 和平 特113	輔助科技應用	二			2		0		必				50		1		
	EU09						10	0.20		特教系（學）		SPU1025			2		2.0				115	半			Severe and Multiple Disabilities			0981			0	N					◎必須先修過(也可以同時修)【SPU5007  特殊教育導論】			0			邱春瑜		二 1-2 和平 特115	重度與多重障礙	二			2		0		必				50		1		
	EU09						10	0.20		特教系（學）		SPU1026			0		2.0				115	半			Orientation and Mobility			0982			0	N								0			張千惠		三 6-7 和平 特113	定向行動	二			2		0		選				50		1		
	EU09						10	0.20		特教系（學）		SPU1027			0		2.0				115	半			Communication Training for Students with Disabilities </br>[ Program: The Specialization Program of Communication Disorders Education ]			0983			0	N					◎必須先修過【SPU1028  溝通障礙】			0			劉惠美		四 1-2 和平 特115	身心障礙學生溝通訓練 </br>[ 學分學程：溝通障礙教育領域專業學分學程 ]	二			2		0		必				50		1		ZU8V
	EU09						10	0.20		特教系（學）		SPU1033			2		2.0				115	半			Behavior Modification Theories and Techniques </br>[ Program: The Inter-disciplinary Program of Art Education Therapy The Inter-disciplinary Program of Music-assisted Guidance and Special Education ]			0984			0	N								0			王慧婷		五 3-4 和平 特113	行為改變理論與技術 </br>[ 學分學程：藝術教育治療學分學程 音樂輔導與特教學分學程 ]	二			2		0		必				50		1		ZU36/ZU59
	EU09						10	0.20		特教系（學）		SPU3001			2		3.0				115	半			Audiology			0985			0	N					◎必須先修過【SPU1017  聽覺障礙】			0			劉秀丹		四 6-8 和平 特113	聽力學	二			2		0		選				50		1		
	EU09						10	0.20		特教系（學）		SPU0087			0		2.0				115	半			Instructional Strategies for Students with Autism			0986			0	N					◎必須先修過【SPU1020  自閉症】			0			林迺超		二 8-9 和平 特115	自閉症學生教學策略	三			3		0		選				50		1		
	EU09						10	0.20		特教系（學）		SPU0100			5		3.0				115	半			Technology for Individuals with Visual Impairments			0987			0	N								0			張千惠		一 8-10 和平 特114視聽室	視障教育輔具應用	三			3		0		選				50		1		
	EU09						10	0.20		特教系（學）		SPU1019			0		2.0				115	半			Learning Disabilities			0988			0	N					◎必須先修過【SPU5007  特殊教育導論】、【SPU0073  特殊教育學生評量】			0			王宣惠		一 6-7 和平 特115	學習障礙	三			3		0		必				50		1		
	EU09						10	0.20		特教系（學）		SPU1022			0		2.0				115	半			Curriculum and Instructional designs for Students with Disabilities(II)			0989			0	N					◎必須先修過【SPU1021  身心障礙學生教材教法（輕／重）（一）】			0			胡心慈		四 1-2 和平 特113	身心障礙學生教材教法（輕／重）（二）	三			3		0		必				50		1		
	EU09						10	0.20		特教系（學）		SPU3008			0		2.0				115	半			Practicum in Students with Hearing Impairments			0990			0	N					◎必須先修過【SPU3009  聽能說話訓練】、【SPU0009  手語】			0			劉秀丹		二 1-2 和平 特230	聽覺障礙教學實務	三			3		0		選				50		1		
	EU09						8	0.40		特教系（學）		SPU4023			0		2.0				115	半			Curriculum and Instructional designs for Gifted and Talented Students(II)			0991			0	N					◎必須先修過【SPU4022  資賦優異學生教材教法（一）】			0			陳偉仁		五 6-7 和平 特113	資賦優異學生教材教法（二）	三			3		0		必				20		1		
	EU09						10	0.40		特教系（學）		SPU4026			2		2.0				115	半			Leadership Education			0992			0	N								0			潘裕豐		一 3-4 和平 特115	領導才能教育	三			3		0		必				25		1		
	EU09						10	0.22		特教系（學）		SPU0077			1		2.0				115	半			Introduction and Management of Resource Room Programs			0993			0	N					◎必須先修過【SPU5007  特殊教育導論】			0			劉秀丹		四 3-4 和平 特115	資源教室方案與經營	四			4		0		必				45		1		
	EU09						10	0.20		特教系（學）		SPU0080			0		2.0				115	半			Practicum in Assessment of Students with Special Needs			0994			0	N					◎必須先修過【SPU0073  特殊教育學生評量】			0			趙本強		一 6-7 和平 特230	特殊學生評量實務	四			4		0		選				50		1		
	EU09						10	0.25		特教系（學）		SPU0081			2		2.0				115	半			Special Education Administration and Related Laws	A		0995			0	N								0			邱春瑜		四 1-2 和平 特114視聽室	特殊教育行政與法規	四			4		0		必				40		1		
	EU09						4	0.40		特教系（學）		SPU0081			2		2.0				115	半			Special Education Administration and Related Laws	B		0996			0	N								0			趙本強		一 8-9 和平 特115	特殊教育行政與法規	四			4		0		必				10		1		
	EU09						10	0.20		特教系（學）		SPU1029			5		2.0				115	半			Parent/Teacher Collaboration and Family Supports </br>[ Program: The Inter-disciplinary Program of Human Services and Social Work Credit ]			0997			0	N								0			廖靜宜		二 1-2 和平 特113	親師合作與家庭支援 </br>[ 學分學程：人群服務與社會工作學分學程 ]	四			4		0		必				50		1		ZU37
	EU09						10	0.20		特教系（學）		SPU1034			0		2.0				115	半			Teaching Practicum for Emotional/ Behavioral Needs			0998			0	N					◎必須先修過【SPU6016  正向行為支持】、【SPU0087  自閉症學生教學策略】、【SPC0070  社會技能訓練】			0			洪儷瑜		三 6-7 和平 特115	情緒行為需求教學實務	四			4		0		選				50		1		
	EU09						10	0.33		特教系（學）		SPU4028			0		2.0				115	半			Practicum in Gifted and Talented Education			0999			0	N					◎必須先修過(也可以同時修)【SPU4023  資賦優異學生教材教法（二）】			0			于曉平 進明		三 10-A 和平 特115	資賦優異教學實務	四			4		0		必				30		1		
	EU09						10	0.40		特教系（學）		SPU4030			0		2.0				115	半			Special Topics on Gifted and Talented Education			1000			0	N					◎必須先修過【SPU0056  資優教育概論】、【SPU0074  創造力教育】			0			于曉平 潘宏倫		一 A-B 和平 特115	資優教育專題研究	四			4		0		必				25		1		
	EU09						10	0.20		特教系（學）		SPU6010			0		2.0				115	半			Practicum in Teaching Students with Special Needs(I) </br>[ Program: The Inter-disciplinary Program of PASSION Quality Education in Rural Schools ]	A		1001			0	N					◎必須先修過【SPU0092  特殊教育課程調整與教學設計】、【SPU0075  個別化教育計畫的理念與實施】			0			陳貞夙 廖靜宜		四 6-9 和平 特114視聽室	特殊教育教學實習（一） </br>[ 學分學程：PASSION偏鄉優質教育學分學程 ]	四			4		0		必				50		1		ZU79
	EU09						10	0.20		特教系（學）		SPU6010			0		2.0				115	半			Practicum in Teaching Students with Special Needs(I) </br>[ Program: The Inter-disciplinary Program of PASSION Quality Education in Rural Schools ]	B		1002			0	N					◎必須先修過【SPU0092  特殊教育課程調整與教學設計】、【SPU0075  個別化教育計畫的理念與實施】			0			邱春瑜 謝佳男		四 6-9 和平 特112	特殊教育教學實習（一） </br>[ 學分學程：PASSION偏鄉優質教育學分學程 ]	四			4		0		必				50		1		ZU79
	EU09						8	0.40		特教系（學）		SPU6010			0		2.0				115	半			Practicum in Teaching Students with Special Needs(I) </br>[ Program: The Inter-disciplinary Program of PASSION Quality Education in Rural Schools ]	C		1003			0	N					◎必須先修過【SPU0092  特殊教育課程調整與教學設計】、【SPU0075  個別化教育計畫的理念與實施】			0			陳偉仁		四 6-9 和平 特115	特殊教育教學實習（一） </br>[ 學分學程：PASSION偏鄉優質教育學分學程 ]	四			4		0		必				20		1		ZU79
	EU11						3	0.11		學習科學學位學程（學）		LSU0001			0		3.0				115	半			Programming (I) </br>[ Program: The Inter-disciplinary Program of Geospatial Information Science The Inter-disciplinary  Program of Scientific Computation ]			1004			0	N								0			李良一		二 8-10 和平 教404	程式設計（一） </br>[ 學分學程：空間資訊學分學程 科學計算學分學程 ]						0		必				27		1		ZU67/ZU9B
	EU11						3	0.11		學習科學學位學程（學）		LSU0003			0		3.0				115	半			Data Structures			1005			0	N								0			李良一		二 2-4 和平 教404	資料結構						0		必				27		1		
	EU11						5	0.14		學習科學學位學程（學）		LSU0014			0		3.0				115	半			Data Visualization			1006			0	N		是						0			林宗進		四 6-8 和平 教1011	資料視覺化						0		選				35		1		
	EU11						5	0.14		學習科學學位學程（學）		LSU0053			0		3.0				115	半			Brain and Learning			1007			0	N								0			梁至中		三 6-8 和平 教1011	腦與學習						0		選				35		1		
	EU11						5	0.14		學習科學學位學程（學）		LSU0054			0		3.0				115	半			Learning Motivation and Strategies			1008			0	N								0			張欣怡		三 3-5 和平 教1011	學習動機與策略						0		選				35		1		
	EU11						5	0.20		學習科學學位學程（學）		LSU0059			0		2.0				115	半			Seminar			1009			0	N								0			林宗進 李良一		二 6-7 和平 教1004	專題討論						0		必				25		1		
	EU11						5	0.20		學習科學學位學程（學）		LSU0060			0		2.0				115	半			Capstone (I)			1010			0	N								0			吳清麟		一 3-4 和平 教1004	總整課程（一）						0		必				25		1		
	EU11						3	0.08		學習科學學位學程（學）		LSC9004			0		3.0				115	半			Machine Learning			1011			0	N		是	9		◎限大三大四 ◎限碩一碩二碩三以上修習			0			蔡孟蓉	大碩	三 6-8 和平 綜1001	機器學習						0		選				37		1		
	EU13						4	0.36		教院學士班（學）		TEU0032			0		3.0				115	半			AI Technologies and Applications in Education			1013			0	N		是			◎限本系(含雙主修)修習◎限大三修習◎必須先修過【TEU0008  系統思考】			0			Melese Astatke Alem		一 2-4 和平 教615	AI 科技與教育應用						0		必				11		1		
	EU13						0	0.00		教院學士班（學）		TEU0033			0		2.0				115	半			Organizational Behavior and Talent Management			1014			0	N		是						0			Melese Astatke Alem		三 3-4 和平 教312	組織行為與人才管理						0		選				50		1		
	EU13						0	0.00		教院學士班（學）		TEU0036			0		3.0				115	半			Introduction to Human Resource Development			1015			0	N		是						0			魏如慧		三 8-10 和平 教615	人力資源發展概論						0		選				15		1		
	EU13						0	0.00		教院學士班（學）		TEU0037			0		2.0				115	半			Career Development and Counseling			1016			0	N		是						0			Paxia Dyani Ariadna		三 6-7 和平 教615	職涯發展與輔導						0		選				15		1		
	EU13						0	0.00		教院學士班（學）		TEU0039			0		2.0				115	半			Leadership and Communication			1017			0	N		是						0			Christopher Payk		二 10-A 和平 教312	領導與溝通						0		選				50		1		
	EU13						0	0.00		教院學士班（學）		TEU0002			0		3.0				115	半			Introduction to Transdisciplinary Learning			1018			0	N		是			◎限大一修習			0			何家騏		五 6-8 和平 教714	跨域學習導論	一			1		0		必				30		1		
	EU13						0	0.00		教院學士班（學）		TEU0026			0		2.0				115	半			The Theories and Practices of Bi-/Multi-lingual Education			1019			0	N		是			◎限大一修習			0			未定		二 1-2 和平 教500	雙（多）語教育的理論與實踐	一			1		0		必				30		1		
	EU13						0	0.00		教院學士班（學）		TEU0027			0		2.0				115	半			Exploring the Literacy Education in the Digital Era			1020			0	N		是			◎限大一修習			0			林子斌		四 8-9 和平 教600	數位時代的素養教育探究	一			1		0		選				30		1		
	EU13						0	0.00		教院學士班（學）		TEU0028			0		3.0				115	半			Global Issues in Education			1021			0	N		是			◎限大一修習			0			未定		四 1-3 和平 教500	全球教育議題	一			1		0		必				30		1		
	EU13						0	0.00		教院學士班（學）		TEU0011			0		3.0				115	半			Capstone Project A			1022			0	N		是			◎限本系(含雙主修)修習◎限大三修習◎必須先修過【TEU0008  系統思考】			0			林子斌 郭鐘隆 張家臻 李晟瑋 胡翠君		五 2-4 和平 教803	總整課程A	三			3		0		必				9		1		
	GU						0	0.00		通識		01UG003			0		2.0				115	半			Classical Music			1023			0	N		是			◎音樂系（學）不得選修			0			劉錦紋		二 6-7 公館 Ｓ102	西洋古典音樂						0		通				50	劉錦紋	1	A1	
	GU						6	0.12		通識		01UG004			0		2.0				115	半			Music Appreciation </br>[ Program: The Inter-disciplinary Program of Club Members Leadership And Empowerment Cultivation The Inter-disciplinary Program of Cultivating Seniors Service Talent in Community ]	A		1024			0	N		是			◎音樂系（學）不得選修			0			劉錦紋		一 8-9 公館 Ｓ102	音樂鑑賞 </br>[ 學分學程：社團人專業領導培力學分學程 社區高齡者服務人才培力學分學程 ]						0		通				50	劉錦紋	1	A1	ZU98/ZU9Q
	GU						6	0.12		通識		01UG004			5		2.0				115	半			Music Appreciation </br>[ Program: The Inter-disciplinary Program of Club Members Leadership And Empowerment Cultivation The Inter-disciplinary Program of Cultivating Seniors Service Talent in Community ]	B		1025			0	N		是			◎音樂系（學）不得選修			0			劉錦紋		二 8-9 公館 Ｓ102	音樂鑑賞 </br>[ 學分學程：社團人專業領導培力學分學程 社區高齡者服務人才培力學分學程 ]						0		通				50	劉錦紋	1	A1	ZU98/ZU9Q
	GU						10	0.20		通識		01UG004			1		2.0				115	半			Music Appreciation </br>[ Program: The Inter-disciplinary Program of Club Members Leadership And Empowerment Cultivation The Inter-disciplinary Program of Cultivating Seniors Service Talent in Community ]	C		1026			0	N					◎音樂系（學）不得選修			0			林芝良		五 1-2 和平 音308	音樂鑑賞 </br>[ 學分學程：社團人專業領導培力學分學程 社區高齡者服務人才培力學分學程 ]						0		通				50	中文授課	1	A1	ZU98/ZU9Q
	GU						10	0.10		通識		01UG006			3		2.0				115	半			Selected Readings in Taiwanese Novels			1027			0	N								0			林淑慧		三 3-4 和平 教201演講廳	臺灣小說選讀						0		通				104		1	A1	
	GU						0	0.00		通識		01UG008			0		2.0				115	半			Travelling Literature	A		1028			0	N								0			魏俊陽		一 9-10 公館 Ｓ201	旅行文學						0		通				50	本課程授課為全臺灣台語授課進行為主。魏俊陽	1	A1	
	GU						10	0.20		通識		01UG008			0		2.0				115	半			Travelling Literature	B		1029			0	N					◎國文系（學）不得選修			0			陳室如		二 3-4 公館 Ｓ502	旅行文學						0		通				50		1	A1	
	GU						0	0.00		通識		01UG011			0		2.0				115	半			Forms of Asian American Literature and Film	A		1030			0	N								0			左乙萱		四 8-9 公館 理圖001	亞裔美國文學與電影的藝術形式						0		通				80	無授權碼，網上加退選。建議英語閱讀能力中高級者選修。上課前請學會用Microsoft Teams、Moodle，有關Microsoft Teams之資訊見網大同步教學工具便利包與登入Moodle。作業、信件與簡訊請註明(1)姓名、(2)課名、A組、(3)學號、(4)星期幾與節次、(5)中文授課。	1	A1	
	GU						0	0.00		通識		01UG011			0		2.0				115	半			Forms of Asian American Literature and Film	B		1031			0	N		是						0			左乙萱		四 6-7 公館 理圖001	亞裔美國文學與電影的藝術形式						0		通				80	Add the course online. Students should be able to read journal articles written in English and write an essay in English. Learn how to use Microsoft Teams and Moodle. Include your name, your student number, course title, and group B in all correspondence.	1	A1	
	GU						10	0.20		通識		01UG012			5		3.0				115	半			Dance Appreciation </br>[ Program: The Inter-disciplinary Program of Club Members Leadership And Empowerment Cultivation The Inter-disciplinary Program of Cultivating Seniors Service Talent in Community ]			1032			0	N								0			王宏豪		一 6-8 公館 Ｓ101	舞蹈鑑賞 </br>[ 學分學程：社團人專業領導培力學分學程 社區高齡者服務人才培力學分學程 ]						0		通				50		1	A1	ZU98/ZU9Q
	GU						8	0.09		通識		01UG018			0		2.0				115	半			Folk Literatures and Speaking-Singing Arts			1033			0	N								0			蔡孟珍		三 3-4 和平 進修學院演講堂	民間文學與說唱藝術						0		通				85		1	A1	
	GU						0	0.00		通識		01UG021			10		3.0				115	半			Literature and Film			1034			0	1								0			蘇榕		四 2-4 和平 綜202演講廳	文學與電影						0		通				110	◎數位課程	1	A1	
	GU						5	0.10		通識		01UG027			3		2.0				115	半			Appreciation of Japanese Art			1035			0	N								0			蔡家丘		四 8-9 和平 綜509國際會議廳	日本美術鑑賞						0		通				50	授權碼發放規定依教師規定	1	A1	
	GU						10	0.20		通識		01UG033			3		2.0				115	半			Music and Drama			1036			0	N					◎音樂系（學）不得選修			0			王望舒		四 3-4 和平 音樂系演奏廳	音樂與戲劇						0		通				50		1	A1/B2	
	GU						10	0.20		通識		01UG037			0		2.0				115	半			Gao Xingjian and the Performance Art			1037			0	N								0			黃于真		三 8-9 公館 理圖001	高行健與表演藝術						0		通				50	黃于真	1	A1	
	GU						10	0.20		通識		01UG039			1		2.0				115	半			The Golden Age of Piano			1038			0	N		是			◎音樂系（學）不得選修			0			廖皎含		四 3-4 和平 音308	鋼琴黃金年代						0		通				50		1	A1	
	GU						0	0.00		通識		02UG001			0		2.0				115	半			Introduction to Philosophy			1039			0	N					◎公領系（學）不得選修			0			傅皓政		一 3-4 公館 Ｂ101	哲學入門						0		通				95	傅皓政	1	A2	
	GU						5	0.14		通識		02UG002			0		2.0				115	半			Methods of Thinking			1040			0	N								0			郭芳如		三 3-4 和平 研討一	思考方法						0		通				35		1	A2	
	GU						10	0.10		通識		02UG005			0		2.0				115	半			Moral Reasoning			1041			0	N								0			洪仁進		一 8-9 和平 教201演講廳	道德推理						0		通				100		1	A2	
	GU						10	0.20		通識		02UG008			0		2.0				115	半			The Modern Meanings of Thoughts in Ancient China			1042			0	N					◎國文系（學）不得選修			0			謝聰輝		三 8-9 和平 工501(TA501)	中國古代思想的現代意義						0		通				50		1	A2	
	GU						0	0.00		通識		02UG010			0		2.0				115	半			A Good Life and Critical Thinking	A		1043			0	N								0			鄭鈞瑋		三 3-4 公館 理圖001	人生哲學與批判性思考						0		通				65	不開放授權碼。鄭鈞瑋	1	A2	
	GU						0	0.00		通識		02UG010			0		2.0				115	半			A Good Life and Critical Thinking	B		1044			0	N								0			鄭鈞瑋		三 6-7 公館 理圖001	人生哲學與批判性思考						0		通				65	不開放授權碼。鄭鈞瑋	1	A2	
	GU						10	0.20		通識		02UG010			0		2.0				115	半			A Good Life and Critical Thinking	C		1045			0	N								0			劉育兆		五 3-4 公館 理圖003	人生哲學與批判性思考						0		通				50	劉育兆	1	A2	
	GU						0	0.00		通識		03UG003			0		2.0				115	半			Multicultural Literacy </br>[ Program: The Inter-disciplinary Program of PASSION Quality Education in Rural Schools The Inter-disciplinary Program of Club Members Leadership And Empowerment Cultivation ]			1046			0	N		是						0			范俊銘		四 8-9 公館 Ｓ501	多元文化 </br>[ 學分學程：PASSION偏鄉優質教育學分學程 社團人專業領導培力學分學程 ]						0		通				50	范俊銘	1	A2	ZU79/ZU9Q
	GU						10	0.20		通識		03UG005			0		2.0				115	半			Citizenship and Law			1047			0	N					◎公領系（學）不得選修			0			陳彥		三 A-B 公館 Ｓ501	現代公民與法律						0		通				50	陳彥?	1	A2	
	GU						4	0.08		通識		03UG006			0		2.0				115	半			Constitution and Human Rights </br>[ Program: The Inter-disciplinary Program of Club Members Leadership And Empowerment Cultivation ]			1048			0	N					◎公領系（學）不得選修			0			呂啟民		四 6-7 和平 教201演講廳	憲法與人權 </br>[ 學分學程：社團人專業領導培力學分學程 ]						0		通				50		1	A2	ZU9Q
	GU						12	0.10		通識		03UG012			3		2.0				115	半			Taiwan Popular Culture			1049			0	N								0			莊佳穎		五 3-4 和平 教202會議廳	臺灣流行文化						0		通				120	中文授課	1	A2/B2	
	GU						0	0.00		通識		03UG024			0		2.0				115	半			Environment and Communication			1050			0	N								0			楊樺		一 3-4 公館 Ｅ101	環境與傳播						0		通				150	楊樺	1	A2	
	GU						0	0.00		通識		03UG027			0		2.0				115	半			Women's Literature, Feminist Theory, and the Women's Movement	A		1051			0	N		是						0			左乙萱		五 8-9 和平 教103	女性文學、性別平等理論與婦運						0		通				100	Add the course online. Students should be able to read journal articles written in English and write an essay in English. Learn how to use Microsoft Teams and Moodle. Include your name, your student number, course title, and group A in all correspondence.	1	A1	
	GU						0	0.00		通識		03UG027			0		2.0				115	半			Women's Literature, Feminist Theory, and the Women's Movement	B		1052			0	N		是						0			左乙萱		五 6-7 和平 教103	女性文學、性別平等理論與婦運						0		通				100	Add the course online. Students should be able to read journal articles written in English and write an essay in English. Learn how to use Microsoft Teams and Moodle. Include your name, your student number, course title, and group B in all correspondence.	1	A1	
	GU						0	0.00		通識		03UG029			0		2.0				115	半			Management and Movies			1053			0	N								0			田正利		四 6-7 和平 綜202演講廳	管理與電影						0		通				50		1	A2	
	GU						15	0.10		通識		03UG031			0		2.0				115	半			Introduction to Forensic Sciences			1054			0	N								0			李承龍		三 8-9 公館 Ｅ202	鑑識科學概論						0		通				150	李承龍	1	A2	
	GU						10	0.13		通識		03UG041			0		2.0				115	半			Introduction to Management </br>[ Program: The Inter-disciplinary Program of Sports Leadership ]	A		1055			0	N					◎企管系（學）不得選修			0			廖仁傑		二 8-9 公館 理圖003	管理學入門 </br>[ 學分學程：運動領導學分學程 ]						0		通				80	廖仁傑	1	A2/B2	ZU9W
	GU						10	0.13		通識		03UG041			0		2.0				115	半			Introduction to Management </br>[ Program: The Inter-disciplinary Program of Sports Leadership ]	B		1056			0	N					◎企管系（學）不得選修			0			廖仁傑		三 8-9 和平 教202會議廳	管理學入門 </br>[ 學分學程：運動領導學分學程 ]						0		通				80	廖仁傑	1	A2/B2	ZU9W
	GU						5	0.11		通識		03UG041			0		2.0				115	半			Introduction to Management </br>[ Program: The Inter-disciplinary Program of Sports Leadership ]	C		1057			0	N					◎企管系（學）不得選修			0			李叢禎		五 3-4 公館 Ｃ005	管理學入門 </br>[ 學分學程：運動領導學分學程 ]						0		通				44		1	A2/B2	ZU9W
	GU						0	0.00		通識		03UG045			0		2.0				115	半			Key Issues of Contemporary Society and Culture	A		1058			0	N		是						0			范俊銘		一 A-B 公館 Ｓ204	當代社會與文化關鍵議題						0		通				50	范俊銘	1	A2	
	GU						10	0.20		通識		03UG045			0		2.0				115	半			Key Issues of Contemporary Society and Culture	B		1059			0	N		是						0			何家騏		三 3-4 公館 Ｂ102	當代社會與文化關鍵議題						0		通				50		1	A2	
	GU						0	0.00		通識		03UG049			0		2.0				115	半			Design and Practice of Community-Based Program </br>[ Program: The Inter-disciplinary Program of Human Services and Social Work Credit ]			1060			0	N								0			吳振邦 蔡昕璋		三 10-A 和平 教315	社區方案規劃與實踐 </br>[ 學分學程：人群服務與社會工作學分學程 ]						0		通				60	蔡昕璋、吳振邦	1	A2	ZU37
	GU						10	0.20		通識		03UG051			3		2.0				115	半			Conversing with AI: Exploring the Future of Human-AI Interaction through Film			1061			0	N		是						0			成維寧		五 3-4 和平 進201視聽教室	與AI對話：從電影探究人智未來						0		通				50		1	A2	
	GU						10	0.20		通識		03UG052			5		2.0				115	半			Robots + Love and Warfare			1062			0	N		是						0			蕭維傑		三 8-9 和平 美術館601	機器人＋愛與戰爭						0		通				50		1	A2	
	GU						0	0.00		通識		03UG053			0		2.0				115	半			Gender Equity Education and Case Studies			1063			0	N								0			林麗燕		五 3-4 和平 綜202演講廳	校園性別事件解析						0		通				145	林麗燕	1	A2	
	GU						10	0.20		通識		04UG003			0		2.0				115	半			The Exploration of Civilization	A		1064			0	N								0			陳健文		一 8-9 和平 教103	文明的探索						0		通				50		1	A1/B2	
	GU						10	0.20		通識		04UG003			0		2.0				115	半			The Exploration of Civilization	B		1065			0	N								0			陳昭揚		二 3-4 和平 教401	文明的探索						0		通				50		1	A1/B2	
	GU						10	0.20		通識		04UG006			0		2.0				115	半			History, Image and Truth			1066			0	N								0			陳健文		二 6-7 和平 教103	歷史、影像與真相						0		通				50		1	A1	
	GU						10	0.20		通識		04UG012			0		2.0				115	半			Understanding Taiwan Aborigines </br>[ Program: The Inter-disciplinary Program of PASSION Quality Education in Rural Schools The Inter-disciplinary Program of Indigenous Education and Culture ]			1067			0	N								0			胡哲豪		三 3-4 公館 Ｓ601	認識臺灣的原住民 </br>[ 學分學程：PASSION偏鄉優質教育學分學程 原住民族教育文化學分學程 ]						0		通				50		1	A1	ZU79/ZU9U
	GU						0	0.00		通識		04UG013			0		2.0				115	半			Taiwan History and Movie			1068			0	N								0			陳佳宏		五 3-4 和平 國語中心504演講廳	臺灣歷史與電影						0		通				100		1	A1	
	GU						10	0.20		通識		04UG023			0		2.0				115	半			Intellectuals during Turbulent Times in the 20th Century			1069			0	N					◎東亞系（學）不得選修			0			胡元玲		四 9-10 和平 美術館601	２０世紀動盪時局下的知識份子						0		通				50		1	A1	
	GU						0	0.00		通識		04UG024			0		2.0				115	半			Culture, History and Urban Development of Taiwan	A		1070			0	N								0			黃玫瑄		二 3-4 公館 Ｂ102	臺灣文史與城市發展						0		通				65		1	A1	
	GU						0	0.00		通識		04UG024			0		2.0				115	半			Culture, History and Urban Development of Taiwan	B		1071			0	N								0			黃玫瑄		二 6-7 和平 綜509國際會議廳	臺灣文史與城市發展						0		通				65		1	A1	
	GU						0	0.00		通識		04UG030			0		2.0				115	半			Social Inquiry of Hakka Community </br>[ Program: The Inter-disciplinary Program of Hakka Language and Culture ]			1072			0	N								0			黃玫瑄		三 3-4 和平 進201視聽教室	客家社會探究 </br>[ 學分學程：客語與客家文化學分學程 ]						0		通				65		1	A2	ZU46
	GU						1	0.03		通識		04UG033			2		2.0				115	半			An Overview of Southeast Asian Culture and History			1073			0	N		是						0			廖弘民		五 6-7 和平 美術館601	東南亞文化與歷史概略						0		通				31	修課學生需具備流利英語能力。廖弘民	1	A1	
	GU						10	0.20		通識		04UG036			0		2.0				115	半			Taiwan Indigenous Cultural Performance </br>[ Program: The Inter-disciplinary Program of Indigenous Education and Culture ]			1074			0	N								0			王宏豪		三 3-4 公館 Ｓ102	臺灣原住民族文化展演 </br>[ 學分學程：原住民族教育文化學分學程 ]						0		通				50		1	A1	ZU9U
	GU						0	0.00		通識		04UG037			0		2.0				115	半			Exploring Taiwan Food Culture			1075			0	N								0			魏俊陽		二 9-10 公館 Ｓ501	探索臺灣飲食文化						0		通				50	本課程授課為全臺灣台語授課進行為主。魏俊陽	1	A1	
	GU						5	0.10		通識		04UG041			1		2.0				115	半			East Asian Cultures in the Game of Go			1076			0	N								0			張曉茵		二 6-7 公館 Ｓ502	圍棋與東亞文化						0		通				50	張曉茵	1	A1	
	GU						0	0.00		通識		05UG001			2		2.0				115	半			Logical Thinking and Application	A		1077			0	N								0			蔡承志		二 6-7 公館 Ｅ102	邏輯思考與應用						0		通				55	蔡承志	1	A3/B2	
	GU						5	0.08		通識		05UG001			0		2.0				115	半			Logical Thinking and Application	B		1078			0	N								0			王鍾山		五 3-4 公館 理圖001	邏輯思考與應用						0		通				60	王鍾山	1	A3/B2	
	GU						0	0.00		通識		05UG002			0		2.0				115	半			Introduction to Scientific Thinking </br>[ Program: The Inter-disciplinary Program of Technology-assisted Teaching Industry The Inter-disciplinary Program of STEM Innovation and Practices ]	A		1079			0	N								0			鍾兆晉		一 10-A 公館 Ｓ101	科學思維 </br>[ 學分學程：科技化教學產業學分學程 理工創新與實作學分學程 ]						0		通				75	不開放授權碼。鍾兆晉	1	A3	ZU47/ZU62
	GU						0	0.00		通識		05UG002			0		2.0				115	半			Introduction to Scientific Thinking </br>[ Program: The Inter-disciplinary Program of Technology-assisted Teaching Industry The Inter-disciplinary Program of STEM Innovation and Practices ]	B		1080			0	N								0			鍾兆晉		一 B-C 公館 Ｓ101	科學思維 </br>[ 學分學程：科技化教學產業學分學程 理工創新與實作學分學程 ]						0		通				75	不開放授權碼。鍾兆晉	1	A3	ZU47/ZU62
	GU						20	0.40		通識		05UG005			0		2.0				115	半			Mathematical Thinking in Fiction and Films			1081			0	N								0			謝佳叡		三 3-4 公館 Ｂ101	小說與電影中的數學思維						0		通				50	授課教師為謝佳叡老師	1	A3	
	GU						4	0.08		通識		05UG006			0		2.0				115	半			The Development and Application of Mathematical Thinking </br>[ Program: The Inter-disciplinary Program of Technology-assisted Teaching Industry The Inter-disciplinary Program of STEM Innovation and Practices ]			1082			0	N								0			劉柏宏		三 3-4 公館 Ｓ503	數學思維的發展與應用 </br>[ 學分學程：科技化教學產業學分學程 理工創新與實作學分學程 ]						0		通				50		1	A3	ZU47/ZU62
	GU						0	0.00		通識		05UG010			2		2.0				115	半			The Language of Sciences			1083			0	N								0			蔡承志		二 8-9 公館 Ｅ102	科學的語言						0		通				50	蔡承志	1	A3	
	GU						0	0.00		通識		05UG011			3		2.0				115	半			Technology Ethics	A		1084			0	N								0			劉啟民		一 6-7 公館 Ｅ101	科技倫理						0		通				70	劉啟民	1	A2	
	GU						0	0.00		通識		05UG011			3		2.0				115	半			Technology Ethics	B		1085			0	N								0			劉啟民		一 8-9 公館 Ｅ101	科技倫理						0		通				70	劉啟民	1	A2	
	GU						12	0.09		通識		05UG012			1		2.0				115	半			Worldview: An Overview of the History and Philosophy of Science			1086			0	N								0			陳珍源		五 1-2 和平 教201演講廳	科技史哲思維下的世界觀						0		通				140	臺大、臺科大同學如欲加選本課程，請先Email取得教師同意，並於本校加退選階段向教師索取授權碼。陳珍源	1	A3	
	GU						3	0.09		通識		05UG014			0		2.0				115	半			Different Sciences </br>[ Program: The Inter-disciplinary Program of Technology-assisted Teaching Industry ]			1087			0	N								0			張欣怡		二 6-7 和平 美術館501	科學不一樣 </br>[ 學分學程：科技化教學產業學分學程 ]						0		通				33		1	A3	ZU47
	GU						4	0.08		通識		05UG016			3		2.0				115	半			Computational Thinking and Programming </br>[ Program: The Inter-disciplinary Program of Metaverse Narrative The Inter-disciplinary Program of Computer Music and Audio Technology The Inter-disciplinary Program of AI Digital Art The Inter-disciplinary Program of Application of Information Technology ]	A		1088			0	N								0			張凌倩		一 9-10 公館 理圖807	運算思維與程式設計 </br>[ 學分學程：AI暨元宇宙敘事學分學程 電腦音樂與音訊技術學分學程 AI與數位藝術學分學程 資訊科技應用學分學程 ]						0		通				50	張凌倩	1	A4/B2	ZU48/ZU60/ZU63/ZU77
	GU						4	0.08		通識		05UG016			3		2.0				115	半			Computational Thinking and Programming </br>[ Program: The Inter-disciplinary Program of Metaverse Narrative The Inter-disciplinary Program of Computer Music and Audio Technology The Inter-disciplinary Program of AI Digital Art The Inter-disciplinary Program of Application of Information Technology ]	B		1089			0	N								0			張凌倩		二 9-10 公館 理圖801	運算思維與程式設計 </br>[ 學分學程：AI暨元宇宙敘事學分學程 電腦音樂與音訊技術學分學程 AI與數位藝術學分學程 資訊科技應用學分學程 ]						0		通				50	張凌倩	1	A4/B2	ZU48/ZU60/ZU63/ZU77
	GU						4	0.08		通識		05UG016			3		2.0				115	半			Computational Thinking and Programming </br>[ Program: The Inter-disciplinary Program of Metaverse Narrative The Inter-disciplinary Program of Computer Music and Audio Technology The Inter-disciplinary Program of AI Digital Art The Inter-disciplinary Program of Application of Information Technology ]	C		1090			0	N								0			邵森蘭		四 6-7 公館 理圖801	運算思維與程式設計 </br>[ 學分學程：AI暨元宇宙敘事學分學程 電腦音樂與音訊技術學分學程 AI與數位藝術學分學程 資訊科技應用學分學程 ]						0		通				50	邵森蘭	1	A4/B2	ZU48/ZU60/ZU63/ZU77
	GU						1	0.03		通識		05UG016			1		2.0				115	半			Computational Thinking and Programming </br>[ Program: The Inter-disciplinary Program of Metaverse Narrative The Inter-disciplinary Program of Computer Music and Audio Technology The Inter-disciplinary Program of AI Digital Art The Inter-disciplinary Program of Application of Information Technology ]	D		1091			0	N								0			蔡明男		四 6-7 公館 理圖802	運算思維與程式設計 </br>[ 學分學程：AI暨元宇宙敘事學分學程 電腦音樂與音訊技術學分學程 AI與數位藝術學分學程 資訊科技應用學分學程 ]						0		通				37	蔡明男	1	A4/B2	ZU48/ZU60/ZU63/ZU77
	GU						4	0.08		通識		05UG016			3		2.0				115	半			Computational Thinking and Programming </br>[ Program: The Inter-disciplinary Program of Metaverse Narrative The Inter-disciplinary Program of Computer Music and Audio Technology The Inter-disciplinary Program of AI Digital Art The Inter-disciplinary Program of Application of Information Technology ]	E		1092			0	N								0			蔡明男		四 8-9 公館 理圖801	運算思維與程式設計 </br>[ 學分學程：AI暨元宇宙敘事學分學程 電腦音樂與音訊技術學分學程 AI與數位藝術學分學程 資訊科技應用學分學程 ]						0		通				50	蔡明男	1	A4/B2	ZU48/ZU60/ZU63/ZU77
	GU						4	0.08		通識		05UG016			3		2.0				115	半			Computational Thinking and Programming </br>[ Program: The Inter-disciplinary Program of Metaverse Narrative The Inter-disciplinary Program of Computer Music and Audio Technology The Inter-disciplinary Program of AI Digital Art The Inter-disciplinary Program of Application of Information Technology ]	F		1093			0	N								0			黃芳蘭		五 10-A 公館 理圖801	運算思維與程式設計 </br>[ 學分學程：AI暨元宇宙敘事學分學程 電腦音樂與音訊技術學分學程 AI與數位藝術學分學程 資訊科技應用學分學程 ]						0		通				50	黃芳蘭	1	A4/B2	ZU48/ZU60/ZU63/ZU77
	GU						10	0.20		通識		05UG017			5		2.0				115	半			Data Science and Computer Programming </br>[ Program: The Inter-disciplinary Program of Computer Music and Audio Technology The Inter-disciplinary Program of Application of Information Technology ]			1094			0	N		是						0			林耘逸		一 4-5 公館 Ｓ601	資料科學與程式設計 </br>[ 學分學程：電腦音樂與音訊技術學分學程 資訊科技應用學分學程 ]						0		通				50	林耘逸	1	A4	ZU60/ZU77
	GU						10	0.20		通識		05UG020			0		2.0				115	半			Statistics	B		1095			0	N								0			何英奇		二 6-7 和平 教402	統計學						0		通				50		1	A2/B1	
	GU						5	0.10		通識		05UG023			3		2.0				115	半			Textual Data Analysis	A		1099			0	N								0			王祥安		五 3-4 公館 理圖801	文本分析與程式設計						0		通				50	王祥安	1	A4	
	GU						5	0.10		通識		05UG023			3		2.0				115	半			Textual Data Analysis	B		1100			0	N								0			王祥安		五 6-7 公館 理圖801	文本分析與程式設計						0		通				50	王祥安	1	A4	
	GU						5	0.10		通識		05UG028			1		2.0				115	半			Advanced Spreadsheet Tools for Business Analysis	A		1105			0	N								0			劉建成		一 3-4 公館 理圖801	試算表與商務資料分析						0		通				50		1	A4	
	GU						5	0.10		通識		05UG028			1		2.0				115	半			Advanced Spreadsheet Tools for Business Analysis	B		1106			0	N								0			劉建成		四 3-4 公館 理圖801	試算表與商務資料分析						0		通				50		1	A4	
	GU						10	0.20		通識		05UG029			5		2.0	Y			115	半			Biomedical and Health Data Analytics			1107			0	1		是						0			林耘逸		◎面授/同步	生醫與健康數據分析						0		通				50	◎數位課程 All distance learning courses display synchronous learning and face-to-face learning time only.	1	A4	
	GU						4	0.08		通識		05UG032			3		3.0				115	半			Learning Analytics Tools Implementation Applications </br>[ Program: The Inter-disciplinary Program of Big Data in Education The Inter-disciplinary  Program of Sports Technology ]			1108			0	N								0			陳俊豪		四 7-9 和平 科技系TB310教室	學習分析工具實務應用 </br>[ 學分學程：教育大數據微學分學程 運動科技學分學程 ]						0		通				50	陳俊豪；學生須自備筆電	1	A4	ZU39/ZU55
	GU						3	0.08		通識		05UG034			0		2.0				115	半			Introduction to Web Programming			1110			0	N								0			周遵儒		三 9-10 和平 綜1001	網頁程式設計入門						0		通				37		1	A4	
	GU						5	0.10		通識		05UG036			1		2.0				115	半			Structured Query Language (SQL) and Database Design			1111			0	N								0			劉建成		五 3-4 公館 理圖807	SQL與資料庫設計						0		通				50		1	A4	
	GU						9	0.10		通識		05UG038			3		2.0				115	半			Practical Applications of Generative AI </br>[ Program: The Inter-disciplinary Program of Metaverse Narrative The Inter-disciplinary Program of AI Digital Art ]			1113			0	N								0			尹相志		三 3-4 和平 教202會議廳	生成式AI實務應用 </br>[ 學分學程：AI暨元宇宙敘事學分學程 AI與數位藝術學分學程 ]						0		通				90	尹相志	1	A4	ZU48/ZU63
	GU						0	0.00		通識		05UG039			0		2.0				115	半			AI and Everyday Life			1114			0	N		是						0			陳立新		三 6-7 公館 Ｅ202	人工智慧與日常生活						0		通				102	陳立新	1	A2	
	GU						0	0.00		通識		05UG041			0		3.0				115	半			Generative AI and Humanities Applications </br>[ Program: The Inter-disciplinary Program of Metaverse Narrative ]			1115			0	N								0			李鍑倫 李宗翰 王聖鐸		三 6-8 公館 Ｓ602	生成式AI與人文應用 </br>[ 學分學程：AI暨元宇宙敘事學分學程 ]						0		通				50		1	A4	ZU48
	GU						9	0.09		通識		06UG004			25		2.0				115	半			Introduction to Astronomy </br>[ Program: The Inter-disciplinary Program of  Astronomy and Gravitation ]			1116			0	N		是			◎地科系（學）不得選修			0			橋本康弘		三 3-4 公館 Ｅ202	星星月亮太陽－天文漫談 </br>[ 學分學程：天文與重力學分學程 ]						0		通				97		1	A3	ZU61
	GU						0	0.00		通識		06UG005			0		2.0				115	半			Nano Technology	A		1117			0	N								0			鄭淳護		五 3-4 和平 機202會議室	奈米科技						0		通				50		1	A3/B2	
	GU						10	0.07		通識		06UG005			0		2.0				115	半			Nano Technology	B		1118			0	N								0			郭金國		五 3-4 和平 教201演講廳	奈米科技						0		通				150		1	A3/B2	
	GU						9	0.10		通識		06UG006			0		2.0				115	半			Environmental Ethics and Sustainable Development </br>[ Program: The Inter-disciplinary Program of STEM Innovation and Practices ]	A		1119			0	N								0			李清安		三 A-B 和平 教202會議廳	環境倫理與永續發展 </br>[ 學分學程：理工創新與實作學分學程 ]						0		通				90	李清安	1	A3	ZU62
	GU						10	0.13		通識		06UG009			0		2.0				115	半			Plants and Human Life			1120			0	N								0			趙怡姍		三 3-4 公館 Ｓ101	植物與人生						0		通				80		1	A3	
	GU						0	0.00		通識		06UG018			3		2.0				115	半			Brain Science in Learning and Daily Life </br>[ Program: The Inter-disciplinary Program of STEM Innovation and Practices ]	A		1123			0	N								0			顏妙璇		一 3-4 公館 理圖003	學習與生活中的腦科學 </br>[ 學分學程：理工創新與實作學分學程 ]						0		通				75		1	A3	ZU62
	GU						0	0.00		通識		06UG018			3		2.0				115	半			Brain Science in Learning and Daily Life </br>[ Program: The Inter-disciplinary Program of STEM Innovation and Practices ]	B		1124			0	N								0			顏妙璇		一 6-7 公館 理圖003	學習與生活中的腦科學 </br>[ 學分學程：理工創新與實作學分學程 ]						0		通				75		1	A3	ZU62
	GU						9	0.09		通識		06UG021			30		2.0	Y			115	半			Life in the Universe and the Space Environments </br>[ Program: The Inter-disciplinary Program of  Astronomy and Gravitation ]			1125			0	1		是						0			橋本康弘		◎面授/同步	宇宙中的生命與太空環境 </br>[ 學分學程：天文與重力學分學程 ]						0		通				97	◎數位課程  數位課程；授權碼人數:30人。  All distance learning courses display synchronous learning and face-to-face learning time only.	1	A3	ZU61
	GU						10	0.20		通識		06UG025			0		2.0				115	半			Vehicle and Life			1126			0	N								0			張俊興		四 3-4 和平 科工學院會議室	汽車與生活						0		通				50		1	A3	
	GU						20	0.31		通識		0AUG203			0		2.0				115	半			Introduction to Music			1127			0	N					◎音樂系（學）不得選修			0			吳佩蓉		三 3-4 和平 音樂系演奏廳	音樂概論						0		通				65		1	A1	
	GU						5	0.10		通識		0AUG229			0		2.0				115	半			Love in Literature and Films			1128			0	N								0			鄭怡庭		一 6-7 和平 美601	文學、電影中的情感經驗						0		通				50		1	A1	
	GU						0	0.00		通識		0AUG402			0		2.0				115	半			Psychology </br>[ Program: The Inter-disciplinary Program of Art Education Therapy The Inter-disciplinary Program of Human Services and Social Work Credit The Inter-disciplinary Program of Strength and Conditioning The Inter-disciplinary Program of Music-assisted Guidance and Special Education ]	A		1129			0	N								0			楊諮燕		四 3-4 和平 綜509國際會議廳	心理學 </br>[ 學分學程：藝術教育治療學分學程 人群服務與社會工作學分學程 肌力與體能訓練學分學程 音樂輔導與特教學分學程 ]						0		通				50	楊諮燕	1	A2/B1	ZU36/ZU37/ZU52/ZU59
	GU						0	0.00		通識		0AUG402			0		2.0				115	半			Psychology </br>[ Program: The Inter-disciplinary Program of Art Education Therapy The Inter-disciplinary Program of Human Services and Social Work Credit The Inter-disciplinary Program of Strength and Conditioning The Inter-disciplinary Program of Music-assisted Guidance and Special Education ]	B		1130			0	N								0			郭彥廷		一 10-A 公館 Ｓ601	心理學 </br>[ 學分學程：藝術教育治療學分學程 人群服務與社會工作學分學程 肌力與體能訓練學分學程 音樂輔導與特教學分學程 ]						0		通				50	郭彥廷	1	A2/B1	ZU36/ZU37/ZU52/ZU59
	GU						0	0.00		通識		0AUG402			0		2.0				115	半			Psychology </br>[ Program: The Inter-disciplinary Program of Art Education Therapy The Inter-disciplinary Program of Human Services and Social Work Credit The Inter-disciplinary Program of Strength and Conditioning The Inter-disciplinary Program of Music-assisted Guidance and Special Education ]	C		1131			0	N								0			郭彥廷		三 10-A 公館 Ｓ601	心理學 </br>[ 學分學程：藝術教育治療學分學程 人群服務與社會工作學分學程 肌力與體能訓練學分學程 音樂輔導與特教學分學程 ]						0		通				50	郭彥廷	1	A2/B1	ZU36/ZU37/ZU52/ZU59
	GU						0	0.00		通識		0AUG402			0		2.0				115	半			Psychology </br>[ Program: The Inter-disciplinary Program of Art Education Therapy The Inter-disciplinary Program of Human Services and Social Work Credit The Inter-disciplinary Program of Strength and Conditioning The Inter-disciplinary Program of Music-assisted Guidance and Special Education ]	D		1132			0	N								0			郭彥廷		五 10-A 公館 Ｓ501	心理學 </br>[ 學分學程：藝術教育治療學分學程 人群服務與社會工作學分學程 肌力與體能訓練學分學程 音樂輔導與特教學分學程 ]						0		通				50	郭彥廷	1	A2/B1	ZU36/ZU37/ZU52/ZU59
	GU						0	0.00		通識		0AUG408			0		2.0				115	半			Health and Life			1133			0	N								0			黃玫瑄		四 3-4 和平 綜210展覽廳	健康與生活						0		通				60		1	A3	
	GU						0	0.00		通識		0AUG442			0		2.0				115	半			The Bible and Human Life			1134			0	N		是						0			范俊銘		一 C-D 公館 Ｓ204	聖經與人生						0		通				50	范俊銘	1	A1	
	GU						10	0.06		通識		0AUG462			0		2.0				115	半			Personal Finance			1135			0	N								0			朱文增		三 3-4 和平 綜210展覽廳	個人投資理財						0		通				170		1	A2	
	GU						10	0.20		通識		0AUG463			0		2.0				115	半			Leisure in Our Daily Life </br>[ Program: The Inter-disciplinary Program of Strength and Conditioning ]			1136			0	N								0			李晶		三 3-4 公館 理圖003	休閒與生活 </br>[ 學分學程：肌力與體能訓練學分學程 ]						0		通				50		1	A2	ZU52
	GU						10	0.20		通識		0HUG011			1		2.0				115	半			Academic Writing	A		1137			0	N								0			謝秀卉		二 3-4 公館 Ｓ601	學術寫作						0		通				50		1	A1	
	GU						9	0.09		通識		0HUG210			0		2.0				115	半			Introduction to Southern Min Chinese	A		1138			0	N					◎國文系（學）不得選修			0			林香薇		一 3-4 和平 綜202演講廳	閩南語概論						0		通				100		1	A1	
	GU						0	0.00		通識		0HUG210			0		2.0				115	半			Introduction to Southern Min Chinese	B		1139			0	N								0			魏俊陽		三 9-10 公館 Ｅ101	閩南語概論						0		通				50	本課程授課為全臺灣台語授課進行為主。魏俊陽	1	A1	
	GU						6	0.12		通識		0HUG253			2		2.0				115	半			Introduction to Metaverse Narrative </br>[ Program: The Inter-disciplinary Program of Metaverse Narrative ]			1140			0	N								0			羅凡晸		四 6-7 和平 教402	元宇宙敘事導論 </br>[ 學分學程：AI暨元宇宙敘事學分學程 ]						0		通				50		1	A1	ZU48
	GU						10	0.14		通識		0HUG432			0		2.0				115	半			Shakespeare			1141			0	N								0			蘇子中		二 6-7 和平 進修學院演講堂	莎士比亞的故事						0		通				70		1	A1/B2	
	GU						10	0.17		通識		0HUG501			0		2.0				115	半			Beginning Japanese	A		1142			0	N								0			張怡倩		二 3-4 公館 Ｅ202	日語（一）						0		通				60	1.日語母語者不可修本課程  2.不接受旁聽  3.只限三校聯盟選課。張怡倩	1	A1	
	GU						10	0.17		通識		0HUG501			0		2.0				115	半			Beginning Japanese	B		1143			0	N								0			張怡倩		二 6-7 公館 Ｅ202	日語（一）						0		通				60	1.日語母語者不可修本課程  2.不接受旁聽  3.只限三校聯盟選課。張怡倩	1	A1	
	GU						0	0.00		通識		0HUG501			0		2.0				115	半			Beginning Japanese	C		1144			0	N								0			許菁娟		一 8-9 公館 Ｓ602	日語（一）						0		通				50	(1)日語為母語者不可選課。(2)本課程不開放授權碼，亦不簽停修單。許菁娟	1	A1	
	GU						0	0.00		通識		0HUG501			0		2.0				115	半			Beginning Japanese	D		1145			0	N								0			許菁娟		三 6-7 公館 Ｅ301	日語（一）						0		通				50	(1)日語為母語者不可選課。(2)本課程不開放授權碼，亦不簽停修單。許菁娟	1	A1	
	GU						0	0.00		通識		0HUG501			0		2.0				115	半			Beginning Japanese	E		1146			0	N								0			簡嘉菁		五 3-4 和平 綜509國際會議廳	日語（一）						0		通				50	(1)日語為母語者不可選課。(2)本課程不開放授權碼。僅限三校聯盟學生旁聽 (需來信詢問)。簡嘉菁，希望能排在本部教室有支援國文系日語學程課程。	1	A1	
	GU						5	0.10		通識		0HUG502			0		2.0				115	半			French (I) </br>[ Program: The Inter-disciplinary Program of International Relations and Diplomacy ]			1147			0	N								0			李曉芸		三 6-7 公館 Ｂ102	法語（一） </br>[ 學分學程：國際關係與外交學分學程 ]						0		通				50	學過二個月以上法語者，請勿選課。李曉芸	1	A1	ZU56
	GU						0	0.00		通識		0HUG503			0		2.0				115	半			Spanish (I) </br>[ Program: The Inter-disciplinary Program of International Relations and Diplomacy ]	A		1148			0	N								0			張乃翠		三 3-4 公館 Ｓ502	西班牙語（一） </br>[ 學分學程：國際關係與外交學分學程 ]						0		通				50	母語人士不可選課。張乃翠	1	A1	ZU56
	GU						0	0.00		通識		0HUG503			0		2.0				115	半			Spanish (I) </br>[ Program: The Inter-disciplinary Program of International Relations and Diplomacy ]	B		1149			0	N								0			張乃翠		三 6-7 公館 Ｓ502	西班牙語（一） </br>[ 學分學程：國際關係與外交學分學程 ]						0		通				50	母語人士不可選課。張乃翠	1	A1	ZU56
	GU						0	0.00		通識		0HUG506			0		2.0				115	半			Korean (I)	A		1150			0	N								0			魯水晶		二 3-4 公館 Ｓ503	韓語（一）						0		通				50	1.韓語為母語者不可選課。2.授權碼發放以大四或延畢同學為優先。魯水晶	1	A1	
	GU						0	0.00		通識		0HUG506			0		2.0				115	半			Korean (I)	B		1151			0	N								0			魯水晶		二 6-7 公館 Ｓ503	韓語（一）						0		通				50	1.韓語為母語者不可選課。2.授權碼發放以大四或延畢同學為優先。魯水晶	1	A1	
	GU						5	0.10		通識		0HUG509			0		2.0				115	半			Thai Language (I) </br>[ Program: The Inter-disciplinary Program of International Relations and Diplomacy ]	A		1152			0	N								0			譚華德		四 6-7 公館 Ｓ503	泰語（一） </br>[ 學分學程：國際關係與外交學分學程 ]						0		通				50	母語人士不可選課。譚華德	1	A1	ZU56
	GU						5	0.10		通識		0HUG509			0		2.0				115	半			Thai Language (I) </br>[ Program: The Inter-disciplinary Program of International Relations and Diplomacy ]	B		1153			0	N								0			譚華德		四 8-9 公館 Ｓ503	泰語（一） </br>[ 學分學程：國際關係與外交學分學程 ]						0		通				50	母語人士不可選課。譚華德	1	A1	ZU56
	GU						0	0.00		通識		0HUG649			0		2.0				115	半			Vietnamese (I) </br>[ Program: The Inter-disciplinary Program of International Relations and Diplomacy ]	A		1154			0	N								0			劉陳石草		三 A-B 公館 Ｓ502	越南語（一） </br>[ 學分學程：國際關係與外交學分學程 ]						0		通				50	母語人士不可選課。劉陳石草	1	A1	ZU56
	GU						0	0.00		通識		0HUG649			0		2.0				115	半			Vietnamese (I) </br>[ Program: The Inter-disciplinary Program of International Relations and Diplomacy ]	B		1155			0	N								0			劉陳石草		四 A-B 公館 Ｓ501	越南語（一） </br>[ 學分學程：國際關係與外交學分學程 ]						0		通				50	母語人士不可選課。劉陳石草	1	A1	ZU56
	GU						10	0.17		通識		0HUG652			0		2.0				115	半			Japanese (II)	A		1156			0	N								0			張怡倩		二 8-9 公館 理圖001	日語（二）						0		通				60	1.日語母語者不可修本課程  2.不接受旁聽  3.只限三校聯盟選課。張怡倩	1	A1	
	GU						0	0.00		通識		0HUG652			0		2.0				115	半			Japanese (II)	B		1157			0	N								0			許菁娟		三 8-9 公館 Ｅ301	日語（二）						0		通				50	(1)日語為母語者不可選課。(2)本課程不開放授權碼，亦不簽停修單。許菁娟	1	A1	
	GU						0	0.00		通識		0HUG655			0		2.0				115	半			Malay Language (I)	A		1158			0	N								0			陳際宇		一 A-B 公館 Ｓ202	馬來語 （一）						0		通				50	馬來西亞籍及印尼籍同學不得修習與旁聽。旁聽者需提前知會講師。陳際宇	1	A1	
	GU						0	0.00		通識		0HUG655			0		2.0				115	半			Malay Language (I)	B		1159			0	N								0			陳際宇		二 A-B 公館 Ｓ102	馬來語 （一）						0		通				50	馬來西亞籍及印尼籍同學不得修習與旁聽。旁聽者需提前知會講師。陳際宇	1	A1	
	GU						25	0.00		通識		0NUG245			0		2.0				115	半			Human and Natural Sciences </br>[ Program: The EMI Inter-disciplinary Program of Environmental Humanities ]			1160			0	N		是						0			葉孟宛		三 3-4 公館 Ｓ307	人類與自然資源 </br>[ 學分學程：環境人文全英語學分學程 ]						0		通				0	◎全授權碼課程    國際線上課程，與日本關西大學合開，需同時上網，考量頻寬問題，故予以限修人數。需配合日本課程時間，於１０：１０分開始上課。自備電腦。全班以申請方式給授權碼，跟教師申請後才會獲得授權碼進入課程。臺灣大學系統學生如要修課請跟老師索取授權碼。	1	A3	ZU38
	GU						10	0.10		通識		0NUG246			0		2.0				115	半			Physiological Psychology </br>[ Program: The Inter-disciplinary Program of Music-assisted Guidance and Special Education ]	A		1161			0	N								0			呂國棟		三 3-4 公館 Ｅ102	生理心理學 </br>[ 學分學程：音樂輔導與特教學分學程 ]						0		通				100		1	A3	ZU59
	GU						10	0.20		通識		0NUG246			0		2.0				115	半			Physiological Psychology </br>[ Program: The Inter-disciplinary Program of Music-assisted Guidance and Special Education ]	B		1162			0	N								0			呂國棟		五 3-4 公館 Ｂ103	生理心理學 </br>[ 學分學程：音樂輔導與特教學分學程 ]						0		通				50		1	A3	ZU59
	GU						22	0.28		通識		0NUG253			0		2.0				115	半			3 D Printing and Innovative Applications			1163			0	N								0			沈林琥		三 3-4 公館 Ｅ101	３Ｄ列印與創新應用						0		通				80		1	A3	
	GU						0	0.00		通識		0SUG514			5		2.0				115	半			Exploration of Museum			1164			0	N								0			黃玫瑄		三 6-7 和平 教202會議廳	博物館探索						0		通				60		1	A2	
	GU						28	0.40		通識		0SUG523			0		2.0				115	半			Lectures on General Education			1165			0	N								0			吳忠信 方偉達		三 3-4 和平 綜202演講廳	通識教育講座						0		通				70		1	A2	
	GU						10	0.20		通識		0SUG526			0		2.0				115	半			Introduction to University Studies	A		1166			0	N					◎限大一修習◎限教育系（學）選修			0			陳伊琳		三 3-4 和平 工501(TA501)	大學入門						0		通				50	備註 : 非大一、非教育學系學生請先取得授課教師同意，並以授權碼方式加選。	1	B3	
	GU						10	0.20		通識		0SUG526			0		2.0				115	半			Introduction to University Studies	B		1167			0	N					◎限大一修習◎限心輔系（學）選修			0			鄭曉楓		三 9-10 和平 教602	大學入門						0		通				50	限心輔系（學）選修，非大一、非心輔系學生請先取得授課教師同意，並以授權碼方式加選。	1	B3	
	GU						3	0.09		通識		0SUG526			0		2.0				115	半			Introduction to University Studies	C		1168			0	N					◎限大一修習◎限社教系（學）選修			0			徐敏雄		三 3-4 和平 TA512	大學入門						0		通				33	非大一、非社教系的學生請先取得授課教師同意，並以授權碼方式加選。	1	B3	
	GU						3	0.08		通識		0SUG526			0		2.0				115	半			Introduction to University Studies	D		1169			0	N					◎限大一修習◎限衛教系（學）選修			0			張家臻		三 3-4 和平 美202	大學入門						0		通				37	限衛教系(學)選修 非大一、非衛教系的學生請先取得授課教師同意，並以授權碼方式加選。	1	B3	
	GU						10	0.20		通識		0SUG526			0		2.0				115	半			Introduction to University Studies	E		1170			0	N					◎限大一修習◎限幼家科學系（學）選修			0			吳志文		三 3-4 和平 美601	大學入門						0		通				50	限幼家科學系家庭組(學)選修 非大一、非幼家科學系家庭組的學生請先取得授課教師同意，並以授權碼方式加選。	1	B3	
	GU						9	0.10		通識		0SUG526			0		2.0				115	半			Introduction to University Studies	F		1171			0	N					◎限大一修習◎限公領系（學）選修			0			王伯宇		一 3-4 和平 進修學院演講堂	大學入門						0		通				90	非大一、非公領系學生請先取得授課教師同意，並以授權碼方式加選。	1	B3	
	GU						10	0.20		通識		0SUG526			0		2.0				115	半			Introduction to University Studies	G		1172			0	N					◎限大一修習◎限特教系（學）選修			0			王慧婷		三 3-4 和平 特114視聽室	大學入門						0		通				50	限特教系(學)選修，非大一、非特教系的學生請先取得授課教師同意，並以授權碼方式加選。	1	B3	
	GU						3	0.12		通識		0SUG526			0		2.0				115	半			Introduction to University Studies	H		1173			0	N					◎限大一大二修習◎限學習科學學位學程（學）選修			0			林宗進		三 3-4 和平 進309	大學入門						0		通				25	限學習科學學位學程（學）選修，非學習科學學士學位學程大一二的學生請先取得授課教師同意，並以授權碼方式加選。	1	B3	
	GU						10	0.20		通識		0SUG526			0		2.0				115	半			Introduction to University Studies	I		1174			0	N		是			◎限大一修習◎限教院學士班（學）選修			0			郭晏輔		三 6-7 和平 金牌講堂	大學入門						0		通				50	限教育學院學士班（學）選修，非大一、非本班的學生，請先取得授課教師同意，並以授權碼方式加選。	1	B3	
	GU						3	0.08		通識		0SUG526			0		2.0				115	半			Introduction to University Studies	J		1175			0	N					◎限大一修習◎限幼家科學系（學）選修			0			吳怡萱		三 3-4 和平 進306	大學入門						0		通				37	限幼家科學系幼教組(學)選修 非大一、非幼家科學系幼教組的學生請先取得授課教師同意，並以授權碼方式加選。	1	B3	
	GU						10	0.20		通識		0SUG528			0		2.0				115	半			Education in Taiwan	A		1176			0	N								0			張民杰 吳淑禎 葉明芬		三 6-7 公館 Ｂ103	臺灣教育						0		通				50		1	A2	
	GU						10	0.20		通識		0SUG528			0		2.0				115	半			Education in Taiwan	B		1177			0	N								0			葉怡芬 徐秀婕 柯琦		三 6-7 公館 Ｅ101	臺灣教育						0		通				50		1	A2	
	GU						10	0.13		通識		0SUG531			0		2.0				115	半			Introduction to University Studies	A		1178			0	N					◎限大一修習◎限國文系（學）選修			0			胡衍南		一 3-4 和平 綜210展覽廳	大學入門						0		通				80	限國文學系(學)選修，非大一、非國文學系學生請先取得授課教師同意，並以授權碼方式加選。	1	B3	
	GU						5	0.08		通識		0SUG531			0		2.0				115	半			Introduction to University Studies	B		1179			0	N					◎限大一修習◎限英語系（學）選修			0			許月貴		五 3-4 和平 美術館601	大學入門						0		通				60	限英語系(學)選修，非大一、非英語系學生請先取得授課教師同意，並以授權碼方式加選。	1	B3	
	GU						10	0.20		通識		0SUG531			0		2.0				115	半			Introduction to University Studies	C		1180			0	N					◎限大一修習◎限歷史系（學）選修			0			陳昭揚		三 3-4 和平 美術館601	大學入門						0		通				50	非大一、非歷史系的學生請先取得授課教師同意，並以授權碼方式加選。	1	B3	
	GU						3	0.07		通識		0SUG531			0		2.0				115	半			Introduction to University Studies	D		1181			0	N					◎限大一修習◎限地理系（學）選修			0			李宗祐		三 3-4 和平 科技系TC411教室	大學入門						0		通				45	部分週次與E組共同上課；非大一、非地理系的學生請先取得授課教師同意，並以授權碼方式加選。	1	B3	
	GU						3	0.08		通識		0SUG531			0		2.0				115	半			Introduction to University Studies	E		1182			0	N					◎限大一修習◎限地理系（學）選修			0			洪立三		三 3-4 和平 進305	大學入門						0		通				37	部分週次與D組共同上課；非大一、非地理系的學生請先取得授課教師同意，並以授權碼方式加選。	1	B3	
	GU						10	0.20		通識		0SUG531			0		2.0				115	半			Introduction to University Studies	F		1183			0	N					◎限臺文系（學）選修			0			許慧如		五 3-4 和平 進308	大學入門						0		通				50	限台文系修習，非台文系的學生請先取得授課教師同意，並以授權碼方式加選。	1	B3	
	GU						9	0.10		通識		0SUG532			0		2.0				115	半			Introduction to University Studies	A		1185			0	N					◎限大一修習◎限數學系（學）選修			0			楊青育		三 3-4 公館 Ｂ103	大學入門						0		通				90	限數學系（學）選修；非大一、非數學系的學生請先取得授課教師同意，並以授權碼方式加選。	1	B3	
	GU						10	0.20		通識		0SUG532			0		2.0				115	半			Introduction to University Studies	B		1186			0	N					◎限大一修習◎限物理系（學）選修			0			陸亭樺		三 3-4 公館 Ｅ201	大學入門						0		通				50	限物理系大一新生選修	1	B3	
	GU						9	0.10		通識		0SUG532			0		2.0				115	半			Introduction to University Studies	C		1187			0	N					◎限大一修習◎限化學系（學）選修			0			李祐慈		三 3-4 公館 Ｅ302	大學入門						0		通				90	限化學系(學)選修，非大一、非化學系學生請先取得授課教師同意，並以授權碼方式加選。	1	B3	
	GU						10	0.17		通識		0SUG532			0		2.0				115	半			Introduction to University Studies	D		1188			0	N					◎限大一修習◎限生科系（學）選修			0			賴韻如		三 3-4 公館 Ｅ301	大學入門						0		通				60	限生科系(學)選修，非大一、非生科系學生請先取得授課教師同意，並以授權碼方式加選。	1	B3	
	GU						10	0.20		通識		0SUG532			0		2.0				115	半			Introduction to University Studies	E		1189			0	N					◎限大一修習◎限地科系（學）選修			0			曾瑋玲		三 3-4 公館 Ｓ404	大學入門						0		通				50	限地科系；非大一、非本系的學生請先取得授課教師同意，並以授權碼方式加選。	1	B3	
	GU						10	0.20		通識		0SUG532			0		2.0				115	半			Introduction to University Studies	F		1190			0	N					◎限大一修習◎限資工系（學）選修			0			蔣宗哲		二 6-7 公館 綜合館3F國際會議廳	大學入門						0		通				50	限資工系(學)選修，非大一、非資工系學生請先取得授課教師同意，並以授權碼方式加選。	1	B3	
	GU						10	0.20		通識		0SUG532			0		2.0				115	半			Introduction to University Studies	G		1191			0	N					◎限大一修習◎限營養學位學程（學）選修			0			葉宛儒		三 3-4 公館 Ｓ403	大學入門						0		通				50	限營養學程學生選修，非大一、非營養學程學生請先取得授課教師同意，並以授權碼方式加選。	1	B3	
	GU						0	0.00		通識		0SUG533			0		2.0				115	半			Introduction to University Studies	D		1192			0	N					◎限大一修習◎限機電系（學）選修			0			程金保		三 3-4 和平 機202會議室	大學入門						0		通				55	限機電工程學系	1	B3	
	GU						10	0.20		通識		0SUG533			0		2.0				115	半			Introduction to University Studies	F		1193			0	N					◎限車能學位學程（學）選修			0			林煜軒 王文豫		三 3-4 和平 汽車工場B101	大學入門						0		通				50	限車能學程	1	B3	
	GU						10	0.20		通識		0SUG534			0		2.0				115	半			Introduction to University Studies	A		1194			0	N					◎限大一修習◎限體育系（學）選修			0			掌慶維		三 8-9 和平 金牌講堂	大學入門						0		通				50	非大一、非體育系的學生請先取得授課教師同意，並以授權碼方式加選。	1	B3	
	GU						10	0.20		通識		0SUG534			0		2.0				115	半			Introduction to University Studies	B		1195			0	N					◎限大一修習◎限體育系（學）選修			0			徐孟達		三 8-9 和平 體育館一2樓會議室	大學入門						0		通				50	非大一、非體育系的學生請先取得授課教師同意，並以授權碼方式加選。	1	B3	
	GU						10	0.20		通識		0SUG534			0		2.0				115	半			Introduction to University Studies	C		1196			0	N					◎限大一修習◎限競技系（學）選修			0			張恩崇		四 1-2 公館 理圖002	大學入門						0		通				50	非大一、非競技系的學生請先取得授課教師同意，並以授權碼方式加選。	1	B3	
	GU						10	0.20		通識		0SUG535			0		2.0				115	半			Introduction to University Studies	A		1197			0	N					◎限大一修習◎限美術系（學）選修			0			莊連東		四 6-7 和平 美101	大學入門						0		通				50	限美術學系(水墨畫組)選修，非大一、非美術學系水墨畫組學生請先取得授課教師同意，並以授權碼方式加選。	1	B3	
	GU						10	0.20		通識		0SUG535			0		2.0				115	半			Introduction to University Studies	B		1198			0	N					◎限大一修習◎限美術系（學）選修			0			黃進龍		四 6-7 和平 美601	大學入門						0		通				50	限美術學系(繪畫組)選修，非大一、非美術學系繪畫組學生請先取得授課教師同意，並以授權碼方式加選。	1	B3	
	GU						10	0.20		通識		0SUG535			0		2.0				115	半			Introduction to University Studies	C		1199			0	N					◎限大一修習◎限設計系（學）選修			0			黃莉庭		三 8-9 和平 設計系2A教室	大學入門						0		通				50	限設計系(學)選修，非大一、非設計系學生請先取得授課教師同意，並以授權碼方式加選。	1	B3	
	GU						10	0.20		通識		0SUG536			0		2.0				115	半			Introduction to University Studies	A		1200			0	N					◎限大一修習◎限音樂系（學）選修			0			吳佩蓉		二 3-4 和平 綜202演講廳	大學入門						0		通				50	限音樂系修習。	1	B3	
	GU						10	0.20		通識		0SUG536			0		2.0				115	半			Introduction to University Studies	B		1201			0	N					◎限大一修習◎限表藝系（學）選修			0			張洪誠		一 5-6 和平 表藝中心	大學入門						0		通				50	限表演藝術學士學位學程，非表演藝術學士學位學程學生請先取得授課教師同意，並以授權碼方式加選。	1	B3	
	GU						10	0.20		通識		0SUG537			0		2.0				115	半			Introduction to University Studies	A		1202			0	N					◎限企管系（學）選修			0			黃浩霆		三 3-4 和平 美101	大學入門						0		通				50	中文授課/企管系中文組學生請選修大學入門A班	1	B3	
	GU						10	0.20		通識		0SUG537			0		2.0				115	半			Introduction to University Studies	B		1203			0	N		是			◎限企管系（學）選修			0			黃浩霆		一 A-B 和平 教103	大學入門						0		通				50	英文授課/企管系英文組學生請選修大學入門B班	1	B3	
	GU						3	0.07		通識		0SUG538			0		2.0				115	半			Introduction to University Studies	A		1204			0	N					◎限東亞系（學）選修			0			林昌平		一 9-10 和平 教202會議廳	大學入門						0		通				42	限東亞系修習。中文授課	1	B3	
	GU						5	0.10		通識		0SUG538			0		2.0				115	半			Introduction to University Studies	B		1205			0	N					◎限大一修習◎限華語系（學）「國際華語與文化組」選修			0			吳馥如		三 1-2 和平 博413	大學入門						0		通				50	限華語系（學）「國際華語與文化組」選修 非大一、非本組的學生請先取得授課教師同意，並以授權碼方式加選。中文授課。	1	B3	
	GU						3	0.09		通識		0SUG538			0		2.0				115	半			Introduction to University Studies	D		1206			0	N		是			◎限大一修習◎限全球研究學位學程（學）選修			0			鄭怡庭		一 9-10 和平 美405	大學入門						0		通				32	本課程限大一且為全球學士學位學程學生選修，其他學生請先取得授課教師同意，並以授權碼加選。	1	B3	
	GU						50	0.00		通識		0SUG539			0		2.0				115	半			Self-Directed Learning: Inquiry Study			1207			0	N					允許重複修			0			聶西平		三 A-B 和平 教802	自主學習：專題探究						0		通				0	計畫：從幼兒與家庭科學觀點看厭兒氛圍、親職壓力與幼兒發展 。	1	C1	
	GU						36	0.00		通識		0SUG542			0		2.0				115	半			Self-Directed Learning: Guided Study	A		1208			0	N								0			方偉達		三 A-B 公館 Ｓ505	自主學習：自主探究						0		通				0	本課程採全授權碼選課，自115年6月15日起受理申請。申請者須於開學前（115年8月21日前）繳交自主學習計畫書，逾期不予受理。授課教師將於開學前一週通知審核結果，審核通過者於開學第一週發放授權碼。計畫書請寄送至 m.tsai@ntnu.edu.tw。	1	C1	
	GU						18	0.00		通識		0SUG542			0		2.0				115	半			Self-Directed Learning: Guided Study	B		1209			0	N								0			釋見見		四 8-9 和平 綜602	自主學習：自主探究						0		通				0	釋見見。本課程為全授權碼選課，115/6/15起即受理申請，繳交計畫期限為開學前1個月(115/8/7前)，於開學前一周通知申請學生審核結果，通過者於開學第一周發放授權碼。逾期不予受理。計畫書請email 至jianjianct@gmail.com及m.tsai@ntnu.edu.tw 。	1	C1	
	H						10	0.40		科技學院		H5M0001			0		4.0				115	半			Independent Study			1210			0	N		是						0			洪翊軒		六 0-3 和平 教室自排	專題研究						0		必				50		1		
	HD70						10	0.20		工教系（博）		IED0016			0		3.0				115	半			Courseware Design in Multi-media			1211			0	N					◎課程開放上修			0			郭金國		一 6-8 和平 鑄造場	電腦多媒體教材設計研究						0		選				50		1		
	HD70						10	0.20		工教系（博）		IED0064			0		2.0				115	半			Special Topics in Technical Vocational Education in European and American Countries			1212			0	N		是			◎課程開放上修			0			宋修德		一 6-7 和平 研討三	歐美地區技職教育專題						0		選				50		1		
	HD70						10	0.20		工教系（博）		IED0075			0		2.0				115	半			Philosophy of Technological and Vocational Education			1213			0	N		是			◎課程開放上修			0			胡茹萍		二 2-3 和平 研討四	技職教育哲學						0		必				50		1		
	HD70						10	0.20		工教系（博）		IED0106			0		2.0				115	半			Industry-academy Cooperation in Technological and Vocational Education			1214			0	N					◎課程開放上修			0			曾璧光		一 3-4 和平 研討四	技職教育產學合作						0		選				50		1		
	HD70						10	0.20		工教系（博）		IED0111			0		1.0				115	半			Seminar (III)			1215			0	N		是			◎必須先修過【IED0117  書報討論（一）】 ◎課程開放上修			0			胡茹萍		二 4 和平 研討三	書報討論（三）						0		必				50		1		
	HD70						10	0.20		工教系（博）		IED0117			0		1.0				115	半			Seminar (I)			1216			0	N		是			◎課程開放上修			0			曾璧光		一 2 和平 研討三	書報討論（一）						0		必				50		1		
	HD70						10	0.20		工教系（博）		IED0123			3		2.0				115	半			Special Topics in Teaching Methods of Technical-Vocational Education			1217			0	N		是			◎課程開放上修			0			詹育		二 6-7 和平 研討四	技職教育教學法專題研究						0		選				50		1		
	HD70						10	0.20		工教系（博）		IED0128			0		2.0				115	半			Studies in Assessment of Technological Vocational Education			1218			0	N		是			◎課程開放上修			0			李懿芳		二 8-9 和平 研討三	技職教育評鑑專題研究						0		選				50		1		
	HD71						5	0.17		科技系（博）		ITD0022			3		3.0				115	半			Special Topics in Strategic Human Resource Development			1219			0	N					◎限本系(含雙主修)修習 ◎課程不開放上修			0			陳怡靜		四 2-4 和平 科技系TB211教室	策略性人力資源發展專題研究						0		選				30		1		
	HD71						3	0.10		科技系（博）		ITD0043			5		3.0				115	半			Special Topics on Technology and Engineering Teacher Education			1220			0	N					◎限本系(含雙主修)修習 ◎課程不開放上修			0			林坤誼		四 2-4 和平 科技系TA513教室	科技與工程師資教育專題研究						0		選				30		1		
	HD71						3	0.10		科技系（博）		ITD0045			0		3.0				115	半			Special Topics on Network Application in Technology and Engineering Education			1221			0	N					◎限本系(含雙主修)修習 ◎課程開放上修			0			丁玉良		五 7-9 和平 科技系TB211教室	網路在科技與工程教育之應用專題研究						0		選				30		1		
	HM70						10	0.20		工教系（碩）		IEM0001			0		2.0				115	半			Educational Statistics			1222			0	N					◎課程開放上修			0			李懿芳		二 6-7 和平 研討六	教育統計學						0		必				50		1		
	HM70						10	0.20		工教系（碩）		IEM0002			0		2.0				115	半			Research Methods in Industrial Education (I)			1223			0	N					◎課程開放上修			0			詹育		二 3-4 和平 研討二	工業教育研究法（一）						0		必				50		1		
	HM70						10	0.20		工教系（碩）		IEM0004			0		1.0				115	半			Seminar on Vocational Technical (I)			1224			0	N					◎課程開放上修			0			詹育		三 7 和平 研討六	書報討論－技職教育（一）						0		必				50		1		
	HM70						10	0.20		工教系（碩）		IEM0193			0		3.0				115	半			Engineering Material			1225			0	N					◎課程開放上修			0			郭金國		五 6-8 和平 研討六	工程材料研究						0		選				50		1		
	HM70						10	0.20		工教系（碩）		IEM0334			0	是	1.0				115	半	蘇友珊		Enterprise Practice			1226			0	N					◎課程開放上修			0			蘇友珊		三 1-2 和平 研討六	企業實習						0		選				50		1		
	HM70						10	0.20		工教系（碩）		IEM0377			0		1.0				115	半			Seminar on Vocational Technical  (III)			1227			0	N					◎課程開放上修			0			曾璧光		三 8 和平 研討六	書報討論－技職教育（三）						0		必				50		1		
	HM70						10	0.20		工教系（碩）		IEM0387			0		1.0				115	半			Seminar on Technological Application Management(III)			1228			0	N					◎課程開放上修			0			蘇友珊		三 8 和平 研討二	書報討論－科技應用管理（三）						0		必				50		1		
	HM70						10	0.20		工教系（碩）		IEM0395			0		1.0				115	半			Seminar on Technological Application Management(I)			1229			0	N					◎課程開放上修			0			蘇友珊		三 7 和平 研討二	書報討論－科技應用管理（一）						0		必				50		1		
	HM70						10	0.20		工教系（碩）		IEM0404			0		2.0				115	半			Technical-Vocational Education Administration and Supervision			1230			0	N					◎課程開放上修			0			曾璧光		一 8-9 和平 研討二	技職教育行政與視導研究						0		選				50		1		
	HM70						10	0.20		工教系（碩）		IEM0408			0		2.0				115	半			Test and Measurement Assessment of Technical-Vocational Education			1231			0	N					◎課程開放上修			0			吳明振		三 9-10 和平 研討六	技職教育測驗與評量研究						0		選				50		1		
	HM70						10	0.20		工教系（碩）		IEM0412			0		2.0				115	半			Technical-Vocational Education Law			1232			0	N					◎課程開放上修			0			胡茹萍		二 7-8 和平 研討二	技職教育法規研究						0		選				50		1		
	HM70						10	0.20		工教系（碩）		IEC0003			0		2.0				115	半			Studies in Learning Theory of Technological and Vocational Education			1233			0	N		是	8		◎課程開放上修			0			宋修德	碩博	一 8-9 和平 研討四	技職教育學習理論研究						0		選				50		1		
	HM70						10	0.20		工教系（碩）		IEC0021			0		2.0				115	半			Strategic Management			1234			0	N			8		◎課程開放上修			0			蘇友珊	碩博	一 3-4 和平 研討二	策略管理						0		必				50		1		
	HM70						10	0.20		工教系（碩）		IEC8011			0		3.0				115	半			New Product Planning and Analysis			1235			0	N			8		◎課程開放上修			0			周明	碩博	五 A-C 和平 研討二	新產品企劃與分析						0		選				50		1		
	HM70						10	0.20		工教系（碩）		IEC8012			0		2.0				115	半			A Research on Applying Artificial Intelligence on Technological and Vocational Education			1236			0	N			8		◎課程開放上修			0			周明	碩博	一 A-B 和平 研討二	人工智慧在技職教育的應用研究						0		選				50		1		
	HM70						10	0.20		工教系（碩）		IEC8013			0		3.0				115	半			Special Topics in Digitalized Learning of Technical-Vocational Education			1237			0	N			8		◎課程開放上修			0			周明	碩博	四 A-C 和平 研討三	技職教育數位化學習專題研究						0		選				50		1		
	HM70						10	0.20		工教系（碩）		IEC8018			0		2.0				115	半			Innovation Management			1238			0	N			8		◎課程開放上修			0			蘇友珊	碩博	一 5-6 和平 研討六	創新管理						0		必				50		1		
	HM71						5	0.17		科技系（碩）		ITM0062			0		3.0				115	半			Study in Human Performance Technology			1239			0	N					◎限本系(含雙主修)修習 ◎課程不開放上修			0			嚴萬軒		一 7-9 和平 科技系TA513教室	人力績效科技研究						0		選				30		1		
	HM71						5	0.17		科技系（碩）		ITM0066			3		3.0				115	半			Instructional strategies in Web-based Instruction			1240			0	N					◎限本系(含雙主修)修習 ◎課程開放上修			0			嚴萬軒		三 2-4 和平 科技系TA509教室	網路教學策略研究						0		選				30		1		
	HM71						5	0.17		科技系（碩）		ITM0095			0		3.0				115	半			Studies in Development & Evaluation for Technology and Engineering Curriculum			1241			0	N					◎限本系(含雙主修)修習 ◎課程開放上修			0			游光昭		二 2-4 和平 科技系TB211教室	科技與工程課程發展及評鑑研究						0		選				30		1		
	HM71						5	0.17		科技系（碩）		ITM0096			5		3.0				115	半			Studies in Strategies for Technology and Engineering Instruction			1242			0	N					◎限本系(含雙主修)修習 ◎課程開放上修			0			林坤誼		三 2-4 和平 科技系TB211教室	科技與工程教學策略研究						0		選				30		1		
	HM71						0	0.00		科技系（碩）		ITM0098			0		3.0				115	半			Studies in Technology and Engineering Education in High Schools			1243			0	N					◎限本系(含雙主修)修習 ◎課程開放上修			0			林弘昌		一 2-4 和平 科技系TC501教室	中學科技與工程教育研究						0		選				30		1		
	HM71						5	0.17		科技系（碩）		ITM0100			3		3.0				115	半			Studies in Human Resource Management			1244			0	N					◎限本系(含雙主修)修習 ◎課程不開放上修			0			陳怡靜		四 7-9 和平 科技系TA513教室	人力資源管理研究						0		選				30		1		
	HM71						5	0.17		科技系（碩）		ITC8002			2		3.0				115	半			Academic Writing for Educational Technology Research			1245			0	N		是	8		◎限本系(含雙主修)修習  ◎限碩一碩二碩三以上◎限博一博二博三博四博五以上修習 ◎課程不開放上修			0			許庭嘉	碩博	二 7-9 和平 科技系TA513教室	科技英文論文寫作						0		選				30		1		
	HM71						10	0.33		科技系（碩）		ITM0085			0		3.0				115	半			Research Methods (I)			1246			0	N					◎限本系(含雙主修)修習 ◎課程不開放上修			0			陳怡靜		五 2-4 和平 科技系TB211教室	研究方法（一）	一			1		0		必				30		1		
	HM71						5	0.17		科技系（碩）		ITM0083			0		2.0				115	半			Seminar (I)			1247			0	N					◎限本系(含雙主修)修習 ◎課程不開放上修			0			張敬珣		三 7-8 和平 科技系TB211教室	書報討論（一）	二			2		0		必				30		1		
	HM72						10	0.33		圖傳系（碩）		GCM0006			0		2.0				115	半			Foundations of Color Reproduction			1248			0	N					◎限本系(含雙主修)修習 ◎課程不開放上修			0			羅梅君		五 A-B 和平 新媒體專業教室	彩色複製方法論	一			1		0		選				30		1		
	HM72						10	0.33		圖傳系（碩）		GCM0012			0		3.0				115	半			Production Management for Graphic Arts Media			1249			0	N					◎限本系(含雙主修)修習 ◎課程不開放上修			0			廖信		二 8-10 和平 視聽教室	平面媒體生產管理論	一			1		0		選				30		1		
	HM72						3	0.11		圖傳系（碩）		GCM0075			0		3.0				115	半			Digital Image Processing </br>[ Program: The Inter-disciplinary Program of Metaverse Narrative The Inter-disciplinary Program of AI Digital Art ]			1250			0	N					◎限本系(含雙主修)修習 ◎課程不開放上修			0			王希俊		五 7-9 和平 教404	數位影像處理 </br>[ 學分學程：AI暨元宇宙敘事學分學程 AI與數位藝術學分學程 ]	一			1		0		選				27		1		ZU48/ZU63
	HM72						10	0.33		圖傳系（碩）		GCM0091			0		3.0				115	半			Multimedia Application in Contemporary Art			1251			0	N					◎限本系(含雙主修)修習 ◎課程不開放上修			0			陳明秀		五 4-6 和平 綜701	當代藝術多媒體應用研究	一			1		0		選				30		1		
	HM72						10	0.33		圖傳系（碩）		GCM0109			0		3.0				115	半			Tv / Film Theories and Qualitative Analysis			1252			0	N					◎限本系(含雙主修)修習 ◎課程不開放上修			0			劉立行		二 A-C 和平 新媒體專業教室	影視理論與質化研究	一			1		0		選				30		1		
	HM72						10	0.33		圖傳系（碩）		GCM0111			0		2.0				115	半			Seminar (I)			1253			0	N					◎限本系(含雙主修)修習 ◎課程不開放上修			0			王希俊		四 7-8 和平 綜701	書報討論（一）	一			1		0		必				30		1		
	HM72						10	0.33		圖傳系（碩）		GCM0112			0		3.0				115	半			Animation Aesthetics and History			1254			0	N					◎限本系(含雙主修)修習 ◎課程不開放上修			0			張晏榕		一 8-10 和平 新媒體專業教室	動畫美學與歷史	一			1		0		選				30		1		
	HM72						10	0.33		圖傳系（碩）		GCM0114			0		3.0				115	半			Research Methods			1255			0	N					◎限本系(含雙主修)修習 ◎課程不開放上修			0			楊美雪		四 2-4 和平 綜701	研究方法	一			1		0		必				30		1		
	HM72						10	0.33		圖傳系（碩）		GCM0017			0		3.0				115	半			Printing Appropriateness Technique			1256			0	N					◎限本系(含雙主修)修習  ◎限碩二碩三以上修習 ◎課程不開放上修			0			廖信		一 2-4 和平 視聽教室	圖像印刷適性科技	二			2		0		選				30		1		
	HM72						10	0.33		圖傳系（碩）		GCM0072			0		3.0				115	半			Strategic Planning and Management of Digital Media Industry			1257			0	N					◎限本系(含雙主修)修習  ◎限碩二碩三以上修習 ◎課程不開放上修			0			邱琪瑄		五 2-4 和平 視聽教室	數位媒體產業之策略規劃與經營	二			2		0		選				30		1		
	HM72						0	0.00		圖傳系（碩）		GCM0100			0		3.0				115	半			Internship			1258			0	N					◎限本系(含雙主修)修習  ◎限碩二碩三以上修習 ◎課程不開放上修			0			陳明秀		五 A-D 和平 綜701	校外專業實習	二			2		0		選				30	1.限本系學生選課。2.經系上及論文指導老師同意，已於暑假期間進完成校外職場實習。	1		
	HM72						10	0.33		圖傳系（碩）		GCM0103			0		3.0				115	半			State-of-the-art Pre-press/Press Technology and Applications			1259			0	N					◎限本系(含雙主修)修習  ◎限碩二碩三以上修習 ◎課程不開放上修			0			王希俊		一 7-9 和平 綜701	圖像印前及印製尖端科技應用研究	二			2		0		選				30		1		
	HM73						0	0.00		機電系（碩）		MTC8016			0		1.0				115	半			Seminar (I)			1260			0	N		是	8		允許重複修◎必須先修過【MTC8017  書報討論（二）】 ◎課程開放上修			0			莊家維	碩博	四 7 和平 科工學院會議室	書報討論（一）						0		必				60		1		
	HM73						0	0.00		機電系（碩）		MTC8017			0		1.0				115	半			Seminar (II)			1261			0	N		是	8		允許重複修◎必須先修過【MTC8016  書報討論（一）】 ◎課程開放上修			0			鄭淳護	碩博	四 8 和平 科工學院會議室	書報討論（二）						0		必				60		1		
	HM75						10	0.13		電機系（碩）		AEC8001			0	是	1.0				115	半	王嘉斌		Seminar (I)			1262			0	N		是	8		允許重複修 ◎課程開放上修			0			王嘉斌	碩博	四 3-4 和平 教室自排	書報討論（一）						0		必				80		1		
	HM75						10	0.10		電機系（碩）		AEC8002			0	是	1.0				115	半	許陳鑑		Seminar (II)			1263			0	N		是	8		允許重複修 ◎課程開放上修			0			許陳鑑	碩博	四 3-4 和平 教201演講廳	書報討論（二）						0		必				100		1		
	HM75						10	0.33		電機系（碩）		AEC8007			0		3.0				115	半			Intelligent Control </br>[ Program: The Specialization Program of Intelligent Robotics The Specialization Program of Intelligent Control ]			1264			0	N			8		◎課程開放上修			0			彭正偉	碩博	二 2-4 和平 多媒體與通訊實驗室	智慧型控制 </br>[ 學分學程：智慧型機器人專業學分學程 智慧型控制專業學分學程 ]						0		選				30		1		ZU7A/ZU7B
	HM75						10	0.33		電機系（碩）		AEC8015			5		3.0				115	半			Simultaneous Localization and Mapping for Robotics </br>[ Program: The Specialization Program of Intelligent Robotics ]			1265			0	N		是	8		◎課程開放上修			0			Saeed Saeedvand	碩博	五 2-4 和平 多媒體與通訊實驗室	機器人地圖建立與定位 </br>[ 學分學程：智慧型機器人專業學分學程 ]						0		選				30		1		ZU7A
	HM75						10	0.33		電機系（碩）		AEC8016			0		3.0				115	半			Computer Vision </br>[ Program: The Specialization Program of Intelligent Robotics ]			1266			0	N		是	8		◎課程開放上修			0			包傑奇	碩博	一 2-4 和平 多媒體與通訊實驗室	電腦視覺 </br>[ 學分學程：智慧型機器人專業學分學程 ]						0		選				30		1		ZU7A
	HM75						10	0.33		電機系（碩）		AEC8017			0		3.0				115	半			Intelligent Humanoid Robotics </br>[ Program: The Specialization Program of Intelligent Robotics ]			1267			0	N		是	8		◎課程開放上修			0			包傑奇	碩博	一 7-9 和平 多媒體與通訊實驗室	智慧型人形機器人 </br>[ 學分學程：智慧型機器人專業學分學程 ]						0		選				30		1		ZU7A
	HM75						10	0.33		電機系（碩）		AEC8019			0		3.0				115	半			Video Communication </br>[ Program: The Specialization Program of Intelligent Image Processing and Video Analysis ]			1268			0	N			8		◎課程開放上修			0			葉家宏	碩博	五 6-8 和平 TA512	視訊通訊 </br>[ 學分學程：智慧影像處理與視訊分析專業學分學程 ]						0		選				30	已改為中文授課，不認列GPE組課程。	1		ZU6Y
	HM75						10	0.20		電機系（碩）		AEC8030			0		3.0				115	半			Layout of Mixed-signal Integrated Circuits			1269			0	N			8		◎課程開放上修			0			郭建宏	碩博	一 6-8 和平 電機系電子實驗室	混合信號積體電路佈局						0		選				50		1		
	HM75						10	0.20		電機系（碩）		AEC8031			0		3.0				115	半			Radio Frequency and Microwave Integrated Circuits			1270			0	N			8		◎課程開放上修			0			蔡政翰	碩博	二 2-4 和平 電機系電子實驗室	射頻與微波積體電路						0		選				50		1		
	HM75						10	0.20		電機系（碩）		AEC8032			0		3.0				115	半			Electromagnetic Waves			1271			0	N			8		◎課程開放上修			0			王儷憲	碩博	四 9-A 和平 電機系電子實驗室	電磁波						0		選				50		1		
	HM75						10	0.33		電機系（碩）		AEC8035			0		3.0				115	半			Computer Networks </br>[ Program: The Specialization Program of Intelligent Multimedia Signals Communication Systems ]			1272			0	N			8		◎課程開放上修			0			王嘉斌	碩博	二 7-9 和平 多媒體與通訊實驗室	電腦網路 </br>[ 學分學程：智慧多媒體訊號與通訊系統專業學分學程 ]						0		選				30		1		ZU7C
	HM75						10	0.33		電機系（碩）		AEC8058			0		3.0				115	半			Deep Learning </br>[ Program: The Specialization Program of Intelligent Image Processing and Video Analysis The Specialization Program of Intelligent Robotics ]			1274			0	N		是	8		◎課程開放上修			0			康立威	碩博	三 7-9 和平 多媒體與通訊實驗室	深度學習 </br>[ 學分學程：智慧影像處理與視訊分析專業學分學程 智慧型機器人專業學分學程 ]						0		選				30	台大系統學生選課方式採取索取授權碼。	1		ZU6Y/ZU7A
	HM75						10	0.33		電機系（碩）		AEC8059			5		3.0				115	半			Reinforcement Learning </br>[ Program: The Specialization Program of Intelligent Robotics The Specialization Program of Intelligent Control ]			1275			0	N		是	8		◎課程開放上修			0			Saeed Saeedvand	碩博	五 7-9 和平 多媒體與通訊實驗室	強化式學習 </br>[ 學分學程：智慧型機器人專業學分學程 智慧型控制專業學分學程 ]						0		選				30		1		ZU7A/ZU7B
	HM75						10	0.20		電機系（碩）		AEC8072			0		3.0				115	半			Single Chip System Design and Application			1276			0	N			8		◎課程開放上修			0			呂藝光	碩博	二 7-9 和平 電機與感測實驗室	單晶片系統設計與應用						0		選				50		1		
	HM75						10	0.20		電機系（碩）		AEC8076			0		3.0				115	半			SoC Design			1277			0	N		是	8		◎課程開放上修			0			林承鴻	碩博	五 2-4 和平 電機系電子實驗室	系統晶片設計						0		選				50		1		
	HM75						10	0.20		電機系（碩）		AEC8077			0		3.0				115	半			ASIC Design			1278			0	N			8		◎課程開放上修			0			林承鴻	碩博	二 7-9 和平 電機系電子實驗室	特殊應用積體電路設計						0		選				50		1		
	HM75						10	0.33		電機系（碩）		AEC8078			0		3.0				115	半			Advanced Human-Robot Interaction			1279			0	N		是	8		◎課程開放上修			0			Tobias Doernbach	碩博	四 7-9 和平 多媒體與通訊實驗室	進階人機互動						0		選				30		1		
	HM76						10	0.20		車能所（碩）		VEC8001			0		2.0				115	半			Seminar (I)			1280			0	N		是	8		◎課程開放上修			0			陳韋任	碩博	四 3-4 和平 汽車工場B102	論文與書報研討（一）						0		必				50		1		
	HM77						10	0.20		光電所（碩）		OEC8014			0		3.0				115	半			Photovoltaic Components Testing Technology			1281			0	N			8		◎課程不開放上修			0			謝卓帆	碩博	六 2-4 公館 Ｓ305	太陽光電元件測試技術						0		選				50		1		
	HM77						10	0.20		光電所（碩）		OEC8101			0		3.0				115	半			Thin-film Technologies (I) </br>[ Program: The Inter-disciplinary Program of NTNU and TSMC Semiconductor ]			1282			0	N			8		◎課程開放上修			0			張菁文	碩博	三 2-4 公館 Ｓ306	薄膜技術（一） </br>[ 學分學程：台積電半導體學分學程 ]						0		選				50		1		ZU45
	HM77						10	0.40		光電所（碩）		OEC8116			0		3.0				115	半			Physics and Applications of Nano-Magnetism (I)			1283			0	N			8		◎必須先修過【OEC8114  核磁造影原理與應用】 ◎課程開放上修			0			謝振傑 廖書賢	碩博	二 10-B 公館 教室自排	奈米磁性物理及其應用（一）						0		選				50	上課地點:AP402、AP410	1		
	HM77						10	0.20		光電所（碩）		OEC8124			0		3.0				115	半			Optical Pattern Processing			1284			0	N		是	8		◎課程開放上修			0			鄭超仁	碩博	二 7-9 公館 Ｓ305	光學影像處理						0		選				50		1		
	HM77						3	0.08		光電所（碩）		OEC8135			0		3.0				115	半			Design and Applications of Virtual Instruments			1285			0	N			8		◎課程開放上修			0			廖書賢	碩博	四 2-4 公館 理圖802	虛擬儀控程式設計與應用						0		選				37		1		
	HM77						10	0.20		光電所（碩）		OEC8159			0		2.0				115	半			Seminar			1286			0	N		是	8		允許重複修 ◎課程開放上修			0			鄭超仁 謝振傑 邱南福 廖書賢 楊承山 呂杰翰 駱安亞 梁伯維 張菁文 柯伯尼	碩博	四 7-8 公館 綜合館B1小型演講廳	書報討論						0		必				50		1		
	HM77						10	0.20		光電所（碩）		OEC8165			3		3.0				115	半			Principles and Applications of Plasmonics			1287			0	N			8		◎課程開放上修			0			邱南福	碩博	五 2-4 公館 Ｓ407	電漿子光學原理與應用						0		選				50		1		
	HU70						0	0.00		工教系（學）		IEU0021			0		3.0				115	半			Refrigeration and Air Conditioning Principle			1288			0	N								0			莫懷恩		二 A-C 和平 能源應用工場	冷凍空調原理						0		選				30		1		
	HU70						10	0.40		工教系（學）		IEU0081			0		2.0				115	半			Special Topics on Automotive Technology and Energy Technology (I)			1289			0	N								0			白凱仁 洪翊軒 張俊興 陳韋任 鄧敦平 林煜軒 劉華棟		六 4-5 和平 教室自排	車輛技術與能源科技專題研究（一）						0		必				50		1		
	HU70						10	0.33		工教系（學）		IEU3164			0		3.0				115	半			Introduction to Renewable Energy			1291			0	N								0			鄭龍嶽		五 2-4 和平 能源應用工場	再生能源概論						0		選				30		1		
	HU70						0	0.00		工教系（學）		IEU3414			0		3.0				115	半			Electrics Engineering			1292			0	N								0			賴慕回		三 10-B 和平 能源應用工場	電工學						0		選				30		1		
	HU70						0	0.00		工教系（學）		IEU4372			0		3.0				115	半			Electronics (I)			1293			0	N								0			白凱仁		二 9-A 和平 汽車工場B101	電子學（一）						0		必				30		1		
	HU70						0	0.00		工教系（學）		IEU4375			0		2.0				115	半			Training for Professional Techniques (I)			1294			0	N								0			康立威 未定		六 3-4 和平 教404	分科專業技術（一）						0		必				30		1		
	HU70						0	0.00		工教系（學）		IEUE210			0		2.0				115	半			Teaching Materials and Methods: Power Mechanical Engineering Group			1295			0	N					◎限 二階生 教育學程生 不佔名額生 登記修習生 可修			0			張俊興		四 1-2 和平 汽車場一樓	動力機械群科目教材教法（教）						0		選				50		1		
	HU70						10	0.20		工教系（學）		IEC9004			0		2.0				115	半			Theory and Practice of Big Data Analysis </br>[ Program: The Specialization Program of Intelligent Industrial Education ]			1296			0	N		是	9					0			高于勝	大碩	三 A-B 和平 研討二	大數據分析理論與實務 </br>[ 學分學程：智慧工業教育專業學分學程 ]						0		選				50		1		ZU6I
	HU70						0	0.00		工教系（學）		IEU0111			0		2.0				115	半			Introduction to Technological and Vocational Education </br>[ Program: The Specialization Program of Intelligent Industrial Education ]			1297			0	N					◎限大一修習			0			曾璧光 詹育		四 6-7 和平 研討六	技術及職業教育概論 </br>[ 學分學程：智慧工業教育專業學分學程 ]	一			1		0		必				50		1		ZU6I
	HU70						0	0.00		工教系（學）		IEU0119			0		3.0				115	半			Computer Programming </br>[ Program: The Inter-disciplinary Program of Geospatial Information Science The Inter-disciplinary  Program of Scientific Computation ]			1298			0	N					◎限大一修習			0			呂有勝		四 8-10 和平 教404	程式設計 </br>[ 學分學程：空間資訊學分學程 科學計算學分學程 ]	一			1		0		必				30		1		ZU67/ZU9B
	HU70						0	0.00		工教系（學）		IEU4379			0		2.0				115	半			Workshop Layout and Management </br>[ Program: The Specialization Program of Intelligent Industrial Education ]			1299			0	N					◎限大一修習			0			郭金國		五 1-2 和平 鑄造場	工場布置與管理 </br>[ 學分學程：智慧工業教育專業學分學程 ]	一			1		0		必				50		1		ZU6I
	HU70						0	0.00		工教系（學）		IEU4364			0		2.0				115	半			Industrial Subject Curriculum Development and Teaching Materials Design </br>[ Program: The Specialization Program of Intelligent Industrial Education ]			1300			0	N								0			曾璧光		三 9-10 和平 研討二	工業科目課程發展與教材設計 </br>[ 學分學程：智慧工業教育專業學分學程 ]	二			2		0		必				50		1		ZU6I
	HU70						0	0.00		工教系（學）		IEU0117			0		3.0				115	半			Sensors and Transducers			1301			0	N								0			白凱仁		二 2-4 和平 研討六	感測與轉換	三			3		0		必				30		1		
	HU71						10	0.33		科技系（學）		ITU0017			0		3.0				115	半			Energy and Power </br>[ Program: The Inter-disciplinary Program of Solar Energy Engineering ]			1302			0	N					◎限本系(含雙主修)修習◎限大三大四修習			0			蔡其瑞		五 7-9 和平 科技系TC504教室	能源與動力 </br>[ 學分學程：太陽能源與工程學分學程 ]						0		選				30	師培生優先選課	1		ZU68
	HU71						0	0.00		科技系（學）		ITC9004			0	是	3.0				115	半	陳淑媛		Professional Internship </br>[ Program: The Specialization Program of AI-driven Educational Information System Development The Specialization Program of Artificial Intelligence in Human Resource Development ]			1303			0	N			9		◎限本系(含雙主修)修習◎限大三大四 ◎限碩二修習			0			陳淑媛	大碩	三 10-C 和平 科技系TB211教室	專業實習 </br>[ 學分學程：AI智慧教育資訊系統開發專業學分學程 AI人力資源發展專業學分學程 ]						0		選				50	因本課程性質與執行所需，將安排相關產業實習說明會及選課學生甄選等相關事項，以全人工方式選課，並限本系與大三、大四及碩二修習。	1		ZU7W/ZU8T
	HU71						10	0.25		科技系（學）		ITC9005			3		3.0				115	半			Human Resource Information Systems </br>[ Program: The Specialization Program of Artificial Intelligence in Human Resource Development ]			1304			0	N			9		◎限本系(含雙主修)修習◎限大三 ◎限碩一碩二修習			0			孫弘岳	大碩	一 7-9 和平 科技系TC411教室	人力資源資訊系統 </br>[ 學分學程：AI人力資源發展專業學分學程 ]						0		選				40	學科組優先選課	1		ZU8T
	HU71						5	0.17		科技系（學）		ITC9007			0		3.0				115	半			Studies in Employee Career Management			1305			0	N		是	9		◎限本系(含雙主修)修習◎限大四 ◎限碩一碩二修習			0			陳淑媛	大碩	二 2-4 和平 科技系TA513教室	企業員工生涯管理研究						0		選				30		1		
	HU71						5	0.13		科技系（學）		ITC9012			5		3.0				115	半			Compensation Design and Performance Management			1306			0	N			9		◎限本系(含雙主修)修習◎限大四 ◎限碩一碩二修習			0			孫弘岳	大碩	二 7-9 和平 科技系TC411教室	薪酬設計與績效管理						0		選				40		1		
	HU71						5	0.17		科技系（學）		ITC9015			0		3.0				115	半			Artificial Intelligence and Talent Development			1307			0	N			9		◎限本系(含雙主修)修習◎限大四 ◎限碩一碩二修習◎必須先修過【ITC9011  人員數據分析】			0			孫弘岳	大碩	一 A-C 和平 科技系TA513教室	人工智慧與人才發展						0		選				30		1		
	HU71						10	0.20		科技系（學）		ITU0008			0		3.0				115	半			Introduction to Computer Science			1308			0	N					◎限本系(含雙主修)修習◎限大一修習			0			許庭嘉		四 8-10 和平 教402	計算機概論	一			1		0		必				50	大一甲乙合開	1		
	HU71						5	0.17		科技系（學）		ITU0010			3		2.0				115	半			Introduction to Industrial Technology Education			1309			0	N					◎限本系(含雙主修)修習◎限大一修習			0			林坤誼		一 6-7 和平 科技系TB211教室	工業科技教育概論	一			1		0		選				30		1		
	HU71						5	0.10		科技系（學）		ITU1004			0		3.0				115	半			Introduction to Human Resource Development </br>[ Program: The Inter-disciplinary Program of Club Members Leadership And Empowerment Cultivation ]			1310			0	N			1		◎限本系(含雙主修)修習◎限大一◎限甲班修習			0			嚴萬軒	甲	二 2-4 和平 科技系TC411教室	人力資源發展概論 </br>[ 學分學程：社團人專業領導培力學分學程 ]	一			1		0		必				50		1		ZU9Q
	HU71						10	0.33		科技系（學）		ITU0001			0	是	3.0				115	半	蔡其瑞		Mechanical Technology </br>[ Program: The Inter-disciplinary  Program of Sports Technology The Specialization Program of Design and Technology ]			1311			0	N					◎限本系(含雙主修)修習◎限大二修習			0			蔡其瑞		一 1-4 和平 科技系TC504教室	機械製造 </br>[ 學分學程：運動科技學分學程 設計與科技專業學分學程 ]	二			2		0		必				30	設科組優先選課	1		ZU39/ZU8S
	HU71						0	0.00		科技系（學）		ITU0002			3	是	3.0				115	半	林弘昌		Woodworking Technology </br>[ Program: The Specialization Program of Design and Technology ]			1312			0	N		是			◎限本系(含雙主修)修習◎限大二修習			0			林弘昌		二 1-4 和平 科技系TC501教室	木工製造 </br>[ 學分學程：設計與科技專業學分學程 ]	二			2		0		必				30	設科組優先選課	1		ZU8S
	HU71						5	0.14		科技系（學）		ITU0129			0		3.0				115	半			Operating systems			1313			0	N					◎限本系(含雙主修)修習◎限大二修習			0			吳姈蓉		一 2-4 和平 科技系TB211教室	作業系統	二			2		0		選				35	學科組優先選課	1		
	HU71						5	0.14		科技系（學）		ITU0135			0		3.0				115	半			Internet Programming			1314			0	N					◎限本系(含雙主修)修習◎限大二修習			0			吳姈蓉		一 10-B 和平 科技系TA509教室	網際網路程式設計	二			2		0		選				35	學科組優先選課	1		
	HU71						5	0.17		科技系（學）		ITU0164			0		3.0				115	半			Mechanical Design			1315			0	N					◎限本系(含雙主修)修習◎限大二修習			0			汪殿杰		四 10-B 和平 科技系TC504教室	機構設計	二			2		0		選				30	師資生優先選課	1		
	HU71						0	0.00		科技系（學）		ITU1001			0		3.0				115	半			Industrial Safety and Health			1316			0	N					◎限本系(含雙主修)修習◎限大二修習			0			林弘昌		一 7-9 和平 科技系TC501教室	工業安全與衛生	二			2		0		選				30	設科組優先選課	1		
	HU71						5	0.14		科技系（學）		ITU1028			0		3.0				115	半			Introduction to the Internet			1317			0	N					◎限本系(含雙主修)修習◎限大二修習			0			蔡芸琤		二 2-4 和平 科技系TA509教室	網際網路概論	二			2		0		必				35	學科組優先選課	1		
	HU71						10	0.33		科技系（學）		ITU2004			0		3.0				115	半			Color Theory			1318			0	N					◎限本系(含雙主修)修習◎限大二修習			0			耿剛		二 6-8 和平 科技系TB211教室	色彩學	二			2		0		選				30	設科組優先選課	1		
	HU71						10	0.33		科技系（學）		ITU2012			0		3.0				115	半			Computer-Aided Drafting			1319			0	N		是			◎限本系(含雙主修)修習◎限大二修習◎必須先修過【ITU0004  圖學】			0			蔡其瑞		五 10-B 和平 科技系TA509教室	電腦輔助製圖	二			2		0		選				30	設科組優先選課	1		
	HU71						5	0.17		科技系（學）		ITU2060			0		3.0				115	半			Computer-Aided Design and Manufacturing			1320			0	N					◎限本系(含雙主修)修習◎限大二修習			0			支裕文		三 10-B 和平 科技系TB310教室	電腦輔助設計與製造	二			2		0		選				30	設科組優先選課	1		
	HU71						5	0.14		科技系（學）		ITU0127			0		3.0				115	半			Programming Language </br>[ Program: The Inter-disciplinary Program of Metaverse Narrative The Specialization Program of AI-driven Educational Information System Development The Inter-disciplinary  Program of Scientific Computation ]			1321			0	N			1		◎限本系(含雙主修)修習◎限大二◎限甲班修習			0			蔡芸琤	甲	四 2-4 和平 科技系TA509教室	程式語言 </br>[ 學分學程：AI暨元宇宙敘事學分學程 AI智慧教育資訊系統開發專業學分學程 科學計算學分學程 ]	二			2		0		必				35		1		ZU48/ZU67/ZU7W
	HU71						5	0.10		科技系（學）		ITU0043			0		3.0				115	半			Computer Animation </br>[ Program: The Inter-disciplinary  Program of Sports Technology ]			1322			0	N					◎限本系(含雙主修)修習◎限大三修習			0			張敏捷		三 A-C 和平 教401	電腦動畫 </br>[ 學分學程：運動科技學分學程 ]	三			3		0		必				50	學科組優先選課	1		ZU39
	HU71						10	0.20		科技系（學）		ITU0051			0		3.0				115	半			Design for Displays and Exhibitions			1323			0	N					◎限本系(含雙主修)修習◎限大三修習			0			耿剛		二 10-B 和平 科技系TC411教室	展示設計	三			3		0		選				50		1		
	HU71						10	0.20		科技系（學）		ITU2053			0		3.0				115	半			Design & Production for Multimedia Instructional Materials </br>[ Program: The Inter-disciplinary Program of Cultivating Seniors Service Talent in Community ]			1324			0	N					◎限本系(含雙主修)修習◎限大三修習			0			丁玉良		三 7-9 和平 科技系TC411教室	多媒體教材設計與製作 </br>[ 學分學程：社區高齡者服務人才培力學分學程 ]	三			3		0		必				50	學科組優先選課	1		ZU98
	HU71						5	0.10		科技系（學）		ITU2075			0		3.0				115	半			Database Systems </br>[ Program: The Inter-disciplinary Program of Big Data in Education The Specialization Program of AI-driven Educational Information System Development The Specialization Program of Artificial Intelligence in Human Resource Development ]			1325			0	N		是			◎限本系(含雙主修)修習◎限大三修習 ◎必須先修過【ITU0127  程式語言】、【ITU1028  網際網路概論】其中一門			0			蔡芸琤		一 2-4 和平 科技系TC411教室	資料庫系統 </br>[ 學分學程：教育大數據微學分學程 AI智慧教育資訊系統開發專業學分學程 AI人力資源發展專業學分學程 ]	三			3		0		選				50	學科組優先選課	1		ZU55/ZU7W/ZU8T
	HU71						5	0.13		科技系（學）		ITU0039			3		3.0				115	半			Analysis and Planning of Products </br>[ Program: The Specialization Program of Design and Technology ]			1326			0	N					◎限本系(含雙主修)修習◎限大四修習			0			張敬珣		四 2-4 和平 科技系TC411教室	產品分析與企劃 </br>[ 學分學程：設計與科技專業學分學程 ]	四			4		0		選				40	設科組優先選課	1		ZU8S
	HU71						0	0.00		科技系（學）		ITU0156			0	是	1.0				115	半	林坤誼		Capstone Projects (II) </br>[ Program: The Inter-disciplinary Program of STEM Innovation and Practices ]	B		1327			0	N					◎限本系(含雙主修)修習◎限大四修習			0			林坤誼		五 C-D 和平 科技系TA513教室	專題製作（二） </br>[ 學分學程：理工創新與實作學分學程 ]	四			4		0		必				50	本系學生請依指導老師選課，外系勿選。	1		ZU62
	HU71						0	0.00		科技系（學）		ITU0156			0	是	1.0				115	半	蔡芸琤		Capstone Projects (II) </br>[ Program: The Inter-disciplinary Program of STEM Innovation and Practices ]	C		1328			0	N					◎限本系(含雙主修)修習◎限大四修習			0			蔡芸琤		五 C-D 和平 科技系TC501教室	專題製作（二） </br>[ 學分學程：理工創新與實作學分學程 ]	四			4		0		必				50	本系學生請依指導老師選課，外系勿選。	1		ZU62
	HU71						0	0.00		科技系（學）		ITU0156			0	是	1.0				115	半	陳怡靜 嚴萬軒 陳淑媛		Capstone Projects (II) </br>[ Program: The Inter-disciplinary Program of STEM Innovation and Practices ]	E		1329			0	N					◎限本系(含雙主修)修習◎限大四修習			0			陳怡靜 嚴萬軒 陳淑媛		五 C-D 和平 科技系TA509教室	專題製作（二） </br>[ 學分學程：理工創新與實作學分學程 ]	四			4		0		必				50	本系學生請依指導老師選課，外系勿選。	1		ZU62
	HU72						10	0.33		圖傳系（學）		GCC0009			0		3.0				115	半			Pattern Recognition Theory and Applications			1330			0	N			9		◎限本系(含雙主修)修習			0			羅梅君	大碩	五 8-10 和平 新媒體專業教室	圖形識別理論與應用						0		選				30		1		
	HU72						10	0.20		圖傳系（學）		GCC9003			0		3.0				115	半			Python Programming with Applications to Artificial Intelligence			1331			0	N			9		◎限本系(含雙主修)修習			0			周遵儒	大碩	一 2-4 和平 教402	Python程式設計與人工智慧應用						0		選				50		1		
	HU72						10	0.33		圖傳系（學）		GCC9007			0		3.0				115	半			Cultural Technology			1332			0	N			9		◎限本系(含雙主修)修習			0			楊士奇	大碩	五 7-9 和平 綜701	文化科技						0		選				30		1		
	HU72						10	0.33		圖傳系（學）		GCC9008			0		3.0				115	半			Exhibition Design and Curatorial Practice </br>[ Program: The Specialization Program of Creative Industry Design ]			1333			0	N			9		◎限本系(含雙主修)修習			0			涂卉	大碩	二 6-8 和平 新媒體專業教室	展示設計與策展實務 </br>[ 學分學程：創意產業設計專業學分學程 ]						0		選				30		1		ZU5E
	HU72						10	0.33		圖傳系（學）		GCC9011			0		3.0				115	半			Expression Technique </br>[ Program: The Specialization Program of Creative Industry Design ]			1334			0	N		是	9		◎限本系(含雙主修)修習			0			涂卉	大碩	三 6-8 和平 新媒體專業教室	表現技法 </br>[ 學分學程：創意產業設計專業學分學程 ]						0		選				30		1		ZU5E
	HU72						10	0.33		圖傳系（學）		GCC9015			0		3.0				115	半			Advertising			1335			0	N		是	9		◎限本系(含雙主修)修習			0			方淳薏	大碩	一 5-7 和平 新媒體專業教室	廣告學						0		選				30		1		
	HU72						10	0.33		圖傳系（學）		GCU0013			0		3.0				115	半			Basic Design </br>[ Program: The Specialization Program of Creative Industry Design ]	B		1336			0	N					◎限本系(含雙主修)修習◎限大一修習			0			陳明秀		二 3-5 和平 綜701	基本設計 </br>[ 學分學程：創意產業設計專業學分學程 ]	一			1		0		必				30	115年入學管道身分為:高中生、外籍生、僑生，優先選課。	1		ZU5E
	HU72						10	0.33		圖傳系（學）		GCU0153			0		3.0				115	半			Design Drawing </br>[ Program: The Specialization Program of Creative Industry Design ]			1337			0	N					◎限本系(含雙主修)修習◎限大一修習			0			王靜弦		五 2-4 和平 新媒體專業教室	設計素描 </br>[ 學分學程：創意產業設計專業學分學程 ]	一			1		0		選				30		1		ZU5E
	HU72						10	0.33		圖傳系（學）		GCU0157			0		3.0				115	半			History Design </br>[ Program: The Specialization Program of Creative Industry Design ]			1338			0	N					◎限本系(含雙主修)修習◎限大一修習			0			林素惠		四 6-8 和平 新媒體專業教室	設計史 </br>[ 學分學程：創意產業設計專業學分學程 ]	一			1		0		選				30		1		ZU5E
	HU72						3	0.11		圖傳系（學）		GCU0174			0		3.0				115	半			Basic Techniques of Graphic Communication(I)	A		1339			0	N					◎限本系(含雙主修)修習◎限大一修習			0			廖信		二 2-4 和平 視聽教室	圖文傳播基礎技術（一）	一			1		0		必				27	1. 115年入學管道身分為:高職生，優先選課。2.第一次上課務必出席。3.如有任何選課問題請務必與授課老師聯繫。	1		
	HU72						10	0.20		圖傳系（學）		GCU0195			0		3.0				115	半			Introduction to Graphic Communication			1340			0	N					◎限本系(含雙主修)修習◎限大一修習			0			張晏榕 周遵儒 涂卉 陳明秀		四 2-4 和平 視聽教室	圖文傳播概論	一			1		0		必				50		1		
	HU72						10	0.20		圖傳系（學）		GCU0017			0		3.0				115	半			Computer Programming	A		1341			0	N					◎限本系(含雙主修)修習◎限大二大三大四修習			0			周遵儒		一 8-10 和平 教401	程式設計	二			2		0		必				50		1		
	HU72						10	0.20		圖傳系（學）		GCU0017			0		3.0				115	半			Computer Programming	B		1342			0	N					◎限本系(含雙主修)修習◎限大二大三大四修習			0			周遵儒		二 8-10 和平 教402	程式設計	二			2		0		必				50		1		
	HU72						3	0.08		圖傳系（學）		GCU0019			0		2.0				115	半			Color Reproduction			1343			0	N					◎限本系(含雙主修)修習◎限大二大三大四修習			0			徐肇奕		三 9-10 和平 教403	彩色複製學	二			2		0		選				37		1		
	HU72						10	0.33		圖傳系（學）		GCU0024			0		2.0				115	半			Prepress  Procession			1344			0	N					◎限本系(含雙主修)修習◎限大二大三大四修習			0			陳仙舟		二 3-4 和平 圖傳系攝影室	印前文書處理	二			2		0		選				30		1		
	HU72						3	0.08		圖傳系（學）		GCU0027			0		2.0				115	半			Image Processing			1345			0	N					◎限本系(含雙主修)修習◎限大二大三大四修習			0			陳皇利		三 A-B 和平 綜1001	影像處理	二			2		0		選				37		1		
	HU72						10	0.20		圖傳系（學）		GCU0108			0		3.0				115	半			Film/video Production </br>[ Program: The Specialization Program of Film Production ]			1346			0	N					◎限本系(含雙主修)修習◎限大二大三大四修習			0			祝濬清		四 8-10 和平 影視錄影棚	影視原理與製作 </br>[ 學分學程：影視製作專業學分學程 ]	二			2		0		選				50		1		ZU5D
	HU72						10	0.20		圖傳系（學）		GCU0132			0		3.0				115	半			Photography			1347			0	N					◎限本系(含雙主修)修習◎限大二大三大四修習			0			方淳薏		五 5-7 和平 視聽教室	攝影學	二			2		0		必				50		1		
	HU72						10	0.33		圖傳系（學）		GCU0136			0		2.0				115	半			Book Binding and Finishing			1348			0	N					◎限本系(含雙主修)修習◎限大二大三大四修習			0			陳仙舟		二 1-2 和平 圖傳系攝影室	裝訂與加工	二			2		0		選				30		1		
	HU72						3	0.08		圖傳系（學）		GCU0156			0		2.0				115	半			The Technology and Application of Digital Media			1349			0	N					◎限本系(含雙主修)修習◎限大二大三大四修習			0			鄭詠心		四 A-B 和平 綜1001	數位媒體技術與應用	二			2		0		選				37		1		
	HU72						10	0.33		圖傳系（學）		GCU0047			0		2.0				115	半			Printing Ink			1350			0	N					◎限本系(含雙主修)修習◎限大三大四修習			0			陳仙舟		四 3-4 和平 新媒體專業教室	油墨學	三			3		0		選				30		1		
	HU72						10	0.20		圖傳系（學）		GCU0055			0		3.0				115	半			Printing & Publishing Technology Process			1351			0	N					◎限本系(含雙主修)修習◎限大三大四修習			0			葉振璧		四 8-10 和平 視聽教室	印刷出版工程企劃	三			3		0		選				50		1		
	HU72						10	0.20		圖傳系（學）		GCU0121			0		3.0				115	半			Training for Professional Techniques			1352			0	N					◎限本系(含雙主修)修習◎限大三大四修習			0			陳仙舟 涂卉 方淳薏 張晏榕 陳明秀		四 5-7 和平 視聽教室, 四 D 和平 視聽教室	專業技術訓練	三			3		0		必				50	1.限本系大三以上學生選課。2.需經系上同意，並於暑假期間完成校外職場實習    。	1		
	HU72						10	0.20		圖傳系（學）		GCU0128			0		2.0				115	半			Printing Layout & Design </br>[ Program: The Specialization Program of Creative Industry Design ]			1353			0	N					◎限本系(含雙主修)修習◎限大三大四修習			0			陳皇利		四 A-B 和平 教402	印刷設計 </br>[ 學分學程：創意產業設計專業學分學程 ]	三			3		0		選				50		1		ZU5E
	HU72						10	0.33		圖傳系（學）		GCU0129			0		2.0				115	半			Book Design & Planning			1354			0	N					◎限本系(含雙主修)修習◎限大三大四修習			0			萬岳憲		一 A-B 和平 綜701	編輯學	三			3		0		選				30		1		
	HU72						10	0.33		圖傳系（學）		GCU0134			0		2.0				115	半			Printing Ability Research			1355			0	N					◎限本系(含雙主修)修習◎限大三大四修習			0			陳仙舟		一 1-2 和平 新媒體專業教室	印刷適性研究	三			3		0		選				30		1		
	HU72						3	0.08		圖傳系（學）		GCU0145			0		3.0				115	半			Computer Graphics and Animation Techniques </br>[ Program: The Specialization Program of Digital Animation Production ]			1356			0	N								0			陳淑如		二 8-10 和平 綜1001	電腦繪圖與動畫技術 </br>[ 學分學程：數位動畫製作專業學分學程 ]	三			3		0		選				37		1		ZU5C
	HU72						10	0.33		圖傳系（學）		GCU0185			0		2.0				115	半			The Principles and Practices of Digital Template with Contents			1357			0	N					◎限本系(含雙主修)修習◎限大三大四修習			0			陳仙舟		四 1-2 和平 新媒體專業教室	數位版型原理與實務	三			3		0		選				30		1		
	HU72						10	0.33		圖傳系（學）		GCU0197			0		3.0				115	半			Visual Storytelling </br>[ Program: The Specialization Program of Digital Animation Production ]			1358			0	N		是			◎限本系(含雙主修)修習◎限大三大四修習			0			王靜弦		五 5-7 和平 新媒體專業教室	視覺敘事 </br>[ 學分學程：數位動畫製作專業學分學程 ]	三			3		0		選				30		1		ZU5C
	HU72						10	0.33		圖傳系（學）		GCU0198			0		3.0				115	半			Packaging Design </br>[ Program: The Specialization Program of Creative Industry Design ]			1359			0	N					◎限本系(含雙主修)修習◎限大三大四修習			0			涂卉		二 2-4 和平 新媒體專業教室	包裝設計 </br>[ 學分學程：創意產業設計專業學分學程 ]	三			3		0		選				30		1		ZU5E
	HU72						10	0.20		圖傳系（學）		GCU0178			0		3.0				115	半			Graduation Project (II)			1360			0	N					◎限本系(含雙主修)修習◎限大四修習◎必須先修過【GCU0177  畢業製作（一）】			0			涂卉 方淳薏 張晏榕 陳明秀		四 A-C 和平 視聽教室	畢業製作（二）	四			4		0		必				50	限已經修過畢業製作(一)學生選課。	1		
	HU72						10	0.20		圖傳系（學）		GCUE101			0		2.0				115	半			Teaching Materials and Methods: Design Group			1361			0	N					◎限本系(含雙主修)修習◎限大四修習     ◎限 二階生 教育學程生 不佔名額生 登記修習生 可修			0			廖信		一 6 和平 視聽教室, 二 6 和平 視聽教室	設計群教材教法（教）	四			4		0		選				50	1.限大四以上具設計群師培生資格同學選課。2.第一次上課務必出席。3.如有任何選課問題請與授課老師聯繫。	1		
	HU72						10	0.20		圖傳系（學）		GCUE310			0		2.0				115	半			Teaching Practicum: Design Group(I)			1362			0	N					◎限本系(含雙主修)修習◎限大四修習     ◎限 二階生 教育學程生 不佔名額生 登記修習生 可修 ◎必須先修過(也可以同時修)【GCUE101  設計群教材教法（教）】			0			廖信		一 7-10 和平 視聽教室	設計群教學實習（一）（教）	四			4		0		選				50	1.限大四以上具設計群師培生資格同學選課。2.第一次上課務必出席。3.如有任何選課問題請與授課老師聯繫。	1		
	HU73						2	0.07		機電系（學）		MTC0002			1		3.0				115	半			Robotics			1363			0	N			9		◎限本系(含雙主修)修習			0			陳俊達	大碩	三 7-9 和平 機電301會議室	機器人學						0		選				30		1		
	HU73						2	0.07		機電系（學）		MTC0007			1		3.0				115	半			Numerical Analysis			1364			0	N		是	9		◎限本系(含雙主修)修習			0			辜漢文	大碩	四 2-4 和平 機電302會議室	數值分析						0		選				30		1		
	HU73						2	0.07		機電系（學）		MTC0009			0		3.0				115	半			Introduction to Micro-Electro-Mechanical System Technology </br>[ Program: The Inter-disciplinary Program of NTNU and TSMC Semiconductor ]			1365			0	N			9		◎限本系(含雙主修)修習			0			楊啟榮	大碩	一 2-4 和平 機電301會議室	微機電系統原理與應用 </br>[ 學分學程：台積電半導體學分學程 ]						0		選				30		1		ZU45
	HU73						0	0.00		機電系（學）		MTC0010			1		3.0				115	半			Ultra Precision Machining			1366			0	N			9		◎限本系(含雙主修)修習			0			陳順同	大碩	三 7-9 和平 機電302會議室	超精密加工						0		選				30		1		
	HU73						2	0.07		機電系（學）		MTC0022			0		3.0				115	半			Computer-Aided Optical Design			1367			0	N			9		◎限本系(含雙主修)修習			0			鄧敦建	大碩	二 2-4 和平 CAD/CAM	電腦輔助光學設計						0		選				30		1		
	HU73						2	0.07		機電系（學）		MTC0025			0		3.0				115	半			Digital Image Processing </br>[ Program: The Specialization Program of AI-Driven Mechatronics The Specialization Program of Intelligent Biomedical Engineering ]			1368			0	N		是	9		◎限本系(含雙主修)修習			0			柯坤呈	大碩	一 7-9 和平 CAD/CAM	數位影像處理 </br>[ 學分學程：AI智慧機電專業學分學程 智慧醫工專業學分學程 ]						0		選				30		1		ZU5N/ZU5Q
	HU73						2	0.07		機電系（學）		MTC9002			0		3.0				115	半			Precision Mechanical System Design and Practice			1369			0	N			9		◎限本系(含雙主修)修習◎必須先修過【MTU0005  機械製造】			0			陳順同	大碩	四 A-C 和平 機電302會議室	精密機械系統設計與實務						0		選				30		1		
	HU73						2	0.07		機電系（學）		MTC9006			3		3.0				115	半			Object-Oriented Programming			1370			0	N			9		◎限本系(含雙主修)修習◎必須先修過【MTU0012  程式設計】			0			吳順德	大碩	五 7-9 和平 教403	物件導向程式設計						0		選				30		1		
	HU73						2	0.07		機電系（學）		MTC9017			0		3.0				115	半			Flexible Electronics: Materials and Devices			1371			0	N			9		◎限本系(含雙主修)修習◎必須先修過【MTU0067  熱傳學】			0			張天立	大碩	二 2-4 和平 機電301會議室	可撓性電子材料與元件						0		選				30		1		
	HU73						2	0.07		機電系（學）		MTC9025			0		3.0				115	半			Dynamics of Machines </br>[ Program: The Specialization Program of Intelligent Biomedical Engineering ]			1372			0	N		是	9		◎限本系(含雙主修)修習			0			莊家維	大碩	四 2-4 和平 CAD/CAM	機器動力學 </br>[ 學分學程：智慧醫工專業學分學程 ]						0		選				30		1		ZU5N
	HU73						2	0.07		機電系（學）		MTU0003			0	是	2.0				115	半	鄭慶民		The Mechanical Technology	A		1373			0	N					◎限本系(含雙主修)修習◎限大一修習			0			鄭慶民		一 6-9 和平 機電302會議室	機械基礎技術	一			1		0		必				30		1		
	HU73						2	0.07		機電系（學）		MTU0003			0	是	2.0				115	半	鄭淳護		The Mechanical Technology	B		1374			0	N					◎限本系(含雙主修)修習◎限大一修習			0			鄭淳護		一 6-9 和平 機電301會議室	機械基礎技術	一			1		0		必				30		1		
	HU73						2	0.04		機電系（學）		MTU0012			3		3.0				115	半			Computer Programming </br>[ Program: The Specialization Program of AI-Driven Mechatronics The Inter-disciplinary  Program of Scientific Computation The Inter-disciplinary Program of Geospatial Information Science ]	A		1375			0	N					◎限本系(含雙主修)修習◎限大一修習			0			吳順德		四 2-4 和平 教402	程式設計 </br>[ 學分學程：AI智慧機電專業學分學程 科學計算學分學程 空間資訊學分學程 ]	一			1		0		必				50		1		ZU5Q/ZU67/ZU9B
	HU73						2	0.04		機電系（學）		MTU0012			3		3.0				115	半			Computer Programming </br>[ Program: The Specialization Program of AI-Driven Mechatronics The Inter-disciplinary  Program of Scientific Computation The Inter-disciplinary Program of Geospatial Information Science ]	B		1376			0	N					◎限本系(含雙主修)修習◎限大一修習			0			吳順德		五 2-4 和平 教402	程式設計 </br>[ 學分學程：AI智慧機電專業學分學程 科學計算學分學程 空間資訊學分學程 ]	一			1		0		必				50		1		ZU5Q/ZU67/ZU9B
	HU73						5	0.08		機電系（學）		MTU0097			0		3.0				115	半			Materials Science </br>[ Program: The Inter-disciplinary Program of Solar Energy Engineering The Inter-disciplinary Program of NTNU and TSMC Semiconductor The Specialization Program of Micro/Nano Manufacturing and Sensing ]			1377			0	N					◎限本系(含雙主修)修習◎限大一修習			0			程金保		一 2-4 和平 教201演講廳	材料科學 </br>[ 學分學程：太陽能源與工程學分學程 台積電半導體學分學程 微奈米製程與感測專業學分學程 ]	一			1		0		必				65		1		ZU45/ZU5O/ZU68
	HU73						2	0.07		機電系（學）		MTU0117			0	是	2.0				115	半	陳順同		Engineering Graphics	A		1378			0	N					◎限本系(含雙主修)修習◎限大一修習			0			陳順同		二 6-9 和平 CAD/CAM	工程圖學	一			1		0		必				30		1		
	HU73						2	0.07		機電系（學）		MTU0117			0	是	2.0				115	半	陳順同		Engineering Graphics	B		1379			0	N					◎限本系(含雙主修)修習◎限大一修習			0			陳順同		四 6-9 和平 CAD/CAM	工程圖學	一			1		0		必				30		1		
	HU73						2	0.02		機電系（學）		MTU0005			0		3.0				115	半			The Processes of Manufacturing			1380			0	N					◎限本系(含雙主修)修習◎限大二修習			0			柯坤呈		五 2-4 和平 教103	機械製造	二			2		0		必				90		1		
	HU73						2	0.03		機電系（學）		MTU0009			1		3.0				115	半			Engineering Mathematics (I) </br>[ Program: The Specialization Program of AI-Driven Mechatronics ]			1381			0	N					◎限本系(含雙主修)修習◎限大二修習◎必須先修過【MAU0181  微積分乙（二）】			0			楊啟榮		二 2-4 和平 教103	工程數學（一） </br>[ 學分學程：AI智慧機電專業學分學程 ]	二			2		0		必				65		1		ZU5Q
	HU73						2	0.03		機電系（學）		MTU0013			0		3.0				115	半			Electric Circuits </br>[ Program: The Inter-disciplinary Program of NTNU and TSMC Semiconductor The Specialization Program of Semiconductor Engineering The Inter-disciplinary Program of Solar Energy Engineering ]			1382			0	N					◎限本系(含雙主修)修習◎限大二修習			0			陳美勇		五 6-8 和平 機202會議室	電路學 </br>[ 學分學程：台積電半導體學分學程 半導體工程專業學分學程 太陽能源與工程學分學程 ]	二			2		0		必				58		1		ZU45/ZU5P/ZU68
	HU73						3	0.05		機電系（學）		MTU0101			0		3.0				115	半			Dynamics </br>[ Program: The Specialization Program of Intelligent Biomedical Engineering ]			1383			0	N					◎限本系(含雙主修)修習◎限大二修習			0			莊家維		一 2-4 和平 機202會議室	動力學 </br>[ 學分學程：智慧醫工專業學分學程 ]	二			2		0		必				57		1		ZU5N
	HU73						2	0.07		機電系（學）		MTU0102			0	是	1.0				115	半	陳美勇 彭正偉		Experiments of Electric Circuits	A		1384			0	N					◎限本系(含雙主修)修習◎限大二修習			0			陳美勇 彭正偉		二 6-8 和平 機電整合實驗室	電工實驗	二			2		0		必				30		1		
	HU73						2	0.07		機電系（學）		MTU0102			0	是	1.0				115	半	陳美勇 彭正偉		Experiments of Electric Circuits	B		1385			0	N					◎限本系(含雙主修)修習◎限大二修習			0			陳美勇 彭正偉		二 9-A 和平 機電整合實驗室	電工實驗	二			2		0		必				30		1		
	HU73						2	0.07		機電系（學）		MTU0103			0		3.0				115	半			Computer-Aided Manufacturing			1386			0	N								0			趙甦農		一 7-9 和平 教403	電腦輔助製造	二			2		0		選				28		1		
	HU73						3	0.05		機電系（學）		MTU0025			0		3.0				115	半			Mechanisms </br>[ Program: The Specialization Program of Intelligent Biomedical Engineering ]			1387			0	N					◎限本系(含雙主修)修習◎限大三修習			0			莊家維		一 7-9 和平 機202會議室	機構學 </br>[ 學分學程：智慧醫工專業學分學程 ]	三			3		0		必				57		1		ZU5N
	HU73						3	0.05		機電系（學）		MTU0028			0		3.0				115	半			Automatic Control Engineering </br>[ Program: The Specialization Program of AI-Driven Mechatronics ]			1388			0	N					◎限本系(含雙主修)修習◎限大三修習			0			呂有勝		四 2-4 和平 機202會議室	自動控制 </br>[ 學分學程：AI智慧機電專業學分學程 ]	三			3		0		必				57		1		ZU5Q/ZU5Q
	HU73						2	0.07		機電系（學）		MTU0036			1		3.0				115	半			Signals and Systems </br>[ Program: The Specialization Program of Intelligent Biomedical Engineering ]			1389			0	N		是			◎限本系(含雙主修)修習			0			辜漢文		一 2-4 和平 機電302會議室	訊號與系統 </br>[ 學分學程：智慧醫工專業學分學程 ]	三			3		0		選				30		1		ZU5N
	HU73						5	0.10		機電系（學）		MTU0060			2		3.0				115	半			Fluid Mechanics </br>[ Program: The Inter-disciplinary Program of NTNU and TSMC Semiconductor The Specialization Program of Semiconductor Engineering ]			1390			0	N					◎限本系(含雙主修)修習			0			張天立		四 7-9 和平 機202會議室	流體力學 </br>[ 學分學程：台積電半導體學分學程 半導體工程專業學分學程 ]	三			3		0		選				50		1		ZU45/ZU5P
	HU73						2	0.07		機電系（學）		MTU0106			0	是	1.0				115	半	呂有勝		Experiments of Automatic Control	A		1391			0	N					◎限本系(含雙主修)修習◎限大三修習◎必須先修過【MTU0009  工程數學（一）】			0			呂有勝		五 2-4 和平 CAD/CAM	自動控制實驗	三			3		0		必				30		1		
	HU73						2	0.07		機電系（學）		MTU0106			0	是	1.0				115	半	呂有勝		Experiments of Automatic Control	B		1392			0	N					◎限本系(含雙主修)修習◎限大三修習◎必須先修過【MTU0009  工程數學（一）】			0			呂有勝		五 7-9 和平 CAD/CAM	自動控制實驗	三			3		0		必				30		1		
	HU73						2	0.07		機電系（學）		MTU0111			0		3.0				115	半			Principles of Optics </br>[ Program: The Inter-disciplinary Program of Solar Energy Engineering ]			1393			0	N					◎限本系(含雙主修)修習			0			鄧敦建		二 7-9 和平 機電301會議室	光學原理 </br>[ 學分學程：太陽能源與工程學分學程 ]	三			3		0		選				30		1		ZU68
	HU73						0	0.00		機電系（學）		MTU0125			0		1.0				115	半			Special Project on Mechatronic Engineering (I)	A		1394			0	N					◎限本系(含雙主修)修習			0			吳順德 陳俊達 張天立 鄭淳護 柯坤呈 莊家維 辜漢文		五 0 和平 教室自排	機電專題製作（一）	三			3		0		必				50		1		
	HU73						0	0.00		機電系（學）		MTU0125			0		1.0				115	半			Special Project on Mechatronic Engineering (I)	B		1395			0	N					◎限本系(含雙主修)修習			0			程金保 楊啟榮 呂有勝 陳美勇 陳順同 鄧敦建 鄭慶民		五 0 和平 教室自排	機電專題製作（一）	三			3		0		必				50		1		
	HU73						2	0.07		機電系（學）		MTU0118			0		3.0				115	半			Electromagnetism (I) </br>[ Program: The Specialization Program of Micro/Nano Manufacturing and Sensing The Specialization Program of Semiconductor Engineering ]			1396			0	N					◎限本系(含雙主修)修習			0			鄧敦建		四 6-8 和平 機電302會議室	電磁學（一） </br>[ 學分學程：微奈米製程與感測專業學分學程 半導體工程專業學分學程 ]	四			4		0		選				30		1		ZU5O/ZU5P
	HU73						0	0.00		機電系（學）		MTU0126			0		1.0				115	半			Special Project on Mechatronic Engineering (II)	A		1397			0	N					◎必須先修過【MTU0125  機電專題製作（一）】			0			吳順德 陳俊達 張天立 鄭淳護 莊家維 辜漢文		四 0 和平 教室自排	機電專題製作（二）	四			4		0		必				50		1		
	HU73						0	0.00		機電系（學）		MTU0126			0		1.0				115	半			Special Project on Mechatronic Engineering (II)	B		1398			0	N					◎必須先修過【MTU0125  機電專題製作（一）】			0			楊啟榮 程金保 陳美勇 陳順同 柯坤呈 鄧敦建		四 0 和平 教室自排	機電專題製作（二）	四			4		0		必				50		1		
	HU73						0	0.00		機電系（學）		MTUE310			0		2.0				115	半			Teaching Practicum: Area of Mechanics Group (II)			1399			0	N					◎限 二階生 教育學程生 不佔名額生 登記修習生 可修◎必須先修過【MTUE210  機械群教學實習（一）（教）】			0			鄭慶民		二 7-10 和平 機電302會議室	機械群教學實習（二）（教）	四			4		0		選				30		1		
	HU73	B					0	0.00		機電系（學）		MTU0028			0		3.0				115	半			Automatic Control Engineering </br>[ Program: The Specialization Program of AI-Driven Mechatronics ]			1400			0	N					◎限機電系（學）「智能鑄造產學攜手專班」選修			0	智能鑄造產學攜手專班		呂有勝		六 2-4 和平 CAD/CAM	自動控制 </br>[ 學分學程：AI智慧機電專業學分學程 ]	四			4		0		必				50		1		ZU5Q/ZU5Q
	HU73	B					0	0.00		機電系（學）		MTU0104			0	是	3.0				115	半	陳順同		The Principle and Technology of Computerized Numerical Control Machine Tools			1401			0	N					◎限機電系（學）「智能鑄造產學攜手專班」選修			0	智能鑄造產學攜手專班		陳順同		六 6-9 和平 CAD/CAM	數控加工技術	四			4		0		選				50		1		
	HU73	B					0	0.00		機電系（學）		MTU0123			0		3.0				115	半			Intelligent Automation and Robot </br>[ Program: The Specialization Program of AI-Driven Mechatronics The Specialization Program of Intelligent Biomedical Engineering ]			1402			0	N					◎限機電系（學）「智能鑄造產學攜手專班」選修			0	智能鑄造產學攜手專班		陳俊達		五 A-C 和平 機電整合實驗室	智慧自動化與機器人 </br>[ 學分學程：AI智慧機電專業學分學程 智慧醫工專業學分學程 ]	四			4		0		選				50		1		ZU5N/ZU5Q
	HU73	B					0	0.00		機電系（學）		MTU0127			0		3.0				115	半			Industry Practice			1403			0	N					允許重複修◎限機電系（學）「智能鑄造產學攜手專班」選修			0	智能鑄造產學攜手專班		程金保 陳美勇			產業實務	四			4		0		必				50		1		
	HU73	B					0	0.00		機電系（學）		MTU0128			0		2.0				115	半			Industrial Practice Seminar			1404			0	N					允許重複修◎限機電系（學）「智能鑄造產學攜手專班」選修			0	智能鑄造產學攜手專班		程金保 陳美勇			產業實務專題研討	四			4		0		必				50		1		
	HU75						2	0.07		電機系（學）		AEU0083			0		3.0				115	半			Human-Robot Interaction			1405			0	N		是						0			Tobias Doernbach		二 6-8 和平 電機系TA412會議室	人機互動						0		選				30		1		
	HU75						10	0.08		電機系（學）		AEU0003			0		3.0				115	半			Digital Systems </br>[ Program: The Specialization Program of Intelligent Chips ]			1406			0	N					◎限大一修習			0			林政宏		一 7-9 和平 綜210展覽廳	數位系統 </br>[ 學分學程：智慧晶片專業學分學程 ]	一			1		0		必				120		1		ZU6Z
	HU75						10	0.20		電機系（學）		AEU0005			0		3.0				115	半			Introduction to Computer Science	A		1407			0	N		是			◎限大一修習			0			呂成凱		四 2-4 和平 教401	計算機概論	一			1		0		必				50		1		
	HU75						10	0.20		電機系（學）		AEU0005			0		3.0				115	半			Introduction to Computer Science	B		1408			0	N		是			◎限大一修習			0			呂成凱		四 6-8 和平 教401	計算機概論	一			1		0		必				50		1		
	HU75						10	0.20		電機系（學）		AEU0013			0		3.0				115	半			Computer Programming </br>[ Program: The Inter-disciplinary Program of NTNU and TSMC Semiconductor The Inter-disciplinary Program of Geospatial Information Science The Inter-disciplinary  Program of Scientific Computation ]	A		1409			0	N					◎限本系(含雙主修)修習◎限大一修習			0			許閔傑		五 2-4 和平 教401	程式設計 </br>[ 學分學程：台積電半導體學分學程 空間資訊學分學程 科學計算學分學程 ]	一			1		0		必				50		1		ZU45/ZU67/ZU9B
	HU75						10	0.20		電機系（學）		AEU0013			0		3.0				115	半			Computer Programming </br>[ Program: The Inter-disciplinary Program of NTNU and TSMC Semiconductor The Inter-disciplinary Program of Geospatial Information Science The Inter-disciplinary  Program of Scientific Computation ]	B		1410			0	N					◎限外系修習◎限大一修習			0			許閔傑		二 7-9 和平 教401	程式設計 </br>[ 學分學程：台積電半導體學分學程 空間資訊學分學程 科學計算學分學程 ]	一			1		0		必				50		1		ZU45/ZU67/ZU9B
	HU75						10	0.20		電機系（學）		AEU0006			0		3.0				115	半			Electronics (I) </br>[ Program: The Specialization Program of Semiconductor Devices The Inter-disciplinary Program of NTNU and TSMC Semiconductor The Inter-disciplinary Program of Solar Energy Engineering The Specialization Program of Intelligent Chips ]	A		1411			0	N					◎限本系(含雙主修)修習◎必須先修過【AEU0014  電路學（一）】			0			蘇崇彥		五 8-10 和平 科技系TC411教室	電子學（一） </br>[ 學分學程：半導體元件專業學分學程 台積電半導體學分學程 太陽能源與工程學分學程 智慧晶片專業學分學程 ]	二			2		0		必				50		1		ZU45/ZU4S/ZU68/ZU6Z
	HU75						6	0.12		電機系（學）		AEU0006			0		3.0				115	半			Electronics (I) </br>[ Program: The Specialization Program of Semiconductor Devices The Inter-disciplinary Program of NTNU and TSMC Semiconductor The Inter-disciplinary Program of Solar Energy Engineering The Specialization Program of Intelligent Chips ]	B		1412			0	N					◎限外系修習◎必須先修過【AEU0014  電路學（一）】			0			蘇崇彥		四 7-9 和平 TA512	電子學（一） </br>[ 學分學程：半導體元件專業學分學程 台積電半導體學分學程 太陽能源與工程學分學程 智慧晶片專業學分學程 ]	二			2		0		必				50		1		ZU45/ZU4S/ZU68/ZU6Z
	HU75						10	0.20		電機系（學）		AEU0007			0	是	2.0				115	半	張譽騰		Electronics Laboratory (I)			1413			0	N		是						0			張譽騰		三 6-9 和平 電機系電子實驗室	電子學實驗（一）	二			2		0		必				50		1		
	HU75						20	0.33		電機系（學）		AEU0015			0		3.0				115	半			Engineering Mathematics (II) </br>[ Program: The EMI Inter-disciplinary Program of Semiconductor The Inter-disciplinary Program of NTNU and TSMC Semiconductor The Specialization Program of Intelligent Control The Specialization Program of Intelligent Multimedia Signals Communication Systems ]			1414			0	N		是						0			賴以威		一 2-4 和平 教103	工程數學（二） </br>[ 學分學程：國際半導體全英語學分學程 台積電半導體學分學程 智慧型控制專業學分學程 智慧多媒體訊號與通訊系統專業學分學程 ]	二			2		0		必				60		1		ZU32/ZU45/ZU7B/ZU7C
	HU75						5	0.10		電機系（學）		AEU0017			2		3.0				115	半			Electric Circuits (II) </br>[ Program: The Inter-disciplinary Program of Solar Energy Engineering The Specialization Program of Intelligent Chips ]			1415			0	N					◎必須先修過(也可以同時修)【AEU0014  電路學（一）】			0			郭建宏		二 6-8 和平 機202會議室	電路學（二） </br>[ 學分學程：太陽能源與工程學分學程 智慧晶片專業學分學程 ]	二			2		0		選				50		1		ZU68/ZU6Z
	HU75						10	0.20		電機系（學）		AEU0077			0		3.0	Y			115	半			Machine Learning in Education Research </br>[ Program: The Inter-disciplinary Program of Big Data in Education ]			1416			0	1								0			張維元		◎面授/同步	機器學習在教育上的應用 </br>[ 學分學程：教育大數據微學分學程 ]	二			2		0		選				50	◎數位課程 僅顯示同步遠距及面授時間。	1		ZU55
	HU75						10	0.20		電機系（學）		AEU0079			0		3.0				115	半			Engineering Probability and Statistics			1417			0	N								0			方士豪		二 2-4 和平 機202會議室	工程機率與統計	二			2		0		選				50		1		
	HU75						12	0.40		電機系（學）		AEU0019			0	是	2.0				115	半	曾煥雯		Electrical Engineering Laboratory			1418			0	N								0			曾煥雯		一 6-9 和平 電機與感測實驗室	電工實驗	三			3		0		選				30		1		
	HU75						10	0.20		電機系（學）		AEU0020			0		3.0				115	半			Electronics (III) </br>[ Program: The Inter-disciplinary Program of Solar Energy Engineering The Specialization Program of Intelligent Chips ]			1419			0	N					◎必須先修過【AEU0006  電子學（一）】、【AEU0011  電子學（二）】			0			張譽騰		二 9-A 和平 科工學院會議室	電子學（三） </br>[ 學分學程：太陽能源與工程學分學程 智慧晶片專業學分學程 ]	三			3		0		選				50		1		ZU68/ZU6Z
	HU75						12	0.40		電機系（學）		AEU0021			0		3.0				115	半			Sensors and Transducers </br>[ Program: The Inter-disciplinary Program of NTNU and TSMC Semiconductor ]			1420			0	N								0			盧明智		三 7-9 和平 電機與感測實驗室	感測與轉換 </br>[ 學分學程：台積電半導體學分學程 ]	三			3		0		選				30		1		ZU45
	HU75						10	0.20		電機系（學）		AEU0027			0		3.0				115	半			Principles of Communication (I) </br>[ Program: The Specialization Program of Intelligent Multimedia Signals Communication Systems ]			1421			0	N								0			王嘉斌		五 2-4 和平 科技系TC411教室	通訊原理（一） </br>[ 學分學程：智慧多媒體訊號與通訊系統專業學分學程 ]	三			3		0		選				50		1		ZU7C
	HU75						4	0.08		電機系（學）		AEU0030			3		3.0				115	半			Electric Machineries (I) </br>[ Program: The Inter-disciplinary Program of NTNU and TSMC Semiconductor ]			1422			0	N								0			陳瑄易		二 2-4 和平 科工學院會議室	電機機械（一） </br>[ 學分學程：台積電半導體學分學程 ]	三			3		0		選				50		1		ZU45
	HU75						10	0.20		電機系（學）		AEU0039			2		3.0				115	半			Object-Oriented Programming			1423			0	N								0			康立威		四 2-4 和平 電機系電子實驗室	物件導向程式設計	三			3		0		選				50		1		
	HU75						10	0.20		電機系（學）		AEU0043			0		3.0				115	半			Control Systems </br>[ Program: The EMI Inter-disciplinary Program of Semiconductor The Inter-disciplinary Program of NTNU and TSMC Semiconductor The Specialization Program of Intelligent Control ]			1424			0	N		是						0			許陳鑑		一 2-4 和平 電機系電子實驗室	控制系統 </br>[ 學分學程：國際半導體全英語學分學程 台積電半導體學分學程 智慧型控制專業學分學程 ]	三			3		0		選				50		1		ZU32/ZU45/ZU7B
	HU75						10	0.20		電機系（學）		AEU0070			0		2.0				115	半			Special Project on Electrical Engineering (I)	A		1425			0	N								0			林承鴻		五 6-7 和平 電機系電子實驗室	電機專題製作（一）	三			3		0		必				50		1		
	HU75						0	0.00		電機系（學）		AEU0070			0		2.0				115	半			Special Project on Electrical Engineering (I)	B		1426			0	N								0			蘇崇彥		五 6-7 和平 電機系TA412會議室	電機專題製作（一）	三			3		0		必				50		1		
	HU75						10	0.20		電機系（學）		AEU0070			0		2.0				115	半			Special Project on Electrical Engineering (I)	C		1427			0	N								0			陳瑄易		五 6-7 和平 科技系TC411教室	電機專題製作（一）	三			3		0		必				50		1		
	HU76						10	0.20		車能學位學程（學）		VEU0020			0		3.0				115	半			Introduction to Vehicle Engineering </br>[ Program: The Specialization Program of Vehicle Technical Service and Management ]			1428			0	N								0			朱大江		三 6-8 和平 汽車場一樓	車輛工程概論 </br>[ 學分學程：車輛技術服務與管理專業學分學程 ]						0		選				50		1		ZU5F
	HU76						10	0.20		車能學位學程（學）		VEU0021			0		3.0				115	半			Automotive Electronics </br>[ Program: The Specialization Program of Intelligent Vehicles ]			1429			0	N								0			柯盛泰		四 A-C 和平 汽車工場B101	車輛電學 </br>[ 學分學程：智慧車輛專業學分學程 ]						0		選				50		1		ZU5G
	HU76						3	0.11		車能學位學程（學）		VEU0024			0		3.0				115	半			Artificial Intelligence and Applications </br>[ Program: The Inter-disciplinary Program of Solar Energy Engineering The Specialization Program of Energy Technology and Intelligent Environmental Control The Inter-disciplinary  Program of Sports Technology ]			1430			0	N								0			陳韋任		一 2-4 和平 教404	人工智慧與應用 </br>[ 學分學程：太陽能源與工程學分學程 能源科技與智慧環控專業學分學程 運動科技學分學程 ]						0		選				27		1		ZU39/ZU5I/ZU68
	HU76						10	0.20		車能學位學程（學）		VEU0036			0		3.0				115	半			Vehicle Design			1431			0	N								0			陳建豪		四 A-C 和平 汽車場一樓	車輛設計						0		選				50		1		
	HU76						10	0.20		車能學位學程（學）		VEU0056			0	是	3.0				115	半	劉華棟		Microprocessors Experiments			1432			0	N					◎必須先修過(也可以同時修)【IEU0007  計算機概論】、【VEU0029  微處理機】其中一門			0			劉華棟		五 6-9 和平 電機與感測實驗室	微處理機實習						0		選				50		1		
	HU76						10	0.20		車能學位學程（學）		VEU0064			0	是	3.0				115	半	張俊興 朱大江		Engine Rebuilding			1433			0	N								0			張俊興 朱大江		三 A-D 和平 汽車場一樓	引擎大修						0		選				50		1		
	HU76						10	0.20		車能學位學程（學）		VEU0067			0		3.0				115	半			Training for Professional Techniques (I) </br>[ Program: The Specialization Program of Vehicle Technical Service and Management ]			1434			0	N								0			林煜軒 張俊興 陳韋任 鄧敦平		六 8-10 和平 汽車工場B101	專業技術訓練（一） </br>[ 學分學程：車輛技術服務與管理專業學分學程 ]						0		選				50		1		ZU5F
	HU76						10	0.20		車能學位學程（學）		VEU0068			0		3.0				115	半			Training for Professional Techniques (II)			1435			0	N								0			林煜軒 張俊興 陳韋任 鄧敦平		六 A-C 和平 汽車工場B101	專業技術訓練（二）						0		選				50		1		
	HU76						3	0.11		車能學位學程（學）		VEU0073			0	是	3.0				115	半	鄧敦平		Basic Refrigeration and Air Conditioning Technology </br>[ Program: The Specialization Program of Energy Technology and Intelligent Environmental Control ]			1436			0	N								0			鄧敦平		三 6-9 和平 能源應用工場	冷凍空調基礎實習 </br>[ 學分學程：能源科技與智慧環控專業學分學程 ]						0		選				27		1		ZU5I
	HU76						3	0.11		車能學位學程（學）		VEU0075			0	是	3.0				115	半	鄧敦平		Introduction to Energy Technology			1437			0	N								0			鄧敦平		二 1-4 和平 能源應用工場	能源基礎實習						0		必				27		1		
	HU76						3	0.11		車能學位學程（學）		VEU0076			0	是	3.0				115	半	張俊興		Vehicle Basic Technology </br>[ Program: The Specialization Program of Vehicle Technical Service and Management ]			1438			0	N								0			張俊興		二 1-4 和平 汽車場一樓	車輛基礎實習 </br>[ 學分學程：車輛技術服務與管理專業學分學程 ]						0		必				27		1		ZU5F
	HU76						10	0.20		車能學位學程（學）		VEC9001			0		3.0				115	半			Renewable Energy </br>[ Program: The Specialization Program of Renewable Energy ]			1439			0	N			9					0			董雲春	大碩	一 A-C 和平 汽車工場B101	再生能源 </br>[ 學分學程：再生能源專業學分學程 ]						0		選				50		1		ZU5H
	HU76						10	0.20		車能學位學程（學）		VEC9006			0		3.0				115	半			Air Conditioning Engineering and Design			1440			0	N			9					0			鄧敦平	大碩	四 6-8 和平 能源應用工場	空調工程與設計						0		選				50		1		
	HU76						10	0.20		車能學位學程（學）		VEC9007			0		3.0				115	半			Vehicle Alternative Fuels			1441			0	N			9					0			呂有豐	大碩	一 A-C 和平 汽車工場B102	車輛替代燃料						0		選				50		1		
	HU76						10	0.20		車能學位學程（學）		VEC9008			5		3.0				115	半			Vehicle System Modeling and Dynamic Analysis			1442			0	N			9					0			林湛喬	大碩	五 6-8 和平 汽車工場B101	車輛系統建模與動態分析						0		選				50		1		
	HU76						10	0.20		車能學位學程（學）		VEC9011			5		3.0				115	半			Maintenance and Repair of Electric Vehicle </br>[ Program: The Specialization Program of Intelligent Vehicles ]			1443			0	N			9					0			張俊興	大碩	二 6-8 和平 汽車場一樓	電動車輛檢修技術 </br>[ 學分學程：智慧車輛專業學分學程 ]						0		選				50		1		ZU5G
	HU76						10	0.20		車能學位學程（學）		VEC9013			0		3.0				115	半			Advanced Heat Transfer			1444			0	N		是	9					0			王文豫	大碩	一 6-8 和平 汽車工場B102	高等熱傳學						0		選				50		1		
	HU76						10	0.20		車能學位學程（學）		VEC9015			0		3.0				115	半			Novel Vehicle Technologies </br>[ Program: The Specialization Program of Intelligent Vehicles ]			1445			0	N			9					0			林煜軒	大碩	二 2-4 和平 汽車工場B102	車輛新科技 </br>[ 學分學程：智慧車輛專業學分學程 ]						0		選				50		1		ZU5G
	HU76						10	0.20		車能學位學程（學）		VEC9016			0		3.0				115	半			Advanced Thermodynamics			1446			0	N		是	9					0			王文豫	大碩	三 6-8 和平 汽車工場B101	高等熱力學						0		選				50		1		
	HU76						10	0.20		車能學位學程（學）		VEU0002			5		2.0				115	半			Introduction to Energy Technology </br>[ Program: The Specialization Program of Energy Technology and Intelligent Environmental Control The Specialization Program of Renewable Energy The Inter-disciplinary Program of Solar Energy Engineering ]			1447			0	N					◎限大一修習			0			林煜軒		四 3-4 和平 汽車工場B101	能源科技概論 </br>[ 學分學程：能源科技與智慧環控專業學分學程 再生能源專業學分學程 太陽能源與工程學分學程 ]	一			1		0		必				50		1		ZU5H/ZU5I/ZU68
	HU76						10	0.20		車能學位學程（學）		VEU0003			5		3.0				115	半			Electric Circuits (I) </br>[ Program: The Inter-disciplinary Program of Solar Energy Engineering ]			1448			0	N					◎限大一修習			0			白凱仁		一 6-8 和平 汽車工場B101	電路學（一） </br>[ 學分學程：太陽能源與工程學分學程 ]	一			1		0		必				50		1		ZU68
	HU76						10	0.20		車能學位學程（學）		VEU0004			0	是	3.0				115	半	劉華棟		Electrical Circuits Experiment			1449			0	N		是			◎限大一修習			0			劉華棟		四 6-9 和平 電機與感測實驗室	電路學實驗	一			1		0		必				50		1		
	HU76						10	0.20		車能學位學程（學）		VEU0010			5		3.0				115	半			Engineering Mathematics (I) </br>[ Program: The Inter-disciplinary Program of Solar Energy Engineering ]			1450			0	N								0			洪翊軒		二 6-8 和平 科工學院會議室	工程數學（一） </br>[ 學分學程：太陽能源與工程學分學程 ]	二			2		0		必				50		1		ZU68
	HU76						10	0.20		車能學位學程（學）		VEU0011			5		3.0				115	半			Thermo-Dynamics (I) </br>[ Program: The EMI Inter-disciplinary Program of Semiconductor The Specialization Program of Energy Technology and Intelligent Environmental Control The Specialization Program of Renewable Energy ]			1451			0	N		是						0			陳韋任		二 2-4 和平 汽車工場B101	熱力學（一） </br>[ 學分學程：國際半導體全英語學分學程 能源科技與智慧環控專業學分學程 再生能源專業學分學程 ]	二			2		0		必				50		1		ZU32/ZU5H/ZU5I
	HU76						10	0.20		車能學位學程（學）		VEU0014			5		3.0				115	半			Automatic Control Engineering			1452			0	N								0			陳美勇		四 6-8 和平 汽車工場B101	自動控制	三			3		0		必				50		1		
	HU76						10	0.20		車能學位學程（學）		VEU0069			0		2.0				115	半			Special Topics (I)			1453			0	N		是						0			鄧敦平 洪翊軒 陳韋任 白凱仁 張俊興 劉華棟 王文豫 林煜軒		六 6-7 和平 汽車工場B101	專題研究（一）	三			3		0		必				50		1		
	HU77						10	0.20		光電學位學程（學）		OEU0005			5		3.0				115	半			Electromagnetism (I) </br>[ Program: The EMI Inter-disciplinary Program of Semiconductor The Specialization Program of Biomedical Photonics ]			1454			0	N		是						0			呂杰翰		四 2-4 公館 Ｓ306	電磁學（一） </br>[ 學分學程：國際半導體全英語學分學程 生醫光電專業學分學程 ]						0		必				50		1		ZU32/ZU4T
	HU77						10	0.20		光電學位學程（學）		OEC9001			5		3.0				115	半			Geometrical Optics </br>[ Program: The Specialization Program of Biomedical Photonics ]			1455			0	N			9					0			楊承山 邱爾德	大碩	一 2-4 公館 Ｓ502	幾何光學 </br>[ 學分學程：生醫光電專業學分學程 ]						0		必				50		1		ZU4T
	HU77						10	0.20		光電學位學程（學）		OEC9100			5		3.0				115	半			Introduction to Biophotonics </br>[ Program: The Specialization Program of Biomedical Photonics ]			1456			0	N		是	9					0			呂杰翰	大碩	二 6-8 公館 Ｃ003	生醫光電工程概論 </br>[ 學分學程：生醫光電專業學分學程 ]						0		選				50		1		ZU4T
	HU77						10	0.20		光電學位學程（學）		OEC9101			0		3.0				115	半			Semiconductor Materials and Processing </br>[ Program: The Specialization Program of Semiconductor Devices The EMI Inter-disciplinary Program of Semiconductor The Inter-disciplinary Program of NTNU and TSMC Semiconductor The Inter-disciplinary Program of Solar Energy Engineering ]			1457			0	N		是	9					0			張菁文	大碩	三 7-9 公館 Ｅ201	半導體製程 </br>[ 學分學程：半導體元件專業學分學程 國際半導體全英語學分學程 台積電半導體學分學程 太陽能源與工程學分學程 ]						0		選				50		1		ZU32/ZU45/ZU4S/ZU68
	HU77						10	0.20		光電學位學程（學）		OEC9106			0		3.0				115	半			Introduction to Energy Materials </br>[ Program: The Inter-disciplinary Program of Solar Energy Engineering ]			1458			0	N		是	9					0			駱安亞	大碩	一 6-8 公館 Ｓ601	能源材料簡介 </br>[ 學分學程：太陽能源與工程學分學程 ]						0		選				50	不建議非理工相關系所學生選修	1		ZU68
	HU77						10	0.20		光電學位學程（學）		OEC9107			10		3.0				115	半			Semiconductor Devices Physics </br>[ Program: The Specialization Program of Semiconductor Devices ]			1459			0	N			9					0			李敏鴻	大碩	四 2-4 公館 應科大樓B1多功能教室	半導體物理 </br>[ 學分學程：半導體元件專業學分學程 ]						0		選				50		1		ZU4S
	HU77						10	0.20		光電學位學程（學）		OEC9112			0		3.0				115	半			Photonics </br>[ Program: The EMI Inter-disciplinary Program of Semiconductor The Inter-disciplinary Program of NTNU and TSMC Semiconductor ]			1460			0	N		是	9					0			梁伯維	大碩	二 7-9 公館 Ｓ307	光電電子學 </br>[ 學分學程：國際半導體全英語學分學程 台積電半導體學分學程 ]						0		必				50		1		ZU32/ZU45
	HU77						10	0.20		光電學位學程（學）		OEC9113			3		3.0				115	半			Semiconductor Laser			1461			0	N			9					0			蘇益信	大碩	一 7-9 公館 Ｓ305	半導體雷射						0		選				50		1		
	HU77						10	0.20		光電學位學程（學）		OEC9123			6		3.0				115	半			Surface and Interface Physics </br>[ Program: The EMI Inter-disciplinary Program of Semiconductor ]			1462			0	N		是	9					0			柯伯尼	大碩	三 7-9 公館 Ｓ307	表面與界面物理 </br>[ 學分學程：國際半導體全英語學分學程 ]						0		選				50		1		ZU32
	HU77						10	0.20		光電學位學程（學）		OEC9124			5		3.0				115	半			Solid-State Physics </br>[ Program: The EMI Inter-disciplinary Program of Semiconductor ]			1463			0	N		是	9					0			柯伯尼	大碩	二 2-4 公館 Ｓ307	固體物理學 </br>[ 學分學程：國際半導體全英語學分學程 ]						0		選				50		1		ZU32
	HU77						10	0.20		光電學位學程（學）		OEU0001			0		2.0				115	半			Introduction to Optoelectronics </br>[ Program: The Inter-disciplinary Program of Solar Energy Engineering The Specialization Program of Biomedical Photonics The Specialization Program of Semiconductor Devices ]			1464			0	N					◎限大一修習			0			楊承山		五 3-4 公館 應科大樓B1多功能教室	光電工程概論 </br>[ 學分學程：太陽能源與工程學分學程 生醫光電專業學分學程 半導體元件專業學分學程 ]	一			1		0		必				50		1		ZU4S/ZU4T/ZU68
	HU77						10	0.20		光電學位學程（學）		OEU0003			0		3.0				115	半			Engineering Mathematics (I)			1465			0	N					◎必須先修過【MAU0180  微積分乙（一）】、【MAU0181  微積分乙（二）】			0			謝振傑		二 7-9 公館 應科大樓B1多功能教室	工程數學（一）	二			2		0		必				50		1		
	HU77						10	0.20		光電學位學程（學）		OEU0022			0		3.0				115	半			Electronics (I) </br>[ Program: The Specialization Program of Semiconductor Devices ]			1466			0	N								0			梁伯維		五 7-9 公館 應科大樓B1多功能教室	電子學（一） </br>[ 學分學程：半導體元件專業學分學程 ]	二			2		0		必				50		1		ZU4S
	HU77						10	0.20		光電學位學程（學）		OEU0009			0	是	1.0				115	半	楊承山		Optoelectronics Experiments (II)			1467			0	N		是						0			楊承山		一 6-7 公館 AP415光電實驗室	光電實驗（二）	三			3		0		必				50		1		
	HU77						10	0.20		光電學位學程（學）		OEU0014			0	是	2.0				115	半	鄭超仁 謝振傑 邱南福 廖書賢 楊承山 呂杰翰 駱安亞 梁伯維 張菁文 柯伯尼		Independent Study and Practice (II)			1468			0	N		是						0			柯伯尼 張菁文 楊承山 呂杰翰 邱南福 梁伯維 廖書賢 鄭超仁 駱安亞 謝振傑		一 5 公館 應科大樓B1多功能教室, 二 5 公館 應科大樓B1多功能教室, 四 5 公館 應科大樓B1多功能教室	專題與實習（二）	三			3		0		必				50		1		
	HU77						10	0.20		光電學位學程（學）		OEU0021			0		1.0				115	半			Independent Study and Practice (IV)			1469			0	N		是						0			柯伯尼 張菁文 楊承山 呂杰翰 邱南福 梁伯維 廖書賢 鄭超仁 駱安亞 謝振傑		五 0 公館 應科大樓B1多功能教室	專題與實習（四）	四			4		0		選				50		1		
	I						10	0.20		國社學院		I0U0001			5		3.0				115	半			Elementary Russian (I)			1470			0	N								0			王開顏		四 6-8 和平 博402	俄羅斯語（一）						0		選				50		1		
	ID83						10	0.40		東亞系（博）		EAD0003			0		3.0				115	半			Special Topics on East Asian Area Studies			1471			0	N		是			◎課程不開放上修			0			關弘昌 田正利 黃約伯		三 2-4 和平 教室自排	東亞區域專題研究						0		必				50	上課教室為綜合大樓7樓。（請參考本系所網頁公告之課表）	1		
	ID84						0	0.00		華語系（博）		CLD0015			0		3.0	Y			115	半			Special Topics on Chinese Pragmatics			1472			0	1					◎課程不開放上修			0			謝佳玲		◎面授/同步	漢語語用學專題研究						0		選				18	◎數位課程 僅顯示同步遠距及面授時間	1		
	ID84						0	0.00		華語系（博）		CLD0041			0		3.0				115	半			Special Topics on Chinese Language Teaching Practicum			1473			0	N					◎課程不開放上修			0			蔡雅薰		五 2-4 和平 博406	華語文教學實務專題研究						0		選				20		1		
	IM82						1	0.03		歐文所（碩）		ETM0001			2		3.0				115	半			History of European Cultures			1474			0	N		是			◎課程開放上修			0			路狄諾		二 3-5 和平 博413	歐洲文化史						0		必				30		1		
	IM82						1	0.03		歐文所（碩）		ETM0061			0		3.0				115	半			Special Topics on French Culture and Tourism			1475			0	N					◎課程開放上修			0			蔡倩玟		三 7-9 和平 博413	法國文化與觀光專題研究						0		選				30		1		
	IM82						1	0.03		歐文所（碩）		ETM0080			2		3.0				115	半			Special Topics on European Cultural Creativity			1476			0	N		是			◎課程開放上修			0			賴嘉玲		一 7-9 和平 博413	歐洲文化創意專題研究						0		選				30		1		
	IM82						45	0.00		歐文所（碩）		ETM0081			0		3.0				115	半			European Cultures and Tourism─ Off-Site Learning			1477			0	N		是			◎課程開放上修 ◎加退選全授權碼選課			0			劉以德		六 1-3 校外 校外教室	歐洲文化與觀光移地教學						0		選				0	◎全授權碼課程	1		
	IM82						1	0.03		歐文所（碩）		ETM0086			2		3.0				115	半			Special Topics on European Travel Literature			1478			0	N		是			◎課程開放上修			0			梁孫傑		五 7-9 和平 博413	歐洲旅行文學研究專題						0		選				30		1		
	IM82						1	0.03		歐文所（碩）		ETM0087			2		3.0				115	半			Special Topics on European Intellectual and Cultural History (I)			1479			0	N		是			◎課程開放上修			0			路狄諾		二 7-9 和平 博413	歐洲觀念史與文化史專題研究（一）						0		選				30		1		
	IM83						10	0.20		東亞系（碩）		EAM0002			3		3.0				115	半			Methodology of Social Sciences			1480			0	N					◎課程不開放上修			0			關弘昌 林昌平		四 2-4 和平 東亞系第三教室	社會科學方法論						0		必				50	上課教室為校本部綜合大樓7樓。（請參考本系所網頁公告之課表）	1		
	IM83						10	0.20		東亞系（碩）		EAM0007			3		3.0				115	半			Special Topics on Political Economy			1481			0	N					◎課程不開放上修			0			巫俊穎		三 2-4 和平 東亞系第三教室	政治經濟學專題研究						0		選				50	上課教室為校本部綜合大樓7樓。（請參考本系所網頁公告之課表）	1		
	IM83						10	0.20		東亞系（碩）		EAM0044			3		3.0				115	半			Research Methodology for Humanities			1482			0	N					◎課程不開放上修			0			江柏煒		一 2-4 和平 東亞系第三教室	人文學研究方法論						0		必				50	上課教室為校本部綜合大樓7樓。（請參考本系所網頁公告之課表）	1		
	IM83						10	0.40		東亞系（碩）		EAM0046			3		3.0				115	半			East Asian Area Studies			1483			0	N					◎課程不開放上修			0			邱愷欣 關弘昌 田正利		二 6-8 和平 東亞系第三教室	東亞區域研究						0		必				50	上課教室為校本部綜合大樓7樓。（請參考本系所網頁公告之課表）	1		
	IM83						10	0.20		東亞系（碩）		EAC8007			3		3.0				115	半			Religions and Ethnic Relations in East Asia			1484			0	N			8		◎課程不開放上修			0			潘鳳娟	碩博	一 9-A 和平 東亞系第三教室	東亞宗教與族群關係						0		選				50	上課教室為校本部綜合大樓7樓。（請參考本系所網頁公告之課表）	1		
	IM83						10	0.40		東亞系（碩）		EAC8014			3		3.0				115	半			Special Topics on International Law and International Relations			1485			0	N			8		◎課程開放上修			0			王冠雄	碩博	三 6-8 和平 教室自排	國際法與國際關係專題研究						0		選				50	上課教室為校本部綜合大樓7樓。（請參考本系所網頁公告之課表）	1		
	IM83						10	0.20		東亞系（碩）		EAC8020			3		3.0				115	半			Spatial Analysis of Economic Development in East Asia			1486			0	N			8		◎課程不開放上修			0			林昌平	碩博	四 6-8 和平 東亞系第三教室	東亞經濟發展的空間分析						0		選				50	上課教室為校本部綜合大樓7樓。（請參考本系所網頁公告之課表）	1		
	IM83						10	0.20		東亞系（碩）		EAC8033			3		3.0				115	半			Special Topics on Northeast Asian Confucianism			1487			0	N			8		◎課程不開放上修			0			張崑將	碩博	三 6-8 和平 東亞系第三教室	東北亞儒學專題研究						0		選				50	上課教室為校本部綜合大樓7樓。（請參考本系所網頁公告之課表）	1		
	IM83						10	0.40		東亞系（碩）		EAC8038			3		3.0				115	半			Critique of Modern and Contemporary Thought			1489			0	N			8		◎課程不開放上修			0			胡元玲	碩博	四 6-8 和平 教室自排	現當代思潮批判						0		選				50	上課教室為校本部綜合大樓7樓。（請參考本系所網頁公告之課表）	1		
	IM83						10	0.20		東亞系（碩）		EAC8044			0		3.0				115	半			Special Topics on American Foreign Policy			1490			0	N		是	8		◎課程不開放上修			0			徐筱琦	碩博	二 2-4 和平 東亞系第三教室	美國外交政策專題研究						0		選				50	上課教室為校本部綜合大樓7樓。（請參考本系所網頁公告之課表）	1		
	IM83						10	0.20		東亞系（碩）		EAC8055			3		3.0				115	半			Special Topics on Anthropology of East Asia			1491			0	N		是	8		◎課程不開放上修			0			黃約伯	碩博	三 9-A 和平 博411B	東亞人類學專題研究						0		選				50	上課教室為校本部綜合大樓7樓。（請參考本系所網頁公告之課表）	1		
	IM84						0	0.00		華語系（碩）		CLM0019			0		3.0				115	半			Syntactic Structures of Chinese			1493			0	N					◎課程不開放上修			0			陳俊光		五 3-5 和平 博1002	漢語語法學						0		選				50		1		
	IM84						0	0.00		華語系（碩）		CLM0042			0		3.0				115	半			Special Topics on Linguistics </br>[ Program: The Inter-disciplinary Program of International Baccalaureate Educator Certificate-Chinese Language Education ]			1494			0	N					◎課程不開放上修			0			洪嘉馡		二 3-5 和平 綜901	語言學專題研究 </br>[ 學分學程：國際教師學分學程-華語文教育 ]						0		選				30		1		ZU74
	IM84						0	0.00		華語系（碩）		CLM0051			0		3.0				115	半			Special Topics on Literary Theory and Culture			1495			0	N					◎課程不開放上修			0			簡瑛瑛		三 6-8 和平 綜903	文學理論與文化專題研究						0		選				23		1		
	IM84						0	0.00		華語系（碩）		CLM0054			0		3.0				115	半			Studies in Migration			1496			0	N					◎課程不開放上修			0			楊秉煌		一 3-5 和平 博1002	移民研究						0		選				50		1		
	IM84						0	0.00		華語系（碩）		CLM0065			0		3.0				115	半			Seminar on Research of Chinese and the World Cultural Exchange			1497			0	N					◎課程不開放上修			0			李育娟		三 6-8 和平 博1002	中外文化交流專題研究						0		選				50		1		
	IM84						0	0.00		華語系（碩）		CLM0091			0		3.0				115	半			Seminar on Chinese Language Testing and Assessment			1498			0	N					◎課程不開放上修			0			張瓅勻		三 2-4 和平 綜901	華語文測驗與評量研究						0		選				30		1		
	IM84						0	0.00		華語系（碩）		CLM0099			0		3.0				115	半			Studies in Chinese Linguistics			1499			0	N					◎課程不開放上修			0			謝佳玲		五 3-5 和平 綜901	漢語語言學研究						0		選				50		1		
	IM84						0	0.00		華語系（碩）		CLM0107			0		3.0				115	半			Target-Oriented Teaching Practicum: International School			1500			0	N					◎課程不開放上修			0			張雅惠		五 8-10 和平 綜903	分項華語文教學實習：國際學校						0		選				18		1		
	IM84						0	0.00		華語系（碩）		CLM0110			0		3.0	Y			115	半			Chinese Language Teaching Practice Abroad			1501			0	1					◎課程不開放上修			0			曾金金		◎面授/同步	海外華語教學實務						0		選				30	◎數位課程 僅顯示同步遠距及面授時間	1		
	IM84						0	0.00		華語系（碩）		CLC8003			0		3.0				115	半			Contrastive Analysis and Error Analysis			1502			0	N			8		◎課程不開放上修			0			陳俊光	碩博	三 6-8 和平 博401	對比分析與偏誤分析						0		選				22		1		
	IM84						0	0.00		華語系（碩）		CLC8004			0		3.0				115	半			Media and Chinese Language Instruction			1503			0	N			8		◎課程不開放上修			0			簡瑛瑛	碩博	四 6-8 和平 綜901	媒體與華語教學						0		選				30		1		
	IM84						0	0.00		華語系（碩）		CLC8005			0		3.0				115	半			Chinese Dialects Teaching Methods and Materials			1504			0	N			8		◎課程不開放上修			0			曾金金	碩博	一 6-8 和平 綜901	華語方言教材教法						0		選				30	◎臺語授課	1		
	IM84						0	0.00		華語系（碩）		CLC8014			0		3.0				115	半			Bilingual Education			1505			0	N		是	8		◎課程不開放上修			0			徐東伯	碩博	三 6-8 和平 博1003	雙語教學						0		選				18		1		
	IM84						0	0.00		華語系（碩）		CLC8053			0		3.0				115	半			Studies in Sociolinguistics			1506			0	N			8		◎課程不開放上修			0			楊聰榮	碩博	一 2-4 和平 綜903	社會語言學研究						0		選				23		1		
	IM84						0	0.00		華語系（碩）		CLC8058			0		3.0				115	半			Studies in Overseas Chinese Language Education			1507			0	N			8		◎課程不開放上修			0			吳龍雲	碩博	二 3-5 和平 博1002	海外華語文教育研究						0		選				50		1		
	IM84						0	0.00		華語系（碩）		CLC8062			0		3.0				115	半			Chinese Character Teaching Theory and Applications			1508			0	N			8		◎課程不開放上修			0			林振興	碩博	四 6-8 和平 博1002	漢字教學理論與應用						0		選				50		1		
	IM84						0	0.00		華語系（碩）		CLC8063			0		3.0				115	半			Seminar on Teaching Legal Chinese			1509			0	N			8		◎課程不開放上修			0			陳寅清	碩博	二 6-8 和平 博401	法律華語教學專題研究						0		選				22		1		
	IM84						0	0.00		華語系（碩）		CLC8066			0		3.0				115	半			An Introduction to Cognitive Linguistics			1510			0	N			8		◎課程不開放上修			0			蕭惠貞	碩博	一 6-8 和平 博1002	認知語言學						0		選				30		1		
	IM84						0	0.00		華語系（碩）		CLC8067			0		3.0				115	半			Psycholinguistics			1511			0	N			8		◎課程不開放上修			0			徐東伯	碩博	三 2-4 和平 綜903	心理語言學						0		選				23		1		
	IM84						0	0.00		華語系（碩）		CLC8074			0		3.0				115	半			Academic Writing in Chinese Teaching and Learning			1512			0	N		是	8		◎課程不開放上修			0			籃玉如	碩博	二 6-8 和平 綜901	華語教學學術論文寫作						0		選				40		1		
	IM84						0	0.00		華語系（碩）		CLC8076			0		3.0				115	半			Studies in Chinese Society and Culture			1513			0	N			8		◎課程不開放上修			0			楊聰榮	碩博	四 2-4 和平 綜903	華人社會與文化研究						0		選				23		1		
	IM86						10	0.28		人資所（碩）		IWM0018			0		3.0				115	半			Human Resource Development			1514			0	N		是			◎限本系(含雙主修)修習  ◎限碩一碩二碩三以上修習 ◎課程不開放上修			0			林怡君		四 2-4 和平 B810 Conference Room	人力資源發展研究	一			1		0		選				36		1		
	IM86						10	0.20		人資所（碩）		IWM0030			3		3.0				115	半			International Business Management			1515			0	N		是			◎限碩一碩二碩三以上修習 ◎課程不開放上修			0			鄭道有		三 7-9 和平 B810 Conference Room	國際企業管理研究	一			1		0		選				50		1		
	IM86						10	0.28		人資所（碩）		IWM0034			0		3.0				115	半			Intercultural Communication			1516			0	N		是			◎限本系(含雙主修)修習  ◎限碩一碩二碩三以上修習 ◎課程不開放上修			0			張雯		一 6-8 和平 B810 Conference Room	跨文化溝通研究	一			1		0		選				36		1		
	IM86						3	0.16		人資所（碩）		IWM0056			1		3.0				115	半			Human Resource Development for International Nonprofit Organizations			1518			0	N		是			◎課程開放上修			0			李浡		二 8-10 和平 美術館602	國際性非營利組織人力資源發展研究	一			1		0		選				19		1		
	IM86						10	0.28		人資所（碩）		IWM0066			0		3.0				115	半			Needs Assessment in Human Resources			1519			0	N		是			◎限本系(含雙主修)修習  ◎限碩一碩二碩三以上修習 ◎課程不開放上修			0			賴志		五 7-9 和平 B810 Conference Room	人力資源需求評估研究	一			1		0		選				36		1		
	IM86						10	0.28		人資所（碩）		IWM0072			0		2.0				115	半			Seminar on Human Resource Development (I)			1520			0	N		是			◎限本系(含雙主修)修習  ◎限碩一碩二碩三以上修習 ◎課程不開放上修			0			盧承杰		二 3-4 和平 B810 Conference Room	書報討論（一）	一			1		0		必				36		1		
	IM86						10	0.28		人資所（碩）		IWM0074			0		3.0				115	半			Research Methods in Human Resource Development			1521			0	N		是			◎限本系(含雙主修)修習  ◎限碩一碩二碩三以上修習 ◎課程不開放上修			0			盧承杰		一 2-4 和平 B810 Conference Room	人力資源發展研究方法	一			1		0		必				36		1		
	IM86						10	0.33		人資所（碩）		IWM0059			0		3.0				115	半			Special Topic on Human Resources in Small and Medium Enterprises Business			1523			0	N		是			◎限本系(含雙主修)修習  ◎限碩二碩三以上修習 ◎課程不開放上修			0			林怡君		四 7-9 和平 教室自排	中小企業人力資源專題研究	二			2		0		選				30		1		
	IM86						10	0.33		人資所（碩）		IWM0062			0		3.0				115	半			Special Topic on Human Resources in International Service Industry			1524			0	N		是			◎限本系(含雙主修)修習  ◎限碩二碩三以上修習 ◎課程不開放上修			0			盧承杰		二 7-9 和平 教室自排	國際服務業人力資源專題研究	二			2		0		選				30		1		
	IM86						10	0.28		人資所（碩）		IWM0065			0		3.0				115	半			Practicum in Human Resource Development			1525			0	N		是			◎限本系(含雙主修)修習  ◎限碩二碩三以上修習 ◎課程不開放上修			0			賴志		六 1-6 和平 教室自排	人力資源發展專業實習	二			2		0		選				36		1		
	IM86						3	0.09		人資所（碩）		IWM0073			0		2.0				115	半			Seminar on Human Resource Development (II)			1526			0	N		是			◎限本系(含雙主修)修習  ◎限碩二碩三以上修習◎必須先修過【IWM0072  書報討論（一）】 ◎課程不開放上修			0			張雯		二 3-4 和平 美術館501	書報討論（二）	二			2		0		必				33		1		
	IM86						3	0.11		人資所（碩）		IWM0075			0		3.0				115	半			Statistics and Data Analysis			1527			0	N		是			◎限本系(含雙主修)修習  ◎限碩二碩三以上修習 ◎課程不開放上修			0			張育菱		五 2-4 和平 B810 Conference Room	統計與資料分析	二			2		0		選				27		1		
	IM86						10	0.33		人資所（碩）		IWM0090			0		3.0				115	半			Special Topic on Workforce Development for Technological Professionals			1528			0	N		是			◎限本系(含雙主修)修習  ◎限碩二碩三以上修習 ◎課程不開放上修			0			賴志		五 2-4 和平 教室自排	專業技術人力發展專題研究	二			2		0		選				30		1		
	IM86						10	0.33		人資所（碩）		IWM0091			0		3.0				115	半			Special Topic on Human Resources in International Organizations			1529			0	N		是			◎限本系(含雙主修)修習  ◎限碩二碩三以上修習 ◎課程不開放上修			0			張雯		三 6-8 和平 教室自排	國際組織人力資源專題研究	二			2		0		選				30		1		
	IM86						10	0.28		人資所（碩）		IWM0800			0		3.0				115	半			Qualitative Research on Human Resource Development			1530			0	N		是			◎課程開放上修			0			王芝薇		三 2-4 和平 教室自排	人力資源發展質性研究	二			2		0		選				36		1		
	IM86						10	0.33		人資所（碩）		IWM0801			0		3.0				115	半			Special Topic on People Analytics in Human Resource			1531			0	N		是			◎限本系(含雙主修)修習  ◎限碩二碩三以上修習 ◎課程不開放上修			0			張育菱		五 7-9 和平 教室自排	人力資源數據分析專題研究	二			2		0		選				30		1		
	IM88						10	0.33		大傳所（碩）		MCM0009			0		3.0				115	半			Applied Statistics for Communication Studies			1532			0	N					◎課程不開放上修			0			林慧斐		四 3-5 和平 教403	傳播應用統計						0		必				30		1		
	IM88						10	0.33		大傳所（碩）		MCM0084			2		3.0				115	半			Studies in Consumption and Culture			1533			0	N					◎課程不開放上修			0			胡綺珍		三 3-5 和平 綜7樓大傳所大教室	消費與文化研究						0		選				30		1		
	IM88						10	0.29		大傳所（碩）		MCM0112			0		1.0				115	半			Seminar in Communication (I)			1534			0	N					◎課程不開放上修			0			胡綺珍		三 7 和平 綜7樓大傳所大教室	傳播專題討論（一）						0		選				35		1		
	IM88						10	0.33		大傳所（碩）		MCM0123			0		3.0				115	半			The Social and Cultural Foundation of Communication </br>[ Program: The Inter-disciplinary Program of Science Communication ]			1535			0	N					◎課程不開放上修			0			王維菁 胡綺珍		二 3-5 和平 綜7樓大傳所大教室	傳播社會文化基礎 </br>[ 學分學程：科學傳播學分學程 ]						0		選				30		1		ZU34
	IM88						10	0.33		大傳所（碩）		MCM0124			0		3.0				115	半			Practicum in Communication			1536			0	N					◎課程不開放上修			0			蔣旭政		五 6-A 和平 綜7樓大傳所大教室	傳播專業實習						0		選				30	限大傳所暑期實習學生修習	1		
	IM88						10	0.33		大傳所（碩）		MCM0125			2		3.0				115	半			Human-AI Communication </br>[ Program: The Inter-disciplinary Program of Science Communication ]			1537			0	N					◎課程不開放上修			0			蕭維傑		四 7-9 和平 綜7樓大傳所大教室	人智傳播 </br>[ 學分學程：科學傳播學分學程 ]						0		選				30		1		ZU34
	IM88						10	0.33		大傳所（碩）		MCM0126			5		3.0				115	半			AI-The Social Governance of Technology </br>[ Program: The Inter-disciplinary Program of Science Communication ]			1538			0	N					◎課程不開放上修			0			王維菁		一 3-5 和平 綜7樓大傳所大教室	AI科技的社會治理 </br>[ 學分學程：科學傳播學分學程 ]						0		選				30		1		ZU34
	IU83						8	0.36		東亞系（學）		EAC9002			5		3.0				115	半			China in the Illustrations of Early Modern European Publications			1539			0	N			9					0			潘鳳娟	大碩	一 6-8 和平 博420	近代歐洲插畫裡的中國圖像						0		選				22	1. 大碩合開選修，文化與應用領域。2. 建議大三~碩士班學生修習。	1		
	IU83						5	0.11		東亞系（學）		EAC9021			5		3.0				115	半			Understanding Maritime Disputes in East Asia			1540			0	N			9		◎必須先修過【EAU0128  社會科學研究方法】其中一門◎必須先修過(也可以同時修)【EAM0046  東亞區域研究】其中一門			0			王冠雄	大碩	二 6-8 和平 教619	瞭解東亞海洋爭端						0		選				45	1. 大碩合開選修，政經與區域發展領域。2. 大三或大四以上的外系生（含雙主修、輔系、學程、三校聯盟學生）如希望修課，經授課老師同意後，可用授權碼修課。	1		
	IU83						10	0.20		東亞系（學）		EAU0075			5		2.0				115	半			Elementary Korean (I)			1542			0	N					◎限本系(含雙主修)修習◎限大一修習			0			李圭旼		二 3-4 和平 綜509國際會議廳	初級韓語（一）	一			1		0		選				50	1. 韓語為母語者（包括韓國僑生與韓國籍學生等）不可選課。2. 大一初級語言課程限本系大一生修習，於新生選課結束後，開放大二以上修習。(外系生請於全校加退選階段登錄系統即時選課）	1		
	IU83						10	0.20		東亞系（學）		EAU0076			5		2.0				115	半			Elementary Japanese (I)			1543			0	N					◎限本系(含雙主修)修習◎限大一修習			0			李禹錫		三 3-4 和平 科技系TB311教室	初級日語（一）	一			1		0		選				50	1. 日語為母語者（包括日本僑生與日本籍學生等）不可選課。2. 大一初級語言課程限本系大一生修習，於新生選課結束後，開放大二以上修習。(外系生請於全校加退選階段登錄系統即時選課）	1		
	IU83						5	0.11		東亞系（學）		EAU0120			5		3.0				115	半			Taiwanese Politics and Economy </br>[ Program: The Inter-disciplinary Program of Society and Communication Application ]			1544			0	N					◎限大一修習			0			關弘昌		三 6-8 和平 教619	臺灣政治與經濟 </br>[ 學分學程：社會與傳播應用學分學程 ]	一			1		0		選				45	政經與區域發展領域，限大一修習。（於新生選課結束後，開放大二以上修習）	1		ZU9E
	IU83						10	0.25		東亞系（學）		EAU0127			5		3.0				115	半			Creative City and Marketing </br>[ Program: The Specialization Program of Cultural Industry and Urban Development The Inter-disciplinary Program of Region and Tourism Planning ]			1545			0	N					◎限大一修習			0			江柏煒		二 9-A 和平 教315	創意城市與行銷 </br>[ 學分學程：文化產業與城市發展專業學分學程 區域與觀光規劃學分學程 ]	一			1		0		選				40	文化與應用領域，限大一修習。（於新生選課結束後，開放大二以上修習）	1		ZU5S/ZU9A
	IU83						10	0.14		東亞系（學）		EAU0175			5		3.0				115	半			Political Science </br>[ Program: The Specialization Program of East Asian Political Economy and Regional Development ]			1546			0	N					◎限本系(含雙主修)修習◎限大一修習			0			巫俊穎		四 2-4 和平 教202會議廳	政治學 </br>[ 學分學程：東亞政經與區域發展專業學分學程 ]	一			1		0		必				70	大一共同必修，限本系大一修習。（於新生選課結束後，始開放本系大二以上學生與外系生修習）	1		ZU7X
	IU83						9	0.38		東亞系（學）		EAU0190			5		3.0				115	半			East Asian Confucianism and Its Modern Challenges			1547			0	N					◎限大一修習			0			張崑將		四 6-8 和平 博411A	東亞儒學與現代挑戰	一			1		0		選				24	文化與應用領域，限大一修習。（於新生選課結束後，開放大二以上修習）	1		
	IU83						10	0.25		東亞系（學）		EAU0195			5		3.0				115	半			An Introduction to Globalizing Politics and Economy </br>[ Program: The Inter-disciplinary Program of Society and Communication Application The Inter-disciplinary Program of Sports Leadership ]			1548			0	N					◎限大一修習			0			陳文政		一 9-A 和平 教619	全球化政經概論 </br>[ 學分學程：社會與傳播應用學分學程 運動領導學分學程 ]	一			1		0		選				40	政經與區域發展領域，限大一修習。（於新生選課結束後，開放大二以上修習）	1		ZU9E/ZU9W
	IU83						10	0.14		東亞系（學）		EAU0207			5		3.0				115	半			Regional Culture of Northeast Asia </br>[ Program: The Specialization Program of East Asian Culture and Its Applications ]			1549			0	N					◎限本系(含雙主修)修習◎限大一修習			0			林書媺		一 6-8 和平 教202會議廳	東北亞區域文化 </br>[ 學分學程：東亞文化與應用專業學分學程 ]	一			1		0		必				70	大一共同必修，限本系大一修習。（於新生選課結束後，始開放本系大二以上學生與外系生修習）	1		ZU7Y
	IU83						5	0.07		東亞系（學）		EAU0220			2		3.0				115	半			Introduction to International Relations </br>[ Program: The Inter-disciplinary Program of International Relations and Diplomacy ]			1550			0	N					◎限大一修習			0			徐筱琦		四 6-8 和平 進修學院演講堂	國際關係概論 </br>[ 學分學程：國際關係與外交學分學程 ]	一			1		0		選				70	政經與區域發展領域，限大一修習。（於新生選課結束後，開放大二以上修習）	1		ZU56
	IU83						10	0.25		東亞系（學）		EAU0238			5		3.0				115	半			English for Finance and Economics </br>[ Program: The EMI Specialization Program of Asia-Pacific Studies ]			1552			0	N		是			◎限大一修習			0			田正利		三 9-A 和平 教619	財經英文 </br>[ 學分學程：亞太研究全英課程專業學分學程 ]	一			1		0		選				40	1.政經與區域發展領域，限大一修習。（於新生選課結束後，開放大二以上修習） 2.英語為母語者，請勿選修此門課程。	1		ZU5T
	IU83						10	0.25		東亞系（學）		EAU0243			5		2.0				115	半			Elementary Vietnamese (I)			1553			0	N					◎限大一修習			0			阮蓮香		一 3-4 和平 教315	初級越南文（一）	一			1		0		選				40	越南語為母語者（包括越南僑生與越南籍學生等）不可選課。	1		
	IU83						10	0.25		東亞系（學）		EAU0083			5		2.0				115	半			Intermediate Korean(I)			1554			0	N								0			金恩美		三 3-4 和平 教619	中級韓語（一）	二			2		0		選				40	1. 韓語為母語者（包括韓國僑生與韓國籍學生等）不可選課。	1		
	IU83						5	0.20		東亞系（學）		EAU0085			5		2.0				115	半			Intermediate Japanese(I)			1555			0	N								0			李禹錫		三 6-7 和平 博411A	中級日語（一）	二			2		0		選				25	日語為母語者（包括日本僑生與日本籍學生等）不可選課。	1		
	IU83						10	0.20		東亞系（學）		EAU0122			5		3.0				115	半			Micro-Economics </br>[ Program: The Inter-disciplinary Program of Economics ]			1556			0	N								0			金志婷		三 9-A 和平 教103	個體經濟學 </br>[ 學分學程：經濟學學分學程 ]	二			2		0		選				50	政經與區域發展領域，建議大二~大四學生修習。	1		ZU42
	IU83						10	0.14		東亞系（學）		EAU0124			5		3.0				115	半			International Politics </br>[ Program: The Inter-disciplinary Program of International Relations and Diplomacy The Specialization Program of East Asian Political Economy and Regional Development ]			1557			0	N					◎限本系(含雙主修)修習◎限大二修習			0			關弘昌		四 6-8 和平 教103	國際政治 </br>[ 學分學程：國際關係與外交學分學程 東亞政經與區域發展專業學分學程 ]	二			2		0		必				70	大二共同必修，選課第一階段限大二修習。（不開放大三、大四下修）	1		ZU56/ZU7X
	IU83						5	0.13		東亞系（學）		EAU0148			5		3.0				115	半			Introduction to East Asian Religions </br>[ Program: The Specialization Program of East Asian Culture and Its Applications ]			1558			0	N								0			潘鳳娟		二 6-8 和平 教101	東亞宗教概論 </br>[ 學分學程：東亞文化與應用專業學分學程 ]	二			2		0		選				40	文化與應用領域，建議大二~大四學生修習。	1		ZU7Y
	IU83						2	0.11		東亞系（學）		EAU0150			2		3.0				115	半			Introduction to East Asian Literature			1559			0	N								0			林書媺		二 2-4 和平 美術館602	東亞文學導讀	二			2		0		選				18	文化與應用領域，建議大二~大四學生修習。	1		
	IU83						8	0.40		東亞系（學）		EAU0178			5		3.0				115	半			Post Wwii Japanese Diplomacy and Defense Policy			1561			0	N								0			林賢參		二 6-8 和平 博420	戰後日本外交與防衛政策	二			2		0		選				20	政經與區域發展領域，建議大二~大四學生修習。	1		
	IU83						10	0.25		東亞系（學）		EAU0185			5		3.0				115	半			Introduction to Cultural Industry </br>[ Program: The Specialization Program of Cultural Industry and Urban Development ]			1562			0	N		是						0			邱愷欣		四 9-A 和平 教101	文化產業概論 </br>[ 學分學程：文化產業與城市發展專業學分學程 ]	二			2		0		選				40	文化與應用領域，建議大二~大四學生修習。	1		ZU5S
	IU83						10	0.25		東亞系（學）		EAU0222			5		3.0				115	半			The Rule of Law and Human Rights: National, Transnational, and Global Perspectives			1563			0	N								0			陳文政		一 6-8 和平 教619	法治與人權：內國、跨國與全球觀點	二			2		0		選				40	政經與區域發展領域，建議大二~大四學生修習。	1		
	IU83						10	0.14		東亞系（學）		EAU0226			5		3.0				115	半			East Asian Perspectives on Dialogue between Traditions and Modernity </br>[ Program: The Specialization Program of East Asian Culture and Its Applications ]			1564			0	N					◎限本系(含雙主修)修習◎限大二修習			0			張崑將 江柏煒 林書媺		四 2-4 和平 博413	東亞的傳統與現代性對話 </br>[ 學分學程：東亞文化與應用專業學分學程 ]	二			2		0		必				70	大二共同必修，選課第一階段限大二修習。（不開放大三、大四下修）	1		ZU7Y
	IU83						10	0.25		東亞系（學）		EAU0245			5		2.0				115	半			Intermediate Vietnamese (I)			1565			0	N								0			阮蓮香		一 1-2 和平 教315	中級越南文（一）	二			2		0		選				40	越南語為母語者（包括越南僑生與越南籍學生等）不可選課。	1		
	IU83						5	0.13		東亞系（學）		EAU0051			5		3.0				115	半			Operation of Taiwanese Enterprises in East Asia </br>[ Program: The Specialization Program of East Asian Political Economy and Regional Development The Inter-disciplinary Program of Society and Communication Application ]			1566			0	N								0			田正利		二 9-A 和平 教101	臺灣企業的東亞經營 </br>[ 學分學程：東亞政經與區域發展專業學分學程 社會與傳播應用學分學程 ]	三			3		0		選				40	政經與區域發展領域，建議大二~大四學生修習。	1		ZU7X/ZU9E
	IU83						5	0.13		東亞系（學）		EAU0191			5		3.0				115	半			Chinese Thinkers and Thoughts since the Beginning of the Republic			1567			0	N								0			胡元玲		二 6-8 和平 教315	民初以來的思想與思想家	三			3		0		選				40	文化與應用領域，建議大二~大四學生修習。	1		
	IU83						5	0.13		東亞系（學）		EAU0199			5		3.0				115	半			Global Governance </br>[ Program: The Inter-disciplinary Program of Sports Leadership ]			1568			0	N								0			王冠雄		二 9-A 和平 教619	全球治理 </br>[ 學分學程：運動領導學分學程 ]	三			3		0		選				40	政經與區域發展領域，建議大二~大四學生修習。	1		ZU9W
	IU83						5	0.13		東亞系（學）		EAU0225			5		3.0				115	半			East Asian Cities and Cultures in Literature and Films			1569			0	N								0			鄭怡庭		一 2-4 和平 教101	文學、電影中的東亞城市與文化	三			3		0		選				40	文化與應用領域，建議大二~大四學生修習。	1		
	IU84						3	0.06		華語系（學）		CLU0134			0		2.0				115	半			Advertising in Chinese </br>[ Program: The Specialization Program of International Communication and Cross-cultural Narratives ]			1570			0	N					◎限本系(含雙主修)修習			0			楊秉煌		三 8-9 和平 教315	廣告華語 </br>[ 學分學程：國際溝通與跨文化敘事專業學分學程 ]						0		選				50		1		ZU5V
	IU84						3	0.08		華語系（學）		CLU1023			0		3.0				115	半			English Oral Expression			1571			0	N		是			◎限本系(含雙主修)修習			0			黃獻寬		五 8-10 和平 綜901	英語口語表達						0		選				40		1		
	IU84						3	0.14		華語系（學）		CLU2001			0		3.0				115	半			Selected Readings of Taiwanese Literature			1572			0	N		是						0			杜昭玫		二 6-8 和平 博406	臺灣文學選讀						0		選				22		1		
	IU84	A					5	0.10		華語系（學）		CLU0013			0		2.0				115	半			Chinese Pronunciation			1573			0	N					◎限本系(含雙主修)、外籍生修習◎限大一修習 ◎必須先修過(也可以同時修)【CLU0066  讀寫訓練（一）】			0	國際華語與文化組		劉崇仁		一 8-9 和平 教315	華語發音與正音	一			1		0		選				50		1		
	IU84	A					5	0.10		華語系（學）		CLU0045			0		2.0				115	半			Chinese Dietary Culture			1574			0	N					◎限本系(含雙主修)、外籍生修習◎限大一修習 ◎必須先修過(也可以同時修)【CLU0066  讀寫訓練（一）】			0	國際華語與文化組		孫懿芬		三 3-4 和平 教315	中國傳統飲食文化	一			1		0		選				50		1		
	IU84	A					8	0.40		華語系（學）		CLU0062			0		4.0				115	半			Integrated Chinese (I) </br>[ Program: The Inter-disciplinary Program of Technology-assisted Teaching Industry ]	A		1575			0	N					◎限本系(含雙主修)、外籍生修習◎限大一修習			0	國際華語與文化組		張雅惠		一 3-4 和平 博411B, 五 1-2 和平 綜903	綜合華語（一） </br>[ 學分學程：科技化教學產業學分學程 ]	一			1		0		必				20		1		ZU47
	IU84	A					10	0.40		華語系（學）		CLU0062			0		4.0				115	半			Integrated Chinese (I) </br>[ Program: The Inter-disciplinary Program of Technology-assisted Teaching Industry ]	B		1576			0	N					◎限本系(含雙主修)、外籍生修習◎限大一修習			0	國際華語與文化組		劉欣怡		一 3-4 和平 進308, 五 1-2 和平 綜901	綜合華語（一） </br>[ 學分學程：科技化教學產業學分學程 ]	一			1		0		必				25		1		ZU47
	IU84	A					10	0.40		華語系（學）		CLU0062			0		4.0				115	半			Integrated Chinese (I) </br>[ Program: The Inter-disciplinary Program of Technology-assisted Teaching Industry ]	C		1577			0	N					◎限本系(含雙主修)、外籍生修習◎限大一修習			0	國際華語與文化組		王慧娟		一 3-4 和平 綜901, 五 1-2 和平 博1002	綜合華語（一） </br>[ 學分學程：科技化教學產業學分學程 ]	一			1		0		必				25		1		ZU47
	IU84	A					8	0.40		華語系（學）		CLU0066			0		4.0				115	半			Training in Reading and Writing (I)	A		1578			0	N					◎限本系(含雙主修)、外籍生修習◎限大一修習			0	國際華語與文化組		李育娟		一 6-7 和平 綜903, 五 3-4 和平 綜903	讀寫訓練（一）	一			1		0		必				20		1		
	IU84	A					10	0.40		華語系（學）		CLU0066			0		4.0				115	半			Training in Reading and Writing (I)	B		1579			0	N					◎限本系(含雙主修)、外籍生修習◎限大一修習			0	國際華語與文化組		吳馥如		二 3-4 和平 綜903, 四 6-7 和平 綜903	讀寫訓練（一）	一			1		0		必				25		1		
	IU84	A					10	0.40		華語系（學）		CLU0066			0		4.0				115	半			Training in Reading and Writing (I)	C		1580			0	N					◎限本系(含雙主修)、外籍生修習◎限大一修習			0	國際華語與文化組		劉欣怡		二 3-4 和平 博406, 四 6-7 和平 博406	讀寫訓練（一）	一			1		0		必				25		1		
	IU84	A					10	0.40		華語系（學）		CLU0070			0		2.0				115	半			Contemporary Chinese (I)	B		1581			0	N					◎限本系(含雙主修)、外籍生修習◎限大一修習 ◎必須先修過(也可以同時修)【CLU0066  讀寫訓練（一）】			0	國際華語與文化組		劉崇仁		三 8-9 和平 博411A	當代華語（一）	一			1		0		選				25		1		
	IU84	A					10	0.40		華語系（學）		CLU0070			0		2.0				115	半			Contemporary Chinese (I)	C		1582			0	N					◎限本系(含雙主修)、外籍生修習◎限大一修習 ◎必須先修過(也可以同時修)【CLU0066  讀寫訓練（一）】			0	國際華語與文化組		丁國雲		三 8-9 和平 博420	當代華語（一）	一			1		0		選				25		1		
	IU84	A					8	0.40		華語系（學）		CLU0072			0		2.0				115	半			Training in Listening (I)	A		1583			0	N					◎限本系(含雙主修)、外籍生修習◎限大一修習 ◎必須先修過(也可以同時修)【CLU0066  讀寫訓練（一）】			0	國際華語與文化組		丁國雲		二 6-7 和平 博1003	聽力訓練（一）	一			1		0		選				20		1		
	IU84	A					10	0.40		華語系（學）		CLU0072			0		2.0				115	半			Training in Listening (I)	B		1584			0	N					◎限本系(含雙主修)、外籍生修習◎限大一修習 ◎必須先修過(也可以同時修)【CLU0066  讀寫訓練（一）】			0	國際華語與文化組		劉崇仁		二 6-7 和平 博411A	聽力訓練（一）	一			1		0		選				25		1		
	IU84	A					10	0.40		華語系（學）		CLU0072			0		2.0				115	半			Training in Listening (I)	C		1585			0	N					◎限本系(含雙主修)、外籍生修習◎限大一修習 ◎必須先修過(也可以同時修)【CLU0066  讀寫訓練（一）】			0	國際華語與文化組		吳馥如		二 6-7 和平 綜903	聽力訓練（一）	一			1		0		選				25		1		
	IU84	A					8	0.40		華語系（學）		CLU0076			0		2.0				115	半			Training in Conversation (I)	A		1586			0	N					◎限本系(含雙主修)、外籍生修習◎限大一修習 ◎必須先修過(也可以同時修)【CLU0066  讀寫訓練（一）】			0	國際華語與文化組		吳馥如		四 8-9 和平 綜903	會話訓練（一）	一			1		0		選				20		1		
	IU84	A					10	0.40		華語系（學）		CLU0076			0		2.0				115	半			Training in Conversation (I)	B		1587			0	N					◎限本系(含雙主修)、外籍生修習◎限大一修習 ◎必須先修過(也可以同時修)【CLU0066  讀寫訓練（一）】			0	國際華語與文化組		劉欣怡		四 3-4 和平 綜901	會話訓練（一）	一			1		0		選				25		1		
	IU84	A					10	0.40		華語系（學）		CLU0076			0		2.0				115	半			Training in Conversation (I)	C		1588			0	N					◎限本系(含雙主修)、外籍生修習◎限大一修習 ◎必須先修過(也可以同時修)【CLU0066  讀寫訓練（一）】			0	國際華語與文化組		王慧娟		一 6-7 和平 博411A	會話訓練（一）	一			1		0		選				25		1		
	IU84	A					10	0.22		華語系（學）		CLU0111			0		2.0				115	半			Contemporary Chinese: Charater			1589			0	N					◎限本系(含雙主修)、外籍生修習◎限大一修習 ◎必須先修過(也可以同時修)【CLU0066  讀寫訓練（一）】			0	國際華語與文化組		劉欣怡		二 1-2 和平 教101	漢字學習	一			1		0		選				45		1		
	IU84	A					8	0.40		華語系（學）		CLU0139			0		4.0				115	半			Practical Chinese (I)			1590			0	N					◎限本系(含雙主修)、外籍生修習◎限大一修習			0	國際華語與文化組		孫懿芬		一 3-4 和平 博406, 三 6-7 和平 博420	實用華語（一）	一			1		0		選				20		1		
	IU84	A					10	0.33		華語系（學）		CLU0006			0		2.0				115	半			Classical Chinese (I)	A		1591			0	N					◎限本系(含雙主修)、外籍生修習◎必須先修過【CLU0067  讀寫訓練（二）】			0	國際華語與文化組		張雅惠		四 6-7 和平 教619	文言文（一）	二			2		0		必				30		1		
	IU84	A					10	0.33		華語系（學）		CLU0006			0		2.0				115	半			Classical Chinese (I)	B		1592			0	N					◎限本系(含雙主修)、外籍生修習◎必須先修過【CLU0067  讀寫訓練（二）】			0	國際華語與文化組		張雅惠		五 3-4 和平 教315	文言文（一）	二			2		0		必				30		1		
	IU84	A					10	0.20		華語系（學）		CLU0016			0		2.0				115	半			Reading in Chinese Newspapers & Periodicals			1593			0	N					◎限本系(含雙主修)、外籍生修習◎必須先修過【CLU0067  讀寫訓練（二）】			0	國際華語與文化組		張雅惠		四 3-4 和平 博1002	華語報刊閱讀	二			2		0		選				50		1		
	IU84	A					10	0.20		華語系（學）		CLU0068			0		4.0				115	半			Training in Reading and Writing (III)	A		1594			0	N					◎限本系(含雙主修)、外籍生修習◎必須先修過【CLU0067  讀寫訓練（二）】			0	國際華語與文化組		劉崇仁		一 1-2 和平 博1002, 三 6-7 和平 教315	讀寫訓練（三）	二			2		0		必				50		1		
	IU84	A					10	0.33		華語系（學）		CLU0068			0		4.0				115	半			Training in Reading and Writing (III)	B		1595			0	N					◎限本系(含雙主修)、外籍生修習◎必須先修過【CLU0067  讀寫訓練（二）】			0	國際華語與文化組		陳寅清		一 6-7 和平 綜7樓大傳所大教室, 三 6-7 和平 美301	讀寫訓練（三）	二			2		0		必				30		1		
	IU84	A					10	0.20		華語系（學）		CLU0074			0		2.0				115	半			Training in Listening (III)	A		1596			0	N					◎限本系(含雙主修)、外籍生修習◎必須先修過【CLU0067  讀寫訓練（二）】、【CLU0073  聽力訓練（二）】			0	國際華語與文化組		吳馥如		一 6-7 和平 教101	聽力訓練（三）	二			2		0		選				50		1		
	IU84	A					10	0.20		華語系（學）		CLU0074			0		2.0				115	半			Training in Listening (III)	B		1597			0	N					◎限本系(含雙主修)、外籍生修習◎必須先修過【CLU0067  讀寫訓練（二）】、【CLU0073  聽力訓練（二）】			0	國際華語與文化組		劉崇仁		二 3-4 和平 教619	聽力訓練（三）	二			2		0		選				50		1		
	IU84	A					10	0.20		華語系（學）		CLU0078			0		2.0				115	半			Training in Conversation (III)	A		1598			0	N					◎限本系(含雙主修)、外籍生修習◎必須先修過【CLU0067  讀寫訓練（二）】、【CLU0077  會話訓練（二）】			0	國際華語與文化組		王慧娟		五 3-4 和平 教101	會話訓練（三）	二			2		0		選				50		1		
	IU84	A					10	0.20		華語系（學）		CLU0078			0		2.0				115	半			Training in Conversation (III)	B		1599			0	N					◎限本系(含雙主修)、外籍生修習◎必須先修過【CLU0067  讀寫訓練（二）】、【CLU0077  會話訓練（二）】			0	國際華語與文化組		丁國雲		二 8-9 和平 博1002	會話訓練（三）	二			2		0		選				50		1		
	IU84	A					5	0.10		華語系（學）		CLU0084			0		2.0				115	半			Introduction to Chinese Cultures			1600			0	N					◎限本系(含雙主修)、外籍生修習◎必須先修過【CLU0067  讀寫訓練（二）】			0	國際華語與文化組		李育娟		二 6-7 和平 博1002	中華文化概論	二			2		0		必				50		1		
	IU84	A					10	0.20		華語系（學）		CLU0102			0		2.0				115	半			Chinese for Tourism			1601			0	N					◎限本系(含雙主修)、外籍生修習◎必須先修過【CLU0067  讀寫訓練（二）】			0	國際華語與文化組		吳馥如		三 3-4 和平 博1002	觀光華語	二			2		0		選				50		1		
	IU84	A					10	0.20		華語系（學）		CLU0122			0		2.0				115	半			Advanced Chinese Pronunciation			1602			0	N					◎限本系(含雙主修)、外籍生修習			0	國際華語與文化組		吳馥如		一 8-9 和平 博1003	高階華語發音與正音	二			2		0		選				50		1		
	IU84	A					10	0.25		華語系（學）		CLU0129			0		2.0				115	半			Introduction to Chinese Art: Chinese Calligraphy			1603			0	N					◎限本系(含雙主修)、外籍生修習◎必須先修過【CLU0067  讀寫訓練（二）】			0	國際華語與文化組		王慧娟		四 1-2 和平 美505	中國傳統藝術概論：書法	二			2		0		選				40		1		
	IU84	A					10	0.20		華語系（學）		CLU0022			0		2.0				115	半			Selections of Chinese Classical Prose			1604			0	N					◎限本系(含雙主修)、外籍生修習◎必須先修過【CLU0069  讀寫訓練（四）】			0	國際華語與文化組		陳嘉凌		三 3-4 和平 博413	散文選讀	三			3		0		選				50		1		
	IU84	A					10	0.20		華語系（學）		CLU0061			0		2.0				115	半			Modern Chinese Grammar Introduction			1605			0	N					◎限本系(含雙主修)、外籍生修習◎必須先修過【CLU0069  讀寫訓練（四）】			0	國際華語與文化組		張雅惠		一 6-7 和平 教315	現代漢語語法概要	三			3		0		必				50		1		
	IU84	A					10	0.20		華語系（學）		CLU0085			0		2.0				115	半			Advanced Conversation: Oral Expressions			1606			0	N					◎限本系(含雙主修)、外籍生修習			0	國際華語與文化組		劉欣怡		一 8-9 和平 綜903	高級會話：口語表達	三			3		0		選				50		1		
	IU84	A					10	0.20		華語系（學）		CLU0098			0		2.0				115	半			Training in Reading and Writing (V)	A		1607			0	N					◎限本系(含雙主修)、外籍生修習◎必須先修過【CLU0069  讀寫訓練（四）】			0	國際華語與文化組		張雅惠		二 1-2 和平 綜901	讀寫訓練（五）	三			3		0		必				50		1		
	IU84	A					10	0.20		華語系（學）		CLU0098			0		2.0				115	半			Training in Reading and Writing (V)	B		1608			0	N					◎限本系(含雙主修)、外籍生修習◎必須先修過【CLU0069  讀寫訓練（四）】			0	國際華語與文化組		王慧娟		二 1-2 和平 博1002	讀寫訓練（五）	三			3		0		必				50		1		
	IU84	A					10	0.20		華語系（學）		CLU0127			0		2.0				115	半			Introduction to Chinese Art: She-Yi (Chinese Traditional Archery)			1609			0	N					◎限本系(含雙主修)、外籍生修習◎必須先修過【CLU0069  讀寫訓練（四）】			0	國際華語與文化組		林育德		四 8-9 和平 綜210展覽廳	中國傳統藝術概論：射藝	三			3		0		選				50		1		
	IU84	A					10	0.20		華語系（學）		CLU0136			0		2.0				115	半			The Appreciation of Chinese Poetry			1610			0	N					◎限本系(含雙主修)、外籍生修習◎必須先修過【CLU0069  讀寫訓練（四）】			0	國際華語與文化組		王慧娟		四 3-4 和平 教101	中國詩詞欣賞	三			3		0		選				50		1		
	IU84	A					10	0.40		華語系（學）		CLU0015			0		2.0				115	半			Advanced Conversation: Debating			1611			0	N					◎限本系(含雙主修)、外籍生修習			0	國際華語與文化組		劉崇仁		一 3-4 和平 教室自排	高級會話：辯論	四			4		0		選				50		1		
	IU84	A					10	0.20		華語系（學）		CLU0100			0		2.0				115	半			Business Chinese			1612			0	N					◎限本系(含雙主修)、外籍生修習◎必須先修過【CLU0069  讀寫訓練（四）】			0	國際華語與文化組		杜昭玫		二 3-4 和平 教315	商務華語	四			4		0		選				50		1		
	IU84	A					10	0.22		華語系（學）		CLU0125			0		2.0				115	半			A General Introduction to History of Chinese Literature			1613			0	N					◎限本系(含雙主修)、外籍生修習◎必須先修過【CLU0069  讀寫訓練（四）】			0	國際華語與文化組		邱詩雯		一 8-9 和平 教101	中國文學史概論	四			4		0		選				45		1		
	IU84	A					10	0.25		華語系（學）		CLU0131			0		2.0				115	半			Introduction to the Chinese Political History			1614			0	N					◎限本系(含雙主修)、外籍生修習◎必須先修過【CLU0069  讀寫訓練（四）】			0	國際華語與文化組		林育德		四 6-7 和平 教403	中國政治史	四			4		0		選				40		1		
	IU84	B					3	0.06		華語系（學）		CLU1001			0		2.0				115	半			Chinese Phonetics	A		1617			0	N					◎限本系(含雙主修)、輔系修習◎限大一修習			0	應用華語文學組		劉崇仁		四 3-4 和平 教619	華語語音學	一			1		0		必				50		1		
	IU84	B					3	0.06		華語系（學）		CLU1001			0		2.0				115	半			Chinese Phonetics	B		1618			0	N					◎限本系(含雙主修)、輔系修習◎限大一修習			0	應用華語文學組		劉崇仁		四 1-2 和平 教619	華語語音學	一			1		0		必				50		1		
	IU84	B					3	0.06		華語系（學）		CLU1003			0		2.0				115	半			Introduction to Chinese Language Teaching </br>[ Program: The Inter-disciplinary Program of Technology-assisted Teaching Industry The Specialization Program of Cross-Border Transitional Chinese Language Teaching The Specialization Program of Teaching Chinese as a Second Language The Specialization Program of AI and Chinese Language Material Development The Specialization Program of Digital Humanities and Knowledge Translation for Chinese as a Second Language ]	A		1619			0	N					◎限本系(含雙主修)修習◎限大一修習			0	應用華語文學組		張瓅勻		四 1-2 和平 教315	華語文教學導論 </br>[ 學分學程：科技化教學產業學分學程 跨國銜轉教學專業學分學程 華語文教學領域專業學分學程 AI與語言教材研發專業學分學程 數位人文與知識轉譯專業學分學程 ]	一			1		0		必				50		1		ZU47/ZU5U/ZU5W/ZU5X/ZU8O
	IU84	B					3	0.06		華語系（學）		CLU1003			0		2.0				115	半			Introduction to Chinese Language Teaching </br>[ Program: The Inter-disciplinary Program of Technology-assisted Teaching Industry The Specialization Program of Cross-Border Transitional Chinese Language Teaching The Specialization Program of Teaching Chinese as a Second Language The Specialization Program of AI and Chinese Language Material Development The Specialization Program of Digital Humanities and Knowledge Translation for Chinese as a Second Language ]	B		1620			0	N					◎限本系(含雙主修)修習◎限大一修習			0	應用華語文學組		張瓅勻		四 3-4 和平 教315	華語文教學導論 </br>[ 學分學程：科技化教學產業學分學程 跨國銜轉教學專業學分學程 華語文教學領域專業學分學程 AI與語言教材研發專業學分學程 數位人文與知識轉譯專業學分學程 ]	一			1		0		必				50		1		ZU47/ZU5U/ZU5W/ZU5X/ZU8O
	IU84	B					3	0.06		華語系（學）		CLU1021			0		3.0				115	半			Introduction to Chinese Classics and Literature			1621			0	N					◎限本系(含雙主修)修習◎限大一修習			0	應用華語文學組		陳嘉凌		三 9-A 和平 博1002	國學導讀	一			1		0		選				50		1		
	IU84	B					3	0.07		華語系（學）		CLU1024			0		2.0				115	半			German (I)			1622			0	N					◎限本系(含雙主修)修習◎限大一修習			0	應用華語文學組		官英華		二 3-4 和平 教101	德語（一）	一			1		0		選				45		1		
	IU84	B					3	0.06		華語系（學）		CLU1025			0		3.0				115	半			Introduction to Education			1623			0	N					◎限本系(含雙主修)修習◎限大一修習			0	應用華語文學組		熊襄瑜		五 2-4 和平 博413	教育導論	一			1		0		選				50		1		
	IU84	B					3	0.07		華語系（學）		CLU1029			0		3.0				115	半			Educational Psychology			1624			0	N					◎限本系(含雙主修)修習◎限大一修習			0	應用華語文學組		官英華		四 6-8 和平 教101	教育心理學	一			1		0		選				45		1		
	IU84	B					3	0.13		華語系（學）		CLU1033			0		3.0				115	半			The History and Society of Southeast Asian			1625			0	N					◎限本系(含雙主修)修習◎限大一修習			0	應用華語文學組		吳龍雲		二 8-10 和平 綜903	東南亞歷史與社會	一			1		0		選				23		1		
	IU84	B					3	0.06		華語系（學）		CLU1006			0		2.0				115	半			Chinese Lexicography	A		1626			0	N					◎限本系(含雙主修)、輔系修習			0	應用華語文學組		陳嘉凌		四 8-9 和平 教315	華語詞彙學	二			2		0		必				50		1		
	IU84	B					3	0.06		華語系（學）		CLU1006			0		2.0				115	半			Chinese Lexicography	B		1627			0	N					◎限本系(含雙主修)、輔系修習			0	應用華語文學組		陳嘉凌		四 6-7 和平 教315	華語詞彙學	二			2		0		必				50		1		
	IU84	B					3	0.06		華語系（學）		CLU1010			0		2.0				115	半			Introduction to Overseas Chinese Education	A		1628			0	N					◎限本系(含雙主修)修習			0	應用華語文學組		吳龍雲		一 3-4 和平 博413	僑民教育導論	二			2		0		必				50		1		
	IU84	B					3	0.06		華語系（學）		CLU1010			0		2.0				115	半			Introduction to Overseas Chinese Education	B		1629			0	N					◎限本系(含雙主修)修習			0	應用華語文學組		吳龍雲		一 1-2 和平 博413	僑民教育導論	二			2		0		必				50		1		
	IU84	B					3	0.06		華語系（學）		CLU1012			0		2.0				115	半			Chinese Rhetoric </br>[ Program: The Specialization Program of International Communication and Cross-cultural Narratives ]	A		1630			0	N					◎限本系(含雙主修)修習			0	應用華語文學組		陳嘉凌		五 1-2 和平 教619	華語修辭學 </br>[ 學分學程：國際溝通與跨文化敘事專業學分學程 ]	二			2		0		必				50		1		ZU5V
	IU84	B					3	0.06		華語系（學）		CLU1012			0		2.0				115	半			Chinese Rhetoric </br>[ Program: The Specialization Program of International Communication and Cross-cultural Narratives ]	B		1631			0	N					◎限本系(含雙主修)修習			0	應用華語文學組		陳嘉凌		五 3-4 和平 教619	華語修辭學 </br>[ 學分學程：國際溝通與跨文化敘事專業學分學程 ]	二			2		0		必				50		1		ZU5V
	IU84	B					3	0.10		華語系（學）		CLU1015			0		3.0				115	半			Computer-Assisted Chinese Language Instruction </br>[ Program: The Inter-disciplinary Program of Technology-assisted Teaching Industry ]			1632			0	N					◎限本系(含雙主修)修習			0	應用華語文學組		阮品綸		四 2-4 和平 教404	多媒體與華語教學 </br>[ 學分學程：科技化教學產業學分學程 ]	二			2		0		選				30		1		ZU47
	IU84	B					3	0.12		華語系（學）		CLU1039			0		2.0				115	半			German (III)			1633			0	N					◎限本系(含雙主修)修習			0	應用華語文學組		官英華		二 6-7 和平 博402	德語（三）	二			2		0		選				25		1		
	IU84	B					3	0.03		華語系（學）		CLU1058			0		2.0				115	半			Teaching of Chinese Characters </br>[ Program: The Specialization Program of Teaching Chinese as a Second Language The Specialization Program of AI and Chinese Language Material Development ]			1635			0	N					◎限本系(含雙主修)、輔系修習			0	應用華語文學組		林振興		一 6-7 和平 綜202演講廳	漢字教學 </br>[ 學分學程：華語文教學領域專業學分學程 AI與語言教材研發專業學分學程 ]	二			2		0		必				100		1		ZU5W/ZU8O
	IU84	B					3	0.03		華語系（學）		CLU0105			0		2.0				115	半			Chinese Linguistics </br>[ Program: The Specialization Program of Digital Humanities and Knowledge Translation for Chinese as a Second Language The Specialization Program of Teaching Chinese as a Second Language The Specialization Program of Cross-Border Transitional Chinese Language Teaching The Specialization Program of AI and Chinese Language Material Development ]			1636			0	N					◎限本系(含雙主修)修習			0	應用華語文學組		洪嘉馡		一 1-2 和平 綜210展覽廳	漢語語言學 </br>[ 學分學程：數位人文與知識轉譯專業學分學程 華語文教學領域專業學分學程 跨國銜轉教學專業學分學程 AI與語言教材研發專業學分學程 ]	三			3		0		必				100		1		ZU5U/ZU5W/ZU5X/ZU8O
	IU84	B					3	0.07		華語系（學）		CLU1017			0		2.0				115	半			Theories of Second/Foreign Language Acquisition </br>[ Program: The Specialization Program of Cross-Border Transitional Chinese Language Teaching The Specialization Program of AI and Chinese Language Material Development ]	A		1637			0	N					◎限本系(含雙主修)修習			0	應用華語文學組		官英華		三 6-7 和平 綜901	外語習得理論 </br>[ 學分學程：跨國銜轉教學專業學分學程 AI與語言教材研發專業學分學程 ]	三			3		0		必				42		1		ZU5W/ZU5X
	IU84	B					3	0.07		華語系（學）		CLU1017			0		2.0				115	半			Theories of Second/Foreign Language Acquisition </br>[ Program: The Specialization Program of Cross-Border Transitional Chinese Language Teaching The Specialization Program of AI and Chinese Language Material Development ]	B		1638			0	N					◎限本系(含雙主修)修習			0	應用華語文學組		官英華		三 9-10 和平 綜901	外語習得理論 </br>[ 學分學程：跨國銜轉教學專業學分學程 AI與語言教材研發專業學分學程 ]	三			3		0		必				42		1		ZU5W/ZU5X
	IU84	B					3	0.06		華語系（學）		CLU1018			0		2.0				115	半			Chinese Teaching Materials and Methods </br>[ Program: The Inter-disciplinary Program of Technology-assisted Teaching Industry The Specialization Program of Cross-Border Transitional Chinese Language Teaching The Specialization Program of Teaching Chinese as a Second Language The Specialization Program of AI and Chinese Language Material Development ]	A		1639			0	N					◎限本系(含雙主修)、輔系修習			0	應用華語文學組		邱詩雯		二 1-2 和平 教315	華語教材教法 </br>[ 學分學程：科技化教學產業學分學程 跨國銜轉教學專業學分學程 華語文教學領域專業學分學程 AI與語言教材研發專業學分學程 ]	三			3		0		必				50		1		ZU47/ZU5W/ZU5X/ZU8O
	IU84	B					3	0.06		華語系（學）		CLU1018			0		2.0				115	半			Chinese Teaching Materials and Methods </br>[ Program: The Inter-disciplinary Program of Technology-assisted Teaching Industry The Specialization Program of Cross-Border Transitional Chinese Language Teaching The Specialization Program of Teaching Chinese as a Second Language The Specialization Program of AI and Chinese Language Material Development ]	B		1640			0	N					◎限本系(含雙主修)、輔系修習			0	應用華語文學組		邱詩雯		三 1-2 和平 教315	華語教材教法 </br>[ 學分學程：科技化教學產業學分學程 跨國銜轉教學專業學分學程 華語文教學領域專業學分學程 AI與語言教材研發專業學分學程 ]	三			3		0		必				50		1		ZU47/ZU5W/ZU5X/ZU8O
	IU84	B					3	0.10		華語系（學）		CLU1031			0		3.0				115	半			Cultural Anthropology			1641			0	N					◎限本系(含雙主修)修習			0	應用華語文學組		楊秉煌		四 2-4 和平 綜7樓大傳所大教室	文化人類學導論	三			3		0		選				30		1		
	IU84	B					3	0.06		華語系（學）		CLU1037			0		3.0				115	半			Class Management			1642			0	N					◎限本系(含雙主修)修習			0	應用華語文學組		黃珮琇		四 8-10 和平 教619	班級經營	三			3		0		選				50		1		
	IU84	B					3	0.12		華語系（學）		CLU1048			0		3.0				115	半			Chinese Grammar Instructional Design			1643			0	N					◎限本系(含雙主修)修習			0	應用華語文學組		陳立芬		一 6-8 和平 博402	華語語法教學設計	三			3		0		選				25		1		
	IU84	B					3	0.17		華語系（學）		CLU1057			0		3.0				115	半			Citizenship and Cultural Identity: Global Views on Chinese Migration			1644			0	N					◎限本系(含雙主修)修習			0	應用華語文學組		楊聰榮		五 2-4 和平 博1003	公民身份與華人認同	四			4		0		選				18		1		
	IU84	B					3	0.14		華語系（學）		CLU1078			0		3.0				115	半			Chinese-English Translation </br>[ Program: The Specialization Program of International Communication and Cross-cultural Narratives ]			1645			0	N					◎限本系(含雙主修)修習			0	應用華語文學組		王瓊淑		四 6-8 和平 博401	漢英翻譯 </br>[ 學分學程：國際溝通與跨文化敘事專業學分學程 ]	四			4		0		選				22		1		ZU5V
	IU84	B					3	0.14		華語系（學）		CLU1089			0		3.0				115	半			Introduction to Contemporary Chinese Arts </br>[ Program: The Specialization Program of Digital Humanities and Knowledge Translation for Chinese as a Second Language ]			1646			0	N					◎限本系(含雙主修)修習			0	應用華語文學組		洪逸柔		一 6-8 和平 博406	華人藝術欣賞 </br>[ 學分學程：數位人文與知識轉譯專業學分學程 ]	四			4		0		選				22		1		ZU5U
	IUH0						10	0.20		全球研究學位學程（學）		GBU0035			0		3.0				115	半			Sustainable Development in Regions			1647			0	N		是						0			Senjooti Roy		四 2-4 和平 綜604	區域與永續發展						0		必				50		1		
	IUH0						8	0.36		全球研究學位學程（學）		GBC9002			3		3.0				115	半			AI Ethics			1648			0	N		是	9					0			張育菱	大碩	五 10-B 和平 博406	人工智慧倫理						0		選				22		1		
	IUH0						10	0.14		全球研究學位學程（學）		GBU0001			3		3.0				115	半			Introduction to Global Studies (I) </br>[ Program: The EMI Specialization Program of Global Political Economy ]			1649			0	N		是			◎限大一修習			0			邱愷欣		五 5-7 和平 教101	全球研究導論（一） </br>[ 學分學程：全球政治經濟專業學分學程 ]	一			1		0		必				70		1		ZU5R
	IUH0						10	0.20		全球研究學位學程（學）		GBU0003			3		3.0				115	半			Introduction to International Relations			1650			0	N		是			◎限大一修習			0			姚仕帆		四 6-8 和平 美術館601	國際關係入門	一			1		0		必				50		1		
	IUH0						10	0.33		全球研究學位學程（學）		GBU0010			0		3.0				115	半			Understanding Taiwan from the Lens of Movies			1651			0	N		是			◎限大一修習			0			林書媺		二 6-8 和平 綜7樓大傳所大教室	從電影認識臺灣	一			1		0		選				30		1		
	IUH0						8	0.36		全球研究學位學程（學）		GBU0008			3		3.0				115	半			Introduction to Politics			1652			0	N		是						0			姚仕帆		五 6-8 和平 博401	政治學	二			2		0		必				22		1		
	IUH0						8	0.36		全球研究學位學程（學）		GBU0011			1		3.0				115	半			Media and Society			1653			0	N		是						0			邱愷欣		四 3-5 和平 博406	媒體與社會	二			2		0		選				22		1		
	IUH0						8	0.36		全球研究學位學程（學）		GBU0012			3		3.0				115	半			Justice and Human Rights			1654			0	N		是						0			黃獻寬		四 7-9 和平 博420	正義與人權	二			2		0		選				22		1		
	L						10	0.20		文學院		L0U1001			5		2.0				115	半			Japanese for Beginners (I) </br>[ Program: The Inter-disciplinary Program of International Relations and Diplomacy The Inter-disciplinary Program of Japanese as a Foreign Language ]	A		1657			0	N					◎初選 日本語文學分學程 研究生得下修			0			張文朝		一 A-B 和平 科技系TB311教室	初級日文（一） </br>[ 學分學程：國際關係與外交學分學程 日本語文學分學程 ]						0		必				50	任課老師：張文朝	1		ZU56/ZU97
	L						10	0.20		文學院		L0U1001			5		2.0				115	半			Japanese for Beginners (I) </br>[ Program: The Inter-disciplinary Program of International Relations and Diplomacy The Inter-disciplinary Program of Japanese as a Foreign Language ]	B		1658			0	N					◎初選 日本語文學分學程 研究生得下修			0			張文朝		二 A-B 和平 科技系TB311教室	初級日文（一） </br>[ 學分學程：國際關係與外交學分學程 日本語文學分學程 ]						0		必				50	任課老師：張文朝	1		ZU56/ZU97
	L						10	0.20		文學院		L0U1001			5		2.0				115	半			Japanese for Beginners (I) </br>[ Program: The Inter-disciplinary Program of International Relations and Diplomacy The Inter-disciplinary Program of Japanese as a Foreign Language ]	C		1659			0	N					◎初選 日本語文學分學程 研究生得下修			0			許育惠		五 8-9 和平 國語中心608	初級日文（一） </br>[ 學分學程：國際關係與外交學分學程 日本語文學分學程 ]						0		必				50	任課老師：許育惠	1		ZU56/ZU97
	L						10	0.20		文學院		L0U1001			5		2.0				115	半			Japanese for Beginners (I) </br>[ Program: The Inter-disciplinary Program of International Relations and Diplomacy The Inter-disciplinary Program of Japanese as a Foreign Language ]	D		1660			0	N					◎初選 日本語文學分學程 研究生得下修			0			邱麗娟		四 1-2 和平 進修學院演講堂	初級日文（一） </br>[ 學分學程：國際關係與外交學分學程 日本語文學分學程 ]						0		必				50	任課教師：邱麗娟	1		ZU56/ZU97
	L						10	0.20		文學院		L0U1003			5		2.0				115	半			Intermediate Japanese (I) </br>[ Program: The Inter-disciplinary Program of Japanese as a Foreign Language ]	A		1661			0	N					◎初選 日本語文學分學程 研究生得下修 ◎必須先修過【L0U1002  初級日文（二）】、【PGUT013  初級日文（二）】、【L0U1001  初級日文（一）】、【PGUT012  初級日文（一）】其中一門			0			張文朝		三 A-B 和平 科技系TB311教室	中級日文（一） </br>[ 學分學程：日本語文學分學程 ]						0		必				50	任課老師：張文朝	1		ZU97
	L						5	0.14		文學院		L0U1003			0		2.0				115	半			Intermediate Japanese (I) </br>[ Program: The Inter-disciplinary Program of Japanese as a Foreign Language ]	B		1662			0	N					◎初選 日本語文學分學程 研究生得下修 ◎必須先修過【L0U1002  初級日文（二）】、【PGUT013  初級日文（二）】、【L0U1001  初級日文（一）】、【PGUT012  初級日文（一）】其中一門			0			洪韶翎		四 3-4 和平 美202	中級日文（一） </br>[ 學分學程：日本語文學分學程 ]						0		必				35	任課老師：洪韶翎	1		ZU97
	L						10	0.20		文學院		L0U1005			5		2.0				115	半			Japanese Conversation and Listening Comprehension (I) </br>[ Program: The Inter-disciplinary Program of Japanese as a Foreign Language ]	A		1663			0	N					◎初選 日本語文學分學程 研究生得下修 ◎必須先修過【PGUT012  初級日文（一）】、【PGUT013  初級日文（二）】、【L0U1001  初級日文（一）】、【L0U1002  初級日文（二）】、【L0U1003  中級日文（一）】、【L0U1004  中級日文（二）】其中一門			0			池田晶子		二 A-B 和平 科技系TB213教室	日語會話與聽講（一） </br>[ 學分學程：日本語文學分學程 ]						0		必				50	任課老師：池田晶子	1		ZU97
	L						3	0.11		文學院		L0U1005			1		2.0				115	半			Japanese Conversation and Listening Comprehension (I) </br>[ Program: The Inter-disciplinary Program of Japanese as a Foreign Language ]	B		1664			0	N					◎初選 日本語文學分學程 研究生得下修 ◎必須先修過【PGUT012  初級日文（一）】、【PGUT013  初級日文（二）】、【L0U1001  初級日文（一）】、【L0U1002  初級日文（二）】、【L0U1003  中級日文（一）】、【L0U1004  中級日文（二）】其中一門			0			賴建樺		一 6-7 和平 研討二	日語會話與聽講（一） </br>[ 學分學程：日本語文學分學程 ]						0		必				27	任課老師：賴建樺	1		ZU97
	L						9	0.18		文學院		L0U1009			4		2.0				115	半			Advanced Japanese (I) </br>[ Program: The Inter-disciplinary Program of Japanese as a Foreign Language ]			1665			0	N					◎初選 日本語文學分學程 研究生得下修◎必須先修過【L0U1004  中級日文（二）】			0			賴建樺		一 8-9 和平 科技系TA509教室	進階日文（一） </br>[ 學分學程：日本語文學分學程 ]						0		必				50	任課老師：賴建樺	1		ZU97
	L						2	0.05		文學院		L0U1011			5		2.0				115	半			Advanced Japanese Conversation and Listening Comprehension (I) </br>[ Program: The Inter-disciplinary Program of Japanese as a Foreign Language ]			1666			0	N					◎初選 日本語文學分學程 研究生得下修			0			邱麗娟		四 3-4 和平 研討一	進階日語會話與聽講（一） </br>[ 學分學程：日本語文學分學程 ]						0		選				40	任課老師：邱麗娟	1		ZU97
	L						2	0.04		文學院		L0U1015			5		2.0				115	半			History of Japanese Literature </br>[ Program: The Inter-disciplinary Program of Japanese as a Foreign Language ]			1667			0	N					◎初選 日本語文學分學程 研究生得下修 ◎必須先修過【L0U1002  初級日文（二）】、【PGUT012  初級日文（一）】、【PGUT013  初級日文（二）】、【L0U1001  初級日文（一）】其中一門			0			洪韶翎		四 5-6 和平 綜10樓教室	日本文學史 </br>[ 學分學程：日本語文學分學程 ]						0		選				45	任課老師：洪韶翎	1		ZU97
	L						2	0.04		文學院		L0U1017			5		2.0				115	半			Business Japanese </br>[ Program: The Inter-disciplinary Program of Japanese as a Foreign Language ]			1668			0	N					◎初選 日本語文學分學程 研究生得下修			0			簡嘉菁		五 6-7 和平 綜913	商用日文 </br>[ 學分學程：日本語文學分學程 ]						0		選				45	任課老師：簡嘉菁	1		ZU97
	L						1	0.03		文學院		L0U1019			5		2.0				115	半			Japanese Reading and Writing </br>[ Program: The Inter-disciplinary Program of Japanese as a Foreign Language ]	A		1669			0	N					◎初選 日本語文學分學程 研究生得下修 ◎必須先修過【L0U1001  初級日文（一）】、【L0U1002  初級日文（二）】、【PGUT012  初級日文（一）】、【PGUT013  初級日文（二）】、【L0U1003  中級日文（一）】、【L0U1004  中級日文（二）】、【PGUT014  中級日文（一）】、【PGUT015  中級日文（二）】其中一門			0			池田晶子		二 8-9 和平 TA512	日文閱讀與寫作 </br>[ 學分學程：日本語文學分學程 ]						0		必				35	任課教師：池田晶子	1		ZU97
	L						1	0.03		文學院		L0U1019			5		2.0				115	半			Japanese Reading and Writing </br>[ Program: The Inter-disciplinary Program of Japanese as a Foreign Language ]	B		1670			0	N					◎初選 日本語文學分學程 研究生得下修 ◎必須先修過【L0U1001  初級日文（一）】、【L0U1002  初級日文（二）】、【PGUT012  初級日文（一）】、【PGUT013  初級日文（二）】、【L0U1003  中級日文（一）】、【L0U1004  中級日文（二）】、【PGUT014  中級日文（一）】、【PGUT015  中級日文（二）】其中一門			0			許育惠		五 6-7 和平 國語中心603	日文閱讀與寫作 </br>[ 學分學程：日本語文學分學程 ]						0		必				30	任課老師：許育惠	1		ZU97
	L						2	0.05		文學院		L0U2001			5		2.0				115	半			Korean for Beginners (I) </br>[ Program: The Inter-disciplinary Program of International Relations and Diplomacy The Inter-disciplinary Program of Korean Studies and Language ]	A		1671			0	N								0			金恩美		一 3-4 和平 研討一	初級韓文（一） </br>[ 學分學程：國際關係與外交學分學程 韓國學與語文學分學程 ]						0		必				40		1		ZU56/ZU9P
	L						2	0.04		文學院		L0U2001			5		2.0				115	半			Korean for Beginners (I) </br>[ Program: The Inter-disciplinary Program of International Relations and Diplomacy The Inter-disciplinary Program of Korean Studies and Language ]	B		1672			0	N								0			金家絃		一 1-2 和平 綜10樓教室	初級韓文（一） </br>[ 學分學程：國際關係與外交學分學程 韓國學與語文學分學程 ]						0		必				45		1		ZU56/ZU9P
	L						2	0.04		文學院		L0U2001			5		2.0				115	半			Korean for Beginners (I) </br>[ Program: The Inter-disciplinary Program of International Relations and Diplomacy The Inter-disciplinary Program of Korean Studies and Language ]	C		1673			0	N								0			李圭旼		二 1-2 和平 科技系TB310教室	初級韓文（一） </br>[ 學分學程：國際關係與外交學分學程 韓國學與語文學分學程 ]						0		必				45		1		ZU56/ZU9P
	L						2	0.05		文學院		L0U2001			5		2.0				115	半			Korean for Beginners (I) </br>[ Program: The Inter-disciplinary Program of International Relations and Diplomacy The Inter-disciplinary Program of Korean Studies and Language ]	D		1674			0	N								0			康雲柱		二 3-4 和平 科技系TC504教室	初級韓文（一） </br>[ 學分學程：國際關係與外交學分學程 韓國學與語文學分學程 ]						0		必				40		1		ZU56/ZU9P
	L						2	0.04		文學院		L0U2001			5		2.0				115	半			Korean for Beginners (I) </br>[ Program: The Inter-disciplinary Program of International Relations and Diplomacy The Inter-disciplinary Program of Korean Studies and Language ]	E		1675			0	N								0			洪攸善		四 1-2 和平 科技系TB213教室	初級韓文（一） </br>[ 學分學程：國際關係與外交學分學程 韓國學與語文學分學程 ]						0		必				45		1		ZU56/ZU9P
	L						2	0.04		文學院		L0U2003			5		2.0				115	半			Intermediate Korean (I) </br>[ Program: The Inter-disciplinary Program of Korean Studies and Language ]	A		1676			0	N					◎必須先修過【L0U2002  初級韓文（二）】、【PGU7009  初級韓文（二）】、【PGU7001  初級韓文（一）】、【L0U2001  初級韓文（一）】、【EAU0075  初級韓語（一）】、【EAU0071  初級韓語（二）】其中一門			0			金家絃		一 3-4 和平 綜10樓教室	中級韓文（一） </br>[ 學分學程：韓國學與語文學分學程 ]						0		必				45		1		ZU9P
	L						2	0.05		文學院		L0U2003			5		2.0				115	半			Intermediate Korean (I) </br>[ Program: The Inter-disciplinary Program of Korean Studies and Language ]	B		1677			0	N					◎必須先修過【L0U2002  初級韓文（二）】、【PGU7009  初級韓文（二）】、【PGU7001  初級韓文（一）】、【L0U2001  初級韓文（一）】、【EAU0075  初級韓語（一）】、【EAU0071  初級韓語（二）】其中一門			0			李圭旼		一 8-9 和平 研討一	中級韓文（一） </br>[ 學分學程：韓國學與語文學分學程 ]						0		必				40		1		ZU9P
	L						2	0.04		文學院		L0U2005			5		2.0				115	半			Korean Conversation and Listening Practice (I) </br>[ Program: The Inter-disciplinary Program of Korean Studies and Language ]	A		1678			0	N								0			金恩美		三 6-7 和平 綜10樓教室	韓語會話與聽力練習（一） </br>[ 學分學程：韓國學與語文學分學程 ]						0		必				45		1		ZU9P
	L						2	0.04		文學院		L0U2005			5		2.0				115	半			Korean Conversation and Listening Practice (I) </br>[ Program: The Inter-disciplinary Program of Korean Studies and Language ]	B		1679			0	N								0			洪攸善		二 A-B 和平 科技系TB310教室	韓語會話與聽力練習（一） </br>[ 學分學程：韓國學與語文學分學程 ]						0		必				45		1		ZU9P
	L						10	0.20		文學院		L0U2005			5		2.0				115	半			Korean Conversation and Listening Practice (I) </br>[ Program: The Inter-disciplinary Program of Korean Studies and Language ]	C		1680			0	N								0			康雲柱		一 1-2 和平 國語中心713	韓語會話與聽力練習（一） </br>[ 學分學程：韓國學與語文學分學程 ]						0		必				50		1		ZU9P
	L						2	0.04		文學院		L0U2011			5		2.0				115	半			Korean Grammar </br>[ Program: The Inter-disciplinary Program of Korean Studies and Language ]			1681			0	N					◎必須先修過【L0U2003  中級韓文（一）】			0			崔熲		三 8-9 和平 綜10樓教室	韓語語法 </br>[ 學分學程：韓國學與語文學分學程 ]						0		選				45		1		ZU9P
	L						5	0.10		文學院		L0U2016			5		2.0				115	半			Introduction to Korean Studies </br>[ Program: The Inter-disciplinary Program of Korean Studies and Language ]			1682			0	N								0			洪攸善		五 6-7 和平 國語中心608	韓國學概論 </br>[ 學分學程：韓國學與語文學分學程 ]						0		選				50		1		ZU9P
	L						2	0.05		文學院		L0U2017			5		2.0				115	半			Discovering North Korea </br>[ Program: The Inter-disciplinary Program of Korean Studies and Language ]			1683			0	N								0			林志豪		五 8-9 和平 科技系TB212教室	探索北韓 </br>[ 學分學程：韓國學與語文學分學程 ]						0		選				40		1		ZU9P
	L						10	0.20		文學院		L0U2022			5		2.0				115	半			Korean Reading and Writing </br>[ Program: The Inter-disciplinary Program of Korean Studies and Language ]	A		1684			0	N								0			金佳圓		五 6-7 和平 國語中心713	韓文閱讀與寫作 </br>[ 學分學程：韓國學與語文學分學程 ]						0		必				50		1		ZU9P
	L						2	0.05		文學院		L0U2022			5		2.0				115	半			Korean Reading and Writing </br>[ Program: The Inter-disciplinary Program of Korean Studies and Language ]	B		1685			0	N								0			康雲柱		二 1-2 和平 科技系TC504教室	韓文閱讀與寫作 </br>[ 學分學程：韓國學與語文學分學程 ]						0		必				40		1		ZU9P
	L						10	0.20		文學院		L0U2026			5		2.0				115	半			Tourism and Leisure Korean </br>[ Program: The Inter-disciplinary Program of Korean Studies and Language ]			1686			0	N								0			金佳圓		五 8-9 和平 國語中心713	觀光休閒韓語 </br>[ 學分學程：韓國學與語文學分學程 ]						0		選				50		1		ZU9P
	L						10	0.33		文學院		L0U2029			5		2.0				115	半			Advanced Korean (I) </br>[ Program: The Inter-disciplinary Program of Korean Studies and Language ]			1687			0	N					◎必須先修過【L0U2004  中級韓文（二）】			0			金家絃		一 6-7 和平 美406	高級韓文（一） </br>[ 學分學程：韓國學與語文學分學程 ]						0		選				30		1		ZU9P
	L						10	0.20		文學院		L0U3003			5		2.0				115	半			History of Western Philosophy (I) </br>[ Program: The Inter-disciplinary Program of Philosophy ]			1688			0	N					◎初選 哲學學分學程 研究生得下修			0			蔡士瑋		五 8-9 和平 科技系TB311教室	西洋哲學史（一） </br>[ 學分學程：哲學學分學程 ]						0		選				50		1		ZU9X
	L						10	0.20		文學院		L0U3005			5		2.0				115	半			Philosophy of Law and Literature </br>[ Program: The Inter-disciplinary Program of Philosophy ]			1689			0	N					◎初選 哲學學分學程 研究生得下修			0			蔡士瑋		五 6-7 和平 科技系TB311教室	法哲學與文學 </br>[ 學分學程：哲學學分學程 ]						0		選				50		1		ZU9X
	L						2	0.05		文學院		L0U3013			5		2.0				115	半			Contemporary Aesthetic </br>[ Program: The Inter-disciplinary Program of Philosophy ]			1690			0	N					◎初選 哲學學分學程 研究生得下修			0			李雨鍾		三 A-B 和平 科技系TB212教室	當代美學專題 </br>[ 學分學程：哲學學分學程 ]						0		選				40		1		ZU9X
	L						2	0.17		文學院		L0U4001			5		2.0				115	半			Indigenous Knowledge Systems and Pedagogy </br>[ Program: The Inter-disciplinary Program of Indigenous Education and Culture ]			1691			0	N								0			汪明輝		三 6-7 和平 雲509	原住民族知識體系與教育學 </br>[ 學分學程：原住民族教育文化學分學程 ]						0		必				12		1		ZU9U
	L						2	0.17		文學院		L0U4002			5		2.0				115	半			Indigenous Community Conservation </br>[ Program: The Inter-disciplinary Program of Indigenous Education and Culture ]			1692			0	N								0			胡哲豪		四 8-9 和平 雲509	原住民族社區保育 </br>[ 學分學程：原住民族教育文化學分學程 ]						0		選				12		1		ZU9U
	L						2	0.17		文學院		L0U4021			5		2.0				115	半			Introduction of Indigenous Cultures in Taiwan </br>[ Program: The Inter-disciplinary Program of Indigenous Education and Culture ]			1693			0	N								0			蕭世暉		四 10-A 和平 雲509	臺灣原住民族文化概論 </br>[ 學分學程：原住民族教育文化學分學程 ]						0		選				12		1		ZU9U
	L						2	0.10		文學院		L0U6001			10		2.0				115	半			Hakka for Beginners (I) </br>[ Program: The Inter-disciplinary Program of Hakka Language and Culture ]			1694			0	N								0			左春香		二 6-7 和平 汽車工場B102	初級客語（一） </br>[ 學分學程：客語與客家文化學分學程 ]						0		必				20		1		ZU46
	L						2	0.10		文學院		L0U6003			10		2.0				115	半			Intermediate Hakka (I) </br>[ Program: The Inter-disciplinary Program of Hakka Language and Culture ]			1695			0	N								0			左春香		二 8-9 和平 汽車工場B102	中級客語（一） </br>[ 學分學程：客語與客家文化學分學程 ]						0		必				20		1		ZU46
	L						2	0.10		文學院		L0U6005			10		2.0				115	半			Introduction to Hakka History and Culture </br>[ Program: The Inter-disciplinary Program of Hakka Language and Culture ]			1696			0	N								0			謝淑熙		一 3-4 和平 研討八	客家歷史與文化概論 </br>[ 學分學程：客語與客家文化學分學程 ]						0		選				20		1		ZU46
	L						2	0.20		文學院		L0U6006			0		2.0				115	半			Contemporary Hakka Music </br>[ Program: The Inter-disciplinary Program of Hakka Language and Culture ]			1697			0	N								0			未定		四 3-4 和平 科技系TB210教室	客家當代音樂 </br>[ 學分學程：客語與客家文化學分學程 ]						0		選				10		1		ZU46
	L						2	0.20		文學院		L0U6009			0		2.0				115	半			Hakka News </br>[ Program: The Inter-disciplinary Program of Hakka Language and Culture ]			1698			0	N								0			廖芳瀅		三 6-7 和平 科技系TB210教室	新聞客語 </br>[ 學分學程：客語與客家文化學分學程 ]						0		選				10		1		ZU46
	L						2	0.08		文學院		L0U6010			10		2.0				115	半			Hakka Phonetics and Analysis </br>[ Program: The Inter-disciplinary Program of Hakka Language and Culture ]			1699			0	N								0			廖芳瀅		四 8-9 和平 雲306會議室	客語音標與記音 </br>[ 學分學程：客語與客家文化學分學程 ]						0		選				25		1		ZU46
	L						2	0.10		文學院		L0U6013			10		2.0				115	半			Taiwan Hakka History </br>[ Program: The Inter-disciplinary Program of Hakka Language and Culture ]			1700			0	N								0			曾建元		二 3-4 和平 研討八	臺灣客家史 </br>[ 學分學程：客語與客家文化學分學程 ]						0		選				20		1		ZU46
	L						2	0.08		文學院		L0U6015			10		2.0				115	半			An Overview of Global Hakka Communities </br>[ Program: The Inter-disciplinary Program of Hakka Language and Culture ]			1701			0	N								0			曾建元		二 8-9 和平 綠能科技所研究室	全球客家社群縱覽 </br>[ 學分學程：客語與客家文化學分學程 ]						0		選				25		1		ZU46
	L						2	0.08		文學院		L0U6018			10		2.0				115	半			Hakka Conversation and Oral Communication </br>[ Program: The Inter-disciplinary Program of Hakka Language and Culture ]			1702			0	N								0			廖芳瀅		四 6-7 和平 雲306會議室	客語會話與口說 </br>[ 學分學程：客語與客家文化學分學程 ]						0		選				25		1		ZU46
	L						2	0.10		文學院		L0U6020			10		2.0				115	半			Introduction to Hakka Culture </br>[ Program: The Inter-disciplinary Program of Hakka Language and Culture ]			1703			0	N								0			廖芳瀅		一 6-7 和平 研討八	客家文化概論 </br>[ 學分學程：客語與客家文化學分學程 ]						0		選				20		1		ZU46
	L						2	0.20		文學院		L0U6024			10		2.0				115	半			Hakka Culture Design </br>[ Program: The Inter-disciplinary Program of Hakka Language and Culture ]			1704			0	N								0			廖芳瀅		三 8-9 和平 科技系TB210教室	客家文化與創意設計實務 </br>[ 學分學程：客語與客家文化學分學程 ]						0		選				10		1		ZU46
	L						2	0.13		文學院		L0C9010			1		3.0				115	半			Introduction to Environmental Humanities: Concepts and Perspectives </br>[ Program: The EMI Inter-disciplinary Program of Environmental Humanities ]			1705			0	N		是	9					0			貝格泰	大碩	二 2-4 公館 行409	環境人文導論 </br>[ 學分學程：環境人文全英語學分學程 ]						0		選				15		1		ZU38
	LD23						3	0.12		地理系（博）		GED0080			0		1.0				115	半			Seminar on Geography			1706			0	N		是			允許重複修 ◎課程開放上修			0			洪致文		三 3 和平 泰順街AI所研究室	地理學專題討論						0		必				25		1		
	LD23						3	0.12		地理系（博）		GED0081			0		1.0				115	半			Field Work in Geography			1707			0	N		是			允許重複修 ◎課程開放上修			0			王文誠		三 4 和平 泰順街AI所研究室	地理學野外調查						0		必				25		1		
	LM20						6	0.20		國文系（碩）		CHM0005			1		3.0				115	半			Special Topics on Chinese Mythology			1708			0	N					◎課程不開放上修			0			鍾宗憲		三 8-10 和平 研討一	中國神話專題研究						0		選				30		1		
	LM20						6	0.20		國文系（碩）		CHC0002			1		3.0				115	半			Studies in Shang-shu			1709			0	N			8		◎課程不開放上修			0			許華峰	碩博	一 1-3 和平 國語中心603	尚書研討						0		選				30		1		
	LM20						6	0.20		國文系（碩）		CHC0034			1		3.0				115	半			Studies in Li-Hsueh(or Philosophy)in the Sung and Ming Dynasties			1710			0	N			8		◎課程不開放上修			0			黃瑩暖	碩博	四 5-7 和平 國語中心603	宋明理學研討						0		選				30		1		
	LM20						6	0.20		國文系（碩）		CHC0048			1		3.0	Y			115	半			Studies in Chinese Dialectology			1711			0	1			8		◎課程不開放上修			0			陳筱琪	碩博	◎面授/同步	漢語方言學研討						0		選				30	◎數位課程  僅顯示同步遠距及面授時間。	1		
	LM20						6	0.20		國文系（碩）		CHC0090			1		3.0				115	半			Studies in Specialist Chinese Ci (Song Poetry)			1712			0	N			8		◎課程不開放上修			0			林佳蓉	碩博	二 5-7 和平 研討一	專家詞研討						0		選				30		1		
	LM20						6	0.20		國文系（碩）		CHC0153			1		3.0				115	半			Studies in The Book of Changes			1713			0	N			8		◎課程不開放上修			0			賴貴三	碩博	三 1-3 和平 研討五	周易經傳研討						0		選				30		1		
	LM20						6	0.20		國文系（碩）		CHC0163			1		3.0				115	半			Narratology			1714			0	N			8		◎課程不開放上修			0			李志宏	碩博	二 8-10 和平 研討一	敘事學專題						0		選				30		1		
	LM20						6	0.20		國文系（碩）		CHC0180			1		3.0				115	半			Special Topics on Taoist Culture			1715			0	N			8		◎課程不開放上修			0			謝聰輝	碩博	二 8-10 和平 雲202	道教文化專題研究						0		選				30		1		
	LM20						6	0.20		國文系（碩）		CHC0183			1		3.0				115	半			Special Topics on Chinese Philosophy in Foreign Countries			1716			0	N			8		◎課程不開放上修			0			鄭燦山	碩博	一 8-10 和平 科技系TB312教室	域外中國哲學專題研究						0		選				30		1		
	LM20						6	0.20		國文系（碩）		CHC7011			1		3.0				115	半			Special Topics on Modern Poetry			1717			0	N			8		◎課程不開放上修			0			須文蔚	碩博	二 1-3 和平 TA512	現代詩專題研究						0		選				30		1		
	LM20						6	0.20		國文系（碩）		CHC8012			1		3.0				115	半			Seminar on Cross-Cultural Drama			1718			0	N			8		◎課程不開放上修			0			陳芳	碩博	一 5-7 和平 研討五	跨文化戲劇專題						0		選				30		1		
	LM20						5	0.38		國文系（碩）		CHC8014			3		3.0				115	半			Seminar on the Post-70s Novels in China and Taiwan			1719			0	N			8		◎課程不開放上修			0			石曉楓	碩博	三 8-10 和平 美術館602	兩岸七○後小說專題研究						0		選				13		1		
	LM20						6	0.20		國文系（碩）		CHC8020			1		3.0				115	半			Studies in Unearthed Chu Bamboo Slips Chapters During Ancient Chinese Warring States			1720			0	N			8		◎課程開放上修			0			黃麗娟	碩博	三 8-10 和平 研討四	出土戰國楚簡篇章研究						0		選				30		1		
	LM20						6	0.20		國文系（碩）		CHC8036			1		3.0				115	半			Special Topics on Modern Travel Literature			1721			0	N			8		◎課程不開放上修			0			陳室如	碩博	一 8-10 和平 研討五	近現代旅行文學專題研究						0		選				30		1		
	LM20						6	0.20		國文系（碩）		CHC8040			1		3.0				115	半			The Political Thoughts of Pre-Qin Daoism			1723			0	N			8		◎課程不開放上修			0			劉滄龍	碩博	二 5-7 和平 AI跨域所研究室	先秦道家政治思想						0		選				30		1		
	LM20						6	0.20		國文系（碩）		CHC8041			1		3.0				115	半			Research on Chinese Autobiographical Literature			1724			0	N			8		◎課程不開放上修			0			林宜蓉	碩博	四 8-10 和平 科技系TB210教室	中國自傳文學研究						0		選				30		1		
	LM21						10	0.33		英語系（碩）		ENM3017			0		3.0				115	半			Studies in English Language Teaching			1725			0	N		是			◎課程不開放上修			0			吳育潔		四 2-4 和平 雲201	英語教學研討						0		選				30	The classroom is located on the 2nd floor of the Yunhe Building (Address: No. 1, Yunhe Street). Students from other departments or universities will need to apply for building access.	1		
	LM21						10	0.33		英語系（碩）		ENM3030			0		3.0				115	半			Qualitative Research Methods			1726			0	N		是			◎課程不開放上修			0			吳美貞		一 2-4 和平 雲201	質性研究						0		選				30	The classroom is located on the 2nd floor of the Yunhe Building (Address: No. 1, Yunhe Street). Students from other departments or universities will need to apply for building access.	1		
	LM21						10	0.33		英語系（碩）		ENC1126			1		3.0				115	半			Love in Literature and Culture			1727			0	N		是	8		◎課程開放上修			0			曾思旭	碩博	四 2-4 和平 雲203	文學與文化中的愛						0		選				30	The classroom is located on the 2nd floor of the Yunhe Building (Address: No. 1, Yunhe Street). Students from other departments or universities will need to apply for building access.	1		
	LM21						10	0.33		英語系（碩）		ENC3005			1		3.0				115	半			Topics in Computer and Language Teaching			1728			0	N		是	8		◎課程不開放上修			0			陳浩然	碩博	二 2-4 和平 雲201	電腦與語言教學特論						0		選				30	The classroom is located on the 2nd floor of the Yunhe Building (Address: No. 1, Yunhe Street). Students from other departments or universities will need to apply for building access.	1		
	LM21						10	0.33		英語系（碩）		ENC3029			0		3.0				115	半			Language Testing and Measurement			1729			0	N		是	8		◎課程不開放上修			0			張武昌	碩博	二 7-9 和平 雲201	語言測驗與評量						0		選				30	The classroom is located on the 2nd floor of the Yunhe Building (Address: No. 1, Yunhe Street). Students from other departments or universities will need to apply for building access.	1		
	LM21						10	0.33		英語系（碩）		ENC3051			0		3.0				115	半			Topics on Writing Design			1730			0	N		是	8		◎課程不開放上修			0			張珮青	碩博	一 6-8 和平 雲201	寫作設計特論						0		選				30	The classroom is located on the 2nd floor of the Yunhe Building (Address: No. 1, Yunhe Street). Students from other departments or universities will need to apply for building access.	1		
	LM21						10	0.33		英語系（碩）		ENC3052			0		3.0				115	半			Creativity and Foreign Language Teaching			1731			0	N		是	8		◎課程不開放上修			0			王宏均	碩博	三 7-9 和平 科工學院會議室	創造力與外語教學						0		選				30	The classroom is located on the 2nd floor of the Yunhe Building (Address: No. 1, Yunhe Street). Students from other departments or universities will need to apply for building access.	1		
	LM22						5	0.25		歷史系（碩）		HIM0133			0		2.0				115	半			Seminar in Research Methods of Historiography (I)			1732			0	N					◎課程不開放上修			0			楊彥彬		三 1-2 和平 研討八	歷史學研究法（一）						0		必				20	本課程為碩二必修課程，碩二以下勿修習。	1		
	LM22						2	0.10		歷史系（碩）		HIC0070			3		3.0				115	半			Special Topics on the Historical Development of Popular Religion in Taiwan			1733			0	N			8		◎課程不開放上修			0			康豹	碩博	二 7-9 和平 研討八	臺灣民間信仰發展史專題						0		選				20		1		
	LM22						2	0.20		歷史系（碩）		HIC8021			2		3.0				115	半			Special Topics on Globalization and the Transformation of Modern China			1734			0	N			8		◎課程不開放上修			0			吳翎君	碩博	三 6-8 和平 研討三	全球化與近代中國變遷專題研究						0		選				10		1		
	LM22						2	0.10		歷史系（碩）		HIC8030			3		2.0				115	半			Special Topics in Global Monetary History from the Ground Level in East Asia			1735			0	N		是	8		◎課程不開放上修			0			未定	碩博	三 3-4 和平 研討八	從東亞基層視角重訪全球貨幣史專題研究						0		選				20		1		
	LM22						2	0.20		歷史系（碩）		HIC8115			0		3.0				115	半			Special Topics in Chinese Ancient History			1736			0	N			8		◎課程不開放上修			0			石蘭梅	碩博	五 6-8 和平 研討三	中國上古史專題研究						0		選				10		1		
	LM23						5	0.28		地理系（碩）		GEM0083			3		3.0				115	半			Studies in Biogeography and Natural Conservation </br>[ Program: The EMI Inter-disciplinary Program of Environmental Humanities ]			1737			0	N		是			◎課程開放上修			0			陳瑩		二 2-4 和平 科技系TB312教室	生物地理與自然保育研討 </br>[ 學分學程：環境人文全英語學分學程 ]						0		選				18		1		ZU38
	LM23						3	0.12		地理系（碩）		GEM0121			0		2.0				115	半			Special Topics on Research Methods in Geography			1738			0	N		是			◎課程開放上修			0			沈淑敏		三 3-4 和平 泰順街綠能所研究室	地理學研究法專題討論						0		必				25		1		
	LM23						5	0.20		地理系（碩）		GEC0037			3		2.0				115	半			Environmental Pollution and Management			1739			0	N			8		◎課程開放上修			0			郭乃文	碩博	二 5-6 和平 泰順街綠能所研究室	環境污染與管理						0		選				25		1		
	LM23						5	0.20		地理系（碩）		GEC0076			3		3.0				115	半			Thesis Writing in Geography			1741			0	N			8		◎課程開放上修			0			吳鄭重	碩博	五 7-9 和平 泰順街綠能所研究室	地理論文寫作法						0		選				25		1		
	LM23						5	0.17		地理系（碩）		GEC8002			3		3.0				115	半			Studies in Climate Change </br>[ Program: The EMI Inter-disciplinary Program of Environmental Humanities ]			1743			0	N		是	8		◎課程開放上修			0			莫家俊	碩博	五 8-10 和平 圖傳系一般教室	氣候變遷研討 </br>[ 學分學程：環境人文全英語學分學程 ]						0		選				30		1		ZU38
	LM23						5	0.28		地理系（碩）		GEC8004			3		2.0				115	半			Studies in Food Geography			1744			0	N			8		◎課程開放上修			0			譚鴻仁	碩博	三 9-10 和平 科技系TB312教室	食物地理研討						0		選				18		1		
	LM23						5	0.17		地理系（碩）		GEC8005			0		3.0				115	半			Topics on Hydrology			1745			0	N			8		◎課程開放上修			0			李宗祐	碩博	五 8-10 和平 科技系TB310教室	水文學特論						0		選				30		1		
	LM23						5	0.28		地理系（碩）		GEC8010			3		3.0				115	半			Climate Change Impact Assessment			1746			0	N			8		◎課程開放上修			0			翁叔平	碩博	一 2-4 和平 科技系TB312教室	氣候變遷影響評估						0		選				18		1		
	LM23						5	0.17		地理系（碩）		GEC8036			3		2.0				115	半			Studies in Ethnogeography			1747			0	N			8		◎課程開放上修			0			汪明輝	碩博	二 3-4 和平 圖傳系一般教室	族群地理研討						0		選				30		1		
	LM23						5	0.20		地理系（碩）		GEC8079			0		2.0				115	半			Seminar on Geographical Studies	A		1748			0	N		是	8		允許重複修 ◎課程開放上修			0			王雪卿	碩博	三 7-8 和平 泰順街綠能所研究室	地理學專題演講						0		必				25		1		
	LM23						5	0.13		地理系（碩）		GEC8079			0		2.0				115	半			Seminar on Geographical Studies	B		1749			0	N			8		◎限碩一碩二碩三以上修習    允許重複修 ◎課程開放上修			0			王文誠	碩博	三 7-8 和平 科技系TC504教室	地理學專題演講						0		必				40	博士班不可選中文班	1		
	LM25						10	0.33		翻譯所（碩）		TIM2044			0		3.0				115	半			Consecutive Interpretation (English into Chinese) (III)			1750			0	N					◎限本系(含雙主修)修習◎必須先修過【TIM2003  逐步口譯（英譯中）（二）】 ◎課程不開放上修			0			汝明麗		四 2-4 和平 譯506	逐步口譯（英譯中）（三）						0		選				30		1		
	LM25						0	0.00		翻譯所（碩）		TIC0049			1		3.0				115	半			Special Topics in Research Methods for Translation Studies			1751			0	N			8		◎課程不開放上修			0			李根芳	碩博	四 7-9 和平 譯506	筆譯研究方法專論						0		選				30		1		
	LM25						10	0.20		翻譯所（碩）		TIC8003			0		3.0				115	半			Translation Workshop: Chinese into English			1752			0	N			8		◎限外籍生修習 ◎課程開放上修			0			徐嘉煜	碩博	四 2-4 和平 博408	翻譯工作坊（中譯英）						0		選				50		1		
	LM25						10	0.33		翻譯所（碩）		TIC8004			3		3.0				115	半			Greek and Translation (I)			1753			0	N			8		◎課程不開放上修			0			胡宗文	碩博	三 7-9 和平 譯506	希臘文與翻譯（一）						0		選				30		1		
	LM25						10	0.33		翻譯所（碩）		TIC8006			0		3.0				115	半			Classical Texts in Translation (I)			1754			0	N			8		◎限本系(含雙主修)修習◎必須先修過【TIC8012  拉丁文與翻譯 （二）】 ◎課程不開放上修			0			胡宗文	碩博	二 6-8 和平 博403	經典翻譯（一）						0		選				30		1		
	LM25						0	0.00		翻譯所（碩）		TIC8008			0		3.0				115	半			Translation Testing and Assessment			1755			0	N			8		◎限本系(含雙主修)修習 ◎課程不開放上修			0			廖柏森	碩博	五 2-4 和平 譯506	翻譯測驗與評量						0		選				30		1		
	LM25						0	0.00		翻譯所（碩）		TIC8023			3		3.0				115	半			Chinese Stories and Novels from Taiwan: Translations and Interpretations			1756			0	N			8		◎課程開放上修			0			李奭學	碩博	五 7-9 和平 譯506	臺灣小說英譯專題						0		選				30		1		
	LM25						10	0.33		翻譯所（碩）		TIM0089			0		3.0				115	半			Translation Exercise (English into Chinese)			1757			0	N					◎限本系(含雙主修)修習 ◎課程不開放上修			0			賴慈芸		四 2-4 和平 博403	筆譯練習（英譯中）	一			1		0		選				30		1		
	LM25						10	0.33		翻譯所（碩）		TIM0090			0		3.0				115	半			Translation Exercise (Chinese into English)			1758			0	N					◎限本系(含雙主修)修習 ◎課程不開放上修			0			胡宗文		四 7-9 和平 博403	筆譯練習（中譯英）	一			1		0		選				30		1		
	LM25						0	0.00		翻譯所（碩）		TIM0096			0		3.0				115	半			Sight Translation			1759			0	N					◎限本系(含雙主修)修習 ◎課程不開放上修			0			陳子瑋		二 2-4 和平 譯506	視譯	一			1		0		選				30		1		
	LM25						10	0.33		翻譯所（碩）		TIM1010			3		2.0				115	半			Translation as a Profession			1760			0	N					◎課程開放上修			0			蘇正隆		二 2-3 校外 教室自排	筆譯專業實務	一			1		0		選				30	上課地點：書林出版公司	1		
	LM25						0	0.00		翻譯所（碩）		TIM2001			0		3.0				115	半			Consecutive Interpretation (English into Chinese) (I)			1761			0	N					◎限本系(含雙主修)修習 ◎課程不開放上修			0			詹柏勻		二 6-8 和平 譯506	逐步口譯（英譯中）（一）	一			1		0		選				30		1		
	LM25						5	0.23		翻譯所（碩）		TIM2002			0		3.0				115	半			Consecutive Interpretation (Chinese into English) (I)			1762			0	N					◎限本系(含雙主修)修習 ◎課程不開放上修			0			范大龍		五 2-4 和平 博408	逐步口譯（中譯英）（一）	一			1		0		選				22		1		
	LM25						3	0.14		翻譯所（碩）		TIM2042			0		3.0				115	半			Interpreting Skills (I)			1763			0	N					◎限本系(含雙主修)修習 ◎課程不開放上修			0			范大龍 江世麒		五 6-8 和平 美術館602	口譯技巧（一）	一			1		0		選				21		1		
	LM25						0	0.00		翻譯所（碩）		TIM0064			0		3.0				115	半			Practicum: Interpretation			1764			0	N					◎限本系(含雙主修)修習 ◎課程不開放上修			0			汝明麗 葉泰民		一 6-8 和平 譯506	口譯專業實習	二			2		0		選				30		1		
	LM25						0	0.00		翻譯所（碩）		TIM0100			0		3.0				115	半			Interpreting Skills (III)			1765			0	N					◎限本系(含雙主修)修習 ◎課程不開放上修			0			汝明麗		一 2-4 和平 譯506	口譯技巧（三）	二			2		0		選				30		1		
	LM25						10	0.33		翻譯所（碩）		TIM1042			0		3.0				115	半			Advanced Translation (English into Chinese )			1766			0	N					◎限本系(含雙主修)修習 ◎課程不開放上修			0			李根芳		三 6-8 和平 博403	進階筆譯（英譯中）	二			2		0		選				30		1		
	LM25						0	0.00		翻譯所（碩）		TIM2045			0		3.0				115	半			Consecutive Interpretation (Chinese into English) (III)			1767			0	N					◎限本系(含雙主修)修習 ◎課程不開放上修			0			馬思揚		一 9-A 和平 譯506	逐步口譯（中譯英）（三）	二			2		0		選				30		1		
	LM25						0	0.00		翻譯所（碩）		TIM2048			0		3.0				115	半			Simultaneous Interpretation (English into Chinese) (I)			1768			0	N					◎限本系(含雙主修)修習 ◎課程不開放上修			0			陳子瑋		三 2-4 和平 譯506	同步口譯（英譯中）（一）	二			2		0		選				30		1		
	LM26						10	0.33		臺文系（碩）		TCC0008			3		3.0				115	半			Special Topics on Taiwan Literary History			1769			0	N			8		◎課程開放上修			0			林淑慧	碩博	四 2-4 和平 雲306會議室	臺灣文學史專題研究						0		選				30		1		
	LM26						10	0.33		臺文系（碩）		TCC0010			3		3.0				115	半			Taiwan Studies			1770			0	N			8		◎課程開放上修			0			林芳玫	碩博	三 8-10 和平 雲306會議室	臺灣研究						0		選				30		1		
	LM26						10	0.33		臺文系（碩）		TCC1002			3		3.0				115	半			Taiwan Ballads and Cultural Studies			1771			0	N			8		◎課程開放上修			0			陳龍廷	碩博	一 2-4 和平 雲306會議室	臺灣歌謠與文化研究						0		選				30		1		
	LM26						10	0.33		臺文系（碩）		TCC1017			3		3.0				115	半			Special Topics on Taiwan Food Culture			1772			0	N			8		◎課程開放上修			0			陳玉箴	碩博	二 2-4 和平 雲306會議室	臺灣飲食文化專題研究						0		選				30		1		
	LM26						10	0.33		臺文系（碩）		TCC1032			3		3.0				115	半			Documentary, Gender and Culture			1773			0	N			8		◎課程開放上修			0			曾秀萍	碩博	五 8-10 和平 雲306會議室	紀錄片與性別、文化						0		選				30		1		
	LM26						10	0.33		臺文系（碩）		TCC1035			3		3.0				115	半			Introduction to Global Taiwan Studies			1774			0	N		是	8		◎課程開放上修			0			賀安娟 天江喜久	碩博	一 9-A 和平 雲306會議室	全球臺灣研究導論						0		選				30		1		
	LM26						10	0.33		臺文系（碩）		TCC1036			3		3.0				115	半			Historical Memories and Representation in Contemporary Taiwan (and East Asia)			1775			0	N		是	8		◎課程開放上修			0			天江喜久	碩博	五 2-4 和平 雲303	當代臺灣及東亞歷史記憶與再現專題						0		選				30		1		
	LM26						10	0.33		臺文系（碩）		TCC2034			3		3.0				115	半			Introduction to Linguistics			1776			0	N			8		◎課程開放上修			0			劉承賢	碩博	二 6-8 和平 雲306會議室	語言學導論						0		選				30	◎臺語授課	1		
	LM26						10	0.33		臺文系（碩）		TCC2040			0		3.0				115	半			Phonetic Variation			1777			0	N			8		◎課程開放上修			0			莊育穎	碩博	三 2-4 和平 雲306會議室	語音變異研究						0		選				30	◎臺語授課	1		
	LM26						10	0.33		臺文系（碩）		TCC3012			3		3.0				115	半			A Comparative Study in Taiwan Literature and World Literature			1778			0	N			8		◎課程開放上修			0			林巾力	碩博	二 6-8 和平 雲303	臺灣文學與世界文學之比較						0		選				30		1		
	LM26						10	0.33		臺文系（碩）		TCC3017			3		3.0				115	半			Ethnography and Literary Imagination			1779			0	N			8		◎課程開放上修			0			陳龍廷	碩博	二 9-A 和平 雲306會議室	民族誌與文學想像						0		選				30		1		
	LM26						10	0.33		臺文系（碩）		TCC3028			3		3.0				115	半			Special Topics on Taiwanese Fiction			1780			0	N			8		◎課程開放上修			0			呂美親	碩博	一 8-10 和平 雲303	臺語小說專題研究						0		選				30	◎臺語授課	1		
	LM27						2	0.17		臺史所（碩）		THM0011			5		2.0				115	半			Selected Readings of Taiwan History in English			1781			0	N		是			◎課程開放上修			0			陳南旭		二 3-4 和平 雲509	英文臺灣史論著選讀						0		選				12		1		
	LM27						2	0.14		臺史所（碩）		THM0012			5		3.0				115	半			Selected Readings of Taiwan History in Japanese			1782			0	N					◎課程開放上修			0			新田龍希		四 7-9 和平 雲303	日文臺灣史論著選讀						0		選				14		1		
	LM27						2	0.17		臺史所（碩）		THM0037			5		3.0				115	半			Studies in the Postwar History of Taiwan Politics			1783			0	N					◎課程開放上修			0			陳佳宏		四 2-4 和平 雲509	戰後臺灣政治史研究						0		選				12		1		
	LM27						2	0.17		臺史所（碩）		THM0043			5		3.0				115	半			Pioneering in Formosa			1784			0	N					◎課程開放上修			0			張素玢		二 6-8 和平 雲509	臺灣踏查旅遊史						0		選				12		1		
	LM27						2	0.08		臺史所（碩）		THM0053			5		2.0				115	半			Seminar in Taiwan Historical Materials and the Research Method of Taiwan History(I)			1785			0	N					◎課程開放上修			0			張素玢 陳志豪		三 2-3 和平 雲201	臺灣史料與研究法（一）						0		必				25		1		
	LM27						2	0.17		臺史所（碩）		THM0080			5		3.0				115	半			Seminar on the Maritime History of East Asian			1786			0	N					◎課程開放上修			0			康培德 陳宗仁		一 2-4 和平 雲509	東亞海域史專題研究						0		選				12		1		
	LM27						2	0.17		臺史所（碩）		THM0088			0		2.0				115	半			Practicum (I)			1787			0	N					◎課程開放上修			0			未定		五 1-4 和平 雲509	專業實習（一）						0		選				12		1		
	LM27						2	0.17		臺史所（碩）		THM0091			5		2.0				115	半			Special Topics on the Ancient Maps of Taiwan			1788			0	N					◎課程開放上修			0			陳宗仁		一 6-7 和平 雲509	臺灣古地圖專題研究						0		選				12		1		
	LM27						2	0.17		臺史所（碩）		THM0093			5		3.0				115	半			Studies in Toponymy			1789			0	N					◎課程開放上修			0			林聖欽 韋煙灶 康培德		一 8-10 和平 雲509	地名學研究						0		選				12		1		
	LM27						2	0.08		臺史所（碩）		THM0105			5		3.0				115	半			Topics in Taiwan and World History			1790			0	N					◎課程開放上修			0			陳志豪 盧省言		三 7-9 和平 雲201	臺灣與世界歷史專題討論						0		選				25		1		
	LU20						7	0.17		國文系（學）		CHU0347			1		2.0				115	半			Internship of Publishing Practice			1791			0	N								0			張晏瑞		四 9-A 和平 科技系TB311教室	出版實務產業實習						0		選				41		1		
	LU20						7	0.19		國文系（學）		CHU0364			1		3.0				115	半			Taiwan Culture and Language Exploration </br>[ Program: The Specialization Program of Literary and Artistic Theory ]			1792			0	N								0			陳筱琪		五 8-10 和平 科技系TB213教室	臺灣文化與語言踏查 </br>[ 學分學程：文藝理論學分學程 ]						0		選				36		1		ZU4J
	LU20						4	0.17		國文系（學）		CHU0369			1		2.0				115	半			Readings in Pre-Qin Philosophy			1793			0	N		是						0			郭芳如		五 8-9 和平 國語中心603	先秦思想史閱讀						0		選				24		1		
	LU20						3	0.20		國文系（學）		CHU0375			1		2.0				115	半			Hakka Poetry </br>[ Program: The Inter-disciplinary Program of Hakka Language and Culture ]			1794			0	N								0			廖芳瀅		一 10-A 和平 研討八	客家詩歌 </br>[ 學分學程：客語與客家文化學分學程 ]						0		選				15		1		ZU46
	LU20						3	0.20		國文系（學）		CHU0379			1		2.0				115	半			Hakka Lexicology </br>[ Program: The Inter-disciplinary Program of Hakka Language and Culture ]			1795			0	N								0			廖芳瀅		一 8-9 和平 研討八	客語詞彙學 </br>[ 學分學程：客語與客家文化學分學程 ]						0		選				15		1		ZU46
	LU20						4	0.17		國文系（學）		CHU0385			1		2.0				115	半			First Approach to Linguistics			1796			0	N		是						0			理克		三 3-4 和平 國語中心603	語言學入門						0		選				24		1		
	LU20						4	0.17		國文系（學）		CHU0386			1		2.0				115	半			Language, Culture and Cognition </br>[ Program: The EMI Specialization Program of Humanistic Diversity ]			1797			0	N		是						0			理克		二 3-4 和平 國語中心603	語言、文化與認知 </br>[ 學分學程：人文多樣性全英語專業學分學程 ]						0		選				24		1		ZU4G
	LU20						4	0.17		國文系（學）		CHU0387			1		2.0				115	半			Language, Society and Literature with Corpus and Modern Technology			1798			0	N		是						0			理克		三 6-7 和平 國語中心603	語言、社會與文學：語料庫及現代科技的視野						0		選				24		1		
	LU20						4	0.17		國文系（學）		CHU0390			1		2.0				115	半			Shu-king (I)			1799			0	N								0			許華峰		三 8-9 和平 國語中心603	書經（一）						0		選				24		1		
	LU20						7	0.16		國文系（學）		CHUE074			0		2.0				115	半			Learning Assessment			1800			0	N					◎限 二階生 教育學程生 不佔名額生 登記修習生 可修			0			李清筠		三 6-7 和平 國語中心608	學習評量（教）						0		選				43		1		
	LU20						6	0.19		國文系（學）		CHC0171			1		2.0				115	半			Li-chi (I)			1801			0	N			9					0			陳姝	大碩	二 9-10 和平 科技系TB212教室	禮記（一）						0		選				32		1		
	LU20						10	0.20		國文系（學）		CHC9017			5		2.0				115	半			Japanese Classical Literature (I) </br>[ Program: The Inter-disciplinary Program of Japanese as a Foreign Language ]			1802			0	N			9					0			大木康	大碩	二 8-9 和平 進修學院演講堂	日本古典文學（一） </br>[ 學分學程：日本語文學分學程 ]						0		選				50		1		ZU97
	LU20						6	0.19		國文系（學）		CHU0015			1		3.0				115	半			Introduction to Literature </br>[ Program: The Inter-disciplinary Program of Technology-assisted Teaching Industry The Inter-disciplinary Program of Literature Creation ]			1803			0	N					◎限大一修習			0			范宜如		二 2-4 和平 研討一	文學概論 </br>[ 學分學程：科技化教學產業學分學程 文學創作學分學程 ]	一			1		0		選				32		1		ZU47/ZU94
	LU20						10	0.20		國文系（學）		CHU0259			5		2.0				115	半			Shih-Chi (I)			1804			0	N					◎限大一修習			0			許華峰		三 3-4 和平 國語中心713	史記（一）	一			1		0		選				50		1		
	LU20						10	0.20		國文系（學）		CHU0310			2		2.0				115	半			Four Books (I)	A		1805			0	N					◎限大一修習			0			金培懿		二 8-9 和平 工501(TA501)	四書（一）	一			1		0		選				50		1		
	LU20						10	0.20		國文系（學）		CHU0310			5		2.0				115	半			Four Books (I)	B		1806			0	N					◎限大一修習			0			黃瑩暖		三 6-7 和平 工501(TA501)	四書（一）	一			1		0		選				50		1		
	LU20						4	0.17		國文系（學）		CHU0314			1		2.0				115	半			Han Fei-Tzu (I)			1807			0	N					◎限大一修習			0			曾暐傑		二 8-9 和平 國語中心603	韓非子（一）	一			1		0		選				24		1		
	LU20						6	0.18		國文系（學）		CHU0337			0		2.0				115	半			Chinese Calligraphy (I) </br>[ Program: The Specialization Program of Aesthetics and Life ]	A		1808			0	N					◎限大一修習			0			林宜蓉		一 3-4 和平 美505	書法及習作（一） </br>[ 學分學程：美學與生活專業學分學程 ]	一			1		0		選				34		1		ZU4I
	LU20						6	0.18		國文系（學）		CHU0337			0		2.0				115	半			Chinese Calligraphy (I) </br>[ Program: The Specialization Program of Aesthetics and Life ]	B		1809			0	N					◎限大一修習			0			羅凡晸		四 3-4 和平 美505	書法及習作（一） </br>[ 學分學程：美學與生活專業學分學程 ]	一			1		0		選				34		1		ZU4I
	LU20						4	0.17		國文系（學）		CHU0340			1		2.0				115	半			Children's Literature </br>[ Program: The Inter-disciplinary Program of Literature Creation ]			1810			0	N					◎限大一修習			0			陳室如		二 6-7 和平 國語中心603	兒童文學 </br>[ 學分學程：文學創作學分學程 ]	一			1		0		選				24		1		ZU94
	LU20						6	0.19		國文系（學）		CHU3010			1		3.0				115	半			Introduction to Chinese Fables			1811			0	N					◎限大一修習			0			祁立峰		三 8-10 和平 科技系TA513教室	寓言導讀	一			1		0		選				32		1		
	LU20						7	0.17		國文系（學）		CHU0350			1		2.0				115	半			Introduction to Chinese Classics & Literature </br>[ Program: The Inter-disciplinary Program of Technology-assisted Teaching Industry ]			1812			0	N			1		◎限本系(含雙主修)修習◎限大一修習			0			賴貴三	甲	五 3-4 和平 科技系TB311教室	國學概論 </br>[ 學分學程：科技化教學產業學分學程 ]	一			1		0		必				41		1		ZU47/ZU47/ZU47
	LU20						10	0.20		國文系（學）		CHU3006			2		2.0				115	半			Introduction to Confucian Classics (I)			1813			0	N			1		◎限本系(含雙主修)修習◎限大一修習			0			金培懿	甲	二 6-7 和平 工501(TA501)	經學通論（一）	一			1		0		必				50		1		
	LU20						10	0.20		國文系（學）		CHU0350			5		2.0				115	半			Introduction to Chinese Classics & Literature </br>[ Program: The Inter-disciplinary Program of Technology-assisted Teaching Industry ]			1814			0	N			2		◎限本系(含雙主修)修習◎限大一修習			0			陳亭佑	乙	一 6-7 和平 工501(TA501)	國學概論 </br>[ 學分學程：科技化教學產業學分學程 ]	一			1		0		必				50		1		ZU47/ZU47/ZU47
	LU20						2	0.05		國文系（學）		CHU3006			0		2.0				115	半			Introduction to Confucian Classics (I)			1815			0	N			2		◎限本系(含雙主修)修習◎限大一修習			0			許華峰	乙	二 6-7 和平 研討五	經學通論（一）	一			1		0		必				38		1		
	LU20						7	0.17		國文系（學）		CHU0350			1		2.0				115	半			Introduction to Chinese Classics & Literature </br>[ Program: The Inter-disciplinary Program of Technology-assisted Teaching Industry ]			1816			0	N			3		◎限本系(含雙主修)修習◎限大一修習			0			許華峰	丙	一 6-7 和平 科技系TA509教室	國學概論 </br>[ 學分學程：科技化教學產業學分學程 ]	一			1		0		必				41		1		ZU47/ZU47/ZU47
	LU20						10	0.20		國文系（學）		CHU3006			5		2.0				115	半			Introduction to Confucian Classics (I)			1817			0	N			3		◎限本系(含雙主修)修習◎限大一修習			0			陳炫瑋	丙	一 8-9 和平 工501(TA501)	經學通論（一）	一			1		0		必				50		1		
	LU20						7	0.16		國文系（學）		CHU0139			0		2.0				115	半			Introduction to Linguistics </br>[ Program: The Inter-disciplinary Program of Technology-assisted Teaching Industry ]	A		1818			0	N					◎限本系(含雙主修)修習			0			王錦慧		二 8-9 和平 國語中心608	語言學概論 </br>[ 學分學程：科技化教學產業學分學程 ]	二			2		0		必				43		1		ZU47
	LU20						7	0.16		國文系（學）		CHU0139			0		2.0				115	半			Introduction to Linguistics </br>[ Program: The Inter-disciplinary Program of Technology-assisted Teaching Industry ]	B		1819			0	N					◎限本系(含雙主修)修習			0			王錦慧		四 8-9 和平 國語中心608	語言學概論 </br>[ 學分學程：科技化教學產業學分學程 ]	二			2		0		必				43		1		ZU47
	LU20						10	0.33		國文系（學）		CHU0213			1		2.0				115	半			Selection of Poems & Writing Practice (I)	A		1820			0	N					◎限本系(含雙主修)修習			0			林佳蓉		一 6-7 和平 科技系TB311教室	詩選及習作（一）	二			2		0		必				30		1		
	LU20						10	0.33		國文系（學）		CHU0213			1		2.0				115	半			Selection of Poems & Writing Practice (I)	B		1821			0	N					◎限本系(含雙主修)修習			0			黃敬家		五 1-2 和平 國語中心608	詩選及習作（一）	二			2		0		必				30		1		
	LU20						10	0.33		國文系（學）		CHU0213			5		2.0				115	半			Selection of Poems & Writing Practice (I)	C		1822			0	N					◎限本系(含雙主修)修習			0			何維剛		五 1-2 和平 工501(TA501)	詩選及習作（一）	二			2		0		必				30		1		
	LU20						6	0.18		國文系（學）		CHU0251			0		2.0				115	半			Study of Chinese Calligraphy (I)			1823			0	N								0			黃明理		五 3-4 和平 美505	書法研究（一）	二			2		0		選				34		1		
	LU20						7	0.17		國文系（學）		CHU0275			1		2.0				115	半			Introduction to Chinese Philosophy (I)			1824			0	N								0			黃瑩暖		三 3-4 和平 國語中心608	中國哲學概論（一）	二			2		0		選				41		1		
	LU20						4	0.15		國文系（學）		CHU0289			0		2.0				115	半			Selections of Proses & Writing Practice (I)	A		1825			0	N					◎限本系(含雙主修)修習			0			范宜如		一 8-9 和平 國語中心603	散文選及習作（一）	二			2		0		必				26		1		
	LU20						10	0.33		國文系（學）		CHU0289			5		2.0				115	半			Selections of Proses & Writing Practice (I)	B		1826			0	N					◎限本系(含雙主修)修習			0			林芷瑩		四 1-2 和平 工501(TA501)	散文選及習作（一）	二			2		0		必				30		1		
	LU20						10	0.33		國文系（學）		CHU0289			5		2.0				115	半			Selections of Proses & Writing Practice (I)	C		1827			0	N					◎限本系(含雙主修)修習			0			何維剛		五 3-4 和平 國語中心713	散文選及習作（一）	二			2		0		必				30		1		
	LU20						10	0.33		國文系（學）		CHU0289			5		2.0				115	半			Selections of Proses & Writing Practice (I)	D		1828			0	N					◎限本系(含雙主修)修習			0			黃敬家		五 3-4 和平 國語中心608	散文選及習作（一）	二			2		0		必				30		1		
	LU20						7	0.17		國文系（學）		CHU0345			1		2.0				115	半			Guided Readings in Masterpieces of World Thought </br>[ Program: The Inter-disciplinary Program of Philosophy ]			1829			0	N								0			劉滄龍		三 8-9 和平 國語中心608	世界思潮經典導讀 </br>[ 學分學程：哲學學分學程 ]	二			2		0		選				41		1		ZU9X
	LU20						10	0.20		國文系（學）		CHU0346			5		2.0				115	半			A Dream of Red Mansions and Chinese Opera			1830			0	N								0			蔡孟珍		三 10-A 和平 工401	紅樓夢與戲曲	二			2		0		選				50		1		
	LU20						8	0.27		國文系（學）		CHU0361			0		3.0				115	半			Bildungsroman </br>[ Program: The Inter-disciplinary Program of Literature Creation ]			1831			0	N								0			石曉楓		四 8-10 和平 研討五	成長小說 </br>[ 學分學程：文學創作學分學程 ]	二			2		0		選				30		1		ZU94
	LU20						7	0.19		國文系（學）		CHU0211			1		2.0				115	半			Chinese Etymology (I)			1832			0	N			1		◎限本系(含雙主修)修習			0			賴貴三	甲	四 3-4 和平 科技系TB213教室	文字學（一）	二			2		0		必				36		1		
	LU20						7	0.17		國文系（學）		CHU0291			1		3.0				115	半			History of Chinese Literature (I)			1833			0	N			1		◎限本系(含雙主修)修習			0			何維剛	甲	一 2-4 和平 科技系TA509教室	中國文學史（一）	二			2		0		必				41		1		
	LU20						10	0.20		國文系（學）		CHU0211			0		2.0				115	半			Chinese Etymology (I)			1834			0	N			2		◎限本系(含雙主修)修習			0			羅凡晸	乙	三 6-7 和平 教402	文字學（一）	二			2		0		必				50		1		
	LU20						10	0.20		國文系（學）		CHU0291			5		3.0				115	半			History of Chinese Literature (I)			1835			0	N			2		◎限本系(含雙主修)修習			0			陳亭佑	乙	四 8-10 和平 工501(TA501)	中國文學史（一）	二			2		0		必				50		1		
	LU20						10	0.20		國文系（學）		CHU0211			5		2.0				115	半			Chinese Etymology (I)			1836			0	N			3		◎限本系(含雙主修)修習			0			黃麗娟	丙	四 3-4 和平 工501(TA501)	文字學（一）	二			2		0		必				50		1		
	LU20						7	0.17		國文系（學）		CHU0291			1		3.0				115	半			History of Chinese Literature (I)			1837			0	N			3		◎限本系(含雙主修)修習			0			陳亭佑	丙	二 3-5 和平 科技系TB311教室	中國文學史（一）	二			2		0		必				41		1		
	LU20						10	0.20		國文系（學）		CHU0088			5		2.0				115	半			Chinese Rhetoric			1838			0	N								0			王錦慧		四 6-7 和平 工501(TA501)	修辭學	三			3		0		選				50		1		
	LU20						7	0.17		國文系（學）		CHU0089			1		3.0				115	半			Selections of Chu & Writing Practice </br>[ Program: The Specialization Program of Performing Arts ]	A		1839			0	N					◎限本系(含雙主修)修習			0			陳芳		一 8-10 和平 科技系TB311教室	曲選及習作 </br>[ 學分學程：表演藝術專業學分學程 ]	三			3		0		必				41		1		ZU4H
	LU20						7	0.17		國文系（學）		CHU0089			1		3.0				115	半			Selections of Chu & Writing Practice </br>[ Program: The Specialization Program of Performing Arts ]	B		1840			0	N					◎限本系(含雙主修)修習			0			陳芳		二 8-10 和平 科技系TB311教室	曲選及習作 </br>[ 學分學程：表演藝術專業學分學程 ]	三			3		0		必				41		1		ZU4H
	LU20						7	0.17		國文系（學）		CHU0103			1		3.0				115	半			Selections of Tzu & Writing Practice	A		1841			0	N					◎限本系(含雙主修)修習			0			林佳蓉		四 6-8 和平 科技系TB311教室	詞選及習作	三			3		0		必				41		1		
	LU20						3	0.08		國文系（學）		CHU0103			1		3.0				115	半			Selections of Tzu & Writing Practice	B		1842			0	N					◎限本系(含雙主修)修習			0			未定		一 8-10 和平 美202	詞選及習作	三			3		0		必				37		1		
	LU20						7	0.17		國文系（學）		CHU0105			1		3.0				115	半			Editing and News Covering </br>[ Program: The Inter-disciplinary Program of Metaverse Narrative ]			1843			0	N								0			林福岳		三 10-B 和平 國語中心608	編輯與採訪 </br>[ 學分學程：AI暨元宇宙敘事學分學程 ]	三			3		0		選				41		1		ZU48
	LU20						7	0.17		國文系（學）		CHU0147			1		2.0				115	半			Poems by Specialists			1844			0	N								0			徐國能		五 8-9 和平 科技系TA509教室	專家詩	三			3		0		選				41		1		
	LU20						7	0.17		國文系（學）		CHU0177			1		3.0				115	半			Xiao-pin of Late Ming Dynasty			1845			0	N								0			黃明理		三 8-10 和平 科技系TB311教室	晚明小品	三			3		0		選				41		1		
	LU20						10	0.20		國文系（學）		CHU0205			5		2.0				115	半			Introduction to Shan Hai Jing			1846			0	N								0			鍾宗憲		一 A-B 和平 工501(TA501)	山海經導讀	三			3		0		選				50		1		
	LU20						4	0.17		國文系（學）		CHU0228			1		2.0				115	半			Tso-Chuan  (II)			1847			0	N								0			陳炫瑋		四 3-4 和平 國語中心603	左傳（二）	三			3		0		選				24		1		
	LU20						6	0.19		國文系（學）		CHU0267			1		2.0				115	半			Liu Shih`s Critical Theories & Essays (I)			1848			0	N								0			祁立峰		四 6-7 和平 研討一	文心雕龍（一）	三			3		0		選				32		1		
	LU20						7	0.17		國文系（學）		CHU0322			1		2.0				115	半			Mozi (I)			1849			0	N								0			曾暐傑		二 A-B 和平 國語中心608	墨子（一）	三			3		0		選				41		1		
	LU20						6	0.18		國文系（學）		CHU0339			0		2.0				115	半			Revitalizing Mind & Body with Calligraphy </br>[ Program: The Inter-disciplinary Program of Literature Creation ]			1850			0	N					◎必須先修過(也可以同時修)【CHU0338  書法及習作（二）】、【CHU0337  書法及習作（一）】、【CHU0251  書法研究（一）】、【CHU0252  書法研究（二）】其中一門			0			黃明理		五 1-2 和平 美505	書法與身心抒發 </br>[ 學分學程：文學創作學分學程 ]	三			3		0		選				34		1		ZU94
	LU20						6	0.19		國文系（學）		CHU0372			1		2.0				115	半			Selected Readings in Chinese Biographies of Immortals			1851			0	N								0			謝聰輝		三 A-B 和平 科技系TA513教室	中國神仙傳記選讀	三			3		0		選				32		1		
	LU20						4	0.17		國文系（學）		CHU0392			1		2.0				115	半			Pre-Qin Philosophy of Language			1852			0	N								0			郭芳如		一 A-B 和平 國語中心603	先秦語言哲學	三			3		0		選				24		1		
	LU20						10	0.20		國文系（學）		CHU0217			5		2.0				115	半			Chinese Phonology (I)			1853			0	N			1		◎限本系(含雙主修)修習			0			林香薇	甲	五 3-4 和平 工501(TA501)	聲韻學（一）	三			3		0		必				50		1		
	LU20						7	0.17		國文系（學）		CHU0219			1		2.0				115	半			Chinese Grammar (I)			1854			0	N			1		◎限本系(含雙主修)修習			0			王錦慧	甲	二 6-7 和平 國語中心608	國文文法（一）	三			3		0		必				41		1		
	LU20						7	0.17		國文系（學）		CHU0318			1		2.0				115	半			History of Chinese Philosophy(I) </br>[ Program: The Inter-disciplinary Program of Philosophy ]			1855			0	N			1		◎限本系(含雙主修)修習			0			鄭燦山	甲	一 3-4 和平 國語中心608	中國哲學史（一） </br>[ 學分學程：哲學學分學程 ]	三			3		0		必				41		1		ZU9X/ZU9X/ZU9X
	LU20						7	0.17		國文系（學）		CHU0217			1		2.0				115	半			Chinese Phonology (I)			1856			0	N			2		◎限本系(含雙主修)修習			0			林香薇	乙	一 6-7 和平 國語中心608	聲韻學（一）	三			3		0		必				41		1		
	LU20						7	0.17		國文系（學）		CHU0219			1		2.0				115	半			Chinese Grammar (I)			1857			0	N			2		◎限本系(含雙主修)修習			0			郭維茹	乙	二 6-7 和平 科技系TB311教室	國文文法（一）	三			3		0		必				41		1		
	LU20						7	0.17		國文系（學）		CHU0318			1		2.0				115	半			History of Chinese Philosophy(I) </br>[ Program: The Inter-disciplinary Program of Philosophy ]			1858			0	N			2		◎限本系(含雙主修)修習			0			江淑君	乙	一 3-4 和平 科技系TB311教室	中國哲學史（一） </br>[ 學分學程：哲學學分學程 ]	三			3		0		必				41		1		ZU9X/ZU9X/ZU9X
	LU20						7	0.17		國文系（學）		CHU0217			1		2.0				115	半			Chinese Phonology (I)			1859			0	N			3		◎限本系(含雙主修)修習			0			陳筱琪	丙	五 3-4 和平 科技系TA509教室	聲韻學（一）	三			3		0		必				41		1		
	LU20						3	0.06		國文系（學）		CHU0219			1		2.0	Y			115	半			Chinese Grammar (I)			1860			0	1			3		◎限本系(含雙主修)修習			0			郭維茹	丙	◎面授/同步	國文文法（一）	三			3		0		必				50	◎數位課程 僅顯示同步遠距及面授時間。	1		
	LU20						10	0.20		國文系（學）		CHU0318			5		2.0				115	半			History of Chinese Philosophy(I) </br>[ Program: The Inter-disciplinary Program of Philosophy ]			1861			0	N			3		◎限本系(含雙主修)修習			0			江淑君	丙	二 3-4 和平 工501(TA501)	中國哲學史（一） </br>[ 學分學程：哲學學分學程 ]	三			3		0		必				50		1		ZU9X/ZU9X/ZU9X
	LU20						7	0.17		國文系（學）		CHU0008			1		2.0				115	半			Semantics	A		1862			0	N					◎限本系(含雙主修)修習			0			黃麗娟		二 1-2 和平 國語中心608	訓詁學	四			4		0		必				41		1		
	LU20						7	0.17		國文系（學）		CHU0008			1		2.0				115	半			Semantics	B		1863			0	N					◎限本系(含雙主修)修習			0			陳炫瑋		四 6-7 和平 國語中心608	訓詁學	四			4		0		必				41		1		
	LU20						10	0.20		國文系（學）		CHU0233			5		2.0				115	半			I-King (I)			1865			0	N								0			賴貴三		二 1-2 和平 工501(TA501)	易經（一）	四			4		0		選				50		1		
	LU20						7	0.19		國文系（學）		CHU0257			1		2.0				115	半			Selections of Classical Drama(I) </br>[ Program: The Specialization Program of Performing Arts ]			1866			0	N								0			蔡孟珍		二 9-10 和平 科技系TB213教室	古典戲曲選（一） </br>[ 學分學程：表演藝術專業學分學程 ]	四			4		0		選				36		1		ZU4H
	LU20						6	0.20		國文系（學）		CHUE110			0		2.0				115	半			Teaching Practicum: Chinese (I)	A		1867			0	N					◎限本系(含雙主修)修習    ◎限 二階生 教育學程生 不佔名額生 登記修習生 可修 ◎必須先修過【CHUE001  國文教材教法（教）】、【CHUE004  國文教材教法研究（教）】其中一門			0			鍾宗憲		四 1-4 和平 科技系TB311教室	國文教學實習（一）（教）	四			4		0		選				30		1		
	LU20						6	0.20		國文系（學）		CHUE110			0		2.0				115	半			Teaching Practicum: Chinese (I)	B		1868			0	N					◎限本系(含雙主修)修習    ◎限 二階生 教育學程生 不佔名額生 登記修習生 可修 ◎必須先修過【CHUE001  國文教材教法（教）】、【CHUE004  國文教材教法研究（教）】其中一門			0			李鍑倫		四 1-4 和平 國語中心608	國文教學實習（一）（教）	四			4		0		選				30		1		
	LU20						10	0.20		國文系（學）		CHU0303			5		2.0				115	半			History of Chinese Philosophy(III) </br>[ Program: The Inter-disciplinary Program of Philosophy ]			1869			0	N			1		◎限本系(含雙主修)修習			0			鄭燦山	甲	二 A-B 和平 國語中心713	中國哲學史（三） </br>[ 學分學程：哲學學分學程 ]	四			4		0		必				50		1		ZU9X/ZU9X/ZU9X
	LU20						2	0.04		國文系（學）		CHU0303			1		2.0				115	半			History of Chinese Philosophy(III) </br>[ Program: The Inter-disciplinary Program of Philosophy ]			1870			0	N			2		◎限本系(含雙主修)修習			0			江淑君	乙	四 5-6 和平 科工學院會議室	中國哲學史（三） </br>[ 學分學程：哲學學分學程 ]	四			4		0		必				50		1		ZU9X/ZU9X/ZU9X
	LU20						7	0.17		國文系（學）		CHU0303			1		2.0				115	半			History of Chinese Philosophy(III) </br>[ Program: The Inter-disciplinary Program of Philosophy ]			1871			0	N			3		◎限本系(含雙主修)修習			0			鄭燦山	丙	二 3-4 和平 國語中心608	中國哲學史（三） </br>[ 學分學程：哲學學分學程 ]	四			4		0		必				41		1		ZU9X/ZU9X/ZU9X
	LU21						10	0.29		英語系（學）		ENU5002			0		2.0				115	半			Situational Listening Comprehension Practice in English </br>[ Program: The Inter-disciplinary Program of Honors in Advanced English ]			1872			0	N		是			◎英語系（學） 不得修習     ◎初選 榮譽英語學分學程 研究生得下修◎限榮譽英語學分學程選修			0			許月貴		一 8-9 和平 科技系TB212教室	情境式英語聽力練習 </br>[ 學分學程：榮譽英語學分學程 ]						0		選				35	榮譽英語學程課程	1		ZU92
	LU21						10	0.29		英語系（學）		ENU5007			2		2.0				115	半			Selective Readings in English and American Literature </br>[ Program: The Inter-disciplinary Program of Honors in Advanced English ]			1873			0	N		是			◎英語系（學） 不得修習     ◎初選 榮譽英語學分學程 研究生得下修◎限榮譽英語學分學程選修			0			路愷宜		三 8-9 和平 科技系TB212教室	英美文學作品閱讀 </br>[ 學分學程：榮譽英語學分學程 ]						0		選				35	榮譽英語學程課程	1		ZU92
	LU21						10	0.29		英語系（學）		ENU5013			3		2.0				115	半			Global News and International Affairs in English </br>[ Program: The Inter-disciplinary Program of Honors in Advanced English ]			1874			0	N		是			◎英語系（學） 不得修習     ◎初選 榮譽英語學分學程 研究生得下修◎限榮譽英語學分學程選修			0			曾於萱		二 7-8 和平 工401	國際時事議題英文 </br>[ 學分學程：榮譽英語學分學程 ]						0		選				35	榮譽英語學程課程	1		ZU92
	LU21						10	0.29		英語系（學）		ENU5014			1		2.0				115	半			English Writing Skills: Coherence and Cohesion </br>[ Program: The Inter-disciplinary Program of Honors in Advanced English ]			1875			0	N		是			◎英語系（學） 不得修習     ◎初選 榮譽英語學分學程 研究生得下修◎限榮譽英語學分學程選修			0			未定		三 6-7 和平 科技系TB212教室	英文寫作技巧：連貫性與銜接性 </br>[ 學分學程：榮譽英語學分學程 ]						0		選				35	榮譽英語學程課程	1		ZU92
	LU21						10	0.29		英語系（學）		ENU5015			1		2.0				115	半			Interpersonal Communication Skills in English </br>[ Program: The Inter-disciplinary Program of Honors in Advanced English ]			1876			0	N		是			◎英語系（學） 不得修習     ◎初選 榮譽英語學分學程 研究生得下修◎限榮譽英語學分學程選修			0			常紹如		一 10-A 和平 科技系TB213教室	英語人際溝通技巧 </br>[ 學分學程：榮譽英語學分學程 ]						0		選				35	榮譽英語學程課程	1		ZU92
	LU21						10	0.29		英語系（學）		ENU5016			3		2.0				115	半			English Discussion and Critical Thinking Skills </br>[ Program: The Inter-disciplinary Program of Honors in Advanced English ]			1877			0	N		是			◎英語系（學） 不得修習     ◎初選 榮譽英語學分學程 研究生得下修◎限榮譽英語學分學程選修			0			曾於萱		二 9-10 和平 工401	英語討論與思辨知能 </br>[ 學分學程：榮譽英語學分學程 ]						0		選				35	榮譽英語學程課程	1		ZU92
	LU21						10	0.20		英語系（學）		ENC9003			0		2.0				115	半			Internship in English </br>[ Program: The Specialization Program of Workplace and Industry English ]			1878			0	N			9					0			陳秋蘭	大碩	六 1-4 和平 科技系TB213教室	英語文職場實習 </br>[ 學分學程：職場與產業英文專業學分學程 ]						0		選				50	需先聯繫老師方能選課，實際分享會時間請見 Moodle 及 email。	1		ZU6R
	LU21						2	0.05		英語系（學）		ENC9004			0		2.0				115	半			Career Exploration in English </br>[ Program: The EMI Inter-disciplinary Program of Environmental Humanities The Specialization Program of Workplace and Industry English ]			1879			0	N		是	9					0			陳秋蘭	大碩	五 6-7 和平 科技系TB212教室	產業EMI－職場探索 </br>[ 學分學程：環境人文全英語學分學程 職場與產業英文專業學分學程 ]						0		選				40		1		ZU38/ZU6R
	LU21						10	0.20		英語系（學）		ENU0259			0		2.0				115	半			Introduction to Linguistics (I) </br>[ Program: The Inter-disciplinary Program of Technology-assisted Teaching Industry The Specialization Program of Linguistics ]	A		1881			0	N		是						0			吳曉虹		四 3-4 和平 工401	語言學概論（一） </br>[ 學分學程：科技化教學產業學分學程 語言科學專業學分學程 ]	二			2		0		必				50	建議大二以上選修	1		ZU47/ZU6Q
	LU21						10	0.20		英語系（學）		ENU0259			0		2.0				115	半			Introduction to Linguistics (I) </br>[ Program: The Inter-disciplinary Program of Technology-assisted Teaching Industry The Specialization Program of Linguistics ]	B		1882			0	N		是						0			陳純音		五 1-2 和平 工401	語言學概論（一） </br>[ 學分學程：科技化教學產業學分學程 語言科學專業學分學程 ]	二			2		0		必				50	建議大二以上選修	1		ZU47/ZU6Q
	LU21						3	0.15		英語系（學）		ENU0287			0		2.0				115	半			Intermediate Writing (I)	A		1883			0	N		是			◎限本系(含雙主修)修習◎必須先修過【ENU0237  寫作指導（一）】、【ENU0238  寫作指導（二）】			0			邵毓娟		五 6-7 和平 研討八	中級寫作（一）	二			2		0		必				20		1		
	LU21						3	0.15		英語系（學）		ENU0287			0		2.0				115	半			Intermediate Writing (I)	B		1884			0	N		是			◎限本系(含雙主修)修習◎必須先修過【ENU0237  寫作指導（一）】、【ENU0238  寫作指導（二）】			0			曾於萱		五 6-7 和平 研討四	中級寫作（一）	二			2		0		必				20		1		
	LU21						3	0.15		英語系（學）		ENU0287			0		2.0				115	半			Intermediate Writing (I)	C		1885			0	N		是			◎限本系(含雙主修)修習◎必須先修過【ENU0237  寫作指導（一）】、【ENU0238  寫作指導（二）】			0			黃涵榆		五 6-7 和平 雲201	中級寫作（一）	二			2		0		必				20		1		
	LU21						3	0.15		英語系（學）		ENU0287			0		2.0				115	半			Intermediate Writing (I)	D		1886			0	N		是			◎限本系(含雙主修)修習◎必須先修過【ENU0237  寫作指導（一）】、【ENU0238  寫作指導（二）】			0			多德		五 6-7 和平 汽車工場B102	中級寫作（一）	二			2		0		必				20		1		
	LU21						3	0.15		英語系（學）		ENU0287			0		2.0				115	半			Intermediate Writing (I)	E		1887			0	N		是			◎限本系(含雙主修)修習◎必須先修過【ENU0237  寫作指導（一）】、【ENU0238  寫作指導（二）】			0			柯衣凡		五 6-7 和平 泰順街AI所研究室	中級寫作（一）	二			2		0		必				20		1		
	LU21						5	0.11		英語系（學）		ENU6025			0		3.0				115	半			Grammar & Rhetoric </br>[ Program: The Inter-disciplinary Program of Technology-assisted Teaching Industry ]	B		1888			0	N		是			◎限本系(含雙主修)、輔系修習			0			吳曉虹		五 3-5 和平 科技系TB213教室	文法與修辭 </br>[ 學分學程：科技化教學產業學分學程 ]	二			2		0		必				45		1		ZU47
	LU21						10	0.20		英語系（學）		ENU6025			0		3.0				115	半			Grammar & Rhetoric </br>[ Program: The Inter-disciplinary Program of Technology-assisted Teaching Industry ]	C		1889			0	N		是			◎限本系(含雙主修)、輔系修習			0			丁仁		五 6-8 和平 工401	文法與修辭 </br>[ 學分學程：科技化教學產業學分學程 ]	二			2		0		必				50	建議修習輔系第一年時選修	1		ZU47
	LU21						0	0.00		英語系（學）		ENU0217			0		2.0				115	半			Public Speaking: Speech </br>[ Program: The EMI Specialization Program of English Communication and Critical Thinking ]	A		1890			0	N		是	1		◎限本系(含雙主修)修習◎必須先修過【ENU0269  英語會話（一）】、【ENU0270  英語會話（二）】			0			吳育潔	甲	四 8-9 和平 科技系TB212教室	英語演講：演說技巧 </br>[ 學分學程：英語表達、思辨與溝通專業學分學程 ]	二			2		0		必				30		1		ZU6S/ZU6S
	LU21						0	0.00		英語系（學）		ENU0217			0		2.0				115	半			Public Speaking: Speech </br>[ Program: The EMI Specialization Program of English Communication and Critical Thinking ]	B		1891			0	N		是	1		◎限本系(含雙主修)修習◎必須先修過【ENU0269  英語會話（一）】、【ENU0270  英語會話（二）】			0			吳美貞	甲	四 8-9 和平 雲201	英語演講：演說技巧 </br>[ 學分學程：英語表達、思辨與溝通專業學分學程 ]	二			2		0		必				25		1		ZU6S/ZU6S
	LU21						2	0.05		英語系（學）		ENU0259			0		2.0				115	半			Introduction to Linguistics (I) </br>[ Program: The Inter-disciplinary Program of Technology-assisted Teaching Industry The Specialization Program of Linguistics ]			1892			0	N		是	1					0			李臻儀	甲	一 6-7 和平 研討一	語言學概論（一） </br>[ 學分學程：科技化教學產業學分學程 語言科學專業學分學程 ]	二			2		0		必				40	建議大二以上選修	1		ZU47/ZU47/ZU6Q/ZU6Q
	LU21						10	0.20		英語系（學）		ENU0291			0		2.0				115	半			English Literature: Medieval Period to the Eighteenth Century (I) </br>[ Program: The EMI Specialization Program of Creative Narrative Studies ]			1893			0	N		是	1		◎限本系(含雙主修)修習◎限大二修習			0			張瓊惠	甲	一 8-9 和平 工401	英國文學：中古時期至十八世紀（一） </br>[ 學分學程：創意敘事研究全英語專業學分學程 ]	二			2		0		選				50		1		ZU6P/ZU6P
	LU21						0	0.00		英語系（學）		ENU0217			0		2.0				115	半			Public Speaking: Speech </br>[ Program: The EMI Specialization Program of English Communication and Critical Thinking ]	A		1894			0	N		是	2		◎限本系(含雙主修)修習◎必須先修過【ENU0269  英語會話（一）】、【ENU0270  英語會話（二）】			0			楊志偉	乙	四 6-7 和平 科技系TB212教室	英語演講：演說技巧 </br>[ 學分學程：英語表達、思辨與溝通專業學分學程 ]	二			2		0		必				30		1		ZU6S/ZU6S
	LU21						0	0.00		英語系（學）		ENU0217			0		2.0				115	半			Public Speaking: Speech </br>[ Program: The EMI Specialization Program of English Communication and Critical Thinking ]	B		1895			0	N		是	2		◎限本系(含雙主修)修習◎必須先修過【ENU0269  英語會話（一）】、【ENU0270  英語會話（二）】			0			吳美貞	乙	四 6-7 和平 雲201	英語演講：演說技巧 </br>[ 學分學程：英語表達、思辨與溝通專業學分學程 ]	二			2		0		必				25		1		ZU6S/ZU6S
	LU21						5	0.11		英語系（學）		ENU0259			3		2.0				115	半			Introduction to Linguistics (I) </br>[ Program: The Inter-disciplinary Program of Technology-assisted Teaching Industry The Specialization Program of Linguistics ]			1896			0	N		是	2					0			李臻儀	乙	一 8-9 和平 科技系TB213教室	語言學概論（一） </br>[ 學分學程：科技化教學產業學分學程 語言科學專業學分學程 ]	二			2		0		必				45	建議大二以上選修	1		ZU47/ZU47/ZU6Q/ZU6Q
	LU21						10	0.20		英語系（學）		ENU0291			0		2.0				115	半			English Literature: Medieval Period to the Eighteenth Century (I) </br>[ Program: The EMI Specialization Program of Creative Narrative Studies ]			1897			0	N		是	2		◎限本系(含雙主修)修習◎限大二修習			0			高瑪麗	乙	四 8-9 和平 工401	英國文學：中古時期至十八世紀（一） </br>[ 學分學程：創意敘事研究全英語專業學分學程 ]	二			2		0		選				50		1		ZU6P/ZU6P
	LU21						5	0.11		英語系（學）		ENU0200			0		3.0				115	半			Linguistic Analysis </br>[ Program: The Specialization Program of Linguistics ]			1898			0	N					◎必須先修過【ENU0259  語言學概論（一）】、【ENU0331  語言學概論（一）】其中一門			0			吳靜蘭		三 3-5 和平 科技系TB213教室	語言分析 </br>[ 學分學程：語言科學專業學分學程 ]	三			3		0		選				45		1		ZU6Q
	LU21						5	0.10		英語系（學）		ENU0214			0		3.0				115	半			Assessment of English : Theory and Practice			1899			0	N		是			◎限本系(含雙主修)修習◎限大三大四修習			0			程玉秀		三 5-7 和平 科技系TB311教室	英語測驗與評量：理論與實務	三			3		0		選				50		1		
	LU21						0	0.00		英語系（學）		ENU0247			0		2.0				115	半			Discussion & Debate (I) </br>[ Program: The EMI Specialization Program of English Communication and Critical Thinking ]	A		1900			0	N		是			◎限本系(含雙主修)修習◎限大三大四修習			0			常紹如		一 6-7 和平 製作教室B	討論與辯論（一） </br>[ 學分學程：英語表達、思辨與溝通專業學分學程 ]	三			3		0		必				30		1		ZU6S
	LU21						0	0.00		英語系（學）		ENU0247			0		2.0				115	半			Discussion & Debate (I) </br>[ Program: The EMI Specialization Program of English Communication and Critical Thinking ]	B		1901			0	N		是			◎限本系(含雙主修)修習◎限大三大四修習			0			柯衣凡		一 6-7 和平 圖傳系一般教室	討論與辯論（一） </br>[ 學分學程：英語表達、思辨與溝通專業學分學程 ]	三			3		0		必				30		1		ZU6S
	LU21						0	0.00		英語系（學）		ENU0247			0		2.0				115	半			Discussion & Debate (I) </br>[ Program: The EMI Specialization Program of English Communication and Critical Thinking ]	C		1902			0	N		是			◎限本系(含雙主修)修習◎限大三大四修習			0			戴宇呈		四 3-4 和平 圖傳系一般教室	討論與辯論（一） </br>[ 學分學程：英語表達、思辨與溝通專業學分學程 ]	三			3		0		必				30		1		ZU6S
	LU21						0	0.00		英語系（學）		ENU0247			0		2.0				115	半			Discussion & Debate (I) </br>[ Program: The EMI Specialization Program of English Communication and Critical Thinking ]	D		1903			0	N		是			◎限本系(含雙主修)修習◎限大三大四修習			0			李宜倩		四 3-4 和平 科技系TB212教室	討論與辯論（一） </br>[ 學分學程：英語表達、思辨與溝通專業學分學程 ]	三			3		0		必				30		1		ZU6S
	LU21						5	0.17		英語系（學）		ENU0267			5		2.0				115	半			Intermediate Japanese (I)			1904			0	N								0			李文晴		三 6-7 和平 圖傳系一般教室	中級日文（一）	三			3		0		選				30		1		
	LU21						10	0.40		英語系（學）		ENU0285			0		2.0				115	半			Advanced Aural-Oral Training in English (I)	A		1905			0	N		是			◎限本系(含雙主修)修習◎必須先修過【ENU0283  中級英語聽講（一）】、【ENU0284  中級英語聽講（二）】			0			曾於萱		二 1-2 和平 製作教室B	高級英語聽講（一）	三			3		0		必				25		1		
	LU21						10	0.40		英語系（學）		ENU0285			0		2.0				115	半			Advanced Aural-Oral Training in English (I)	B		1906			0	N		是			◎限本系(含雙主修)修習◎必須先修過【ENU0283  中級英語聽講（一）】、【ENU0284  中級英語聽講（二）】			0			蘇席瑤		四 1-2 和平 科技系TB212教室	高級英語聽講（一）	三			3		0		必				25		1		
	LU21						1	0.05		英語系（學）		ENU0289			0		2.0				115	半			Advanced Writing (I)	A		1907			0	N		是			◎限本系(含雙主修)修習◎必須先修過【ENU0287  中級寫作（一）】、【ENU0288  中級寫作（二）】			0			貝格泰		五 3-4 和平 雲202	高級寫作（一）	三			3		0		必				20		1		
	LU21						1	0.05		英語系（學）		ENU0289			0		2.0				115	半			Advanced Writing (I)	B		1908			0	N		是			◎限本系(含雙主修)修習◎必須先修過【ENU0287  中級寫作（一）】、【ENU0288  中級寫作（二）】			0			陳乃嫻		五 3-4 和平 科技系TB212教室	高級寫作（一）	三			3		0		必				20		1		
	LU21						1	0.05		英語系（學）		ENU0289			0		2.0				115	半			Advanced Writing (I)	C		1909			0	N		是			◎限本系(含雙主修)修習◎必須先修過【ENU0287  中級寫作（一）】、【ENU0288  中級寫作（二）】			0			楊志偉		五 3-4 和平 製作教室B	高級寫作（一）	三			3		0		必				20		1		
	LU21						1	0.05		英語系（學）		ENU0289			0		2.0				115	半			Advanced Writing (I)	D		1910			0	N		是			◎限本系(含雙主修)修習◎必須先修過【ENU0287  中級寫作（一）】、【ENU0288  中級寫作（二）】			0			甯俐馨		五 5-6 和平 雲202	高級寫作（一）	三			3		0		必				20		1		
	LU21						2	0.11		英語系（學）		ENU0347			1		3.0				115	半			English for Health and Medicine </br>[ Program: The Specialization Program of Workplace and Industry English ]			1911			0	N		是						0			陳乃嫻		五 6-8 和平 科技系TB312教室	日常醫學英文 </br>[ 學分學程：職場與產業英文專業學分學程 ]	三			3		0		選				18		1		ZU6R
	LU21						5	0.13		英語系（學）		ENU6013			0		3.0				115	半			"""We Are the World""? US Cultural Studies </br>[ Program: The Specialization Program of Literary and Cultural Studies ]"			1912			0	N		是						0			路愷宜		二 6-8 和平 製作教室B	美國文化研究 </br>[ 學分學程：文學與文化研究專業學分學程 ]	三			3		0		選				40		1		ZU6O
	LU21						10	0.20		英語系（學）		ENU0293			0		2.0				115	半			English Literature: Romantic Period to the Present (I) </br>[ Program: The EMI Specialization Program of Creative Narrative Studies ]			1913			0	N		是	1		◎限本系(含雙主修)修習◎限大三大四修習			0			黃涵榆	甲	四 6-7 和平 工401	英國文學：浪漫時期至現代（一） </br>[ 學分學程：創意敘事研究全英語專業學分學程 ]	三			3		0		選				50		1		ZU6P/ZU6P
	LU21						5	0.11		英語系（學）		ENU0350			0		2.0				115	半			American Literature (I): Beginnings to 1900 </br>[ Program: The EMI Specialization Program of Creative Narrative Studies ]			1914			0	N		是	1		◎限本系(含雙主修)修習◎限大三大四修習			0			李秀娟	甲	二 4-5 和平 科技系TB213教室	美國文學（一）：1900年以前 </br>[ 學分學程：創意敘事研究全英語專業學分學程 ]	三			3		0		選				45		1		ZU6P/ZU6P
	LU21						1	0.02		英語系（學）		ENU0017			0		3.0				115	半			History of the English Language </br>[ Program: The Specialization Program of Linguistics ]			1915			0	N		是	2		◎限本系(含雙主修)修習◎限大三大四修習◎必須先修過【ENU0259  語言學概論（一）】、【ENU0260  語言學概論（二）】			0			吳靜蘭	乙	一 2-4 和平 工401	英語語言史 </br>[ 學分學程：語言科學專業學分學程 ]	三			3		0		必				60		1		ZU6Q
	LU21						5	0.11		英語系（學）		ENU0293			0		2.0				115	半			English Literature: Romantic Period to the Present (I) </br>[ Program: The EMI Specialization Program of Creative Narrative Studies ]			1916			0	N		是	2		◎限本系(含雙主修)修習◎限大三大四修習			0			貝格泰	乙	四 6-7 和平 科技系TB213教室	英國文學：浪漫時期至現代（一） </br>[ 學分學程：創意敘事研究全英語專業學分學程 ]	三			3		0		選				45		1		ZU6P/ZU6P
	LU21						5	0.13		英語系（學）		ENU0350			0		2.0				115	半			American Literature (I): Beginnings to 1900 </br>[ Program: The EMI Specialization Program of Creative Narrative Studies ]			1917			0	N		是	2		◎限本系(含雙主修)修習◎限大三大四修習			0			路愷宜	乙	二 3-4 和平 製作教室B	美國文學（一）：1900年以前 </br>[ 學分學程：創意敘事研究全英語專業學分學程 ]	三			3		0		選				40		1		ZU6P/ZU6P
	LU21						5	0.11		英語系（學）		ENU0029			0		3.0				115	半			News English			1918			0	N		是						0			曾於萱		四 8-10 和平 科技系TB213教室	新聞英語	四			4		0		選				45		1		
	LU21						2	0.08		英語系（學）		ENU0277			2		2.0				115	半			English-Chinese Translation (I) </br>[ Program: The Specialization Program of Workplace and Industry English The Inter-disciplinary Program of Honors in Advanced English ]	A		1919			0	N					◎限本系(含雙主修)、輔系修習			0			李宜懃		三 6-7 和平 泰順街AI所研究室	中英翻譯（一） </br>[ 學分學程：職場與產業英文專業學分學程 榮譽英語學分學程 ]	四			4		0		選				25	建議修習輔系第二年以後選修	1		ZU6R/ZU92
	LU21						2	0.08		英語系（學）		ENU0277			2		2.0				115	半			English-Chinese Translation (I) </br>[ Program: The Specialization Program of Workplace and Industry English The Inter-disciplinary Program of Honors in Advanced English ]	B		1920			0	N					◎限本系(含雙主修)、輔系修習			0			李宜懃		三 8-9 和平 泰順街AI所研究室	中英翻譯（一） </br>[ 學分學程：職場與產業英文專業學分學程 榮譽英語學分學程 ]	四			4		0		選				25	建議修習輔系第二年以後選修	1		ZU6R/ZU92
	LU21						2	0.08		英語系（學）		ENU0277			0		2.0				115	半			English-Chinese Translation (I) </br>[ Program: The Specialization Program of Workplace and Industry English The Inter-disciplinary Program of Honors in Advanced English ]	C		1921			0	N					◎限本系(含雙主修)、輔系修習			0			易家如		五 2-3 和平 泰順街AI所研究室	中英翻譯（一） </br>[ 學分學程：職場與產業英文專業學分學程 榮譽英語學分學程 ]	四			4		0		選				25	建議修習輔系第二年以後選修	1		ZU6R/ZU92
	LU21						2	0.08		英語系（學）		ENU0277			0		2.0				115	半			English-Chinese Translation (I) </br>[ Program: The Specialization Program of Workplace and Industry English The Inter-disciplinary Program of Honors in Advanced English ]	D		1922			0	N					◎限本系(含雙主修)、輔系修習			0			易家如		五 4-5 和平 泰順街AI所研究室	中英翻譯（一） </br>[ 學分學程：職場與產業英文專業學分學程 榮譽英語學分學程 ]	四			4		0		選				25	建議修習輔系第二年以後選修	1		ZU6R/ZU92
	LU21						5	0.17		英語系（學）		ENU0295			5		2.0				115	半			Advanced Japanese (I)			1923			0	N								0			李文晴		三 8-9 和平 圖傳系一般教室	進階日文（一）	四			4		0		選				30		1		
	LU21						10	0.33		英語系（學）		ENU0220			2		2.0				115	半			Financial English and Translation </br>[ Program: The Specialization Program of Workplace and Industry English ]			1924			0	N			1					0			李宜懃	甲	三 3-4 和平 製作教室B	財經英文與翻譯 </br>[ 學分學程：職場與產業英文專業學分學程 ]	四			4		0		選				30	此班建議師資生選修	1		ZU6R
	LU22						10	0.20		歷史系（學）		HIU0062			0		2.0				115	半			Introduction to Historiography </br>[ Program: The Specialization Program of Historical Thinking and Narrative ]	C		1925			0	N					◎限外系、輔系修習			0			林欣宜		一 1-2 和平 工501(TA501)	史學導論 </br>[ 學分學程：歷史思維與敘事專業學分學程 ]						0		必				50	本課程為中等學校社會領域「領域內跨科課程」，故提供地理系、公領系同學修習，非前述之外系生請勿修習。	1		ZU7P
	LU22						2	0.04		歷史系（學）		HIU0145			0		3.0				115	半			The Renaissance </br>[ Program: The Specialization Program of Thinking Patterns of Diverse Civilizations ]			1926			0	N								0			陳秀鳳		五 6-8 和平 綜10樓教室	文藝復興史 </br>[ 學分學程：多元文明思維模式專業學分學程 ]						0		選				45		1		ZU7O
	LU22						5	0.25		歷史系（學）		HIU0333			0		3.0				115	半			Culture History of Ancient China			1927			0	N								0			石蘭梅		三 3-5 和平 研討四	中國上古文化史						0		選				20		1		
	LU22						5	0.25		歷史系（學）		HIU0334			0		3.0				115	半			Modern History of China </br>[ Program: The Specialization Program of the Making of the Modern World ]			1928			0	N								0			周東怡		五 3-5 和平 研討四	中國近代史 </br>[ 學分學程：現代世界的形成專業學分學程 ]						0		選				20		1		ZU7M
	LU22						5	0.20		歷史系（學）		HIU0338			0		3.0				115	半			Contemporary History of Taiwan </br>[ Program: The Specialization Program of Uncovering Local History: Sources and Sites The Specialization Program of the Making of the Modern World ]			1929			0	N								0			王麒銘		三 6-8 和平 綜701	臺灣當代史 </br>[ 學分學程：挖掘在地歷史：史料與現場專業學分學程 現代世界的形成專業學分學程 ]						0		選				25		1		ZU7M/ZU7N
	LU22						5	0.25		歷史系（學）		HIU0354			0		3.0				115	半			History of France			1930			0	N								0			陳秀鳳		四 2-4 和平 研討八	法國史						0		選				20		1		
	LU22						2	0.05		歷史系（學）		HIU0358			0		2.0				115	半			Chinese History in Ch'ing Dynasty			1931			0	N								0			葉高樹		三 6-7 和平 研討五	清代中國史						0		選				38		1		
	LU22						5	0.25		歷史系（學）		HIU0362			0		3.0				115	半			Medieval History of Western World			1932			0	N								0			陳秀鳳		四 6-8 和平 研討八	西洋中古史						0		選				20		1		
	LU22						5	0.13		歷史系（學）		HIU0364			1		2.0				115	半			History of Liao and Chin Dynasties			1933			0	N								0			陳昭揚		二 10-A 和平 綜10樓教室	遼金史						0		選				40		1		
	LU22						5	0.10		歷史系（學）		HIU0368			0		3.0				115	半			History of Japan </br>[ Program: The Specialization Program of Thinking Patterns of Diverse Civilizations ]			1934			0	N								0			周東怡		三 3-5 和平 視聽教室	日本史 </br>[ 學分學程：多元文明思維模式專業學分學程 ]						0		選				50		1		ZU7O
	LU22						2	0.04		歷史系（學）		HIU0372			1		2.0				115	半			History of Taiwan's Foreign Relations			1935			0	N								0			陳佳宏		三 3-4 和平 綜10樓教室	臺灣涉外關係史						0		選				45		1		
	LU22						10	0.20		歷史系（學）		HIU0374			0		2.0				115	半			Social History of Taiwan </br>[ Program: The Specialization Program of Uncovering Local History: Sources and Sites ]			1936			0	N								0			陳志豪		五 6-7 和平 工501(TA501)	臺灣社會史 </br>[ 學分學程：挖掘在地歷史：史料與現場專業學分學程 ]						0		選				50		1		ZU7N
	LU22						5	0.13		歷史系（學）		HIU0381			0		2.0				115	半			Introduction to Social Studies			1937			0	N								0			石蘭梅		五 3-4 和平 研討一	社會領域課程概論						0		必				40	應至少修滿教育專業必修課程 6學分(教育基礎課程至少2學分、教育方法課程至少4學分)，且專門課程之「領域內跨科課程」應各科至少修 2 學分（108 學年新制）。	1		
	LU22						10	0.20		歷史系（學）		HIU0383			0		2.0				115	半			History of China			1938			0	N					◎歷史系（學） 不得修習◎限外系修習			0			周東怡		三 10-A 和平 工501(TA501)	中國史						0		選				50	本課程為中等學校社會領域「領域內跨科課程」，故提供地理系、公領系同學修習，非前述之外系生請勿修習。	1		
	LU22						10	0.20		歷史系（學）		HIU0384			1		2.0				115	半			History of Taiwan			1939			0	N					◎歷史系（學） 不得修習◎限外系修習			0			陳南旭		二 10-A 和平 工501(TA501)	臺灣史						0		選				50	本課程為中等學校社會領域「領域內跨科課程」，故提供地理系、公領系同學修習，非前述之外系生請勿修習。	1		
	LU22						10	0.20		歷史系（學）		HIU0385			0		2.0				115	半			History of the World			1940			0	N					◎歷史系（學） 不得修習◎限外系修習			0			陳建元		四 10-A 和平 科技系TC411教室	世界史						0		選				50	本課程為中等學校社會領域「領域內跨科課程」，故提供地理系、公領系同學修習，非前述之外系生請勿修習。	1		
	LU22						10	0.20		歷史系（學）		HIU0390			0		3.0				115	半			Political History of Sui, Tang and Five Dynasties	B		1941			0	N								0			陳登武		一 8-10 和平 國語中心713	隋唐五代政治史						0		選				50		1		
	LU22						10	0.20		歷史系（學）		HIU0391			0		3.0				115	半			History of Chin People and Chin Dynasty			1942			0	N								0			陳健文		一 10-B 和平 工401	秦史						0		選				50		1		
	LU22						2	0.04		歷史系（學）		HIU0395			0		2.0				115	半			History of Chinese Political Institutions (Governmental Organization)			1943			0	N								0			陳昭揚		一 8-9 和平 國語中心608	中國政治制度史（政府組織）						0		選				45		1		
	LU22						5	0.25		歷史系（學）		HIU0398			1		3.0				115	半			History of England			1944			0	N								0			盧省言		五 2-4 和平 研討八	英國史						0		選				20		1		
	LU22						2	0.05		歷史系（學）		HIUE001			0		2.0				115	半			Teaching Materials and Methods: History			1946			0	N					◎限 二階生 教育學程生 不佔名額生 登記修習生 可修			0			吳翎君		二 8-9 和平 研討五	歷史教材教法（教）						0		選				38	應至少修滿教育專業必修課程 6學分(教育基礎課程至少2學分、教育方法課程至少4學分)，且專門課程之「領域內跨科課程」應各科至少修 2 學分（108 學年新制）。	1		
	LU22						2	0.05		歷史系（學）		HIUE210			0		2.0				115	半			Teaching Practicum: History (II)			1947			0	N					◎限 二階生 教育學程生 不佔名額生 登記修習生 可修◎必須先修過【HIUE110  歷史科教學實習（一）（教）】			0			石蘭梅		四 1-4 和平 研討五	歷史科教學實習（二）（教）						0		選				38	本課程為進階實習課程，注重入校實地學習訓練，限大四以上修習。	1		
	LU22						10	0.20		歷史系（學）		HIC0072			2		2.0				115	半			Manchu (I)			1948			0	N			9					0			林士鉉	大碩	二 A-B 和平 工401	滿文（一）						0		選				50		1		
	LU22						5	0.20		歷史系（學）		HIC9022			0		2.0				115	半			Seminar on Modern Taiwan Historical Diaries </br>[ Program: The Specialization Program of Uncovering Local History: Sources and Sites ]			1949			0	N			9					0			王麒銘	大碩	三 3-4 和平 綜701	近代臺灣日記史料選讀 </br>[ 學分學程：挖掘在地歷史：史料與現場專業學分學程 ]						0		選				25		1		ZU7N
	LU22						2	0.05		歷史系（學）		HIC9026			1		3.0				115	半			Seminar on Modern Western Historiography			1950			0	N		是	9					0			陳建元	大碩	三 3-5 和平 科技系TA513教室	歐美近代史學思潮研討						0		選				40		1		
	LU22						2	0.20		歷史系（學）		HIC9039			1		3.0				115	半			Taiwan through Time: Seminar on Its Global Engagement and Local Dynamics			1951			0	N		是	9					0			陳南旭	大碩	一 2-4 和平 科技系TB210教室	臺灣史研討：全球與地方脈絡						0		選				10		1		
	LU22						2	0.20		歷史系（學）		HIC9040			3		3.0				115	半			Religions and Sustainable Development: Seminar on History and Innovations of Traditional Chinese Religions in Modern Taiwan </br>[ Program: The EMI Inter-disciplinary Program of Environmental Humanities ]			1952			0	N		是	9					0			吳有能	大碩	三 10-B 和平 研討三	宗教與永續發展：臺灣傳統華人宗教的歷史與創新研討 </br>[ 學分學程：環境人文全英語學分學程 ]						0		選				10		1		ZU38
	LU22						2	0.05		歷史系（學）		HIC9047			1		3.0				115	半			Seminar on Postwar Taiwan Archival Interpretation and Historical Field Research </br>[ Program: The Specialization Program of Uncovering Local History: Sources and Sites ]			1953			0	N			9					0			林欣宜	大碩	五 2-4 和平 研討五	臺灣戰後檔案解讀與歷史田野研討 </br>[ 學分學程：挖掘在地歷史：史料與現場專業學分學程 ]						0		選				38		1		ZU7N
	LU22						5	0.25		歷史系（學）		HIC9050			1		3.0				115	半			Studies in Controversial Topics and the Historian's Craft			1954			0	N		是	9					0			未定	大碩	四 10-B 和平 研討八	痛苦的歷史及史學家的方法研究						0		選				20		1		
	LU22						5	0.25		歷史系（學）		HIC9051			1		3.0				115	半			Seminar on North America and the Making of National Identities			1955			0	N		是	9					0			未定	大碩	二 10-B 和平 研討八	北美與國家身分構成研討						0		選				20		1		
	LU22						10	0.29		歷史系（學）		HIU0062			0		2.0				115	半			Introduction to Historiography </br>[ Program: The Specialization Program of Historical Thinking and Narrative ]	A		1956			0	N					◎限本系(含雙主修)修習◎限大一修習			0			楊彥彬		一 1-2 和平 研討一	史學導論 </br>[ 學分學程：歷史思維與敘事專業學分學程 ]	一			1		0		必				35	備註：已於上學期選定上課班別(A班或B班)者，下學期嚴禁換班上課。	1		ZU7P
	LU22						10	0.29		歷史系（學）		HIU0062			0		2.0				115	半			Introduction to Historiography </br>[ Program: The Specialization Program of Historical Thinking and Narrative ]	B		1957			0	N					◎限本系(含雙主修)修習◎限大一修習			0			陳建元		一 1-2 和平 科技系TB311教室	史學導論 </br>[ 學分學程：歷史思維與敘事專業學分學程 ]	一			1		0		必				35	備註：已於上學期選定上課班別(A班或B班)者，下學期嚴禁換班上課。	1		ZU7P
	LU22						10	0.29		歷史系（學）		HIU0344			0		2.0				115	半			General History of the World (Ancient History)	A		1958			0	N					◎限本系(含雙主修)修習◎限大一修習			0			陳秀鳳		五 1-2 和平 科技系TB311教室	世界通史（上古）	一			1		0		必				35	備註：已於上學期選定上課班別(A班或B班)者，下學期嚴禁換班上課。	1		
	LU22						10	0.29		歷史系（學）		HIU0344			0		2.0				115	半			General History of the World (Ancient History)	B		1959			0	N					◎限本系(含雙主修)修習◎限大一修習			0			楊彥彬		五 1-2 和平 國語中心713	世界通史（上古）	一			1		0		必				35	備註：已於上學期選定上課班別(A班或B班)者，下學期嚴禁換班上課。	1		
	LU22						10	0.29		歷史系（學）		HIU0348			0		2.0				115	半			General History of Taiwan (Before 1895) </br>[ Program: The Specialization Program of Uncovering Local History: Sources and Sites ]	A		1960			0	N					◎限本系(含雙主修)修習◎限大一修習			0			林欣宜		四 1-2 和平 研討一	臺灣通史（1895年前） </br>[ 學分學程：挖掘在地歷史：史料與現場專業學分學程 ]	一			1		0		必				35	備註：已於上學期選定上課班別(A班或B班)者，下學期嚴禁換班上課。	1		ZU7N
	LU22						10	0.29		歷史系（學）		HIU0348			0		2.0				115	半			General History of Taiwan (Before 1895) </br>[ Program: The Specialization Program of Uncovering Local History: Sources and Sites ]	B		1961			0	N					◎限本系(含雙主修)修習◎限大一修習			0			王麒銘		四 1-2 和平 工401	臺灣通史（1895年前） </br>[ 學分學程：挖掘在地歷史：史料與現場專業學分學程 ]	一			1		0		必				35	備註：已於上學期選定上課班別(A班或B班)者，下學期嚴禁換班上課。	1		ZU7N
	LU22						10	0.29		歷史系（學）		HIU0380			0		2.0				115	半			General History of China (Ancient History)	A		1962			0	N					◎限本系(含雙主修)修習◎限大一修習			0			陳健文		一 3-4 和平 工501(TA501)	中國通史（上古）	一			1		0		必				35	備註：已於上學期選定上課班別(A班或B班)者，下學期嚴禁換班上課。	1		
	LU22						10	0.29		歷史系（學）		HIU0380			0		2.0				115	半			General History of China (Ancient History)	B		1963			0	N					◎限本系(含雙主修)修習◎限大一修習			0			呂春盛		一 3-4 和平 研討五	中國通史（上古）	一			1		0		必				35	備註：已於上學期選定上課班別(A班或B班)者，下學期嚴禁換班上課。	1		
	LU22						10	0.29		歷史系（學）		HIU0342			0		2.0				115	半			General History of China (Early-Modern)	A		1964			0	N					◎限本系(含雙主修)修習◎限大二修習			0			陳昭揚		二 1-2 和平 研討五	中國通史（近世）	二			2		0		必				35	備註：已於上學期選定上課班別(A班或B班)者，下學期嚴禁換班上課。	1		
	LU22						10	0.29		歷史系（學）		HIU0342			0		2.0				115	半			General History of China (Early-Modern)	B		1965			0	N					◎限本系(含雙主修)修習◎限大二修習			0			李宗翰		二 1-2 和平 科技系TB311教室	中國通史（近世）	二			2		0		必				35	備註：已於上學期選定上課班別(A班或B班)者，下學期嚴禁換班上課。	1		
	LU22						10	0.29		歷史系（學）		HIU0346			0		2.0				115	半			General History of the World (Early-Modern) </br>[ Program: The Specialization Program of Thinking Patterns of Diverse Civilizations ]	A		1966			0	N					◎限本系(含雙主修)修習◎限大二修習			0			盧省言		五 8-9 和平 工501(TA501)	世界通史（近世） </br>[ 學分學程：多元文明思維模式專業學分學程 ]	二			2		0		必				35	備註：已於上學期選定上課班別(A班或B班)者，下學期嚴禁換班上課。	1		ZU7O
	LU22						5	0.14		歷史系（學）		HIU0346			0		2.0				115	半			General History of the World (Early-Modern) </br>[ Program: The Specialization Program of Thinking Patterns of Diverse Civilizations ]	B		1967			0	N					◎限本系(含雙主修)修習◎限大二修習			0			楊彥彬		五 8-9 和平 研討一	世界通史（近世） </br>[ 學分學程：多元文明思維模式專業學分學程 ]	二			2		0		必				35	備註：已於上學期選定上課班別(A班或B班)者，下學期嚴禁換班上課。	1		ZU7O
	LU22						10	0.33		歷史系（學）		HIU0221			0		2.0				115	半			Methodology of Historiography (I)	A		1968			0	N					◎限本系(含雙主修)修習◎限大三修習			0			葉高樹		三 9-10 和平 綜701	史學方法（一）	三			3		0		必				30	已於上學期選定上課班別(A班或B班)者，下學期嚴禁換班上課。	1		
	LU22						10	0.33		歷史系（學）		HIU0221			0		2.0				115	半			Methodology of Historiography (I)	B		1969			0	N					◎限本系(含雙主修)修習◎限大三修習			0			陳健文		三 9-10 和平 研討五	史學方法（一）	三			3		0		必				30	已於上學期選定上課班別(A班或B班)者，下學期嚴禁換班上課。	1		
	LU23						2	0.08		地理系（學）		GEU0226			0		3.0				115	半			Environmental Sustainability </br>[ Program: The Inter-disciplinary Program of Metaverse Narrative The Inter-disciplinary Program of International Relations and Diplomacy The Specialization Program of Ecological Monitoring ]			1970			0	N		是						0			廖學誠		四 7-9 和平 綠能科技所研究室	環境永續 </br>[ 學分學程：AI暨元宇宙敘事學分學程 國際關係與外交學分學程 生態環境監測專業學分學程 ]						0		選				25		1		ZU48/ZU56/ZU7S
	LU23						5	0.10		地理系（學）		GEU0233			3		2.0				115	半			Introduction to Geography (I)	C		1971			0	N		是						0			莫家俊		五 3-4 和平 科技系TD301教室	地學通論（一）						0		必				48		1		
	LU23						5	0.17		地理系（學）		GEU0234			3		2.0				115	半			Introduction to Geography (II) </br>[ Program: The Inter-disciplinary Program of Environmental Monitoring and Disaster Mitigation ]	C		1972			0	N		是						0			沈淑敏 翁叔平 李宗祐 陳瑩		二 10-A 和平 圖傳系一般教室	地學通論（二） </br>[ 學分學程：環境監測與防災學分學程 ]						0		必				30		1		ZU89
	LU23						3	0.11		地理系（學）		GEU0260			0		3.0				115	半			Earth Observation and Analysis			1973			0	N		是						0			王雪卿		一 6-8 和平 教404	地球觀測與分析						0		選				27		1		
	LU23						1	0.03		地理系（學）		GEC9005			1		3.0				115	半			Applied Machine Learning			1974			0	N			9		◎加退選全授權碼選課			0			詹竣翔	大碩	一 2-4 和平 綜1001	應用機器學習						0		選				37		1		
	LU23						5	0.10		地理系（學）		GEU0007			3		2.0				115	半			Settlement Geography			1975			0	N					◎限大一修習			0			譚鴻仁		四 3-4 和平 科技系TD301教室	聚落地理	一			1		0		選				48		1		
	LU23						5	0.10		地理系（學）		GEU0233			2		2.0				115	半			Introduction to Geography (I)	A		1976			0	N					◎限大一修習			0			韋煙灶		一 3-4 和平 國語中心713	地學通論（一）	一			1		0		必				50		1		
	LU23						5	0.10		地理系（學）		GEU0233			2		2.0				115	半			Introduction to Geography (I)	B		1977			0	N					◎限大一修習			0			林聖欽		一 A-B 和平 國語中心713	地學通論（一）	一			1		0		必				50	授權碼優先發放給延畢學生	1		
	LU23						10	0.20		地理系（學）		GEU0234			0		2.0				115	半			Introduction to Geography (II) </br>[ Program: The Inter-disciplinary Program of Environmental Monitoring and Disaster Mitigation ]	A		1978			0	N					◎限大一修習			0			沈淑敏 翁叔平 李宗祐 陳瑩		一 6-7 和平 國語中心713	地學通論（二） </br>[ 學分學程：環境監測與防災學分學程 ]	一			1		0		必				50		1		ZU89
	LU23						5	0.10		地理系（學）		GEU0234			0		2.0				115	半			Introduction to Geography (II) </br>[ Program: The Inter-disciplinary Program of Environmental Monitoring and Disaster Mitigation ]	B		1979			0	N					◎限大一修習			0			沈淑敏 翁叔平 李宗祐 陳瑩		四 1-2 和平 科技系TD301教室	地學通論（二） </br>[ 學分學程：環境監測與防災學分學程 ]	一			1		0		必				48		1		ZU89
	LU23						4	0.08		地理系（學）		GEU0011			2		3.0				115	半			Geography of Taiwan			1980			0	N			1		◎限大一修習			0			洪立三	甲	三 7-9 和平 國語中心713	臺灣地理	一			1		0		必				50	授權碼優先發放給雙主修與轉系/轉學進師大地理系的同學，發完後若還有剩，按畢業急迫性發放。	1		
	LU23						5	0.10		地理系（學）		GEU0046			3		3.0				115	半			Geology </br>[ Program: The Specialization Program of Natural Hazards and Mapping The Inter-disciplinary Program of Environmental Monitoring and Disaster Mitigation ]			1981			0	N			1		◎限大一修習			0			林宗儀	甲	二 5-7 和平 國語中心713	地質學 </br>[ 學分學程：自然災害與製圖專業學分學程 環境監測與防災學分學程 ]	一			1		0		選				50	本課程為下學期「地形學」的先修課程。	1		ZU7R/ZU7R/ZU89/ZU89
	LU23						3	0.06		地理系（學）		GEU0047			2		3.0				115	半			Meteorology			1982			0	N			1		◎限大一修習			0			翁叔平	甲	四 7-9 和平 科技系TD301教室	氣象學	一			1		0		選				48	本課程為下學期「氣候學」的先修課程。	1		
	LU23						5	0.11		地理系（學）		GEU0046			3		3.0				115	半			Geology </br>[ Program: The Specialization Program of Natural Hazards and Mapping The Inter-disciplinary Program of Environmental Monitoring and Disaster Mitigation ]			1983			0	N			2		◎限大一修習			0			林宗儀	乙	三 7-9 和平 科技系TB310教室	地質學 </br>[ 學分學程：自然災害與製圖專業學分學程 環境監測與防災學分學程 ]	一			1		0		選				45	本課程為下學期「地形學」的先修課程。	1		ZU7R/ZU7R/ZU89/ZU89
	LU23						5	0.10		地理系（學）		GEU0047			3		3.0				115	半			Meteorology			1984			0	N			2		◎限大一修習			0			洪致文	乙	四 7-9 和平 國語中心713	氣象學	一			1		0		選				50	本課程為下學期「氣候學」的先修課程。	1		
	LU23						5	0.13		地理系（學）		GEU0167			2		3.0				115	半			Quantitative Geography			1985			0	N			2		◎限大一修習			0			陳哲銘	乙	二 2-4 公館 Ｂ101	計量地理	一			1		0		必				40		1		
	LU23						2	0.08		地理系（學）		GEU0010			3		3.0				115	半			Cultural Geography </br>[ Program: The Inter-disciplinary Program of Region and Tourism Planning ]			1986			0	N		是						0			許嘉麟		一 6-8 和平 綠能科技所研究室	文化地理 </br>[ 學分學程：區域與觀光規劃學分學程 ]	二			2		0		選				25		1		ZU9A
	LU23						5	0.11		地理系（學）		GEU0024			0		3.0				115	半			Geomorphology of Taiwan </br>[ Program: The Specialization Program of Natural Hazards and Mapping ]			1987			0	N								0			沈淑敏		四 2-4 和平 綜10樓教室	臺灣地形 </br>[ 學分學程：自然災害與製圖專業學分學程 ]	二			2		0		選				45		1		ZU7R
	LU23						5	0.10		地理系（學）		GEU0057			0		3.0				115	半			Urban Geography </br>[ Program: The EMI Inter-disciplinary Program of Environmental Humanities The Inter-disciplinary Program of International Relations and Diplomacy ]			1988			0	N		是						0			莫家俊		三 7-9 和平 視聽教室	都市地理 </br>[ 學分學程：環境人文全英語學分學程 國際關係與外交學分學程 ]	二			2		0		必				50	本課程為「地理思想」的先修課程。	1		ZU38/ZU56
	LU23						3	0.12		地理系（學）		GEU0166			0		3.0				115	半			Geographic Information System </br>[ Program: The Specialization Program of Surveying The Specialization Program of Natural Hazards and Mapping The Inter-disciplinary Program of Environmental Monitoring and Disaster Mitigation The Inter-disciplinary Program of Geospatial Information Science The Specialization Program of Ecological Monitoring ]	A		1989			0	N								0			吳秉昇		四 5-7 和平 綜1001	地理資訊系統 </br>[ 學分學程：測量專業學分學程 自然災害與製圖專業學分學程 環境監測與防災學分學程 空間資訊學分學程 生態環境監測專業學分學程 ]	二			2		0		必				25		1		ZU7Q/ZU7R/ZU7S/ZU89/ZU9B
	LU23						3	0.12		地理系（學）		GEU0166			0		3.0				115	半			Geographic Information System </br>[ Program: The Specialization Program of Surveying The Specialization Program of Natural Hazards and Mapping The Inter-disciplinary Program of Environmental Monitoring and Disaster Mitigation The Inter-disciplinary Program of Geospatial Information Science The Specialization Program of Ecological Monitoring ]	C		1990			0	N		是						0			詹竣翔		五 2-4 和平 綜1001	地理資訊系統 </br>[ 學分學程：測量專業學分學程 自然災害與製圖專業學分學程 環境監測與防災學分學程 空間資訊學分學程 生態環境監測專業學分學程 ]	二			2		0		必				25		1		ZU7Q/ZU7R/ZU7S/ZU89/ZU9B
	LU23						3	0.12		地理系（學）		GEU0166			0		3.0				115	半			Geographic Information System </br>[ Program: The Specialization Program of Surveying The Specialization Program of Natural Hazards and Mapping The Inter-disciplinary Program of Environmental Monitoring and Disaster Mitigation The Inter-disciplinary Program of Geospatial Information Science The Specialization Program of Ecological Monitoring ]	D		1991			0	N		是						0			詹竣翔		五 7-9 和平 綜1001	地理資訊系統 </br>[ 學分學程：測量專業學分學程 自然災害與製圖專業學分學程 環境監測與防災學分學程 空間資訊學分學程 生態環境監測專業學分學程 ]	二			2		0		必				25		1		ZU7Q/ZU7R/ZU7S/ZU89/ZU9B
	LU23						5	0.11		地理系（學）		GEU0184			3		3.0				115	半			Surveying </br>[ Program: The Inter-disciplinary Program of Region and Tourism Planning The Specialization Program of Surveying The Inter-disciplinary Program of Environmental Monitoring and Disaster Mitigation The Inter-disciplinary Program of Geospatial Information Science ]			1992			0	N								0			王聖鐸		一 6-8 和平 科技系TB310教室	測量學 </br>[ 學分學程：區域與觀光規劃學分學程 測量專業學分學程 環境監測與防災學分學程 空間資訊學分學程 ]	二			2		0		選				45		1		ZU7Q/ZU89/ZU9A/ZU9B
	LU23						5	0.11		地理系（學）		GEU0194			3		3.0				115	半			Ecotourism and Recreation </br>[ Program: The Inter-disciplinary Program of Region and Tourism Planning The Specialization Program of Ecological Monitoring ]			1993			0	N								0			郭乃文		五 2-4 和平 科技系TB310教室	生態觀光與遊憩 </br>[ 學分學程：區域與觀光規劃學分學程 生態環境監測專業學分學程 ]	二			2		0		選				45		1		ZU7S/ZU9A
	LU23						5	0.10		地理系（學）		GEU0003			0		3.0				115	半			Hydrology </br>[ Program: The Specialization Program of Natural Hazards and Mapping The Inter-disciplinary Program of Environmental Monitoring and Disaster Mitigation The Inter-disciplinary Program of Geospatial Information Science ]			1994			0	N			1					0			韋煙灶	甲	四 10-B 和平 科技系TD301教室	水文學 </br>[ 學分學程：自然災害與製圖專業學分學程 環境監測與防災學分學程 空間資訊學分學程 ]	二			2		0		選				48		1		ZU7R/ZU7R/ZU89/ZU89/ZU9B/ZU9B
	LU23						5	0.13		地理系（學）		GEU0006			3		3.0				115	半			Economic Geography </br>[ Program: The Inter-disciplinary Program of International Relations and Diplomacy ]			1995			0	N			1					0			許嘉麟	甲	二 2-4 和平 科技系TB212教室	經濟地理 </br>[ 學分學程：國際關係與外交學分學程 ]	二			2		0		必				40	已選課或欲選課者，第一週必須出席課堂，否則請務必退選或勿再加選。    本課程為「地理思想」的先修課程。	1		ZU56/ZU56
	LU23						5	0.11		地理系（學）		GEU0017			3		3.0				115	半			Cartography </br>[ Program: The Specialization Program of Surveying The Specialization Program of Natural Hazards and Mapping The Inter-disciplinary Program of Geospatial Information Science ]			1996			0	N			1					0			王聖鐸	甲	一 2-4 和平 科技系TB310教室	地圖學 </br>[ 學分學程：測量專業學分學程 自然災害與製圖專業學分學程 空間資訊學分學程 ]	二			2		0		必				45	授權碼優先發放給大四以上同學	1		ZU7Q/ZU7Q/ZU7R/ZU7R/ZU9B/ZU9B
	LU23						5	0.10		地理系（學）		GEU0003			0		3.0				115	半			Hydrology </br>[ Program: The Specialization Program of Natural Hazards and Mapping The Inter-disciplinary Program of Environmental Monitoring and Disaster Mitigation The Inter-disciplinary Program of Geospatial Information Science ]			1997			0	N			2					0			韋煙灶	乙	三 10-B 和平 國語中心713	水文學 </br>[ 學分學程：自然災害與製圖專業學分學程 環境監測與防災學分學程 空間資訊學分學程 ]	二			2		0		選				50		1		ZU7R/ZU7R/ZU89/ZU89/ZU9B/ZU9B
	LU23						5	0.10		地理系（學）		GEU0006			0		3.0				115	半			Economic Geography </br>[ Program: The Inter-disciplinary Program of International Relations and Diplomacy ]			1998			0	N			2					0			王文誠	乙	二 8-10 和平 國語中心713	經濟地理 </br>[ 學分學程：國際關係與外交學分學程 ]	二			2		0		必				50	本課程為「地理思想」的先修課程。	1		ZU56/ZU56
	LU23						5	0.11		地理系（學）		GEU0017			3		3.0				115	半			Cartography </br>[ Program: The Specialization Program of Surveying The Specialization Program of Natural Hazards and Mapping The Inter-disciplinary Program of Geospatial Information Science ]			1999			0	N			2					0			王聖鐸	乙	二 2-4 和平 綜10樓教室	地圖學 </br>[ 學分學程：測量專業學分學程 自然災害與製圖專業學分學程 空間資訊學分學程 ]	二			2		0		必				45	授權碼優先發放給大四以上同學	1		ZU7Q/ZU7Q/ZU7R/ZU7R/ZU9B/ZU9B
	LU23						2	0.04		地理系（學）		GEU0039			3		3.0				115	半			Climate Change </br>[ Program: The Inter-disciplinary Program of Environmental Monitoring and Disaster Mitigation ]			2000			0	N								0			翁叔平		五 7-9 和平 科技系TD301教室	氣候變遷 </br>[ 學分學程：環境監測與防災學分學程 ]	三			3		0		選				48		1		ZU89
	LU23						5	0.10		地理系（學）		GEU0059			3		3.0				115	半			Geography of Population </br>[ Program: The Inter-disciplinary Program of Geospatial Information Science ]			2001			0	N								0			洪立三		四 2-4 和平 國語中心713	人口地理 </br>[ 學分學程：空間資訊學分學程 ]	三			3		0		選				50	建議修習過地理資訊系統基礎課程後再修習本課程; 可以的話，請不要安排誠大樓一樓教室	1		ZU9B
	LU23						10	0.20		地理系（學）		GEU0118			0		3.0				115	半			Geographic Thoughts			2002			0	N					◎必須先修過【GEU0006  經濟地理】、【GEU0057  都市地理】			0			譚鴻仁		二 2-4 和平 國語中心713	地理思想	三			3		0		必				50	必須先修過【GEU0006 經濟地理】、【GEU0057 都市地理】	1		
	LU23						5	0.11		地理系（學）		GEU0154			0		3.0				115	半			Community Planning </br>[ Program: The Inter-disciplinary Program of Region and Tourism Planning ]			2003			0	N								0			胡哲豪		五 2-4 和平 綜10樓教室	社區規劃 </br>[ 學分學程：區域與觀光規劃學分學程 ]	三			3		0		選				45		1		ZU9A
	LU23						5	0.11		地理系（學）		GEU0227			3		3.0				115	半			Land Laws and Regulations </br>[ Program: The Inter-disciplinary Program of Region and Tourism Planning The Inter-disciplinary Program of Geospatial Information Science ]			2004			0	N								0			張鈺光		一 7-9 和平 綜10樓教室	土地法規 </br>[ 學分學程：區域與觀光規劃學分學程 空間資訊學分學程 ]	三			3		0		選				45		1		ZU9A/ZU9B
	LU23						5	0.25		地理系（學）		GEU0229			0		3.0				115	半			Project-Based Learning in Geography			2005			0	N								0			吳鄭重		三 7-9 和平 研討八	地理學計畫導向學習	三			3		0		選				20		1		
	LU23						5	0.28		地理系（學）		GEU0230			3		2.0				115	半			Environmental Protection Administration			2006			0	N								0			顏秀慧		四 6-7 和平 科技系TB312教室	環保行政學	三			3		0		選				18		1		
	LU23						5	0.11		地理系（學）		GEU0242			3		3.0				115	半			Indigenous Geography </br>[ Program: The Inter-disciplinary Program of PASSION Quality Education in Rural Schools The Inter-disciplinary Program of Region and Tourism Planning The Inter-disciplinary Program of Indigenous Education and Culture ]			2007			0	N								0			汪明輝 Richard Howitt		四 7-9 和平 綜10樓教室	原住民族地理 </br>[ 學分學程：PASSION偏鄉優質教育學分學程 區域與觀光規劃學分學程 原住民族教育文化學分學程 ]	三			3		0		選				45		1		ZU79/ZU9A/ZU9U
	LU23						5	0.20		地理系（學）		GEU0249			3		3.0				115	半			Introduction to Biodiversity and Conservation Biology </br>[ Program: The Inter-disciplinary Program of the Eco-sustainable Industry The Inter-disciplinary Program of Environmental Monitoring and Disaster Mitigation The Specialization Program of Ecological Monitoring ]			2008			0	N								0			陳瑩		一 2-4 和平 泰順街綠能所研究室	生物多樣性與保育概論 </br>[ 學分學程：生態永續產業學分學程 環境監測與防災學分學程 生態環境監測專業學分學程 ]	三			3		0		選				25		1		ZU35/ZU7S/ZU89
	LU23						3	0.09		地理系（學）		GEU0241			2		2.0				115	半			Introduction to Social Studies			2009			0	N								0			洪立三		五 3-4 和平 進306	社會領域課程概論	四			4		0		選				33	須修完「社會領域課程概論」，才能選修「社會領域探究與實作」；限大三大四學生修習	1		
	LU23						3	0.07		地理系（學）		GEUE110			0		2.0				115	半			Teaching Practicum: Geography (I)			2010			0	N					◎限 二階生 教育學程生 不佔名額生 登記修習生 可修◎必須先修過【GEUE001  地理教材教法（教）】			0			林聖欽		二 6-9 和平 綜10樓教室	地理教學實習（一）（教）	四			4		0		選				45	本課程含實地學習時數36小時	1		
	LU25						10	0.20		翻譯所（學）		TIC9001			5		3.0				115	半			Introduction to Translation and Interpretation </br>[ Program: The Inter-disciplinary Program of Translation and Interpretation ]			2011			0	N			9					0			陳子瑋 未定	大碩	四 7-9 和平 博413	基礎口筆譯入門 </br>[ 學分學程：中英翻譯學分學程 ]						0		必				50		1		ZU65
	LU26						10	0.20		臺文系（學）		TCU1004			3		2.0				115	半			Introduction to Taiwan Cinema </br>[ Program: The Specialization Program of Taiwan Popular Culture ]			2012			0	N								0			蔡逸璇		五 8-9 和平 科工學院會議室	臺灣電影導論 </br>[ 學分學程：臺灣流行文化專業學分學程 ]						0		選				50		1		ZU4L
	LU26						5	0.20		臺文系（學）		TCU1011			0		2.0				115	半			Hakka Culture in Taiwan </br>[ Program: The Inter-disciplinary Program of Hakka Language and Culture ]			2013			0	N								0			呂亭慧		四 8-9 和平 泰順街AI所研究室	臺灣客家文化 </br>[ 學分學程：客語與客家文化學分學程 ]						0		選				25		1		ZU46
	LU26						5	0.20		臺文系（學）		TCU1021			3		2.0				115	半			Food, Culture and Society			2014			0	N		是						0			陳玉箴		一 3-4 和平 泰順街AI所研究室	飲食、文化與社會						0		選				25		1		
	LU26						5	0.20		臺文系（學）		TCU1022			3		3.0				115	半			Japan in Taiwan: History, Memory, and Everyday Life			2015			0	N		是						0			天江喜久		二 2-4 和平 泰順街綠能所研究室	臺灣中的「日本」：歷史、記憶與日常生活						0		選				25		1		
	LU26						5	0.20		臺文系（學）		TCU1025			3		3.0				115	半			Dutch and Spanish Heritage in Taiwan			2016			0	N		是						0			裴紹武		一 9-A 和平 雲201	荷蘭和西班牙在臺灣的文化遺產						0		選				25		1		
	LU26						10	0.15		臺文系（學）		TCU2005			3		2.0				115	半			Beginning Taiwanese </br>[ Program: The Specialization Program of Taiwanese Language Theory and Application ]			2017			0	N								0			蔡惠名		五 8-9 和平 教202會議廳	初級臺語 </br>[ 學分學程：臺語理論與應用專業學分學程 ]						0		選				65		1		ZU5Y
	LU26						5	0.17		臺文系（學）		TCU2006			3		3.0				115	半			English Readings about Taiwan </br>[ Program: The EMI Inter-disciplinary Program of Environmental Humanities ]			2018			0	N		是						0			賀安娟		五 2-4 和平 國語中心603	英文臺灣文獻 </br>[ 學分學程：環境人文全英語學分學程 ]						0		選				30		1		ZU38
	LU26						5	0.20		臺文系（學）		TCU2016			0		2.0				115	半			Beginning Hakka			2019			0	N								0			呂亭慧		四 6-7 和平 泰順街AI所研究室	初級客語						0		選				25		1		
	LU26						10	0.29		臺文系（學）		TCU2032			3		3.0				115	半			Taiwanese Lexicon and Grammar under A Cross-Linguistic Perspective </br>[ Program: The Specialization Program of Taiwanese Language Theory and Application ]			2020			0	N								0			劉承賢		三 6-8 和平 製作教室B	語言比較下的臺語語法 </br>[ 學分學程：臺語理論與應用專業學分學程 ]						0		選				35	◎臺語授課	1		ZU5Y
	LU26						10	0.20		臺文系（學）		TCU2038			3		3.0				115	半			Introduction to Taiwanese Conversation and Listening Comprehension </br>[ Program: The Specialization Program of Taiwanese Language Theory and Application ]			2021			0	N								0			蔡惠名		五 5-7 和平 科技系TA509教室	臺語聽講入門 </br>[ 學分學程：臺語理論與應用專業學分學程 ]						0		選				50		1		ZU5Y
	LU26						10	0.20		臺文系（學）		TCU3002			3		2.0				115	半			Selected Readings in Taiwan Modern Literature </br>[ Program: The Specialization Program of Taiwan Literature The Specialization Program of Taiwan Digital Humanities Transformation and AI Integration ]			2022			0	N								0			林巾力		三 3-4 和平 工401	臺灣現代文學選 </br>[ 學分學程：臺灣文學專業學分學程 臺灣人文知識數位轉譯與AI鏈結專業學分學程 ]						0		選				50		1		ZU4K/ZU4M
	LU26						10	0.29		臺文系（學）		TCU3004			3		2.0				115	半			Selected Readings and Critical Analysis in Taiwan Fiction </br>[ Program: The Specialization Program of Taiwan Literature The Inter-disciplinary Program of Metaverse Narrative ]			2023			0	N								0			林芳玫		二 9-10 和平 製作教室B	臺灣小說選讀與評析 </br>[ 學分學程：臺灣文學專業學分學程 AI暨元宇宙敘事學分學程 ]						0		選				35		1		ZU48/ZU4M
	LU26						5	0.13		臺文系（學）		TCU3005			3		3.0				115	半			Travel Literature and Culture </br>[ Program: The Specialization Program of Taiwan Popular Culture ]			2024			0	N								0			林淑慧		三 6-8 和平 教403	旅行文學與文化 </br>[ 學分學程：臺灣流行文化專業學分學程 ]						0		選				40		1		ZU4L
	LU26						10	0.20		臺文系（學）		TCU3023			3		2.0				115	半			The History of Taiwanese Literature </br>[ Program: The Specialization Program of Taiwan Literature ]			2025			0	N								0			呂美親		二 5-6 和平 工401	臺語文學史 </br>[ 學分學程：臺灣文學專業學分學程 ]						0		選				50		1		ZU4M
	LU26						10	0.20		臺文系（學）		TCU4028			2		3.0				115	半			Gender-Diverse Culture (I)			2026			0	N								0			曾秀萍		五 5-7 和平 科工學院會議室	多元性別文化（一）						0		選				50		1		
	LU26						5	0.20		臺文系（學）		TCC9002			3		3.0				115	半			Taiwan Cinema			2027			0	N		是	9					0			裴紹武	大碩	一 6-8 和平 泰順街AI所研究室	臺灣電影						0		選				25		1		
	LU26						5	0.13		臺文系（學）		TCU0024			0		3.0				115	半			Introduction to Taiwan Culture </br>[ Program: The Specialization Program of Taiwan Popular Culture ]			2028			0	N					◎限大一修習			0			莊佳穎		四 2-4 和平 多媒體與通訊實驗室	臺灣文化概論 </br>[ 學分學程：臺灣流行文化專業學分學程 ]	一			1		0		必				40		1		ZU4L
	LU26						10	0.20		臺文系（學）		TCU0025			3		3.0				115	半			Introduction to Taiwanese </br>[ Program: The Specialization Program of Taiwanese Language Theory and Application ]			2029			0	N					◎限大一修習			0			許慧如		一 2-4 和平 科工學院會議室	臺語導論 </br>[ 學分學程：臺語理論與應用專業學分學程 ]	一			1		0		必				50		1		ZU5Y
	LU26						10	0.20		臺文系（學）		TCU0011			3		3.0				115	半			Introduction to Culture Studies </br>[ Program: The Specialization Program of Taiwan Popular Culture ]			2030			0	N								0			林芳玫		一 8-10 和平 科工學院會議室	文化研究概論 </br>[ 學分學程：臺灣流行文化專業學分學程 ]	二			2		0		必				50		1		ZU4L
	LU26						10	0.20		臺文系（學）		TCU0026			3		3.0				115	半			Introduction to Linguistics			2031			0	N								0			莊育穎		五 2-4 和平 科工學院會議室	語言學概論	二			2		0		必				50		1		
	LU26						5	0.11		臺文系（學）		TCU4018			0		3.0				115	半			College-Level Taiwanese </br>[ Program: The Specialization Program of Taiwanese Language Theory and Application ]			2032			0	N								0			呂美親		二 1-3 和平 科技系TB213教室	大學臺語 </br>[ 學分學程：臺語理論與應用專業學分學程 ]	二			2		0		必				45		1		ZU5Y
	LU26						10	0.28		臺文系（學）		TCU0030			0		3.0				115	半			Academic Reading and Writing			2033			0	N								0			劉定綱		一 5-7 和平 國語中心603	學術閱讀與寫作	三			3		0		必				35		1		
	LU27						2	0.17		臺史所（學）		THC9004			5		3.0				115	半			History of Dutch Formosa			2034			0	N			9					0			康培德	大碩	五 6-8 和平 雲509	荷屬福爾摩沙						0		選				12		1		
	MD90						10	0.20		音樂系（博）		MUD0006			3		2.0				115	半			Special Topics in Music Education			2035			0	N					◎課程開放上修			0			吳舜文		三 A-B 和平 樂研二	音樂教育學專題研究						0		必				50		1		
	MD90						10	0.20		音樂系（博）		MUD0009			0		2.0				115	半			Theory and Practice of Ethnomusicology			2036			0	N					◎課程開放上修			0			張海欣		三 6-7 和平 樂研五	民族音樂學理論與實際						0		必				50		1		
	MD90						10	0.20		音樂系（博）		MUD0061			0		2.0				115	半			Special Topics in music research			2037			0	N					◎課程開放上修			0			陳曉雰		三 6-7 和平 音樂系演奏廳	音樂研究專題						0		必				50		1		
	MD90						10	0.20		音樂系（博）		MUD0069			1		2.0				115	半			Special Topics on Psychology of Music Education			2038			0	N					◎課程開放上修			0			吳舜文		三 9-10 和平 樂研二	音樂教育心理學專題						0		選				50		1		
	MD90						10	0.40		音樂系（博）		MUD0093			0		1.0				115	半			Major-Voice (III)	B		2039			0	N					◎限本系(含雙主修)修習 ◎課程不開放上修			0			陳允宜			主修指導－聲樂（三）						0		必				50		1		
	MD90						10	0.40		音樂系（博）		MUD0111			0		1.0				115	半			Major-Cello (III)	N		2040			0	N					◎限本系(含雙主修)修習 ◎課程不開放上修			0			歐陽伶宜			主修指導－大提琴（三）						0		必				50		1		
	MD90						10	0.20		音樂系（博）		MUD0131			0		2.0				115	半			Orchestral Conducting Seminar (I)			2041			0	N					◎課程開放上修			0			孫愛光		一 7-8 和平 音307	指揮學專題研究（一）－指揮技巧						0		選				50		1		
	MD90						10	0.40		音樂系（博）		MUD0133			0		1.0				115	半			Major-Conducting (I)	F		2042			0	N					◎限本系(含雙主修)修習 ◎課程不開放上修			0			許心			主修指導－指揮（一）						0		必				50		1		
	MD90						10	0.40		音樂系（博）		MUD0135			0		1.0				115	半			Major-Conducting (III)	B		2043			0	N					◎限本系(含雙主修)修習 ◎課程不開放上修			0			廖嘉弘			主修指導－指揮（三）						0		必				50		1		
	MD90						10	0.40		音樂系（博）		MUD0168			0		1.0				115	半			Major-Horn (III)	L		2044			0	N					◎限本系(含雙主修)修習 ◎課程不開放上修			0			蘇毓婷			主修指導－法國號（三）						0		必				50		1		
	MM90						10	0.20		音樂系（碩）		MUM0020			0		2.0				115	半			Research Methodology			2045			0	N					◎課程開放上修			0			黃均人		三 3-4 和平 音209	研究方法論						0		必				50		1		
	MM90						10	0.20		音樂系（碩）		MUM0023			0		2.0				115	半			Research Methodology of Music Education			2046			0	N					◎課程開放上修			0			陳曉雰		四 3-4 和平 樂研二	音樂教育學研究方法論						0		必				50		1		
	MM90						10	0.20		音樂系（碩）		MUM0072			0		2.0				115	半			Assessment of Music Learning			2047			0	N					◎課程開放上修			0			莊惠君		二 7-8 和平 音109	音樂教學評量研究						0		選				50		1		
	MM90						10	0.20		音樂系（碩）		MUM0073			3		2.0				115	半			Special Topics in Music Education			2048			0	N					◎課程開放上修			0			吳舜文		四 1-2 和平 音409	音樂教育專題研究						0		必				50		1		
	MM90						10	0.20		音樂系（碩）		MUM0075			0		2.0				115	半			Theories of Music Curriculum Planning			2049			0	N					◎課程開放上修			0			林小玉		一 5-6 和平 樂研二	音樂課程設計理論						0		必				50	限碩二以上修習	1		
	MM90						10	0.20		音樂系（碩）		MUM0090			0		2.0				115	半			Psychology of Music Education			2050			0	N					◎課程開放上修			0			潘宇文		一 7-8 和平 樂研五	音樂教育心理學						0		必				50		1		
	MM90						10	0.20		音樂系（碩）		MUM0098			0		2.0				115	半			Special Topics on Music Education Thesis Writing			2051			0	N					◎課程開放上修			0			陳曉雰 潘宇文		四 10-A 和平 樂研五	音樂教育論文寫作專題研究						0		選				50		1		
	MM90						10	0.20		音樂系（碩）		MUM0101			0		2.0				115	半			Chamber Music Ensemble (I)			2052			0	N					◎課程開放上修			0			李珮琪		三 9-10 和平 音409	室內樂演奏（一）						0		選				50		1		
	MM90						10	0.40		音樂系（碩）		MUM0105			0		1.0				115	半			Tutorial : Composition (III)	E		2053			0	N					◎限本系(含雙主修)修習 ◎課程不開放上修			0			蕭慶瑜			作曲個別指導（三）						0		必				50		1		
	MM90						10	0.40		音樂系（碩）		MUM0105			0		1.0				115	半			Tutorial : Composition (III)	G		2054			0	N					◎限本系(含雙主修)修習 ◎課程不開放上修			0			陳瓊瑜			作曲個別指導（三）						0		必				50		1		
	MM90						10	0.40		音樂系（碩）		MUM0105			0		1.0				115	半			Tutorial : Composition (III)	I		2055			0	N					◎限本系(含雙主修)修習 ◎課程不開放上修			0			黃苓瑄			作曲個別指導（三）						0		必				50		1		
	MM90						10	0.40		音樂系（碩）		MUM0105			0		1.0				115	半			Tutorial : Composition (III)	K		2056			0	N					◎限本系(含雙主修)修習 ◎課程不開放上修			0			邱妍甯			作曲個別指導（三）						0		必				50		1		
	MM90						10	0.20		音樂系（碩）		MUM0109			0		1.0				115	半			Seminar in Conducting (III)			2057			0	N					◎必須先修過【MUM0167  指揮法研究（一）】 ◎課程開放上修			0			廖嘉弘		二 7 和平 音307	指揮法研究（三）						0		必				50		1		
	MM90						10	0.20		音樂系（碩）		MUM0111			0		1.0				115	半			Score Reading (III)			2058			0	N					◎必須先修過【MUM0169  總譜彈奏（一）】 ◎課程開放上修			0			徐嘉琪		五 4 和平 音307	總譜彈奏（三）						0		必				50		1		
	MM90						10	0.40		音樂系（碩）		MUM0113			0		1.0				115	半			Tutorial : Conducting (III)	B		2059			0	N					◎限本系(含雙主修)修習 ◎課程不開放上修			0			廖嘉弘			指揮個別指導（三）						0		必				50		1		
	MM90						10	0.40		音樂系（碩）		MUM0113			0		1.0				115	半			Tutorial : Conducting (III)	C		2060			0	N					◎限本系(含雙主修)修習 ◎課程不開放上修			0			翁佳芬			指揮個別指導（三）						0		必				50		1		
	MM90						10	0.40		音樂系（碩）		MUM0114			0		1.0				115	半			Tutorial : Conducting  (IV)	C		2061			0	N					◎限本系(含雙主修)修習 ◎課程不開放上修			0			翁佳芬			指揮個別指導（四）						0		必				50		1		
	MM90						10	0.20		音樂系（碩）		MUM0117			0		2.0				115	半			Literature of Individual Major(I)	A		2062			0	N					◎課程開放上修			0			鍾家瑋		二 6-7 和平 音409	各主修之音樂研究（一）						0		必				50		1		
	MM90						10	0.20		音樂系（碩）		MUM0117			0		2.0				115	半			Literature of Individual Major(I)	B		2063			0	N					◎課程開放上修			0			楊艾琳		二 3-4 和平 音409	各主修之音樂研究（一）						0		必				50		1		
	MM90						10	0.20		音樂系（碩）		MUM0117			0		2.0				115	半			Literature of Individual Major(I)	D		2064			0	N					◎課程開放上修			0			宋威德		二 7-8 和平 音401	各主修之音樂研究（一）						0		必				50		1		
	MM90						10	0.20		音樂系（碩）		MUM0119			0		2.0				115	半			Analysis and Studies in Piano Pedagogy(I)			2065			0	N					◎課程開放上修			0			林季穎 林明慧		二 8-9 和平 音409	鋼琴教學法分析與研究（一）						0		選				50		1		
	MM90						10	0.20		音樂系（碩）		MUM0129			0		2.0				115	半			Studies in Choral Literature(I)			2066			0	N					◎課程開放上修			0			陳麗芬		一 6-7 和平 音410	合唱作品研究（一）						0		選				50		1		
	MM90						10	0.20		音樂系（碩）		MUM0137			0		2.0				115	半			Studies in Opera Repertory(I)			2067			0	N					◎課程開放上修			0			耿立		四 6-7 和平 音樂系演奏廳	歌劇作品研究（一）						0		選				50		1		
	MM90						10	0.20		音樂系（碩）		MUM0145			0		1.0				115	半			Seminar in Music Arts(I)			2068			0	N					◎課程開放上修			0			陳曉雰		三 6-7 和平 音樂系演奏廳	音樂藝術專題討論（一）						0		必				50		1		
	MM90						10	0.20		音樂系（碩）		MUM0163			0		1.0				115	半			Studies in Conducting Practice(III)			2070			0	N					◎必須先修過【MUM0177  指揮實務研究（一）】 ◎課程開放上修			0			戴怡音 陳麗芬		五 2 和平 音307	指揮實務研究（三）						0		必				50		1		
	MM90						10	0.40		音樂系（碩）		MUM0165			0		1.0				115	半			Tutorial : Composition (I)	E		2071			0	N					◎限本系(含雙主修)修習 ◎課程不開放上修			0			蕭慶瑜			作曲個別指導（一）						0		必				50		1		
	MM90						10	0.40		音樂系（碩）		MUM0165			0		1.0				115	半			Tutorial : Composition (I)	H		2072			0	N					◎限本系(含雙主修)修習 ◎課程不開放上修			0			邱浩源			作曲個別指導（一）						0		必				50		1		
	MM90						10	0.40		音樂系（碩）		MUM0165			0		1.0				115	半			Tutorial : Composition (I)	M		2073			0	N					◎限本系(含雙主修)修習 ◎課程不開放上修			0			潘家琳			作曲個別指導（一）						0		必				50		1		
	MM90						10	0.20		音樂系（碩）		MUM0167			0		1.0				115	半			Seminar in Conducting (I)			2074			0	N					◎課程開放上修			0			廖嘉弘		二 6 和平 音307	指揮法研究（一）						0		必				50	管弦指揮	1		
	MM90						10	0.20		音樂系（碩）		MUM0169			0		1.0				115	半			Score Reading (I)			2075			0	N					◎課程開放上修			0			徐嘉琪		五 3 和平 音307	總譜彈奏（一）						0		必				50		1		
	MM90						10	0.40		音樂系（碩）		MUM0171			0		1.0				115	半			Tutorial : Conducting (I)	A		2076			0	N					◎限本系(含雙主修)修習 ◎課程不開放上修			0			孫愛光			指揮個別指導（一）						0		必				50		1		
	MM90						10	0.40		音樂系（碩）		MUM0171			0		1.0				115	半			Tutorial : Conducting (I)	B		2077			0	N					◎限本系(含雙主修)修習 ◎課程不開放上修			0			廖嘉弘			指揮個別指導（一）						0		必				50		1		
	MM90						10	0.40		音樂系（碩）		MUM0171			0		1.0				115	半			Tutorial : Conducting (I)	C		2078			0	N					◎限本系(含雙主修)修習 ◎課程不開放上修			0			翁佳芬			指揮個別指導（一）						0		必				50		1		
	MM90						10	0.40		音樂系（碩）		MUM0171			0		1.0				115	半			Tutorial : Conducting (I)	F		2079			0	N					◎限本系(含雙主修)修習 ◎課程不開放上修			0			許心			指揮個別指導（一）						0		必				50		1		
	MM90						10	0.40		音樂系（碩）		MUM0171			0		1.0				115	半			Tutorial : Conducting (I)	H		2080			0	N					◎限本系(含雙主修)修習 ◎課程不開放上修			0			張尹芳			指揮個別指導（一）						0		必				50		1		
	MM90						10	0.40		音樂系（碩）		MUM0172			0		1.0				115	半			Tutorial : Conducting (II)	B		2081			0	N					◎限本系(含雙主修)修習 ◎課程不開放上修			0			廖嘉弘			指揮個別指導（二）						0		必				50		1		
	MM90						10	0.40		音樂系（碩）		MUM0172			0		1.0				115	半			Tutorial : Conducting (II)	F		2082			0	N					◎限本系(含雙主修)修習 ◎課程不開放上修			0			許心			指揮個別指導（二）						0		必				50		1		
	MM90						10	0.20		音樂系（碩）		MUM0177			0		1.0				115	半			Studies in Conducting Practice (I)			2083			0	N					◎課程開放上修			0			戴怡音 陳麗芬		五 1 和平 音307	指揮實務研究（一）						0		必				50		1		
	MM90						10	0.20		音樂系（碩）		MUM0179			0		2.0				115	半			Performance Practicum (I)			2084			0	N					◎課程開放上修			0			王望舒		五 7-8 和平 音308	演奏實務研究（一）						0		必				50		1		
	MM90						10	0.40		音樂系（碩）		MUM0181			0		1.0				115	半			Major-Piano (I)	C		2085			0	N					◎限本系(含雙主修)修習 ◎課程不開放上修			0			林明慧			主修－鋼琴（一）						0		必				50		1		
	MM90						10	0.40		音樂系（碩）		MUM0181			0		1.0				115	半			Major-Piano (I)	J		2086			0	N					◎限本系(含雙主修)修習 ◎課程不開放上修			0			穆貝爾			主修－鋼琴（一）						0		必				50		1		
	MM90						10	0.40		音樂系（碩）		MUM0181			0		1.0				115	半			Major-Piano (I)	P		2087			0	N					◎限本系(含雙主修)修習 ◎課程不開放上修			0			鄭怡君			主修－鋼琴（一）						0		必				50		1		
	MM90						10	0.40		音樂系（碩）		MUM0181			0		1.0				115	半			Major-Piano (I)	X		2088			0	N					◎限本系(含雙主修)修習 ◎課程不開放上修			0			廖皎含			主修－鋼琴（一）						0		必				50		1		
	MM90						10	0.40		音樂系（碩）		MUM0182			0		1.0				115	半			Major-Piano (II)	K		2089			0	N					◎限本系(含雙主修)修習 ◎課程不開放上修			0			呂冠葶			主修－鋼琴（二）						0		必				50		1		
	MM90						10	0.40		音樂系（碩）		MUM0183			0		1.0				115	半			Major-Piano (III)	G		2090			0	N					◎限本系(含雙主修)修習 ◎課程不開放上修			0			陳曉雰			主修－鋼琴（三）						0		必				50		1		
	MM90						10	0.40		音樂系（碩）		MUM0183			0		1.0				115	半			Major-Piano (III)	H		2091			0	N					◎限本系(含雙主修)修習 ◎課程不開放上修			0			鍾家瑋			主修－鋼琴（三）						0		必				50		1		
	MM90						10	0.40		音樂系（碩）		MUM0183			0		1.0				115	半			Major-Piano (III)	I		2092			0	N					◎限本系(含雙主修)修習 ◎課程不開放上修			0			嚴俊傑			主修－鋼琴（三）						0		必				50		1		
	MM90						10	0.40		音樂系（碩）		MUM0183			0		1.0				115	半			Major-Piano (III)	J		2093			0	N					◎限本系(含雙主修)修習 ◎課程不開放上修			0			穆貝爾			主修－鋼琴（三）						0		必				50		1		
	MM90						10	0.40		音樂系（碩）		MUM0183			0		1.0				115	半			Major-Piano (III)	L		2094			0	N					◎限本系(含雙主修)修習 ◎課程不開放上修			0			陳惠齡			主修－鋼琴（三）						0		必				50		1		
	MM90						10	0.40		音樂系（碩）		MUM0183			0		1.0				115	半			Major-Piano (III)	O		2095			0	N					◎限本系(含雙主修)修習 ◎課程不開放上修			0			陳芝羽			主修－鋼琴（三）						0		必				50		1		
	MM90						10	0.40		音樂系（碩）		MUM0183			0		1.0				115	半			Major-Piano (III)	R		2096			0	N					◎限本系(含雙主修)修習 ◎課程不開放上修			0			賈元元			主修－鋼琴（三）						0		必				50		1		
	MM90						10	0.40		音樂系（碩）		MUM0183			0		1.0				115	半			Major-Piano (III)	U		2097			0	N					◎限本系(含雙主修)修習 ◎課程不開放上修			0			徐嘉琪			主修－鋼琴（三）						0		必				50		1		
	MM90						10	0.40		音樂系（碩）		MUM0183			0		1.0				115	半			Major-Piano (III)	W		2098			0	N					◎限本系(含雙主修)修習 ◎課程不開放上修			0			陳冠宇			主修－鋼琴（三）						0		必				50		1		
	MM90						10	0.40		音樂系（碩）		MUM0184			0		1.0				115	半			Major-Piano (IV)	H		2099			0	N					◎限本系(含雙主修)修習 ◎課程不開放上修			0			鍾家瑋			主修－鋼琴（四）						0		必				50		1		
	MM90						10	0.40		音樂系（碩）		MUM0184			0		1.0				115	半			Major-Piano (IV)	I		2100			0	N					◎限本系(含雙主修)修習 ◎課程不開放上修			0			嚴俊傑			主修－鋼琴（四）						0		必				50		1		
	MM90						10	0.40		音樂系（碩）		MUM0185			0		1.0				115	半			Major-Voice (I)	B		2101			0	N					◎限本系(含雙主修)修習 ◎課程不開放上修			0			陳允宜			主修－聲樂（一）						0		必				50		1		
	MM90						10	0.40		音樂系（碩）		MUM0185			0		1.0				115	半			Major-Voice (I)	F		2102			0	N					◎限本系(含雙主修)修習 ◎課程不開放上修			0			耿立			主修－聲樂（一）						0		必				50		1		
	MM90						10	0.40		音樂系（碩）		MUM0185			0		1.0				115	半			Major-Voice (I)	G		2103			0	N					◎限本系(含雙主修)修習 ◎課程不開放上修			0			黃莉錦			主修－聲樂（一）						0		必				50		1		
	MM90						10	0.40		音樂系（碩）		MUM0186			0		1.0				115	半			Major-Voice (II)	E		2104			0	N					◎限本系(含雙主修)修習 ◎課程不開放上修			0			王望舒			主修－聲樂（二）						0		必				50		1		
	MM90						10	0.40		音樂系（碩）		MUM0186			0		1.0				115	半			Major-Voice (II)	F		2105			0	N					◎限本系(含雙主修)修習 ◎課程不開放上修			0			耿立			主修－聲樂（二）						0		必				50		1		
	MM90						10	0.40		音樂系（碩）		MUM0186			0		1.0				115	半			Major-Voice (II)	M		2106			0	N					◎限本系(含雙主修)修習 ◎課程不開放上修			0			趙方豪			主修－聲樂（二）						0		必				50		1		
	MM90						10	0.40		音樂系（碩）		MUM0187			0		1.0				115	半			Major-Voice (III)	E		2107			0	N					◎限本系(含雙主修)修習 ◎課程不開放上修			0			王望舒			主修－聲樂（三）						0		必				50		1		
	MM90						10	0.40		音樂系（碩）		MUM0187			0		1.0				115	半			Major-Voice (III)	F		2108			0	N					◎限本系(含雙主修)修習 ◎課程不開放上修			0			耿立			主修－聲樂（三）						0		必				50		1		
	MM90						10	0.40		音樂系（碩）		MUM0187			0		1.0				115	半			Major-Voice (III)	H		2109			0	N					◎限本系(含雙主修)修習 ◎課程不開放上修			0			黎蓉櫻			主修－聲樂（三）						0		必				50		1		
	MM90						10	0.40		音樂系（碩）		MUM0187			0		1.0				115	半			Major-Voice (III)	L		2110			0	N					◎限本系(含雙主修)修習 ◎課程不開放上修			0			林中光			主修－聲樂（三）						0		必				50		1		
	MM90						10	0.40		音樂系（碩）		MUM0188			0		1.0				115	半			Major-Voice (IV)	E		2111			0	N					◎限本系(含雙主修)修習 ◎課程不開放上修			0			王望舒			主修－聲樂（四）						0		必				50		1		
	MM90						10	0.40		音樂系（碩）		MUM0189			0		1.0				115	半			Major-Violin (I)	A		2112			0	N					◎限本系(含雙主修)修習 ◎課程不開放上修			0			陳沁紅			主修－小提琴（一）						0		必				50		1		
	MM90						10	0.40		音樂系（碩）		MUM0189			0		1.0				115	半			Major-Violin (I)	B		2113			0	N					◎限本系(含雙主修)修習 ◎課程不開放上修			0			廖嘉弘			主修－小提琴（一）						0		必				50		1		
	MM90						10	0.40		音樂系（碩）		MUM0189			0		1.0				115	半			Major-Violin (I)	K		2114			0	N					◎限本系(含雙主修)修習 ◎課程不開放上修			0			吳庭毓			主修－小提琴（一）						0		必				50		1		
	MM90						10	0.40		音樂系（碩）		MUM0192			0		1.0				115	半			Major-Violin (IV)	A		2115			0	N					◎限本系(含雙主修)修習 ◎課程不開放上修			0			陳沁紅			主修－小提琴（四）						0		必				50		1		
	MM90						10	0.40		音樂系（碩）		MUM0193			0		1.0				115	半			Major-Viola (I)	L		2116			0	N					◎限本系(含雙主修)修習 ◎課程不開放上修			0			楊瑞瑟			主修－中提琴（一）						0		必				50		1		
	MM90						10	0.40		音樂系（碩）		MUM0195			0		1.0				115	半			Major-Viola (III)	L		2117			0	N					◎限本系(含雙主修)修習 ◎課程不開放上修			0			楊瑞瑟			主修－中提琴（三）						0		必				50		1		
	MM90						10	0.40		音樂系（碩）		MUM0196			0		1.0				115	半			Major-Viola (IV)	V		2118			0	N					◎限本系(含雙主修)修習 ◎課程不開放上修			0			黃冠蓁			主修－中提琴（四）						0		必				50		1		
	MM90						10	0.40		音樂系（碩）		MUM0197			0		1.0				115	半			Major-Cello (I)	N		2119			0	N					◎限本系(含雙主修)修習 ◎課程不開放上修			0			歐陽伶宜			主修－大提琴（一）						0		必				50		1		
	MM90						10	0.40		音樂系（碩）		MUM0199			0		1.0				115	半			Major-Cello (III)	N		2120			0	N					◎限本系(含雙主修)修習 ◎課程不開放上修			0			歐陽伶宜			主修－大提琴（三）						0		必				50		1		
	MM90						10	0.40		音樂系（碩）		MUM0199			0		1.0				115	半			Major-Cello (III)	P		2121			0	N					◎限本系(含雙主修)修習 ◎課程不開放上修			0			戴俐文			主修－大提琴（三）						0		必				50		1		
	MM90						10	0.40		音樂系（碩）		MUM0200			0		1.0				115	半			Major-Cello (IV)	N		2122			0	N					◎限本系(含雙主修)修習 ◎課程不開放上修			0			歐陽伶宜			主修－大提琴（四）						0		必				50		1		
	MM90						10	0.40		音樂系（碩）		MUM0203			0		1.0				115	半			Major-Double Bass (III)	S		2123			0	N					◎限本系(含雙主修)修習 ◎課程不開放上修			0			廖珮如			主修－低音提琴（三）						0		必				50		1		
	MM90						10	0.40		音樂系（碩）		MUM0205			0		1.0				115	半			Major-Flute (I)	G		2124			0	N					◎限本系(含雙主修)修習 ◎課程不開放上修			0			黃貞瑛			主修－長笛（一）						0		必				50		1		
	MM90						10	0.40		音樂系（碩）		MUM0207			0		1.0				115	半			Major-Flute (III)	F		2125			0	N					◎限本系(含雙主修)修習 ◎課程不開放上修			0			游雅慧			主修－長笛（三）						0		必				50		1		
	MM90						10	0.40		音樂系（碩）		MUM0207			0		1.0				115	半			Major-Flute (III)	G		2126			0	N					◎限本系(含雙主修)修習 ◎課程不開放上修			0			黃貞瑛			主修－長笛（三）						0		必				50		1		
	MM90						10	0.40		音樂系（碩）		MUM0211			0		1.0				115	半			Major-Oboe (III)	D		2127			0	N					◎限本系(含雙主修)修習 ◎課程不開放上修			0			林麗玥			主修－雙簧管（三）						0		必				50		1		
	MM90						10	0.40		音樂系（碩）		MUM0213			0		1.0				115	半			Major-Clarinet (I)	Q		2128			0	N					◎限本系(含雙主修)修習 ◎課程不開放上修			0			賴俊諺			主修－單簧管（一）						0		必				50		1		
	MM90						10	0.40		音樂系（碩）		MUM0216			0		1.0				115	半			Major-Clarinet (IV)	A		2129			0	N					◎限本系(含雙主修)修習 ◎課程不開放上修			0			宋威德			主修－單簧管（四）						0		必				50		1		
	MM90						10	0.40		音樂系（碩）		MUM0221			0		1.0				115	半			Major-French Horn (I)	L		2130			0	N					◎限本系(含雙主修)修習 ◎課程不開放上修			0			蘇毓婷			主修－法國號（一）						0		必				50		1		
	MM90						10	0.40		音樂系（碩）		MUM0227			0		1.0				115	半			Major-Trumpet (III)	K		2131			0	N					◎限本系(含雙主修)修習 ◎課程不開放上修			0			葉樹涵			主修－小號（三）						0		必				50		1		
	MM90						10	0.40		音樂系（碩）		MUM0231			0		1.0				115	半			Major-Trombone (III)	N		2132			0	N					◎限本系(含雙主修)修習 ◎課程不開放上修			0			劉昱男			主修－長號（三）						0		必				50		1		
	MM90						10	0.40		音樂系（碩）		MUM0237			0		1.0				115	半			Major- Baritone (I)	H		2133			0	N					◎限本系(含雙主修)修習 ◎課程不開放上修			0			段富軒			主修－上低音號（一）						0		必				50		1		
	MM90						10	0.40		音樂系（碩）		MUM0249			0		1.0				115	半			Major- Percussion (IV)	B		2134			0	N					◎限本系(含雙主修)修習 ◎課程不開放上修			0			鄭雅心			主修－擊樂（四）						0		必				50		1		
	MM90						10	0.20		音樂系（碩）		MUM0252			0		2.0				115	半			Chamber Music with Piano Performance (I)			2135			0	N					◎課程開放上修			0			鍾家瑋		一 3-4 和平 音樂系B1雙琴室	鋼琴室內樂演奏（一）						0		選				50		1		
	MM90						10	0.20		音樂系（碩）		MUM0255			0		2.0				115	半			Seminar in Music Technology and Digital Art			2136			0	N		是			◎課程開放上修			0			林芝良		三 3-4 和平 樂研六	音樂科技藝術專題						0		必				50		1		
	MM90						10	0.20		音樂系（碩）		MUM0256			0		2.0				115	半			Research Methodology of Music Interdisciplinary Studies			2137			0	N		是			◎課程開放上修			0			司信寧		五 6-7 和平 樂研五	音樂跨域研究方法論						0		必				50	二年一開,請音樂跨域組學生務必選課	1		
	MM90						10	0.20		音樂系（碩）		MUM0259			0		2.0				115	半			History & Development of Piano Techniques			2138			0	N		是			◎課程開放上修			0			黃浩軒		二 3-4 和平 音109	鋼琴技巧的歷史與發展						0		選				50		1		
	MM90						10	0.20		音樂系（碩）		MUC0048			0		2.0				115	半			Studies in Modern French Music </br>[ Program: The Inter-disciplinary Program of Computer Music and Audio Technology ]			2139			0	N			8		◎課程開放上修			0			蕭慶瑜	碩博	五 3-4 和平 音109	法國近代音樂研究 </br>[ 學分學程：電腦音樂與音訊技術學分學程 ]						0		選				50		1		ZU60
	MM90						10	0.20		音樂系（碩）		MUC0050			0		2.0				115	半			Modern Music and Civilization			2140			0	N			8		◎課程開放上修			0			林嘉瑋	碩博	二 8-9 和平 樂研五	現代音樂與文明						0		選				50		1		
	MM90						10	0.20		音樂系（碩）		MUC0084			0		2.0				115	半			Comparative study of Cultural Zone on Astronesian Music(I)			2141			0	N			8		◎課程開放上修			0			錢善華	碩博	一 3-4 和平 音410	南島語系文化圈之音樂研究（一）						0		選				50		1		
	MM90						10	0.20		音樂系（碩）		MUC8005			0		2.0				115	半			Sociology of Music			2142			0	N			8		◎課程開放上修			0			莊惠君	碩博	二 5-6 和平 音109	音樂社會學						0		選				50		1		
	MM90						10	0.20		音樂系（碩）		MUC8012			0		2.0				115	半			Study and Performance of Baroque Chamber Music			2143			0	N			8		◎課程開放上修			0			蔡佳璇	碩博	五 3-4 和平 音410	巴洛克時期室內樂作品研究與實作						0		選				50		1		
	MM91						5	0.17		民音所（碩）		EMM0002			0		2.0				115	半			Introduction of ethnomusicology			2144			0	N					◎課程不開放上修			0			呂鈺秀		三 6-7 和平 民音所教室	民族音樂學導論						0		必				30		1		
	MM91						5	0.17		民音所（碩）		EMM0037			3		2.0				115	半			Source Readings in Music History			2145			0	N					◎課程開放上修			0			張海欣		四 6-7 和平 民音所教室	音樂史文獻導讀						0		選				30		1		
	MM91						5	0.17		民音所（碩）		EMM0054			2		2.0				115	半			Ritual and Theatre			2146			0	N					◎課程開放上修			0			呂錘寬		三 1-2 和平 民音所教室	儀式與劇場						0		選				30		1		
	MM91						5	0.17		民音所（碩）		EMM0062			0		2.0				115	半			Mode of Traditional Music			2147			0	N					◎限本系(含雙主修)修習◎必須先修過【EMM0002  民族音樂學導論】 ◎課程不開放上修			0			呂鈺秀		三 8-9 和平 民音所教室	傳統音樂體裁與形式						0		必				30		1		
	MM91						5	0.17		民音所（碩）		EMM0074			0		2.0				115	半			Introduction to philosophy of music			2148			0	N					◎課程不開放上修			0			張海欣		四 8-9 和平 民音所教室	音樂哲學導論						0		必				30		1		
	MM91						5	0.17		民音所（碩）		EMM0078			0		2.0				115	半			Practice on Nankuan Vocal Music			2149			0	N					◎限本系(含雙主修)修習 ◎必須先修過(也可以同時修)【EMM0002  民族音樂學導論】 ◎課程不開放上修			0			呂錘寬		三 3-4 和平 民音所教室	南管曲演唱						0		選				30		1		
	MM91						5	0.17		民音所（碩）		EMM0102			0		2.0				115	半			Special Topics on Digital Recording Research </br>[ Program: The Inter-disciplinary Program of Computer Music and Audio Technology ]			2150			0	N					◎限本系(含雙主修)修習 ◎必須先修過(也可以同時修)【EMM0116  音樂檔案與研究方法】 ◎課程不開放上修			0			未定		二 8-9 和平 民音所教室	數位錄音製作專題研究 </br>[ 學分學程：電腦音樂與音訊技術學分學程 ]						0		選				30		1		ZU60
	MM91						5	0.17		民音所（碩）		EMM0105			3		2.0				115	半			Music and Modernity of East Asia			2151			0	N		是			◎課程開放上修			0			張海欣		二 6-7 和平 民音所教室	東亞音樂與現代性						0		選				30		1		
	MM91						5	0.17		民音所（碩）		EMM0116			0		2.0				115	半			Music Archives and Research Methods			2152			0	N					◎課程不開放上修			0			黃均人		二 3-4 和平 民音所教室	音樂檔案與研究方法						0		必				30		1		
	MM91						5	0.17		民音所（碩）		EMM0117			0		2.0				115	半			Practice on Pei-Kuan Vocal Music			2153			0	N					◎課程開放上修			0			未定		四 3-4 和平 民音所教室	北管曲演唱						0		選				30		1		
	MM91						5	0.17		民音所（碩）		EMM0118			0		2.0				115	半			World Music (I)			2154			0	N					◎課程開放上修			0			阿樂蹦貴妃		一 6-7 和平 民音所教室	世界音樂（一）						0		選				30		1		
	MM91						5	0.17		民音所（碩）		EMM0120			0		2.0				115	半			Studies on Hakka Music </br>[ Program: The Inter-disciplinary Program of Hakka Language and Culture ]			2155			0	N					◎課程開放上修			0			蔡晏榕		五 6-7 和平 民音所教室	客家音樂研究 </br>[ 學分學程：客語與客家文化學分學程 ]						0		選				30		1		ZU46
	MM91						5	0.17		民音所（碩）		EMM0123			3		2.0				115	半			Listening to Sinophone Musical Cultures			2156			0	N		是			◎課程開放上修			0			未定		一 8-9 和平 民音所教室	華語社會音樂研究						0		選				30		1		
	MM91						5	0.17		民音所（碩）		EMM0124			0		2.0				115	半			Cinematography in Audiovisual Documentary			2157			0	N					◎限本系(含雙主修)修習 ◎必須先修過(也可以同時修)【EMM0116  音樂檔案與研究方法】 ◎課程不開放上修			0			盧元奇		五 3-4 和平 民音所教室	音樂影像攝影						0		選				30		1		
	MM91						6	0.20		民音所（碩）		EMM0126			0		1.0				115	半			Major: Pipa			2158			0	N					◎限本系(含雙主修)修習   允許重複修 ◎必須先修過(也可以同時修)【EMM0002  民族音樂學導論】 ◎課程不開放上修			0			賴秀綢			主修：琵琶						0		選				30		1		
	MM91						4	0.13		民音所（碩）		EMM0127			0		1.0				115	半			Major: Erhu			2159			0	N					◎限本系(含雙主修)修習   允許重複修 ◎必須先修過(也可以同時修)【EMM0002  民族音樂學導論】 ◎課程不開放上修			0			未定			主修：二胡						0		選				30		1		
	MM91						4	0.13		民音所（碩）		EMM0128			0		1.0				115	半			Major: Composition			2160			0	N					允許重複修◎必須先修過【MUM0245  音樂演奏與互動程式寫作】 ◎課程開放上修			0			林芝良			主修：創作						0		選				30		1		
	MM91						5	0.17		民音所（碩）		EMM0130			0		2.0				115	半			Practice-Based Research in Ethnomusicology			2161			0	N		是			◎課程開放上修			0			未定		一 3-4 和平 民音所教室	民族音樂學的實踐導向研究						0		選				30		1		
	MM92						10	0.33		表藝系（碩）		PAM0019			0		2.0				115	半			Studies in Directing Process			2162			0	N					◎課程開放上修			0			梁志民		一 B-C 和平 知音劇場	導演創作研究						0		選				30		1		
	MM92						10	0.33		表藝系（碩）		PAM0022			2		2.0				115	半			Arts Industry and Marketing			2163			0	N					◎課程開放上修			0			何康國		三 6-7 和平 表藝中心	藝術產業與行銷						0		必				30		1		
	MM92						10	0.33		表藝系（碩）		PAM0086			0	是	1.0				115	半	何康國		Internship in Marketing (I)			2164			0	N					◎課程開放上修			0			何康國		二 6-7 和平 表藝中心	行銷實習（一）						0		必				30		1		
	MM92						10	0.33		表藝系（碩）		PAM0100			0		3.0				115	半			Culture and Tourism Industry			2165			0	N					◎課程開放上修			0			未定		四 10-B 和平 表藝中心	文化與觀光產業						0		選				30	授課老師：劉得堅老師	1		
	MM92						10	0.33		表藝系（碩）		PAM0113			0		3.0				115	半			Performing Arts Management			2166			0	N					◎課程開放上修			0			彭多林		二 A-C 和平 表藝中心	表演藝術管理						0		選				30		1		
	MM92						10	0.33		表藝系（碩）		PAM0117			0		2.0				115	半			Arts of Collaborative Piano			2167			0	N					◎課程開放上修			0			李燕宜		三 3-4 和平 表藝中心	鋼琴合作學						0		選				30		1		
	MM92						10	0.33		表藝系（碩）		PAM0118			3		3.0				115	半			Studies in Art and Culture Policy			2168			0	N					◎課程開放上修			0			何康國 未定		三 8-10 和平 表藝中心	藝術文化政策探討						0		必				30	合開授課老師：彭俊亨老師	1		
	MM92						8	0.27		表藝系（碩）		PAM0120			1		3.0				115	半			Arts Entrepreneurship and Finance Management			2169			0	N					◎課程開放上修			0			范聖韜		二 2-4 和平 樂研四	藝術創業與財務管理						0		選				30		1		
	MM92						10	0.33		表藝系（碩）		PAM0130			3		2.0				115	半			Musical Theater Performance: Theory and Practice (I)			2170			0	N					◎課程開放上修			0			未定		一 3-4 和平 表藝中心	音樂劇場理論與實務（一）						0		選				30	授課老師：張仰瑄老師	1		
	MM92						10	0.33		表藝系（碩）		PAM0135			0		2.0				115	半			Advanced Musical Acting			2171			0	N					◎課程開放上修			0			梁志民		二 B-C 和平 知音劇場	音樂劇表演進階						0		選				30		1		
	MM92						10	0.33		表藝系（碩）		PAM0137			5		2.0				115	半			Acoustic Practice			2172			0	N					◎課程開放上修			0			梁志民		一 7-8 和平 知音劇場	音響技術實務						0		選				30		1		
	MM92						10	0.33		表藝系（碩）		PAM0150			0		1.0				115	半			G1 Studio Accompanying (I)			2173			0	N					◎課程開放上修			0			李燕宜		一 1-2 和平 表藝中心	碩一伴奏合作實習（一）						0		必				30		1		
	MM92						10	0.33		表藝系（碩）		PAM0152			0		1.0				115	半			G2 Studio Accompanying (I)			2174			0	N					◎課程開放上修			0			李燕宜		二 1-2 和平 表藝中心	碩二伴奏合作實習（一）						0		必				30		1		
	MM92						10	0.33		表藝系（碩）		PAM0158			0		1.0				115	半			Piano Lesson(I)	B		2175			0	N					◎課程開放上修			0			林娟儀			鋼琴技巧指導（一）						0		選				30		1		
	MM92						10	0.33		表藝系（碩）		PAM0158			0		1.0				115	半			Piano Lesson(I)	C		2176			0	N					◎課程開放上修			0			未定			鋼琴技巧指導（一）						0		選				30	授課老師：張詩欣老師	1		
	MM92						10	0.33		表藝系（碩）		PAM0158			0		1.0				115	半			Piano Lesson(I)	D		2177			0	N					◎課程開放上修			0			未定			鋼琴技巧指導（一）						0		選				30	授課老師：許昱琦老師	1		
	MM92						10	0.33		表藝系（碩）		PAM0160			0		2.0				115	半			Diction(I)			2178			0	N					◎課程開放上修			0			未定		五 5-6 和平 樂研四	語音學（一）						0		選				30	授課老師：張詩欣老師	1		
	MM92						3	0.09		表藝系（碩）		PAM0164			0		2.0				115	半			Internship			2179			0	N					◎課程開放上修			0			未定		二 8-9 和平 美術館501, 二 10-A 和平 教室自排	企業實習						0		選				33		1		
	MM92						10	0.33		表藝系（碩）		PAM0171			0		2.0				115	半			Choreography in Musical Theater			2180			0	N					◎課程開放上修			0			吳義芳		五 6-7 和平 知音劇場	音樂劇舞蹈創作						0		選				30		1		
	MM92						10	0.33		表藝系（碩）		PAM0172			0		2.0				115	半			Studies in Chamber Music Literature with Piano (I)			2181			0	N					◎課程開放上修			0			林娟儀		二 8-9 和平 樂研四	鋼琴室內樂作品研究（一）						0		選				30		1		
	MM92						10	0.33		表藝系（碩）		PAM0176			0		1.0				115	半			Practicum in Performance (I)			2182			0	N					◎課程開放上修			0			梁志民		一 1-2 和平 知音劇場	演出實習（一）						0		必				30		1		
	MM92						10	0.33		表藝系（碩）		PAM0178			0		1.0				115	半			Practicum in Performance (III)			2183			0	N					◎必須先修過【PAM0177  演出實習（二）】 ◎課程開放上修			0			吳義芳		五 1-2 和平 知音劇場	演出實習（三）						0		必				30		1		
	MM92						10	0.20		表藝系（碩）		PAM0188			0		2.0				115	半			Research Methodology (I)	A		2184			0	N					◎課程開放上修			0			李燕宜		二 3-4 和平 表藝中心	表演藝術研究方法論（一）						0		必				50		1		
	MM92						8	0.27		表藝系（碩）		PAM0190			0		2.0				115	半			Body Theater (I)			2185			0	N					◎課程開放上修			0			吳義芳		二 6-7 和平 教育大樓地下室E區	肢體劇場（一）						0		必				30		1		
	MM92						10	0.33		表藝系（碩）		PAM0192			0		2.0				115	半			Body Theater (III)			2186			0	N					◎必須先修過【PAM0191  肢體劇場（二）】 ◎課程開放上修			0			何康國		二 3-4 和平 教育大樓地下室E區	肢體劇場（三）						0		必				30		1		
	MM92						10	0.33		表藝系（碩）		PAM0193			2		2.0				115	半			Acting (I)			2187			0	N					◎課程開放上修			0			梁志民		一 10-A 和平 知音劇場	表演（一）						0		必				30		1		
	MM92						8	0.27		表藝系（碩）		PAM0195			3		2.0				115	半			Acting (III)			2188			0	N					◎必須先修過【PAM0194  表演（二）】 ◎課程開放上修			0			未定		一 5-6 和平 行健閣	表演（三）						0		必				30	授課老師：張仰瑄老師	1		
	MM92						10	0.33		表藝系（碩）		PAM0196			3		2.0				115	半			Repertoire Coaching (I)			2189			0	N					◎課程開放上修			0			未定		五 6-7 和平 表藝中心	曲目精練（一）						0		選				30	授課老師：賴家慶老師	1		
	MM92						10	0.33		表藝系（碩）		PAM0198			3		2.0				115	半			Repertoire Coaching (III)			2190			0	N					◎課程開放上修			0			未定		五 8-9 和平 表藝中心	曲目精練（三）						0		選				30	授課老師：賴家慶老師	1		
	MM92						10	0.33		表藝系（碩）		PAM0201			0		1.0				115	半			Major (Collaborative Piano)(I)	A		2191			0	N					◎課程開放上修			0			李燕宜			主修（一）						0		必				30		1		
	MM92						10	0.33		表藝系（碩）		PAM0201			0		1.0				115	半			Major (Collaborative Piano)(I)	B		2192			0	N					◎課程開放上修			0			林娟儀			主修（一）						0		必				30		1		
	MM92						10	0.33		表藝系（碩）		PAM0201			0		1.0				115	半			Major (Collaborative Piano)(I)	C		2193			0	N					◎課程開放上修			0			未定			主修（一）						0		必				30	授課老師：張詩欣老師	1		
	MM92						10	0.33		表藝系（碩）		PAM0203			0		1.0				115	半			Major (Collaborative Piano)(III)	B		2194			0	N					◎課程開放上修			0			林娟儀			主修（三）						0		必				30		1		
	MM92						10	0.33		表藝系（碩）		PAM0203			0		1.0				115	半			Major (Collaborative Piano)(III)	C		2195			0	N					◎課程開放上修			0			未定			主修（三）						0		必				30	授課老師：張詩欣老師	1		
	MM92						10	0.33		表藝系（碩）		PAM0203			0		1.0				115	半			Major (Collaborative Piano)(III)	D		2196			0	N					◎課程開放上修			0			未定			主修（三）						0		必				30	授課老師：許昱琦老師	1		
	MM92						3	0.10		表藝系（碩）		PAM0205			1		3.0				115	半			Arts and Business Cooperation			2197			0	N					◎課程開放上修			0			范聖韜		三 2-4 和平 美術館501	藝企合作						0		選				31		1		
	MM92						10	0.33		表藝系（碩）		PAM0206			0		1.0				115	半			Major (Collaborative Piano)(V)	A		2198			0	N					◎課程開放上修			0			李燕宜			主修（五）						0		選				30		1		
	MM92						10	0.33		表藝系（碩）		PAM0206			0		1.0				115	半			Major (Collaborative Piano)(V)	B		2199			0	N					◎課程開放上修			0			林娟儀			主修（五）						0		選				30		1		
	MM92						10	0.33		表藝系（碩）		PAM0206			0		1.0				115	半			Major (Collaborative Piano)(V)	D		2200			0	N					◎課程開放上修			0			未定			主修（五）						0		選				30	授課老師：許昱琦老師	1		
	MM92						10	0.33		表藝系（碩）		PAM0207			0		1.0				115	半			Major (Collaborative Piano)(VI)	D		2201			0	N					◎課程開放上修			0			未定			主修（六）						0		選				30	授課老師：許昱琦老師	1		
	MM92						8	0.27		表藝系（碩）		PAM0208			0		2.0				115	半			Musical Ensemble and Chorus Practice and Analysis			2202			0	N					◎課程開放上修			0			未定		四 6-7 和平 行健閣	音樂劇重唱與合唱之實作與分析						0		選				30	授課老師：謝淑文老師	1		
	MM92						10	0.20		表藝系（碩）		PAM0210			5		3.0				115	半			International Performing Art Management			2203			0	N		是			◎課程開放上修			0			Alexandra Talamo		一 6-8 和平 樂研四	國際表演藝術經營實務						0		選				50		1		
	MM92						0	0.00		表藝系（碩）		PAM0212			0		1.0				115	半			Vocal Technique (I)	A		2204			0	N					◎限本系(含雙主修)修習  ◎限碩一碩二修習    允許重複修 ◎課程開放上修			0			未定			演唱技術指導						0		選				6	授課老師：張得恩老師/碩一、碩二學生優先選課；倘因特殊情況，修課人選最終由授課教師進行配額調度與決定。	1		
	MM92						0	0.00		表藝系（碩）		PAM0212			0		1.0				115	半			Vocal Technique (I)	B		2205			0	N					◎限本系(含雙主修)修習  ◎限碩一碩二修習    允許重複修 ◎課程開放上修			0			未定			演唱技術指導						0		選				6	授課老師：李阡綸老師/碩一、碩二學生優先選課；倘因特殊情況，修課人選最終由授課教師進行配額調度與決定。	1		
	MM92						0	0.00		表藝系（碩）		PAM0212			0		1.0				115	半			Vocal Technique (I)	C		2206			0	N					◎限本系(含雙主修)修習  ◎限碩一碩二修習    允許重複修 ◎課程開放上修			0			未定			演唱技術指導						0		選				4	授課老師：謝淑文老師/碩一、碩二學生優先選課；倘因特殊情況，修課人選最終由授課教師進行配額調度與決定。	1		
	MU90						10	0.20		音樂系（學）		MUU0229			1		2.0				115	半			Popular Music			2207			0	N								0			周岳澄		五 6-7 和平 音210	流行音樂						0		選				50		1		
	MU90						10	0.20		音樂系（學）		MUU0236			3		2.0				115	半			Psychology of Music			2208			0	N								0			郭璟儀		一 1-2 和平 音410	音樂心理學						0		選				50		1		
	MU90						10	0.20		音樂系（學）		MUU0244			3		2.0				115	半			Creativity and Music Teaching </br>[ Program: The Inter-disciplinary Program of Music-assisted Guidance and Special Education ]			2209			0	N								0			謝鴻鳴		三 3-4 和平 樂研三	創造力與音樂教學 </br>[ 學分學程：音樂輔導與特教學分學程 ]						0		選				50		1		ZU59
	MU90						10	0.20		音樂系（學）		MUU0247			0		2.0				115	半			Introduction to Music Therapy </br>[ Program: The Inter-disciplinary Program of Cultivating Seniors Service Talent in Community The Inter-disciplinary Program of Music-assisted Guidance and Special Education ]			2210			0	N								0			莊惠君		二 9-10 和平 音樂系演奏廳	音樂治療導論 </br>[ 學分學程：社區高齡者服務人才培力學分學程 音樂輔導與特教學分學程 ]						0		選				50	限大二以上修習。	1		ZU59/ZU98
	MU90						10	0.40		音樂系（學）		MUU0251			0		1.0				115	半			Piano (V)	E		2211			0	N					◎限本系(含雙主修)、輔系修習			0			林瑋祺			鋼琴（五）						0		必				50		1		
	MU90						10	0.40		音樂系（學）		MUU0251			0		1.0				115	半			Piano (V)	H		2212			0	N					◎限本系(含雙主修)、輔系修習			0			鍾家瑋			鋼琴（五）						0		必				50		1		
	MU90						10	0.40		音樂系（學）		MUU0251			0		1.0				115	半			Piano (V)	I		2213			0	N					◎限本系(含雙主修)、輔系修習			0			嚴俊傑			鋼琴（五）						0		必				50		1		
	MU90						10	0.40		音樂系（學）		MUU0251			0		1.0				115	半			Piano (V)	J		2214			0	N					◎限本系(含雙主修)、輔系修習			0			穆貝爾			鋼琴（五）						0		必				50		1		
	MU90						10	0.40		音樂系（學）		MUU0251			0		1.0				115	半			Piano (V)	K		2215			0	N					◎限本系(含雙主修)、輔系修習			0			呂冠葶			鋼琴（五）						0		必				50		1		
	MU90						10	0.40		音樂系（學）		MUU0251			0		1.0				115	半			Piano (V)	M		2216			0	N					◎限本系(含雙主修)、輔系修習			0			陳怡婷			鋼琴（五）						0		必				50		1		
	MU90						10	0.40		音樂系（學）		MUU0251			0		1.0				115	半			Piano (V)	O		2217			0	N					◎限本系(含雙主修)、輔系修習			0			陳芝羽			鋼琴（五）						0		必				50		1		
	MU90						10	0.40		音樂系（學）		MUU0251			0		1.0				115	半			Piano (V)	R		2218			0	N					◎限本系(含雙主修)、輔系修習			0			賈元元			鋼琴（五）						0		必				50		1		
	MU90						10	0.40		音樂系（學）		MUU0251			0		1.0				115	半			Piano (V)	S		2219			0	N					◎限本系(含雙主修)、輔系修習			0			林季穎			鋼琴（五）						0		必				50		1		
	MU90						10	0.40		音樂系（學）		MUU0251			0		1.0				115	半			Piano (V)	U		2220			0	N					◎限本系(含雙主修)、輔系修習			0			徐嘉琪			鋼琴（五）						0		必				50		1		
	MU90						10	0.40		音樂系（學）		MUU0251			0		1.0				115	半			Piano (V)	V		2221			0	N					◎限本系(含雙主修)、輔系修習			0			楊舒婷			鋼琴（五）						0		必				50		1		
	MU90						10	0.40		音樂系（學）		MUU0251			0		1.0				115	半			Piano (V)	X		2222			0	N					◎限本系(含雙主修)、輔系修習			0			廖皎含			鋼琴（五）						0		必				50		1		
	MU90						10	0.40		音樂系（學）		MUU0251			0		1.0				115	半			Piano (V)	Z		2223			0	N					◎限本系(含雙主修)、輔系修習			0			辛幸純			鋼琴（五）						0		必				50		1		
	MU90						10	0.40		音樂系（學）		MUU0253			0		1.0				115	半			Piano (VII)	C		2224			0	N					◎限本系(含雙主修)、輔系修習			0			林明慧			鋼琴（七）						0		必				50		1		
	MU90						10	0.40		音樂系（學）		MUU0253			0		1.0				115	半			Piano (VII)	D		2225			0	N					◎限本系(含雙主修)、輔系修習			0			王杰珍			鋼琴（七）						0		必				50		1		
	MU90						10	0.40		音樂系（學）		MUU0253			0		1.0				115	半			Piano (VII)	G		2226			0	N					◎限本系(含雙主修)、輔系修習			0			陳曉雰			鋼琴（七）						0		必				50		1		
	MU90						10	0.40		音樂系（學）		MUU0253			0		1.0				115	半			Piano (VII)	H		2227			0	N					◎限本系(含雙主修)、輔系修習			0			鍾家瑋			鋼琴（七）						0		必				50		1		
	MU90						10	0.40		音樂系（學）		MUU0253			0		1.0				115	半			Piano (VII)	I		2228			0	N					◎限本系(含雙主修)、輔系修習			0			嚴俊傑			鋼琴（七）						0		必				50		1		
	MU90						10	0.40		音樂系（學）		MUU0253			0		1.0				115	半			Piano (VII)	M		2229			0	N					◎限本系(含雙主修)、輔系修習			0			陳怡婷			鋼琴（七）						0		必				50		1		
	MU90						10	0.40		音樂系（學）		MUU0253			0		1.0				115	半			Piano (VII)	O		2230			0	N					◎限本系(含雙主修)、輔系修習			0			陳芝羽			鋼琴（七）						0		必				50		1		
	MU90						10	0.40		音樂系（學）		MUU0253			0		1.0				115	半			Piano (VII)	R		2231			0	N					◎限本系(含雙主修)、輔系修習			0			賈元元			鋼琴（七）						0		必				50		1		
	MU90						10	0.40		音樂系（學）		MUU0253			0		1.0				115	半			Piano (VII)	S		2232			0	N					◎限本系(含雙主修)、輔系修習			0			林季穎			鋼琴（七）						0		必				50		1		
	MU90						10	0.40		音樂系（學）		MUU0253			0		1.0				115	半			Piano (VII)	V		2233			0	N					◎限本系(含雙主修)、輔系修習			0			楊舒婷			鋼琴（七）						0		必				50		1		
	MU90						10	0.40		音樂系（學）		MUU0253			0		1.0				115	半			Piano (VII)	W		2234			0	N					◎限本系(含雙主修)、輔系修習			0			陳冠宇			鋼琴（七）						0		必				50		1		
	MU90						10	0.40		音樂系（學）		MUU0253			0		1.0				115	半			Piano (VII)	X		2235			0	N					◎限本系(含雙主修)、輔系修習			0			廖皎含			鋼琴（七）						0		必				50		1		
	MU90						10	0.40		音樂系（學）		MUU0253			0		1.0				115	半			Piano (VII)	Z		2236			0	N					◎限本系(含雙主修)、輔系修習			0			辛幸純			鋼琴（七）						0		必				50		1		
	MU90						10	0.40		音樂系（學）		MUU0254			0		1.0				115	半			Piano(VIII)	I		2237			0	N					◎限本系(含雙主修)、輔系修習			0			嚴俊傑			鋼琴（八）						0		必				50		1		
	MU90						10	0.40		音樂系（學）		MUU0255			0		1.0				115	半			Voice(V)	B		2238			0	N					◎限本系(含雙主修)、輔系修習			0			陳允宜			聲樂（五）						0		必				50		1		
	MU90						10	0.40		音樂系（學）		MUU0255			0		1.0				115	半			Voice(V)	D		2239			0	N					◎限本系(含雙主修)、輔系修習			0			羅明芳			聲樂（五）						0		必				50		1		
	MU90						10	0.40		音樂系（學）		MUU0255			0		1.0				115	半			Voice(V)	E		2240			0	N					◎限本系(含雙主修)、輔系修習			0			王望舒			聲樂（五）						0		必				50		1		
	MU90						10	0.40		音樂系（學）		MUU0255			0		1.0				115	半			Voice(V)	F		2241			0	N					◎限本系(含雙主修)、輔系修習			0			耿立			聲樂（五）						0		必				50		1		
	MU90						10	0.40		音樂系（學）		MUU0255			0		1.0				115	半			Voice(V)	G		2242			0	N					◎限本系(含雙主修)、輔系修習			0			黃莉錦			聲樂（五）						0		必				50		1		
	MU90						10	0.40		音樂系（學）		MUU0255			0		1.0				115	半			Voice(V)	H		2243			0	N					◎限本系(含雙主修)、輔系修習			0			黎蓉櫻			聲樂（五）						0		必				50		1		
	MU90						10	0.40		音樂系（學）		MUU0255			0		1.0				115	半			Voice(V)	J		2244			0	N					◎限本系(含雙主修)、輔系修習			0			廖聰文			聲樂（五）						0		必				50		1		
	MU90						10	0.40		音樂系（學）		MUU0255			0		1.0				115	半			Voice(V)	K		2245			0	N					◎限本系(含雙主修)、輔系修習			0			林孟君			聲樂（五）						0		必				50		1		
	MU90						10	0.40		音樂系（學）		MUU0257			0		1.0				115	半			Voice  (VII)	C		2246			0	N					◎限本系(含雙主修)、輔系修習			0			薛映東			聲樂（七）						0		必				50		1		
	MU90						10	0.40		音樂系（學）		MUU0257			0		1.0				115	半			Voice  (VII)	E		2247			0	N					◎限本系(含雙主修)、輔系修習			0			王望舒			聲樂（七）						0		必				50		1		
	MU90						10	0.40		音樂系（學）		MUU0257			0		1.0				115	半			Voice  (VII)	F		2248			0	N					◎限本系(含雙主修)、輔系修習			0			耿立			聲樂（七）						0		必				50		1		
	MU90						10	0.40		音樂系（學）		MUU0257			0		1.0				115	半			Voice  (VII)	G		2249			0	N					◎限本系(含雙主修)、輔系修習			0			黃莉錦			聲樂（七）						0		必				50		1		
	MU90						10	0.40		音樂系（學）		MUU0257			0		1.0				115	半			Voice  (VII)	H		2250			0	N					◎限本系(含雙主修)、輔系修習			0			黎蓉櫻			聲樂（七）						0		必				50		1		
	MU90						10	0.40		音樂系（學）		MUU0257			0		1.0				115	半			Voice  (VII)	J		2251			0	N					◎限本系(含雙主修)、輔系修習			0			廖聰文			聲樂（七）						0		必				50		1		
	MU90						10	0.40		音樂系（學）		MUU0257			0		1.0				115	半			Voice  (VII)	L		2252			0	N					◎限本系(含雙主修)、輔系修習			0			林中光			聲樂（七）						0		必				50		1		
	MU90						10	0.40		音樂系（學）		MUU0258			0		1.0				115	半			Voice  (VIII)	B		2253			0	N					◎限本系(含雙主修)、輔系修習			0			陳允宜			聲樂（八）						0		必				50		1		
	MU90						10	0.40		音樂系（學）		MUU0259			0		1.0				115	半			Winds  (V)	D		2254			0	N					◎限本系(含雙主修)、輔系修習			0			林麗玥			管樂器（五）						0		必				50		1		
	MU90						10	0.40		音樂系（學）		MUU0259			0		1.0				115	半			Winds  (V)	G		2255			0	N					◎限本系(含雙主修)、輔系修習			0			黃貞瑛			管樂器（五）						0		必				50		1		
	MU90						10	0.40		音樂系（學）		MUU0259			0		1.0				115	半			Winds  (V)	H		2256			0	N					◎限本系(含雙主修)、輔系修習			0			段富軒			管樂器（五）						0		必				50		1		
	MU90						10	0.40		音樂系（學）		MUU0259			0		1.0				115	半			Winds  (V)	J		2257			0	N					◎限本系(含雙主修)、輔系修習			0			簡凱玉			管樂器（五）						0		必				50		1		
	MU90						10	0.40		音樂系（學）		MUU0259			0		1.0				115	半			Winds  (V)	K		2258			0	N					◎限本系(含雙主修)、輔系修習			0			葉樹涵			管樂器（五）						0		必				50		1		
	MU90						10	0.40		音樂系（學）		MUU0259			0		1.0				115	半			Winds  (V)	L		2259			0	N					◎限本系(含雙主修)、輔系修習			0			蘇毓婷			管樂器（五）						0		必				50		1		
	MU90						10	0.40		音樂系（學）		MUU0259			0		1.0				115	半			Winds  (V)	M		2260			0	N					◎限本系(含雙主修)、輔系修習			0			陳怡婷			管樂器（五）						0		必				50		1		
	MU90						10	0.40		音樂系（學）		MUU0259			0		1.0				115	半			Winds  (V)	N		2261			0	N					◎限本系(含雙主修)、輔系修習			0			劉昱男			管樂器（五）						0		必				50		1		
	MU90						10	0.40		音樂系（學）		MUU0259			0		1.0				115	半			Winds  (V)	Q		2262			0	N					◎限本系(含雙主修)、輔系修習			0			賴俊諺			管樂器（五）						0		必				50		1		
	MU90						10	0.40		音樂系（學）		MUU0260			0		1.0				115	半			Winds (VI)	E		2263			0	N					◎限本系(含雙主修)、輔系修習			0			杉木馨			管樂器（六）						0		必				50		1		
	MU90						10	0.40		音樂系（學）		MUU0261			0		1.0				115	半			Winds (VII)	D		2264			0	N					◎限本系(含雙主修)、輔系修習			0			林麗玥			管樂器（七）						0		必				50		1		
	MU90						10	0.40		音樂系（學）		MUU0261			0		1.0				115	半			Winds (VII)	G		2265			0	N					◎限本系(含雙主修)、輔系修習			0			黃貞瑛			管樂器（七）						0		必				50		1		
	MU90						10	0.40		音樂系（學）		MUU0261			0		1.0				115	半			Winds (VII)	J		2266			0	N					◎限本系(含雙主修)、輔系修習			0			簡凱玉			管樂器（七）						0		必				50		1		
	MU90						10	0.40		音樂系（學）		MUU0261			0		1.0				115	半			Winds (VII)	K		2267			0	N					◎限本系(含雙主修)、輔系修習			0			葉樹涵			管樂器（七）						0		必				50		1		
	MU90						10	0.40		音樂系（學）		MUU0261			0		1.0				115	半			Winds (VII)	L		2268			0	N					◎限本系(含雙主修)、輔系修習			0			蘇毓婷			管樂器（七）						0		必				50		1		
	MU90						10	0.40		音樂系（學）		MUU0261			0		1.0				115	半			Winds (VII)	N		2269			0	N					◎限本系(含雙主修)、輔系修習			0			劉昱男			管樂器（七）						0		必				50		1		
	MU90						10	0.40		音樂系（學）		MUU0261			0		1.0				115	半			Winds (VII)	O		2270			0	N					◎限本系(含雙主修)、輔系修習			0			蔡佳修			管樂器（七）						0		必				50		1		
	MU90						10	0.40		音樂系（學）		MUU0261			0		1.0				115	半			Winds (VII)	Q		2271			0	N					◎限本系(含雙主修)、輔系修習			0			賴俊諺			管樂器（七）						0		必				50		1		
	MU90						10	0.40		音樂系（學）		MUU0262			0		1.0				115	半			Winds (VIII)	J		2272			0	N					◎限本系(含雙主修)、輔系修習			0			簡凱玉			管樂器（八）						0		必				50		1		
	MU90						10	0.40		音樂系（學）		MUU0263			0		1.0				115	半			String Instruments(V)	B		2273			0	N					◎限本系(含雙主修)、輔系修習			0			廖嘉弘			絃樂器（五）						0		必				50		1		
	MU90						10	0.40		音樂系（學）		MUU0263			0		1.0				115	半			String Instruments(V)	E		2274			0	N					◎限本系(含雙主修)、輔系修習			0			趙恆振			絃樂器（五）						0		必				50		1		
	MU90						10	0.40		音樂系（學）		MUU0263			0		1.0				115	半			String Instruments(V)	G		2275			0	N					◎限本系(含雙主修)、輔系修習			0			傅瑋亭			絃樂器（五）						0		必				50		1		
	MU90						10	0.40		音樂系（學）		MUU0263			0		1.0				115	半			String Instruments(V)	K		2276			0	N					◎限本系(含雙主修)、輔系修習			0			吳庭毓			絃樂器（五）						0		必				50		1		
	MU90						10	0.40		音樂系（學）		MUU0263			0		1.0				115	半			String Instruments(V)	M		2277			0	N					◎限本系(含雙主修)、輔系修習			0			王麗雯			絃樂器（五）						0		必				50		1		
	MU90						10	0.40		音樂系（學）		MUU0263			0		1.0				115	半			String Instruments(V)	N		2278			0	N					◎限本系(含雙主修)、輔系修習			0			歐陽伶宜			絃樂器（五）						0		必				50		1		
	MU90						10	0.40		音樂系（學）		MUU0263			0		1.0				115	半			String Instruments(V)	O		2279			0	N					◎限本系(含雙主修)、輔系修習			0			詹書婷			絃樂器（五）						0		必				50		1		
	MU90						10	0.40		音樂系（學）		MUU0263			0		1.0				115	半			String Instruments(V)	P		2280			0	N					◎限本系(含雙主修)、輔系修習			0			戴俐文			絃樂器（五）						0		必				50		1		
	MU90						10	0.40		音樂系（學）		MUU0263			0		1.0				115	半			String Instruments(V)	R		2281			0	N					◎限本系(含雙主修)、輔系修習			0			蘇億容			絃樂器（五）						0		必				50		1		
	MU90						10	0.40		音樂系（學）		MUU0263			0		1.0				115	半			String Instruments(V)	V		2282			0	N					◎限本系(含雙主修)、輔系修習			0			黃冠蓁			絃樂器（五）						0		必				50		1		
	MU90						10	0.40		音樂系（學）		MUU0264			0		1.0				115	半			String Instruments(VI)	N		2283			0	N					◎限本系(含雙主修)、輔系修習			0			歐陽伶宜			絃樂器（六）						0		必				50		1		
	MU90						10	0.40		音樂系（學）		MUU0265			0		1.0				115	半			String Instruments (VII)	A		2284			0	N					◎限本系(含雙主修)、輔系修習			0			陳沁紅			絃樂器（七）						0		必				50		1		
	MU90						10	0.40		音樂系（學）		MUU0265			0		1.0				115	半			String Instruments (VII)	E		2285			0	N					◎限本系(含雙主修)、輔系修習			0			趙恆振			絃樂器（七）						0		必				50		1		
	MU90						10	0.40		音樂系（學）		MUU0265			0		1.0				115	半			String Instruments (VII)	G		2286			0	N					◎限本系(含雙主修)、輔系修習			0			傅瑋亭			絃樂器（七）						0		必				50		1		
	MU90						10	0.40		音樂系（學）		MUU0265			0		1.0				115	半			String Instruments (VII)	H		2287			0	N					◎限本系(含雙主修)、輔系修習			0			路耀祖			絃樂器（七）						0		必				50		1		
	MU90						10	0.40		音樂系（學）		MUU0265			0		1.0				115	半			String Instruments (VII)	J		2288			0	N					◎限本系(含雙主修)、輔系修習			0			張群			絃樂器（七）						0		必				50		1		
	MU90						10	0.40		音樂系（學）		MUU0265			0		1.0				115	半			String Instruments (VII)	L		2289			0	N					◎限本系(含雙主修)、輔系修習			0			楊瑞瑟			絃樂器（七）						0		必				50		1		
	MU90						10	0.40		音樂系（學）		MUU0265			0		1.0				115	半			String Instruments (VII)	M		2290			0	N					◎限本系(含雙主修)、輔系修習			0			王麗雯			絃樂器（七）						0		必				50		1		
	MU90						10	0.40		音樂系（學）		MUU0265			0		1.0				115	半			String Instruments (VII)	O		2291			0	N					◎限本系(含雙主修)、輔系修習			0			詹書婷			絃樂器（七）						0		必				50		1		
	MU90						10	0.40		音樂系（學）		MUU0265			0		1.0				115	半			String Instruments (VII)	P		2292			0	N					◎限本系(含雙主修)、輔系修習			0			戴俐文			絃樂器（七）						0		必				50		1		
	MU90						10	0.40		音樂系（學）		MUU0265			0		1.0				115	半			String Instruments (VII)	S		2293			0	N					◎限本系(含雙主修)、輔系修習			0			廖珮如			絃樂器（七）						0		必				50		1		
	MU90						10	0.40		音樂系（學）		MUU0265			0		1.0				115	半			String Instruments (VII)	T		2294			0	N					◎限本系(含雙主修)、輔系修習			0			周春祥			絃樂器（七）						0		必				50		1		
	MU90						10	0.40		音樂系（學）		MUU0266			0		1.0				115	半			String Instruments  (VIII)	K		2295			0	N					◎限本系(含雙主修)、輔系修習			0			吳庭毓			絃樂器（八）						0		必				50		1		
	MU90						10	0.40		音樂系（學）		MUU0266			0		1.0				115	半			String Instruments  (VIII)	N		2296			0	N					◎限本系(含雙主修)、輔系修習			0			歐陽伶宜			絃樂器（八）						0		必				50		1		
	MU90						10	0.40		音樂系（學）		MUU0267			0		1.0				115	半			Percussion (V)	B		2297			0	N					◎限本系(含雙主修)、輔系修習			0			鄭雅心			敲擊樂（五）						0		必				50		1		
	MU90						10	0.40		音樂系（學）		MUU0269			0		1.0				115	半			Percussion (VII)	B		2298			0	N					◎限本系(含雙主修)、輔系修習			0			鄭雅心			敲擊樂（七）						0		必				50		1		
	MU90						10	0.40		音樂系（學）		MUU0271			0		1.0				115	半			Composition(V)	B		2299			0	N					◎限本系(含雙主修)、輔系修習			0			金希文			理論作曲（五）						0		必				50		1		
	MU90						10	0.40		音樂系（學）		MUU0271			0		1.0				115	半			Composition(V)	E		2300			0	N					◎限本系(含雙主修)、輔系修習			0			蕭慶瑜			理論作曲（五）						0		必				50		1		
	MU90						10	0.40		音樂系（學）		MUU0271			0		1.0				115	半			Composition(V)	G		2301			0	N					◎限本系(含雙主修)、輔系修習			0			陳瓊瑜			理論作曲（五）						0		必				50		1		
	MU90						10	0.40		音樂系（學）		MUU0271			0		1.0				115	半			Composition(V)	I		2302			0	N					◎限本系(含雙主修)、輔系修習			0			黃苓瑄			理論作曲（五）						0		必				50		1		
	MU90						10	0.40		音樂系（學）		MUU0271			0		1.0				115	半			Composition(V)	M		2303			0	N					◎限本系(含雙主修)、輔系修習			0			潘家琳			理論作曲（五）						0		必				50		1		
	MU90						10	0.40		音樂系（學）		MUU0272			0		1.0				115	半			Composition(VI)	I		2304			0	N					◎限本系(含雙主修)、輔系修習			0			黃苓瑄			理論作曲（六）						0		必				50		1		
	MU90						10	0.40		音樂系（學）		MUU0273			0		1.0				115	半			Composition(VII)	B		2305			0	N					◎限本系(含雙主修)、輔系修習			0			金希文			理論作曲（七）						0		必				50		1		
	MU90						10	0.40		音樂系（學）		MUU0273			0		1.0				115	半			Composition(VII)	E		2306			0	N					◎限本系(含雙主修)、輔系修習			0			蕭慶瑜			理論作曲（七）						0		必				50		1		
	MU90						10	0.40		音樂系（學）		MUU0273			0		1.0				115	半			Composition(VII)	G		2307			0	N					◎限本系(含雙主修)、輔系修習			0			陳瓊瑜			理論作曲（七）						0		必				50		1		
	MU90						10	0.40		音樂系（學）		MUU0274			0		1.0				115	半			Composition(VIII)	H		2308			0	N					◎限本系(含雙主修)、輔系修習			0			邱浩源			理論作曲（八）						0		必				50		1		
	MU90						10	0.40		音樂系（學）		MUU0275			0		1.0				115	半			Chinese Instruments(V)	B		2309			0	N					◎限本系(含雙主修)、輔系修習			0			郭靖沐			傳統樂器（五）						0		必				50		1		
	MU90						10	0.40		音樂系（學）		MUU0277			0		1.0				115	半			Chinese Instruments  (VII)	B		2310			0	N					◎限本系(含雙主修)、輔系修習			0			郭靖沐			傳統樂器（七）						0		必				50		1		
	MU90						10	0.40		音樂系（學）		MUU0277			0		1.0				115	半			Chinese Instruments  (VII)	E		2311			0	N					◎限本系(含雙主修)、輔系修習			0			蘇筠涵			傳統樂器（七）						0		必				50		1		
	MU90						10	0.20		音樂系（學）		MUU0311			0		2.0				115	半			Chamber Music for Strings Instruments (I)			2312			0	N					允許重複修			0			歐陽伶宜 王麗雯		四 A-B 和平 音樂系B1雙琴室	弦樂室內樂（一）						0		選				50		1		
	MU90						10	0.20		音樂系（學）		MUU0319			3		2.0				115	半			Pedagogy for Choral Music (I)			2313			0	N								0			潘宇文		一 3-4 和平 音308	合唱教學法（一）						0		選				50		1		
	MU90						10	0.20		音樂系（學）		MUU0321			2		2.0				115	半			Pedagogy for Ensemble (I)	C		2314			0	N								0			葉樹涵		四 A-B 和平 綜601	合奏教學法（一）						0		選				50		1		
	MU90						10	0.20		音樂系（學）		MUU0327			0		2.0				115	半			Methods in Accompaniment(I)			2315			0	N								0			徐嘉琪		五 5-6 和平 音308	伴奏法（一）						0		選				50		1		
	MU90						10	0.20		音樂系（學）		MUU0335			0		2.0				115	半			Introduction to Electronic Organ (I) </br>[ Program: The Inter-disciplinary Program of Music-assisted Guidance and Special Education ]			2316			0	N								0			陳怡婷		五 6-7 和平 音409	電子琴概論（一） </br>[ 學分學程：音樂輔導與特教學分學程 ]						0		選				50		1		ZU59
	MU90						10	0.20		音樂系（學）		MUU0349			0		2.0				115	半			Keyboard Harmonization (I) </br>[ Program: The Specialization Program of Piano Performance ]			2317			0	N								0			楊舒婷		四 3-4 和平 音210	鍵盤和聲（一） </br>[ 學分學程：鋼琴展演領域專業學分學程 ]						0		選				50	此課程隔年開設，請修習師培的同學注意。	1		ZU8H
	MU90						10	0.20		音樂系（學）		MUU0351			0		2.0				115	半			Music Appreciation (I)			2318			0	N		是						0			林嘉瑋		四 8-9 和平 音410	音樂欣賞（一）						0		選				50		1		
	MU90						10	0.20		音樂系（學）		MUU0357			0		2.0				115	半			Instrumentation (I) </br>[ Program: The Inter-disciplinary Program of Computer Music and Audio Technology ]			2319			0	N								0			莊文達		五 1-2 和平 音409	樂器學（一） </br>[ 學分學程：電腦音樂與音訊技術學分學程 ]						0		選				50		1		ZU60
	MU90						10	0.20		音樂系（學）		MUU0361			2	是	1.0				115	半	劉士堉		Guitar (I) </br>[ Program: The Inter-disciplinary Program of Music-assisted Guidance and Special Education ]			2320			0	N								0			劉士堉		五 6-7 和平 音109	吉他（一） </br>[ 學分學程：音樂輔導與特教學分學程 ]						0		選				50		1		ZU59
	MU90						0	0.00		音樂系（學）		MUU0365			0		0.5				115	半			Harpsichord (I)			2321			0	N					◎限本系(含雙主修)、輔系修習			0			蔡佳璇			大鍵琴（一）						0		選				4	此課為個別指導課需繳交個別指導費，需與老師協調上課時間。	1		
	MU90						10	0.20		音樂系（學）		MUU0381			0		2.0				115	半			Literature of Individual Major (Piano) (I) </br>[ Program: The Specialization Program of Piano Performance ]			2322			0	N								0			嚴俊傑		五 3-4 和平 音210	鋼琴音樂研究（一） </br>[ 學分學程：鋼琴展演領域專業學分學程 ]						0		選				50		1		ZU8H
	MU90						10	0.20		音樂系（學）		MUU0383			0		2.0				115	半			Literature of Individual Major (Voice) (I) </br>[ Program: The Specialization Program of Vocal Performance ]			2323			0	N								0			林孟君		五 3-4 和平 音樂系演奏廳	聲樂音樂研究（一） </br>[ 學分學程：聲樂展演領域專業學分學程 ]						0		選				50	隔年開設，組必修課程不可至外校修習	1		ZU8G
	MU90						10	0.20		音樂系（學）		MUU0385			0		2.0				115	半			Literature of  Individual Major (Winds) (I) </br>[ Program: The Specialization Program of Wind Performance ]			2324			0	N								0			宋威德		一 3-4 和平 音409	管樂音樂研究（一） </br>[ 學分學程：絃樂展演領域專業學分學程 ]						0		選				50	隔年開設，組必修課程不可至外校修習	1		ZU8F
	MU90						10	0.20		音樂系（學）		MUU0393			0		2.0				115	半			Introduction to Music Librarianship (I)			2325			0	N								0			吳佩蓉		三 8-9 和平 音410	音樂圖書館學概論（一）						0		選				50		1		
	MU90						10	0.20		音樂系（學）		MUU0407			0		2.0				115	半			Chamber Music-Wood Wind (I)			2326			0	N					允許重複修			0			宋威德		二 A-B 和平 音樂系B1雙琴室	木管室內樂（一）						0		選				50		1		
	MU90						10	0.20		音樂系（學）		MUU0409			0		2.0				115	半			Chamber Music-Percussion (I)			2327			0	N					允許重複修			0			蘇毓婷		三 A-B 和平 音樂系B1雙琴室	銅管室內樂（一）						0		選				50	銅管合奏團限主修銅管及打擊修習，外系學生需通過第一堂演奏能力測驗	1		
	MU90						10	0.20		音樂系（學）		MUU0417			0		2.0				115	半			Introduction to World Music (I)			2328			0	N								0			莊文達		五 3-4 和平 音409	世界音樂概論（一）						0		選				50		1		
	MU90						10	0.20		音樂系（學）		MUU0423			0		2.0				115	半			String Pedagogy (I) </br>[ Program: The Specialization Program of String Performance ]			2329			0	N								0			路耀祖		一 6-7 和平 音210	弦樂教學法（一） </br>[ 學分學程：絃樂展演領域專業學分學程 ]						0		選				50	副修及外系需以授權碼方式加選，第一堂課需測驗器樂演奏程度	1		ZU8E
	MU90						10	0.20		音樂系（學）		MUU0562			0		2.0				115	半			Italian(I) </br>[ Program: The Specialization Program of Vocal Performance ]			2330			0	N								0			羅明芳		一 1-2 和平 音209	意大利文（一） </br>[ 學分學程：聲樂展演領域專業學分學程 ]						0		選				50		1		ZU8G
	MU90						10	0.40		音樂系（學）		MUU0567			0		1.0				115	半			Piano(II)	I		2331			0	N					◎限本系(含雙主修)、輔系修習			0			嚴俊傑			鋼琴（二）						0		必				50		1		
	MU90						10	0.40		音樂系（學）		MUU0568			0		1.0				115	半			Piano(III)	E		2332			0	N					◎限本系(含雙主修)、輔系修習			0			林瑋祺			鋼琴（三）						0		必				50		1		
	MU90						10	0.40		音樂系（學）		MUU0568			0		1.0				115	半			Piano(III)	G		2333			0	N					◎限本系(含雙主修)、輔系修習			0			陳曉雰			鋼琴（三）						0		必				50		1		
	MU90						10	0.40		音樂系（學）		MUU0568			0		1.0				115	半			Piano(III)	H		2334			0	N					◎限本系(含雙主修)、輔系修習			0			鍾家瑋			鋼琴（三）						0		必				50		1		
	MU90						10	0.40		音樂系（學）		MUU0568			0		1.0				115	半			Piano(III)	I		2335			0	N					◎限本系(含雙主修)、輔系修習			0			嚴俊傑			鋼琴（三）						0		必				50		1		
	MU90						10	0.40		音樂系（學）		MUU0568			0		1.0				115	半			Piano(III)	J		2336			0	N					◎限本系(含雙主修)、輔系修習			0			穆貝爾			鋼琴（三）						0		必				50		1		
	MU90						10	0.40		音樂系（學）		MUU0568			0		1.0				115	半			Piano(III)	K		2337			0	N					◎限本系(含雙主修)、輔系修習			0			呂冠葶			鋼琴（三）						0		必				50		1		
	MU90						10	0.40		音樂系（學）		MUU0568			0		1.0				115	半			Piano(III)	O		2338			0	N					◎限本系(含雙主修)、輔系修習			0			陳芝羽			鋼琴（三）						0		必				50		1		
	MU90						10	0.40		音樂系（學）		MUU0568			0		1.0				115	半			Piano(III)	P		2339			0	N					◎限本系(含雙主修)、輔系修習			0			鄭怡君			鋼琴（三）						0		必				50		1		
	MU90						10	0.40		音樂系（學）		MUU0568			0		1.0				115	半			Piano(III)	R		2340			0	N					◎限本系(含雙主修)、輔系修習			0			賈元元			鋼琴（三）						0		必				50		1		
	MU90						10	0.40		音樂系（學）		MUU0568			0		1.0				115	半			Piano(III)	S		2341			0	N					◎限本系(含雙主修)、輔系修習			0			林季穎			鋼琴（三）						0		必				50		1		
	MU90						10	0.40		音樂系（學）		MUU0568			0		1.0				115	半			Piano(III)	T		2342			0	N					◎限本系(含雙主修)、輔系修習			0			蔡瀚儀			鋼琴（三）						0		必				50		1		
	MU90						10	0.40		音樂系（學）		MUU0568			0		1.0				115	半			Piano(III)	W		2343			0	N					◎限本系(含雙主修)、輔系修習			0			陳冠宇			鋼琴（三）						0		必				50		1		
	MU90						10	0.40		音樂系（學）		MUU0568			0		1.0				115	半			Piano(III)	X		2344			0	N					◎限本系(含雙主修)、輔系修習			0			廖皎含			鋼琴（三）						0		必				50		1		
	MU90						10	0.40		音樂系（學）		MUU0568			0		1.0				115	半			Piano(III)	Z		2345			0	N					◎限本系(含雙主修)、輔系修習			0			辛幸純			鋼琴（三）						0		必				50		1		
	MU90						10	0.40		音樂系（學）		MUU0569			0		1.0				115	半			Piano(IV)	J		2346			0	N					◎限本系(含雙主修)、輔系修習			0			穆貝爾			鋼琴（四）						0		必				50		1		
	MU90						10	0.40		音樂系（學）		MUU0569			0		1.0				115	半			Piano(IV)	T		2347			0	N					◎限本系(含雙主修)、輔系修習			0			蔡瀚儀			鋼琴（四）						0		必				50		1		
	MU90						10	0.40		音樂系（學）		MUU0572			0		1.0				115	半			Voice(III)	D		2348			0	N					◎限本系(含雙主修)、輔系修習			0			羅明芳			聲樂（三）						0		必				50		1		
	MU90						10	0.40		音樂系（學）		MUU0572			0		1.0				115	半			Voice(III)	E		2349			0	N					◎限本系(含雙主修)、輔系修習			0			王望舒			聲樂（三）						0		必				50		1		
	MU90						10	0.40		音樂系（學）		MUU0572			0		1.0				115	半			Voice(III)	F		2350			0	N					◎限本系(含雙主修)、輔系修習			0			耿立			聲樂（三）						0		必				50		1		
	MU90						10	0.40		音樂系（學）		MUU0572			0		1.0				115	半			Voice(III)	H		2351			0	N					◎限本系(含雙主修)、輔系修習			0			黎蓉櫻			聲樂（三）						0		必				50		1		
	MU90						10	0.40		音樂系（學）		MUU0572			0		1.0				115	半			Voice(III)	K		2352			0	N					◎限本系(含雙主修)、輔系修習			0			林孟君			聲樂（三）						0		必				50		1		
	MU90						10	0.40		音樂系（學）		MUU0576			0		1.0				115	半			Winds (III)	A		2353			0	N					◎限本系(含雙主修)、輔系修習			0			宋威德			管樂器（三）						0		必				50		1		
	MU90						10	0.40		音樂系（學）		MUU0576			0		1.0				115	半			Winds (III)	F		2354			0	N					◎限本系(含雙主修)、輔系修習			0			游雅慧			管樂器（三）						0		必				50		1		
	MU90						10	0.40		音樂系（學）		MUU0576			0		1.0				115	半			Winds (III)	H		2355			0	N					◎限本系(含雙主修)、輔系修習			0			段富軒			管樂器（三）						0		必				50		1		
	MU90						10	0.40		音樂系（學）		MUU0576			0		1.0				115	半			Winds (III)	J		2356			0	N					◎限本系(含雙主修)、輔系修習			0			簡凱玉			管樂器（三）						0		必				50		1		
	MU90						10	0.40		音樂系（學）		MUU0576			0		1.0				115	半			Winds (III)	L		2357			0	N					◎限本系(含雙主修)、輔系修習			0			蘇毓婷			管樂器（三）						0		必				50		1		
	MU90						10	0.40		音樂系（學）		MUU0576			0		1.0				115	半			Winds (III)	N		2358			0	N					◎限本系(含雙主修)、輔系修習			0			劉昱男			管樂器（三）						0		必				50		1		
	MU90						10	0.40		音樂系（學）		MUU0576			0		1.0				115	半			Winds (III)	O		2359			0	N					◎限本系(含雙主修)、輔系修習			0			蔡佳修			管樂器（三）						0		必				50		1		
	MU90						10	0.40		音樂系（學）		MUU0576			0		1.0				115	半			Winds (III)	Q		2360			0	N					◎限本系(含雙主修)、輔系修習			0			賴俊諺			管樂器（三）						0		必				50		1		
	MU90						10	0.40		音樂系（學）		MUU0579			0		1.0				115	半			String Instruments(II)	S		2361			0	N					◎限本系(含雙主修)、輔系修習			0			廖珮如			絃樂器（二）						0		必				50		1		
	MU90						10	0.40		音樂系（學）		MUU0580			0		1.0				115	半			String Instruments(III)	A		2362			0	N					◎限本系(含雙主修)、輔系修習			0			陳沁紅			絃樂器（三）						0		必				50		1		
	MU90						10	0.40		音樂系（學）		MUU0580			0		1.0				115	半			String Instruments(III)	F		2363			0	N					◎限本系(含雙主修)、輔系修習			0			陳昱翰			絃樂器（三）						0		必				50		1		
	MU90						10	0.40		音樂系（學）		MUU0580			0		1.0				115	半			String Instruments(III)	G		2364			0	N					◎限本系(含雙主修)、輔系修習			0			傅瑋亭			絃樂器（三）						0		必				50		1		
	MU90						10	0.40		音樂系（學）		MUU0580			0		1.0				115	半			String Instruments(III)	H		2365			0	N					◎限本系(含雙主修)、輔系修習			0			路耀祖			絃樂器（三）						0		必				50		1		
	MU90						10	0.40		音樂系（學）		MUU0580			0		1.0				115	半			String Instruments(III)	K		2366			0	N					◎限本系(含雙主修)、輔系修習			0			吳庭毓			絃樂器（三）						0		必				50		1		
	MU90						10	0.40		音樂系（學）		MUU0580			0		1.0				115	半			String Instruments(III)	L		2367			0	N					◎限本系(含雙主修)、輔系修習			0			楊瑞瑟			絃樂器（三）						0		必				50		1		
	MU90						10	0.40		音樂系（學）		MUU0580			0		1.0				115	半			String Instruments(III)	M		2368			0	N					◎限本系(含雙主修)、輔系修習			0			王麗雯			絃樂器（三）						0		必				50		1		
	MU90						10	0.40		音樂系（學）		MUU0580			0		1.0				115	半			String Instruments(III)	O		2369			0	N					◎限本系(含雙主修)、輔系修習			0			詹書婷			絃樂器（三）						0		必				50		1		
	MU90						10	0.40		音樂系（學）		MUU0580			0		1.0				115	半			String Instruments(III)	P		2370			0	N					◎限本系(含雙主修)、輔系修習			0			戴俐文			絃樂器（三）						0		必				50		1		
	MU90						10	0.40		音樂系（學）		MUU0580			0		1.0				115	半			String Instruments(III)	R		2371			0	N					◎限本系(含雙主修)、輔系修習			0			蘇億容			絃樂器（三）						0		必				50		1		
	MU90						10	0.40		音樂系（學）		MUU0580			0		1.0				115	半			String Instruments(III)	U		2372			0	N					◎限本系(含雙主修)、輔系修習			0			解瑄			絃樂器（三）						0		必				50		1		
	MU90						10	0.40		音樂系（學）		MUU0580			0		1.0				115	半			String Instruments(III)	W		2373			0	N					◎限本系(含雙主修)、輔系修習			0			蔡耿銘			絃樂器（三）						0		必				50		1		
	MU90						10	0.40		音樂系（學）		MUU0584			0		1.0				115	半			Percussion  (III)	B		2374			0	N					◎限本系(含雙主修)、輔系修習			0			鄭雅心			敲擊樂（三）						0		必				50		1		
	MU90						10	0.40		音樂系（學）		MUU0588			0		1.0				115	半			Composition(III)	E		2375			0	N					◎限本系(含雙主修)、輔系修習			0			蕭慶瑜			理論作曲（三）						0		必				50		1		
	MU90						10	0.40		音樂系（學）		MUU0588			0		1.0				115	半			Composition(III)	G		2376			0	N					◎限本系(含雙主修)、輔系修習			0			陳瓊瑜			理論作曲（三）						0		必				50		1		
	MU90						10	0.40		音樂系（學）		MUU0588			0		1.0				115	半			Composition(III)	I		2377			0	N					◎限本系(含雙主修)、輔系修習			0			黃苓瑄			理論作曲（三）						0		必				50		1		
	MU90						10	0.40		音樂系（學）		MUU0588			0		1.0				115	半			Composition(III)	M		2378			0	N					◎限本系(含雙主修)、輔系修習			0			潘家琳			理論作曲（三）						0		必				50		1		
	MU90						10	0.40		音樂系（學）		MUU0589			0		1.0				115	半			Composition(IV)	I		2379			0	N					◎限本系(含雙主修)、輔系修習			0			黃苓瑄			理論作曲（四）						0		必				50		1		
	MU90						10	0.40		音樂系（學）		MUU0592			0		1.0				115	半			Chinese Instruments(III)	C		2380			0	N					◎限本系(含雙主修)、輔系修習			0			陳慧君			傳統樂器（三）						0		必				50		1		
	MU90						10	0.40		音樂系（學）		MUU0592			0		1.0				115	半			Chinese Instruments(III)	E		2381			0	N					◎限本系(含雙主修)、輔系修習			0			蘇筠涵			傳統樂器（三）						0		必				50		1		
	MU90						10	0.20		音樂系（學）		MUU0630			0		2.0				115	半			Introduction to Music Education			2382			0	N								0			莊惠君		三 6-7 和平 音210	音樂教育概論						0		選				50		1		
	MU90						10	0.20		音樂系（學）		MUU0632			0		2.0				115	半			Introduction to Early Music (I)			2383			0	N								0			蔡佳璇		五 5-6 和平 音410	早期音樂演奏詮釋法概論（一）						0		選				50		1		
	MU90						10	0.20		音樂系（學）		MUU0634			1	是	2.0				115	半	張尹芳		Ensemble (Chorus) (I) </br>[ Program: The Specialization Program of String Performance The Specialization Program of Wind Performance The Specialization Program of Vocal Performance The Specialization Program of Piano Performance The Inter-disciplinary Program of Music-assisted Guidance and Special Education ]	A		2384			0	N					允許重複修			0			張尹芳		一 9-10 和平 音樂系演奏廳, 五 9-10 和平 音樂系演奏廳	合奏（唱）（一） </br>[ 學分學程：絃樂展演領域專業學分學程 絃樂展演領域專業學分學程 聲樂展演領域專業學分學程 鋼琴展演領域專業學分學程 音樂輔導與特教學分學程 ]						0		必				50	合奏A團。選課規定: 大一絃樂主修請選合奏(唱)(二)B；大一管擊樂主修請選合奏(唱)(二)A；大二、大三絃樂&管樂擊樂主修請選合奏(唱)(二)A；大一至大三傳統樂器&作曲&鋼琴主修男生、大三傳統樂器&作曲&鋼琴主修女生及大一至大三聲樂主修請選合奏(唱)(二)D；大一、大二傳統樂器&作曲&鋼琴主修女生請選合奏(唱)(二)E；其他若有特殊原因(例如受傷無法演奏樂器)無法依照上述原則選課的同學，需取得授課老師同意證明才可選課。	1		ZU59/ZU8E/ZU8F/ZU8G/ZU8H
	MU90						10	0.20		音樂系（學）		MUU0634			1	是	2.0				115	半	廖嘉弘		Ensemble (Chorus) (I) </br>[ Program: The Specialization Program of String Performance The Specialization Program of Wind Performance The Specialization Program of Vocal Performance The Specialization Program of Piano Performance The Inter-disciplinary Program of Music-assisted Guidance and Special Education ]	B		2385			0	N					允許重複修			0			廖嘉弘		一 3-4 和平 音樂系演奏廳, 五 5-6 和平 音209	合奏（唱）（一） </br>[ 學分學程：絃樂展演領域專業學分學程 絃樂展演領域專業學分學程 聲樂展演領域專業學分學程 鋼琴展演領域專業學分學程 音樂輔導與特教學分學程 ]						0		必				50	合奏B團。選課規定: 大一絃樂主修請選合奏(唱)(二)B；大一管擊樂主修請選合奏(唱)(二)A；大二、大三絃樂&管樂擊樂主修請選合奏(唱)(二)A；大一至大三傳統樂器&作曲&鋼琴主修男生、大三傳統樂器&作曲&鋼琴主修女生及大一至大三聲樂主修請選合奏(唱)(二)D；大一、大二傳統樂器&作曲&鋼琴主修女生請選合奏(唱)(二)E；其他若有特殊原因(例如受傷無法演奏樂器)無法依照上述原則選課的同學，需取得授課老師同意證明才可選課。	1		ZU59/ZU8E/ZU8F/ZU8G/ZU8H
	MU90						10	0.20		音樂系（學）		MUU0634			1	是	2.0				115	半	陳麗芬		Ensemble (Chorus) (I) </br>[ Program: The Specialization Program of String Performance The Specialization Program of Wind Performance The Specialization Program of Vocal Performance The Specialization Program of Piano Performance The Inter-disciplinary Program of Music-assisted Guidance and Special Education ]	D		2386			0	N					允許重複修			0			陳麗芬		一 9-10 和平 音308, 五 9-10 和平 音308	合奏（唱）（一） </br>[ 學分學程：絃樂展演領域專業學分學程 絃樂展演領域專業學分學程 聲樂展演領域專業學分學程 鋼琴展演領域專業學分學程 音樂輔導與特教學分學程 ]						0		必				50	合唱A團。選課規定: 大一絃樂主修請選合奏(唱)(二)B；大一管擊樂主修請選合奏(唱)(二)A；大二、大三絃樂&管樂擊樂主修請選合奏(唱)(二)A；大一至大三傳統樂器&作曲&鋼琴主修男生、大三傳統樂器&作曲&鋼琴主修女生及大一至大三聲樂主修請選合奏(唱)(二)D；大一、大二傳統樂器&作曲&鋼琴主修女生請選合奏(唱)(二)E；其他若有特殊原因(例如受傷無法演奏樂器)無法依照上述原則選課的同學，需取得授課老師同意證明才可選課。	1		ZU59/ZU8E/ZU8F/ZU8G/ZU8H
	MU90						10	0.20		音樂系（學）		MUU0634			1	是	2.0				115	半	戴怡音		Ensemble (Chorus) (I) </br>[ Program: The Specialization Program of String Performance The Specialization Program of Wind Performance The Specialization Program of Vocal Performance The Specialization Program of Piano Performance The Inter-disciplinary Program of Music-assisted Guidance and Special Education ]	E		2387			0	N					允許重複修			0			戴怡音		一 9-10 和平 音209, 五 9-10 和平 音209	合奏（唱）（一） </br>[ 學分學程：絃樂展演領域專業學分學程 絃樂展演領域專業學分學程 聲樂展演領域專業學分學程 鋼琴展演領域專業學分學程 音樂輔導與特教學分學程 ]						0		必				50	合唱B團。選課規定: 大一絃樂主修請選合奏(唱)(二)B；大一管擊樂主修請選合奏(唱)(二)A；大二、大三絃樂&管樂擊樂主修請選合奏(唱)(二)A；大一至大三傳統樂器&作曲&鋼琴主修男生、大三傳統樂器&作曲&鋼琴主修女生及大一至大三聲樂主修請選合奏(唱)(二)D；大一、大二傳統樂器&作曲&鋼琴主修女生請選合奏(唱)(二)E；其他若有特殊原因(例如受傷無法演奏樂器)無法依照上述原則選課的同學，需取得授課老師同意證明才可選課。	1		ZU59/ZU8E/ZU8F/ZU8G/ZU8H
	MU90						10	0.20		音樂系（學）		MUU0636			0		2.0				115	半			Analysis in Classical Music </br>[ Program: The Specialization Program of Music Theory ]			2388			0	N								0			黃苓瑄		一 6-7 和平 音409	樂曲分析 </br>[ 學分學程：音樂理論領域專業學分學程 ]						0		選				50		1		ZU8J
	MU90						10	0.20		音樂系（學）		MUC0031			0		2.0				115	半			Teaching Technique and Application of Orff Approach </br>[ Program: The Inter-disciplinary Program of Music-assisted Guidance and Special Education ]			2389			0	N			9					0			莊惠君	大碩	三 8-9 和平 音樂系演奏廳	奧福教學法之教學技巧及運用 </br>[ 學分學程：音樂輔導與特教學分學程 ]						0		選				50		1		ZU59
	MU90						10	0.20		音樂系（學）		MUC0053			0		2.0				115	半			Music Aesthetics </br>[ Program: The Inter-disciplinary Program of Computer Music and Audio Technology The Specialization Program of Music History ]			2390			0	N			9					0			林嘉瑋	大碩	四 6-7 和平 音410	音樂美學 </br>[ 學分學程：電腦音樂與音訊技術學分學程 音樂歷史領域專業學分學程 ]						0		選				50		1		ZU60/ZU8K
	MU90						10	0.20		音樂系（學）		MUC0066			1		2.0				115	半			Electronic Music(I) </br>[ Program: The Inter-disciplinary Program of Computer Music and Audio Technology The Specialization Program of Music Technology ]			2392			0	N			9					0			陳家輝	大碩	五 3-4 和平 教403	電腦音樂（一） </br>[ 學分學程：電腦音樂與音訊技術學分學程 音樂科技領域專業學分學程 ]						0		選				50	選課同學需具備基礎樂理知識，並自備電腦、滑鼠、耳機、已授權之Max軟體 (MaxMSP)	1		ZU60/ZU8I
	MU90						10	0.20		音樂系（學）		MUC0068			1		2.0				115	半			Opera Singing (I)			2393			0	N		是	9					0			耿立	大碩	一 6-7 和平 音樂系演奏廳	歌劇演唱（一）						0		選				50		1		
	MU90						10	0.20		音樂系（學）		MUC0108			1		2.0				115	半			Jazz Ensemble (I)			2394			0	N			9					0			周岳澄	大碩	五 3-4 和平 音308	爵士樂合奏（一）						0		選				50		1		
	MU90						10	0.20		音樂系（學）		MUC9006			2		2.0				115	半			Music and Interdisciplinary Collaborations </br>[ Program: The Inter-disciplinary Program of Computer Music and Audio Technology The Specialization Program of Music Technology ]			2395			0	N		是	9					0			林芝良	大碩	四 8-9 和平 音409	音樂跨域製作 </br>[ 學分學程：電腦音樂與音訊技術學分學程 音樂科技領域專業學分學程 ]						0		選				50		1		ZU60/ZU8I
	MU90						10	0.20		音樂系（學）		MUC9007			0		2.0				115	半			The Practice of Orchestra Administration (I)			2396			0	N			9					0			歐陽伶宜	大碩	二 3-4 和平 音209	樂團行政實務（一）						0		選				50		1		
	MU90						10	0.20		音樂系（學）		MUC9021			1		2.0				115	半			Ensemble (Chorus) (III)	A		2397			0	N			9					0			張尹芳	大碩	一 9-10 和平 音樂系演奏廳, 五 9-10 和平 音樂系演奏廳	合奏（唱）（三）						0		選				50	合奏A團。選課規定:合奏(唱)(三)是絃樂組、管擊樂組、聲樂組必選修，學生可於大一至大四擇一學年修習，重複修習不算畢業學分。 不可採認為合奏(唱)(一)或合奏(唱)(二)的畢業學分。	1		
	MU90						10	0.20		音樂系（學）		MUC9021			1		2.0				115	半			Ensemble (Chorus) (III)	B		2398			0	N			9					0			廖嘉弘	大碩	一 3-4 和平 音樂系演奏廳, 五 5-6 和平 音209	合奏（唱）（三）						0		選				50	合奏B團。選課規定:合奏(唱)(三)是絃樂組、管擊樂組、聲樂組必選修，學生可於大一至大四擇一學年修習，重複修習不算畢業學分。不可採認為合奏(唱)(一)或合奏(唱)(二)的畢業學分。	1		
	MU90						10	0.20		音樂系（學）		MUC9021			1		2.0				115	半			Ensemble (Chorus) (III)	D		2399			0	N			9					0			陳麗芬	大碩	一 9-10 和平 音308, 五 9-10 和平 音308	合奏（唱）（三）						0		選				50	合唱A團。選課規定:合奏(唱)(三)是絃樂組、管擊樂組、聲樂組必選修，學生可於大一至大四擇一學年修習，重複修習不算畢業學分。不可採認為合奏(唱)(一)或合奏(唱)(二)的畢業學	1		
	MU90						10	0.20		音樂系（學）		MUC9021			1		2.0				115	半			Ensemble (Chorus) (III)	E		2400			0	N			9					0			戴怡音	大碩	一 9-10 和平 音209, 五 9-10 和平 音209	合奏（唱）（三）						0		選				50	合唱B團。選課規定:合奏(唱)(三)是絃樂組、管擊樂組、聲樂組必選修，學生可於大一至大四擇一學年修習，重複修習不算畢業學分。不可採認為合奏(唱)(一)或合奏(唱)(二)的畢業學分。	1		
	MU90						10	0.20		音樂系（學）		MUC9026			0		2.0				115	半			Orchestral Excerpts (Wind) (I) </br>[ Program: The Specialization Program of Wind Performance ]			2401			0	N			9					0			蘇毓婷	大碩	四 6-7 和平 音308	管絃樂片段－管樂（一） </br>[ 學分學程：絃樂展演領域專業學分學程 ]						0		選				50		1		ZU8F
	MU90						10	0.20		音樂系（學）		MUC9028			3		2.0				115	半			The Study of Orchestration </br>[ Program: The Inter-disciplinary Program of Computer Music and Audio Technology ]			2402			0	N		是	9					0			邱浩源	大碩	一 3-4 和平 音209	配器法 </br>[ 學分學程：電腦音樂與音訊技術學分學程 ]						0		選				50		1		ZU60
	MU90						10	0.20		音樂系（學）		MUC9030			1		2.0				115	半			Advanced Electronic Music (I) </br>[ Program: The Inter-disciplinary Program of Computer Music and Audio Technology The Specialization Program of Music Technology ]			2403			0	N		是	9					0			陳家輝	大碩	五 5-6 和平 教403	進階電腦音樂（一） </br>[ 學分學程：電腦音樂與音訊技術學分學程 音樂科技領域專業學分學程 ]						0		選				50	選課同學需具備基礎樂理知識，並自備電腦、滑鼠、耳機、已授權之Max軟體 (MaxMSP)	1		ZU60/ZU8I
	MU90						10	0.20		音樂系（學）		MUC9032			0		2.0				115	半			Orchestral Excerpts (String) (I) </br>[ Program: The Specialization Program of String Performance ]			2404			0	N			9					0			吳庭毓	大碩	三 9-10 和平 音樂系B1雙琴室	管絃樂片段－絃樂（一） </br>[ 學分學程：絃樂展演領域專業學分學程 ]						0		選				50	課程內容適合指揮組學生一同選課	1		ZU8E
	MU90						10	0.13		音樂系（學）		MUU0315			0		2.0				115	半			History of Taiwanese Music(I) </br>[ Program: The Specialization Program of Music History ]			2405			0	N					◎限大一修習			0			呂鈺秀		四 1-2 和平 音308	臺灣音樂史（一） </br>[ 學分學程：音樂歷史領域專業學分學程 ]	一			1		0		必				75		1		ZU8K
	MU90						10	0.20		音樂系（學）		MUU0425			0		2.0				115	半			Advanced Harmony (I)	C		2406			0	N					◎限本系(含雙主修)、輔系修習◎限大一修習			0			蕭慶瑜		二 8-9 和平 音209	高級和聲學（一）	一			1		0		必				50	欲修習和聲學的同學須通過開學第一週於課程期間所辦理之程度測驗，本系一甲同學請至C班測驗，本系一乙同學請至B班測驗，外系同學(含輔系及雙主修)請至A班測驗，通過測驗後請依照系辦公室公告之選課班級選課，外系同學請於第二週向授課老師拿授權碼選課。	1		
	MU90						10	0.20		音樂系（學）		MUU0427			0		2.0				115	半			Advanced Musicianship (I)	B		2407			0	N					◎限本系(含雙主修)、輔系修習◎限大一修習			0			吳佩蓉		二 1-2 和平 音209	進階音樂基礎訓練（一）	一			1		0		選				50	欲修習音樂基礎訓練的同學須通過開學第一週於課程期間所辦理之程度測驗，本系一甲同學請至C班測驗，本系一乙同學請至B班測驗，外系同學(含輔系及雙主修)請至A班測驗，通過測驗後請依照系辦公室公告之選課班級選課，外系同學請於第二週向授課老師拿授權碼選課。	1		
	MU90						10	0.20		音樂系（學）		MUU0427			0		2.0				115	半			Advanced Musicianship (I)	C		2408			0	N					◎限本系(含雙主修)、輔系修習◎限大一修習			0			黃苓瑄		二 1-2 和平 音409	進階音樂基礎訓練（一）	一			1		0		選				50	欲修習音樂基礎訓練的同學須通過開學第一週於課程期間所辦理之程度測驗，本系一甲同學請至C班測驗，本系一乙同學請至B班測驗，外系同學(含輔系及雙主修)請至A班測驗，通過測驗後請依照系辦公室公告之選課班級選課，外系同學請於第二週向授課老師拿授權碼選課。	1		
	MU90						10	0.20		音樂系（學）		MUU0458			0		2.0				115	半			Harmony (I) </br>[ Program: The Specialization Program of Music Theory ]	A		2409			0	N					◎限本系(含雙主修)、輔系修習◎限大一修習			0			邱妍甯		二 8-9 和平 音410	和聲學（一） </br>[ 學分學程：音樂理論領域專業學分學程 ]	一			1		0		選				50	欲修習和聲學的同學須通過開學第一週於課程期間所辦理之程度測驗，本系一甲同學請至C班測驗，本系一乙同學請至B班測驗，外系同學(含輔系及雙主修)請至A班測驗，通過測驗後請依照系辦公室公告之選課班級選課，外系同學請於第二週向授課老師拿授權碼選課。	1		ZU8J
	MU90						10	0.20		音樂系（學）		MUU0458			0		2.0				115	半			Harmony (I) </br>[ Program: The Specialization Program of Music Theory ]	B		2410			0	N					◎限本系(含雙主修)、輔系修習◎限大一修習			0			陳瓊瑜		二 8-9 和平 音210	和聲學（一） </br>[ 學分學程：音樂理論領域專業學分學程 ]	一			1		0		選				50	欲修習和聲學的同學須通過開學第一週於課程期間所辦理之程度測驗，本系一甲同學請至C班測驗，本系一乙同學請至B班測驗，外系同學(含輔系及雙主修)請至A班測驗，通過測驗後請依照系辦公室公告之選課班級選課，外系同學請於第二週向授課老師拿授權碼選課。	1		ZU8J
	MU90						10	0.20		音樂系（學）		MUU0560			0		2.0				115	半			Basic Musicianship (I) </br>[ Program: The Specialization Program of String Performance The Specialization Program of Wind Performance The Specialization Program of Vocal Performance The Specialization Program of Piano Performance The Specialization Program of Music Technology The Specialization Program of Music Theory The Specialization Program of Music History ]	A		2411			0	N					◎限本系(含雙主修)、輔系修習◎限大一修習			0			林芝良		二 1-2 和平 音410	音樂基礎訓練（一） </br>[ 學分學程：絃樂展演領域專業學分學程 絃樂展演領域專業學分學程 聲樂展演領域專業學分學程 鋼琴展演領域專業學分學程 音樂科技領域專業學分學程 音樂理論領域專業學分學程 音樂歷史領域專業學分學程 ]	一			1		0		選				50	欲修習音樂基礎訓練的同學須通過開學第一週於課程期間所辦理之程度測驗，本系一甲同學請至C班測驗，本系一乙同學請至B班測驗，外系同學(含輔系及雙主修)請至A班測驗，通過測驗後請依照系辦公室公告之選課班級選課，外系同學請於第二週向授課老師拿授權碼選課。	1		ZU8E/ZU8F/ZU8G/ZU8H/ZU8I/ZU8J/ZU8K
	MU90						10	0.20		音樂系（學）		MUU0239			0		2.0				115	半			Introduction to School Music Education			2412			0	N			1		◎限大一修習			0			吳舜文	甲	四 3-4 和平 音409	學校音樂教育導論	一			1		0		選				50		1		
	MU90						10	0.20		音樂系（學）		MUU0239			0		2.0				115	半			Introduction to School Music Education			2413			0	N			2		◎限大一修習			0			莊惠君	乙	四 3-4 和平 音410	學校音樂教育導論	一			1		0		選				50		1		
	MU90						0	0.00		音樂系（學）		MUU0323			0		2.0				115	半			Harmony(III)	A		2414			0	N					◎限本系(含雙主修)、輔系修習			0			邱妍甯		二 6-7 和平 音410	和聲學（三）	二			2		0		選				50	請同學依據大一程度測驗結果及系辦公室後續公告之班級安排進行選課。	1		
	MU90						0	0.00		音樂系（學）		MUU0323			0		2.0				115	半			Harmony(III)	B		2415			0	N					◎限本系(含雙主修)、輔系修習			0			陳瓊瑜		二 6-7 和平 音210	和聲學（三）	二			2		0		選				50	請同學依據大一程度測驗結果及系辦公室後續公告之班級安排進行選課。	1		
	MU90						0	0.00		音樂系（學）		MUU0325			0		2.0				115	半			Basic Musicianship (III)	A		2416			0	N					◎限本系(含雙主修)、輔系修習			0			蔡瀚儀		五 3-4 和平 音209	音樂基礎訓練（三）	二			2		0		選				50	請同學依據大一程度測驗結果及系辦公室後續公告之班級安排進行選課。	1		
	MU90						0	0.00		音樂系（學）		MUU0329			0		2.0				115	半			Counterpoint(I) </br>[ Program: The Specialization Program of Music Theory ]	A		2417			0	N								0			陳瓊瑜		一 3-4 和平 音210	對位法（一） </br>[ 學分學程：音樂理論領域專業學分學程 ]	二			2		0		必				35		1		ZU8J
	MU90						0	0.00		音樂系（學）		MUU0329			0		2.0				115	半			Counterpoint(I) </br>[ Program: The Specialization Program of Music Theory ]	B		2418			0	N								0			吳佩蓉		一 1-2 和平 音210	對位法（一） </br>[ 學分學程：音樂理論領域專業學分學程 ]	二			2		0		必				35		1		ZU8J
	MU90						0	0.00		音樂系（學）		MUU0456			0		2.0				115	半			History of Western Music(I) </br>[ Program: The Specialization Program of Music History ]	A		2419			0	N		是						0			司信寧		二 3-4 和平 音210	西洋音樂史（一） </br>[ 學分學程：音樂歷史領域專業學分學程 ]	二			2		0		必				35		1		ZU8K
	MU90						0	0.00		音樂系（學）		MUU0456			0		2.0				115	半			History of Western Music(I) </br>[ Program: The Specialization Program of Music History ]	B		2420			0	N								0			林嘉瑋		二 3-4 和平 音410	西洋音樂史（一） </br>[ 學分學程：音樂歷史領域專業學分學程 ]	二			2		0		必				35		1		ZU8K
	MU90						5	0.07		音樂系（學）		MUU0313			0		2.0				115	半			History of Chinese Music(I) </br>[ Program: The Specialization Program of Music History ]			2421			0	N								0			莊文達		四 9-10 和平 音308	中國音樂史（一） </br>[ 學分學程：音樂歷史領域專業學分學程 ]	三			3		0		必				75		1		ZU8K
	MU90						0	0.00		音樂系（學）		MUU0317			0		2.0				115	半			History of Western Music(III) </br>[ Program: The Inter-disciplinary Program of Computer Music and Audio Technology The Specialization Program of Music History ]	A		2422			0	N		是						0			司信寧		四 3-4 和平 音209	西洋音樂史（三） </br>[ 學分學程：電腦音樂與音訊技術學分學程 音樂歷史領域專業學分學程 ]	三			3		0		必				35		1		ZU60/ZU8K
	MU90						0	0.00		音樂系（學）		MUU0317			0		2.0				115	半			History of Western Music(III) </br>[ Program: The Inter-disciplinary Program of Computer Music and Audio Technology The Specialization Program of Music History ]	B		2423			0	N								0			黃均人		四 1-2 和平 音209	西洋音樂史（三） </br>[ 學分學程：電腦音樂與音訊技術學分學程 音樂歷史領域專業學分學程 ]	三			3		0		必				35		1		ZU60/ZU8K
	MU90						10	0.28		音樂系（學）		MUU0333			0		2.0				115	半			Methods in Conducting (I)	A		2424			0	N								0			張尹芳		二 1-2 和平 音樂系演奏廳	指揮法（一）	三			3		0		必				35		1		
	MU90						10	0.28		音樂系（學）		MUU0333			0		2.0				115	半			Methods in Conducting (I)	B		2425			0	N								0			戴怡音		二 3-4 和平 音樂系演奏廳	指揮法（一）	三			3		0		必				35		1		
	MU90						0	0.00		音樂系（學）		MUU0429			0		2.0				115	半			Form and Analysis (I)	A		2426			0	N								0			蕭慶瑜		二 6-7 和平 音209	曲式與分析（一）	三			3		0		必				35		1		
	MU90						0	0.00		音樂系（學）		MUU0429			0		2.0				115	半			Form and Analysis (I)	B		2427			0	N		是						0			黃苓瑄		三 6-7 和平 音409	曲式與分析（一）	三			3		0		必				35		1		
	MU90						0	0.00		音樂系（學）		MUUE110			0		2.0				115	半			Teaching Practicum: Music(I)			2428			0	N			1		◎限 二階生 教育學程生 不佔名額生 登記修習生 可修◎必須先修過【MUUE001  音樂教材教法（教）】			0			潘宇文	甲	四 6-9 和平 音210	音樂教學實習（一）（教）	四			4		0		選				50		1		
	MU90						0	0.00		音樂系（學）		MUUE110			0		2.0				115	半			Teaching Practicum: Music(I)			2429			0	N			2		◎限 二階生 教育學程生 不佔名額生 登記修習生 可修◎必須先修過【MUUE001  音樂教材教法（教）】			0			吳舜文	乙	四 6-9 和平 音209	音樂教學實習（一）（教）	四			4		0		選				50		1		
	MU92						10	0.29		表藝系（學）		PAU0010			2		2.0				115	半			Performing Psychology			2430			0	N								0			范聖韜		三 6-7 和平 知音劇場	表演心理學						0		選				35		1		
	MU92						10	0.20		表藝系（學）		PAU0014			0		2.0				115	半			Practice of Performing Arts Industries </br>[ Program: The Specialization Program of Arts Administration The Inter-disciplinary Program of Club Members Leadership And Empowerment Cultivation ]			2431			0	N								0			何康國		三 A-B 和平 表藝中心	表演藝術產業實務 </br>[ 學分學程：藝術行政專業學分學程 社團人專業領導培力學分學程 ]						0		選				50		1		ZU4O/ZU9Q
	MU92						10	0.33		表藝系（學）		PAU0052			1		2.0				115	半			Choreography			2432			0	N								0			未定		一 5-6 和平 知音劇場	舞蹈創作						0		選				30	授課老師：張秀萍老師	1		
	MU92						10	0.20		表藝系（學）		PAU0061			0		2.0				115	半			Performance Production			2433			0	N					◎限本系(含雙主修)修習◎必須先修過【PAU0008  演出企劃與製作】			0			林娟儀 張洪誠		四 3-4 和平 知音劇場	畢業演出製作						0		必				50		1		
	MU92						10	0.20		表藝系（學）		PAU0075			0		2.0				115	半			Singing for Musicals (V)			2434			0	N					◎必須先修過【PAU0074  音樂劇歌唱訓練（四）】			0			未定		三 3-4 和平 行健閣	音樂劇歌唱訓練（五）						0		選				50	授課老師：鄭帆婷老師	1		
	MU92						10	0.20		表藝系（學）		PAU0081			0		2.0				115	半			Musical Physical Training (I) </br>[ Program: The Specialization Program of Musical Theatre Practical Training ]	A		2435			0	N								0			張洪誠		二 1-2 和平 知音劇場	音樂劇肢體訓練（一） </br>[ 學分學程：音樂劇訓練與實踐專業學分學程 ]						0		必				50		1		ZU8P
	MU92						10	0.20		表藝系（學）		PAU0081			0		2.0				115	半			Musical Physical Training (I) </br>[ Program: The Specialization Program of Musical Theatre Practical Training ]	B		2436			0	N								0			張洪誠		一 1-2 和平 教育大樓地下室E區	音樂劇肢體訓練（一） </br>[ 學分學程：音樂劇訓練與實踐專業學分學程 ]						0		必				50		1		ZU8P
	MU92						8	0.16		表藝系（學）		PAU0085			0		2.0				115	半			Music Reading and Rhythm Training (I) </br>[ Program: The Specialization Program of Musical Theatre Music Practice ]			2437			0	N								0			林娟儀		二 5-6 和平 樂研四	讀譜與節奏（一） </br>[ 學分學程：音樂劇之音樂實踐專業學分學程 ]						0		選				50		1		ZU4P
	MU92						10	0.20		表藝系（學）		PAU0088			0		2.0				115	半			Musical Physical Training (III)			2438			0	N					◎必須先修過【PAU0082  音樂劇肢體訓練（二）】			0			張洪誠		三 3-4 和平 知音劇場	音樂劇肢體訓練（三）						0		選				50		1		
	MU92						10	0.20		表藝系（學）		PAU0092			0		2.0				115	半			Musical Theatre Choreography </br>[ Program: The Specialization Program of Dance Practice in Musical Theatre ]			2439			0	N					◎必須先修過【PAC9013  音樂劇表演】			0			張洪誠		二 3-4 和平 知音劇場	音樂劇編舞 </br>[ 學分學程：音樂劇之舞蹈實踐專業學分學程 ]						0		必				50		1		ZU4Q
	MU92						10	0.20		表藝系（學）		PAUE001			0		2.0				115	半			Teaching Materials and Methods: Performing Arts			2440			0	N					◎限 二階生 教育學程生 不佔名額生 登記修習生 可修			0			范聖韜		五 7-8 和平 樂研四	表演藝術科教材教法（教）						0		選				50		1		
	MU92						10	0.20		表藝系（學）		PAC9001			3		2.0				115	半			Practice of Directing </br>[ Program: The Specialization Program of Musical Theatre Practical Training ]			2441			0	N			9					0			梁志民	大碩	二 10-A 和平 知音劇場	導演實務 </br>[ 學分學程：音樂劇訓練與實踐專業學分學程 ]						0		必				50	大學部建議大三以上修課，碩班不限。	1		ZU8P
	MU92						10	0.20		表藝系（學）		PAC9009			0		2.0				115	半			Stage Design			2442			0	N			9					0			未定	大碩	四 6-7 和平 表藝中心	舞台設計						0		選				50	授課老師：高豪杰老師	1		
	MU92						3	0.16		表藝系（學）		PAC9014			1		2.0				115	半			Playwriting			2443			0	N			9		◎必須先修過【PAU0046  劇本導讀】、【PAU0079  西洋戲劇與劇場史】			0			梁文菁	大碩	三 3-4 和平 美術館602	劇本寫作						0		選				19		1		
	MU92						3	0.14		表藝系（學）		PAC9017			0		2.0				115	半			Shakespeare: Original Texts and Adaptations			2444			0	N			9					0			梁文菁	大碩	四 9-10 和平 美術館602	莎士比亞：原劇與改編						0		選				21		1		
	MU92						8	0.16		表藝系（學）		PAC9020			0		2.0				115	半			Adaptation and Translation for Musical Theatre </br>[ Program: The Specialization Program of Musical Theatre Theory and Application The EMI Specialization Program of Musical Theatre and International Performing Arts ]			2445			0	N		是	9					0			Jonathan Bollen	大碩	四 6-7 和平 樂研三	音樂劇場的改編與轉譯 </br>[ 學分學程：音樂劇理論應用專業學分學程 音樂劇與國際表演藝術專業學分學程 (EMI) ]						0		選				50		1		ZU4N/ZU4R
	MU92						10	0.20		表藝系（學）		PAC9022			0		2.0				115	半			Performance for Festivals </br>[ Program: The Specialization Program of Arts Administration The EMI Specialization Program of Musical Theatre and International Performing Arts ]			2446			0	N		是	9					0			Alexandra Talamo	大碩	四 8-9 和平 知音劇場	節慶演出創作 </br>[ 學分學程：藝術行政專業學分學程 音樂劇與國際表演藝術專業學分學程 (EMI) ]						0		選				50		1		ZU4N/ZU4O
	MU92						10	0.20		表藝系（學）		PAC9025			5		2.0				115	半			Creative Drama </br>[ Program: The EMI Specialization Program of Musical Theatre and International Performing Arts ]			2447			0	N		是	9					0			Alexandra Talamo	大碩	三 8-9 和平 知音劇場	創作性戲劇 </br>[ 學分學程：音樂劇與國際表演藝術專業學分學程 (EMI) ]						0		選				50		1		ZU4N
	MU92						10	0.20		表藝系（學）		PAU0046			0		2.0				115	半			Guided Reading of Plays </br>[ Program: The Specialization Program of Musical Theatre Theory and Application The Specialization Program of Musical Theatre Practical Training ]			2448			0	N		是			◎限大一修習			0			Jonathan Bollen		五 3-4 和平 表藝中心	劇本導讀 </br>[ 學分學程：音樂劇理論應用專業學分學程 音樂劇訓練與實踐專業學分學程 ]	一			1		0		必				50		1		ZU4R/ZU8P
	MU92						10	0.29		表藝系（學）		PAU0063			3		2.0				115	半			Acting Training (I) </br>[ Program: The Specialization Program of Dance Practice in Musical Theatre The Specialization Program of Musical Theatre Practical Training ]			2449			0	N					◎限大一修習			0			未定		二 3-4 和平 行健閣	表演訓練（一） </br>[ 學分學程：音樂劇之舞蹈實踐專業學分學程 音樂劇訓練與實踐專業學分學程 ]	一			1		0		必				35	授課老師：張仰瑄老師	1		ZU4Q/ZU8P
	MU92						10	0.20		表藝系（學）		PAU0071			0		2.0				115	半			Singing for Musicals (I) </br>[ Program: The Specialization Program of Dance Practice in Musical Theatre The Specialization Program of Musical Theatre Music Practice The Specialization Program of Musical Theatre Practical Training ]			2450			0	N					◎限大一修習			0			陳冠吟		四 8-9 和平 表藝中心	音樂劇歌唱訓練（一） </br>[ 學分學程：音樂劇之舞蹈實踐專業學分學程 音樂劇之音樂實踐專業學分學程 音樂劇訓練與實踐專業學分學程 ]	一			1		0		必				50		1		ZU4P/ZU4Q/ZU8P
	MU92						10	0.33		表藝系（學）		PAU0080			0		2.0				115	半			Ballet </br>[ Program: The Specialization Program of Dance Practice in Musical Theatre ]	A		2451			0	N					◎限大一修習			0			未定		二 7-8 和平 知音劇場	芭蕾 </br>[ 學分學程：音樂劇之舞蹈實踐專業學分學程 ]	一			1		0		必				30	授課老師：吳碧容老師	1		ZU4Q
	MU92						10	0.29		表藝系（學）		PAU0083			0		2.0				115	半			Rehearsal (I) </br>[ Program: The Specialization Program of Musical Theatre Practical Training ]			2452			0	N					◎限大一修習			0			梁文菁		四 6-7 和平 知音劇場	排演基礎（一） </br>[ 學分學程：音樂劇訓練與實踐專業學分學程 ]	一			1		0		必				35		1		ZU8P
	MU92						3	0.14		表藝系（學）		PAU0023			0		2.0				115	半			Stage Introduction			2453			0	N								0			未定		四 3-4 和平 美術館602	舞台空間概論	二			2		0		必				21	授課老師：高豪杰老師	1		
	MU92						10	0.20		表藝系（學）		PAU0026			0		2.0				115	半			Introduction to Arts </br>[ Program: The Specialization Program of Arts Administration The Inter-disciplinary Program of Club Members Leadership And Empowerment Cultivation ]			2454			0	N								0			何康國		二 8-9 和平 表藝中心	藝術概論 </br>[ 學分學程：藝術行政專業學分學程 社團人專業領導培力學分學程 ]	二			2		0		必				50		1		ZU4O/ZU9Q
	MU92						10	0.29		表藝系（學）		PAU0065			0		2.0				115	半			Acting Training (III)			2455			0	N					◎必須先修過【PAU0064  表演訓練（二）】			0			未定		一 3-4 和平 教育大樓地下室E區	表演訓練（三）	二			2		0		必				35	授課老師：張稜老師	1		
	MU92						10	0.20		表藝系（學）		PAU0073			0		2.0				115	半			Singing for Musicals (III) </br>[ Program: The Specialization Program of Musical Theatre Music Practice ]			2456			0	N					◎必須先修過【PAU0072  音樂劇歌唱訓練（二）】			0			陳冠吟		四 1-2 和平 行健閣	音樂劇歌唱訓練（三） </br>[ 學分學程：音樂劇之音樂實踐專業學分學程 ]	二			2		0		必				50		1		ZU4P
	MU92						3	0.16		表藝系（學）		PAU0079			1		2.0				115	半			History of Western Drama and Theater </br>[ Program: The Specialization Program of Musical Theatre Theory and Application The Specialization Program of Musical Theatre Practical Training ]			2457			0	N					◎必須先修過【PAU0046  劇本導讀】			0			梁文菁		三 6-7 和平 美術館602	西洋戲劇與劇場史 </br>[ 學分學程：音樂劇理論應用專業學分學程 音樂劇訓練與實踐專業學分學程 ]	二			2		0		必				19		1		ZU4R/ZU8P
	MU92						10	0.33		表藝系（學）		PAU0080			0		2.0				115	半			Ballet </br>[ Program: The Specialization Program of Dance Practice in Musical Theatre ]	B		2458			0	N								0			未定		二 5-6 和平 知音劇場	芭蕾 </br>[ 學分學程：音樂劇之舞蹈實踐專業學分學程 ]	二			2		0		必				30	授課老師：吳碧容老師	1		ZU4Q
	MU92						10	0.33		表藝系（學）		PAU0031			0		2.0				115	半			Dance Improvisation </br>[ Program: The Specialization Program of Dance Practice in Musical Theatre ]			2459			0	N					◎必須先修過【PAU0081  音樂劇肢體訓練（一）】、【PAU0082  音樂劇肢體訓練（二）】其中一門			0			未定		一 3-4 和平 知音劇場	舞蹈即興 </br>[ 學分學程：音樂劇之舞蹈實踐專業學分學程 ]	三			3		0		必				30	授課老師：張秀萍老師	1		ZU4Q
	MU92						10	0.33		表藝系（學）		PAU0038			0		2.0				115	半			Modern Dance (II)			2460			0	N					◎必須先修過【PAU0037  現代舞（一）】			0			未定		四 1-2 和平 知音劇場	現代舞（二）	三			3		0		必				30	授課老師：吳碧容老師	1		
	MU92						8	0.27		表藝系（學）		PAU0043			0		2.0				115	半			Theatrical Costume and Make up			2461			0	N								0			未定		一 7-8 和平 表藝中心	劇場服裝與化妝	三			3		0		必				30	授課老師：沈斻老師	1		
	MU92						10	0.29		表藝系（學）		PAU0067			0		2.0				115	半			Acting Training (V)			2462			0	N					◎限本系(含雙主修)修習◎必須先修過【PAU0066  表演訓練（四）】			0			張洪誠		二 6-7 和平 行健閣	表演訓練（五）	三			3		0		必				35		1		
	MU92						10	0.20		表藝系（學）		PAU0070			0		2.0				115	半			The History of Musicals </br>[ Program: The Specialization Program of Musical Theatre Theory and Application The EMI Specialization Program of Musical Theatre and International Performing Arts ]			2463			0	N		是						0			Jonathan Bollen		四 3-4 和平 表藝中心	音樂劇發展概論 </br>[ 學分學程：音樂劇理論應用專業學分學程 音樂劇與國際表演藝術專業學分學程 (EMI) ]	三			3		0		必				50		1		ZU4N/ZU4R
	O						5	0.33		管理學院		O5C9004			0		3.0				115	半			Negotiating World Class Mergers and Acquisitions Deals </br>[ Program: The EMI Inter-disciplinary Program of  International Trade and Foreign Affairs ]			2464			0	N		是	9					0			未定	大碩	五 2-4 和平 雲502教室	跨國企業併購談判 </br>[ 學分學程：國際經貿與涉外事務全英語學分學程 ]						0		選				15		1		ZU54
	O						0	0.00		管理學院		O5C9008			3		3.0				115	半			Sustainability </br>[ Program: The Inter-disciplinary Program of Sustainable Management ]			2465			0	N			9					0			未定	大碩	二 6-8 和平 雲502教室	永續應用專題 </br>[ 學分學程：ESG永續管理學分學程 ]						0		選				25		1		ZU49
	O						0	0.00		管理學院		O5C9010			0		3.0				115	半			Econometrics and Applications </br>[ Program: The Inter-disciplinary Program of Economics The Inter-disciplinary Program of Business Data Analysis ]			2466			0	N			9					0			徐美	大碩	四 10-B 和平 雲508	計量經濟學及應用 </br>[ 學分學程：經濟學學分學程 商業分析學分學程 ]						0		選				40		1		ZU42/ZU50
	OM55						0	0.00		管理所（碩）		MBM0001			0		3.0				115	半			Financial Management			2467			0	N		是			◎限本系(含雙主修)修習 ◎必須先修過【BAU0036  會計學（一）】、【PGUA005  會計學】其中一門 ◎課程不開放上修			0			周德瑋		二 2-4 和平 雲508	財務管理						0		必				2	因本課程須先進行先修課程確認，除於本校完成先修課程者可於系統選課外，其餘由老師於課堂中發放授權碼。	1		
	OM55						10	0.33		管理所（碩）		MBM0002			0		3.0				115	半			Marketing Management			2468			0	N		是			◎限本系(含雙主修)修習 ◎課程不開放上修			0			蕭中強		一 2-4 和平 雲508	行銷管理						0		必				30		1		
	OM55						10	0.33		管理所（碩）		MBM0005			0		3.0				115	半			Consumer Behavior			2469			0	N		是			◎限本系(含雙主修)修習 ◎課程不開放上修			0			沈永正		四 2-4 和平 雲508	消費者行為						0		選				30		1		
	OM55						10	0.33		管理所（碩）		MBM0025			0		3.0				115	半			Marketing Research　			2471			0	N					◎限本系(含雙主修)修習 ◎課程不開放上修			0			王仕茹		三 6-8 和平 雲508	行銷研究						0		選				30		1		
	OM55						10	0.33		管理所（碩）		MBM0040			0		3.0				115	半			Integrated Marketing Communications			2472			0	N		是			◎限本系(含雙主修)修習 ◎課程不開放上修			0			未定		四 6-8 和平 雲508	整合行銷溝通						0		選				30		1		
	OM55						10	0.33		管理所（碩）		MBM0050			0		3.0				115	半			Financial Derivatives			2473			0	N					◎限本系(含雙主修)修習 ◎課程不開放上修			0			未定		一 6-8 和平 雲608	衍生性金融商品						0		選				30		1		
	OM55						0	0.00		管理所（碩）		MBM0061			0		3.0				115	半			Econometric Analysis			2474			0	N					◎限本系(含雙主修)修習◎必須先修過【BAU0040  統計學（一）】 ◎課程不開放上修			0			何宗武		二 6-8 和平 雲608	計量經濟學						0		必				2	因本課程須先進行先修課程確認，除於本校完成先修課程者可於系統選課外，其餘由老師於課堂中發放授權碼。	1		
	OM55						0	0.00		管理所（碩）		MBM0063			0		3.0				115	半			Investments			2475			0	N					◎限本系(含雙主修)修習◎必須先修過【BAU0036  會計學（一）】、【BAU0038  經濟學（一）】 ◎課程不開放上修			0			蔡蒔銓		五 2-4 和平 雲608	投資學						0		選				2	因本課程須先進行先修課程確認，除於本校完成先修課程者可於系統選課外，其餘由老師於課堂中發放授權碼。	1		
	OM55						10	0.33		管理所（碩）		MBM0075			0		3.0				115	半			Security Market and Program Trading			2476			0	N					◎限本系(含雙主修)修習 ◎課程不開放上修			0			周德瑋 蔡蒔銓		三 7-9 和平 雲608	證券交易實務與程式交易						0		選				30		1		
	OM55						10	0.33		管理所（碩）		MBM0077			0		3.0				115	半			Internship			2477			0	N					◎限本系(含雙主修)修習 ◎課程不開放上修			0			陳慧玲		一 0-1 和平 雲608, 二 0-1 和平 雲608, 三 0-1 和平 雲608, 四 0-1 和平 雲608, 五 0 和平 雲608	企業實習						0		選				30		1		
	OM55						10	0.22		管理所（碩）		MBM0084			0		3.0				115	半			Seminar in Management			2478			0	N					◎限本系(含雙主修)修習 ◎課程不開放上修			0			陳慧玲 施人英		三 2-4 和平 音308	管理專題研討						0		必				45		1		
	OM55						10	0.33		管理所（碩）		MBM0097			0		3.0				115	半			Operations and Supply Chain Management			2479			0	N		是			◎課程開放上修			0			未定		五 6-8 和平 雲608	營運與供應鏈管理						0		選				30		1		
	OM55						10	0.33		管理所（碩）		MBM0098			0		3.0				115	半			Value Innovation and Design Thinking			2480			0	N		是			◎限本系(含雙主修)修習 ◎課程不開放上修			0			蕭中強		五 6-8 和平 雲508	價值創新與設計思維						0		選				30		1		
	OM55						10	0.33		管理所（碩）		MBM0099			0		3.0				115	半			Positive Psychology at Work			2481			0	N					◎限本系(含雙主修)修習 ◎課程不開放上修			0			周佳敏		五 2-4 和平 雲508	職場正向心理學						0		選				30		1		
	OM56						10	0.25		全營所（碩）		IAM0043			0		3.0				115	半			Strategic Management	A		2482			0	N		是			◎限本系(含雙主修)修習 ◎課程不開放上修			0			林舒柔		二 6-8 和平 雲508	策略管理						0		必				40		1		
	OM56						5	0.33		全營所（碩）		IAM0043			0		3.0				115	半			Strategic Management	B		2483			0	N		是			◎限本系(含雙主修)修習 ◎課程不開放上修			0			高安德		四 6-8 和平 雲502教室	策略管理						0		必				15		1		
	OM56						5	0.33		全營所（碩）		IAM0068			0		3.0				115	半			Service Strategy and Management			2484			0	N		是			◎限本系(含雙主修)修習 ◎課程不開放上修			0			陳彥君		五 6-8 和平 雲502教室	服務業經營與策略						0		選				15		1		
	OM56						10	0.33		全營所（碩）		IAM0080			0		3.0				115	半			International Business Management			2485			0	N					◎限本系(含雙主修)修習 ◎課程不開放上修			0			康敏平		一 6-8 和平 雲508	國際企業管理						0		必				30	兼任教師:徐景輝	1		
	OM56						10	0.14		全營所（碩）		IAM0090			0		3.0				115	半			Seminar in Management			2487			0	N					◎限本系(含雙主修)修習 ◎課程不開放上修			0			陳慧玲 施人英		三 2-4 和平 音308	管理專題研討						0		必				70		1		
	OM56						8	0.40		全營所（碩）		IAM0095			0		3.0				115	半			Internship			2488			0	N					◎限本系(含雙主修)修習 ◎課程不開放上修			0			施人英		一 9-10 和平 雲502教室, 二 9-10 和平 雲502教室, 三 9-10 和平 雲502教室, 四 9-10 和平 雲502教室, 五 9 和平 雲502教室	企業實習						0		選				20		1		
	OM56						10	0.33		全營所（碩）		IAM0100			0		3.0	Y			115	半			Business English Writing & Communication			2490			0	1		是			◎限本系(含雙主修)修習 ◎課程不開放上修			0			未定		◎面授/同步	商業英語寫作及溝通						0		選				30	◎數位課程   僅顯示同步遠距及面授時間；兼任教師:李耀宗	1		
	OU57						3	0.13		企管系（學）		BAU0013			1		3.0				115	半			Consumer Behavior </br>[ Program: The Specialization Program of Marketing Management ]			2492			0	N		是			◎必須先修過【BAU0021  行銷管理】			0			蕭中強		五 2-4 和平 進309	消費者行為 </br>[ 學分學程：行銷管理專業學分學程 ]						0		選				23		1		ZU8C
	OU57						3	0.12		企管系（學）		BAU0015			1		3.0				115	半			Financial Market and Institutions			2493			0	N					◎必須先修過【BAU0007  財務管理】			0			未定		五 2-4 和平 研討二	金融市場與機構管理						0		選				25		1		
	OU57						10	0.40		企管系（學）		BAU0025			0		3.0				115	半			Internship	A		2494			0	N					◎必須先修過【BAU0048  企業管理概論】、【BAU0021  行銷管理】、【BAU0007  財務管理】			0			邱皓政 黃浩霆 陳孟霆		六 A-C 和平 教室自排	企業實習						0		必				50	需在暑期完成系上規定240小時實習後才得選修此門課程。上課地點：另於MOODLE教學平台公告	1		
	OU57						10	0.40		企管系（學）		BAU0025			0		3.0				115	半			Internship	B		2495			0	N					◎必須先修過【BAU0048  企業管理概論】、【BAU0021  行銷管理】、【BAU0007  財務管理】			0			林玠妤 徐美 陳姿穎		六 A-C 和平 教室自排	企業實習						0		必				50	需在暑期完成系上規定240小時實習後才得選修此門課程。上課地點：另於MOODLE教學平台公告	1		
	OU57						5	0.14		企管系（學）		BAU0027			1		3.0				115	半			Corporate Finance </br>[ Program: The Specialization Program of Financial Management ]			2496			0	N					◎必須先修過【BAU0007  財務管理】			0			賴慧文		三 2-4 和平 雲608	公司理財 </br>[ 學分學程：財金管理專業學分學程 ]						0		選				35		1		ZU8B
	OU57						5	0.14		企管系（學）		BAU0057			1		3.0				115	半			Management of Innovation and Entrepreneurship </br>[ Program: The Inter-disciplinary Program of Sports Industry Management ]			2497			0	N					◎必須先修過【BAU0048  企業管理概論】、【BAU0021  行銷管理】			0			陳彥君		三 3-5 和平 雲508	創新與創業管理 </br>[ 學分學程：運動產業經營管理學分學程 ]						0		選				35		1		ZU33
	OU57						10	0.20		企管系（學）		BAU0060			1		3.0				115	半			Service Marketing			2498			0	N		是			◎必須先修過【BAU0021  行銷管理】			0			鄒蘊欣		三 2-4 和平 樂研一	服務業行銷						0		選				50		1		
	OU57						5	0.14		企管系（學）		BAU0072			1		3.0				115	半			Introduction to Business			2499			0	N					◎限外系修習    ◎初選 基礎管理學分學程 研究生得下修			0			林舒柔		三 A-C 和平 雲608	企業概論						0		選				35	本課程為基礎管理學程的課程,限非企管系同學修習。	1		
	OU57						10	0.20		企管系（學）		BAC9001			1		3.0				115	半			An Introduction to Data Science </br>[ Program: The Inter-disciplinary Program of Business Data Analysis The Specialization Program of Business Intelligence and Decision Science ]			2500			0	N			9					0			何宗武	大碩	一 6-8 和平 進修學院演講堂	資料科學與管理決策 </br>[ 學分學程：商業分析學分學程 商業智慧與決策科學專業學分學程 ]						0		選				50		1		ZU50/ZU8A
	OU57						5	0.14		企管系（學）		BAC9002			1		3.0				115	半			Business Analysis and Programming Language </br>[ Program: The Inter-disciplinary Program of Business Data Analysis The Specialization Program of Business Intelligence and Decision Science ]			2501			0	N		是	9		◎必須先修過【BAU0040  統計學（一）】			0			黃浩霆	大碩	五 A-C 和平 雲508	商業分析程式語言 </br>[ 學分學程：商業分析學分學程 商業智慧與決策科學專業學分學程 ]						0		選				35		1		ZU50/ZU8A
	OU57						10	0.20		企管系（學）		BAU0036			0		3.0				115	半			Accounting (I)	A		2502			0	N					◎限大一修習			0			陳慧玲		一 2-4 和平 樂研一	會計學（一）	一			1		0		必				50	中文授課/企管系中文組大一學生學號末碼為單數號請選修會計學(一)A班/末碼為雙數號請選修會計學(一)B班	1		
	OU57						10	0.20		企管系（學）		BAU0036			0		3.0				115	半			Accounting (I)	B		2503			0	N					◎限大一修習			0			陳慧玲		一 6-8 和平 樂研一	會計學（一）	一			1		0		必				50	中文授課/企管系中文組大一學生學號末碼為單數號請選修會計學(一)A班/末碼為雙數號請選修會計學(一)B班	1		
	OU57						10	0.20		企管系（學）		BAU0036			0		3.0				115	半			Accounting (I)	C		2504			0	N		是			◎限大一修習			0			未定		五 9-A 和平 樂研一	會計學（一）	一			1		0		必				50	英文授課/企管系英文組大一學生請選修會計學(一)C班	1		
	OU57						24	0.40		企管系（學）		BAU0038			0		3.0				115	半			Economics (I)	A		2505			0	N		是			◎限大一修習			0			陳孟霆		四 6-8 和平 教202會議廳	經濟學（一）	一			1		0		必				60	企管系中文組大一學生學號末碼為單數號請選修經濟學(一)A班/末碼為雙數號請選修經濟學(一)B班	1		
	OU57						10	0.20		企管系（學）		BAU0038			0		3.0				115	半			Economics (I)	B		2506			0	N		是			◎限大一修習			0			徐美		四 2-4 和平 樂研一	經濟學（一）	一			1		0		必				50	企管系中文組大一學生學號末碼為單數號請選修經濟學(一)A班/末碼為雙數號請選修經濟學(一)B班	1		
	OU57						10	0.20		企管系（學）		BAU0038			0		3.0				115	半			Economics (I)	C		2507			0	N		是			◎限大一修習			0			陳孟霆		三 6-8 和平 樂研一	經濟學（一）	一			1		0		必				50	企管系英文組大一學生請選修經濟學(一)C班	1		
	OU57						20	0.33		企管系（學）		BAU0048			0		3.0				115	半			Introduction to Business and Management </br>[ Program: The Specialization Program of General Management The Specialization Program of Business Intelligence and Decision Science The Specialization Program of Financial Management The Specialization Program of Marketing Management The Inter-disciplinary Program of Sports Leadership ]	A		2508			0	N					◎限大一修習			0			林玠妤		三 8-10 和平 音308	企業管理概論 </br>[ 學分學程：經營管理專業學分學程 商業智慧與決策科學專業學分學程 財金管理專業學分學程 行銷管理專業學分學程 運動領導學分學程 ]	一			1		0		必				60	中文授課/企管系中文組大一學生請選修企業管理概論A班	1		ZU7Z/ZU8A/ZU8B/ZU8C/ZU9W
	OU57						10	0.20		企管系（學）		BAU0048			0		3.0				115	半			Introduction to Business and Management </br>[ Program: The Specialization Program of General Management The Specialization Program of Business Intelligence and Decision Science The Specialization Program of Financial Management The Specialization Program of Marketing Management The Inter-disciplinary Program of Sports Leadership ]	B		2509			0	N		是			◎限大一修習			0			高安德		四 9-A 和平 樂研一	企業管理概論 </br>[ 學分學程：經營管理專業學分學程 商業智慧與決策科學專業學分學程 財金管理專業學分學程 行銷管理專業學分學程 運動領導學分學程 ]	一			1		0		必				50	英文授課/企管系英文組大一學生請選修企業管理概論B班	1		ZU7Z/ZU8A/ZU8B/ZU8C/ZU9W
	OU57						20	0.33		企管系（學）		BAU0064			0		3.0				115	半			Business Calculus	A		2510			0	N					◎限大一修習			0			何宗武		三 5-7 和平 音308	商用微積分	一			1		0		必				60	中文授課/企管系中文組大一學生請選修商用微積分A班	1		
	OU57						10	0.20		企管系（學）		BAU0064			0		3.0				115	半			Business Calculus	B		2511			0	N		是			◎限大一修習			0			陳姿穎		五 6-8 和平 樂研一	商用微積分	一			1		0		必				50	英文授課/企管系英文組大一學生請選修商用微積分B班	1		
	OU57						20	0.33		企管系（學）		BAU0009			0		3.0				115	半			Organizational Behavior	A		2512			0	N					◎必須先修過【BAU0048  企業管理概論】			0			周佳敏		二 5-7 和平 音308	組織行為	二			2		0		必				60	中文授課/企管系中文組大二學生請選修組織行為A班	1		
	OU57						5	0.14		企管系（學）		BAU0009			0		3.0				115	半			Organizational Behavior	B		2513			0	N		是			◎必須先修過【BAU0048  企業管理概論】			0			未定		四 2-4 和平 雲608	組織行為	二			2		0		必				35	英文授課/企管系英文組大二學生請選修組織行為B班	1		
	OU57						10	0.20		企管系（學）		BAU0021			0		3.0				115	半			Marketing Management </br>[ Program: The Specialization Program of Marketing Management ]	A		2514			0	N					◎必須先修過【BAU0048  企業管理概論】			0			王仕茹		一 9-A 和平 樂研一	行銷管理 </br>[ 學分學程：行銷管理專業學分學程 ]	二			2		0		必				50	中文授課/企管系中文組大二學生學號末碼為單數號請選修行銷管理A班/末碼為雙數號請選修行銷管理B班	1		ZU8C
	OU57						10	0.20		企管系（學）		BAU0021			0		3.0				115	半			Marketing Management </br>[ Program: The Specialization Program of Marketing Management ]	B		2515			0	N					◎必須先修過【BAU0048  企業管理概論】			0			王仕茹		三 9-A 和平 樂研一	行銷管理 </br>[ 學分學程：行銷管理專業學分學程 ]	二			2		0		必				50	中文授課/企管系中文組大二學生學號末碼為單數號請選修行銷管理A班/末碼為雙數號請選修行銷管理B班。	1		ZU8C
	OU57						5	0.14		企管系（學）		BAU0021			0		3.0				115	半			Marketing Management </br>[ Program: The Specialization Program of Marketing Management ]	C		2516			0	N		是			◎必須先修過【BAU0048  企業管理概論】			0			未定		二 2-4 和平 雲608	行銷管理 </br>[ 學分學程：行銷管理專業學分學程 ]	二			2		0		必				35	英文授課/企管系英文組大二學生請選修行銷管理C班	1		ZU8C
	OU57						10	0.20		企管系（學）		BAU0022			0		3.0				115	半			Managerial Accounting	A		2517			0	N					◎必須先修過【BAU0036  會計學（一）】、【BAU0037  會計學（二）】			0			陳慧玲		五 2-4 和平 樂研一	管理會計	二			2		0		必				50	中文授課/企管系中文組大二學生請選修為管理會計A班	1		
	OU57						10	0.20		企管系（學）		BAU0022			0		3.0				115	半			Managerial Accounting	B		2518			0	N		是			◎必須先修過【BAU0036  會計學（一）】、【BAU0037  會計學（二）】			0			未定		二 9-A 和平 樂研一	管理會計	二			2		0		必				50	英文授課/企管系英文組大二學生請選修管理會計B班	1		
	OU57						20	0.33		企管系（學）		BAU0040			0		3.0				115	半			Statistics (I)	A		2519			0	N								0			邱皓政		二 2-4 和平 音308	統計學（一）	二			2		0		必				60	中文授課/企管系中文組大二學生學號末碼為單數號請選修統計學(一)A班/末碼為雙數號請選修統計學(一)B班	1		
	OU57						20	0.33		企管系（學）		BAU0040			0		3.0				115	半			Statistics (I)	B		2520			0	N								0			邱皓政		二 8-10 和平 音308	統計學（一）	二			2		0		必				60	中文授課/企管系中文組大二學生學號末碼為單數號請選修統計學(一)A班/末碼為雙數號請選修統計學(一)B班	1		
	OU57						5	0.14		企管系（學）		BAU0040			0		3.0				115	半			Statistics (I)	C		2521			0	N		是						0			未定		四 7-9 和平 雲608	統計學（一）	二			2		0		必				35	英文授課/企管系英文組大一學生請選修統計學(一)C班	1		
	OU57						10	0.20		企管系（學）		BAU0010			0		3.0				115	半			Strategic Management </br>[ Program: The Specialization Program of General Management The Inter-disciplinary Program of Club Members Leadership And Empowerment Cultivation ]	A		2522			0	N					◎必須先修過【BAU0048  企業管理概論】、【BAU0021  行銷管理】			0			未定 康敏平		二 2-4 和平 樂研一	策略管理 </br>[ 學分學程：經營管理專業學分學程 社團人專業領導培力學分學程 ]	三			3		0		必				50	企管系大三學生學號末碼為單數號請選修策略管理A班;末碼為雙數號請選修策略管理B班。	1		ZU7Z/ZU9Q
	OU57						10	0.20		企管系（學）		BAU0010			0		3.0				115	半			Strategic Management </br>[ Program: The Specialization Program of General Management The Inter-disciplinary Program of Club Members Leadership And Empowerment Cultivation ]	B		2523			0	N					◎必須先修過【BAU0048  企業管理概論】、【BAU0021  行銷管理】			0			未定 康敏平		二 6-8 和平 樂研一	策略管理 </br>[ 學分學程：經營管理專業學分學程 社團人專業領導培力學分學程 ]	三			3		0		必				50	企管系大三學生學號末碼為單數號請選修策略管理A班;末碼為雙數號請選修策略管理B班。	1		ZU7Z/ZU9Q
	OU57						10	0.20		企管系（學）		BAU0018			0		3.0				115	半			Operations Management	A		2524			0	N					◎必須先修過【BAU0040  統計學（一）】			0			未定 吳彥濬		一 2-4 和平 教401	作業管理	三			3		0		必				50	企管系大三學生學號末碼為單數號請選修作業管理A班;末碼為雙數號請選修作業管理B班。	1		
	OU57						10	0.20		企管系（學）		BAU0018			0		3.0				115	半			Operations Management	B		2525			0	N					◎必須先修過【BAU0040  統計學（一）】			0			未定 吳彥濬		一 6-8 和平 綜509國際會議廳	作業管理	三			3		0		必				50	企管系大三學生學號末碼為單數號請選修作業管理A班;末碼為雙數號請選修作業管理B班。	1		
	PE						5	0.10		普通體育		00UP003			0		1.0				115	半			Physical Education (Adapted Physical Education)	A		2526			0	N					◎第一階段需人工加選◎第二階段需人工加選◎加退選階段需人工加選允許重複修			0			潘正宸		五 6-7 和平 大韻律教室	體育（適應體育）						0		必				50	因傷病等因素無法上一般體育課之學生，請於開學兩週內至健康中心辦理適應體育班申請手續。	1		
	PE						5	0.10		普通體育		00UP013			5		1.0				115	半			Physical Education (Kou Shu)	A		2527			0	N					允許重複修			0			陳慶鴻		四 6-7 和平 武術房一	體育（國術）						0		必				50		1		
	PE						5	0.10		普通體育		00UP013			5		1.0				115	半			Physical Education (Kou Shu)	B		2528			0	N					允許重複修			0			陳慶鴻		四 8-9 和平 武術房一	體育（國術）						0		必				50		1		
	PE						5	0.10		普通體育		00UP017			3		1.0				115	半			Physical Education (Judo)			2529			0	N					允許重複修			0			黃國恩		三 8-9 和平 武術房一	體育（柔道）						0		必				50		1		
	PE						4	0.10		普通體育		00UP018			0		1.0				115	半			Physical Education (Conditioning)	A		2530			0	N					允許重複修			0			林凡恩		二 6-7 公館 體育館二1樓	體育（體適能）						0		必				40		1		
	PE						4	0.10		普通體育		00UP018			0		1.0				115	半			Physical Education (Conditioning)	B		2531			0	N					允許重複修			0			林淑惠		二 8-9 和平 重量訓練室一	體育（體適能）						0		必				40		1		
	PE						4	0.10		普通體育		00UP018			0		1.0				115	半			Physical Education (Conditioning)	C		2532			0	N					允許重複修			0			王建睎		四 3-4 和平 重量訓練室一	體育（體適能）						0		必				40		1		
	PE						4	0.10		普通體育		00UP018			0		1.0				115	半			Physical Education (Conditioning)	D		2533			0	N					允許重複修			0			林凡恩		四 6-7 公館 重量訓練室二	體育（體適能）						0		必				40		1		
	PE						3	0.10		普通體育		00UP020			0		1.0				115	半			Physical Education (Modern Dance)	A		2535			0	N					允許重複修			0			洪銀玲		一 6-7 和平 小韻律教室	體育（現代舞）						0		必				30		1		
	PE						5	0.10		普通體育		00UP020			0		1.0				115	半			Physical Education (Modern Dance)	B		2536			0	N					允許重複修			0			林維芬		二 1-2 和平 大韻律教室	體育（現代舞）						0		必				50		1		
	PE						5	0.10		普通體育		00UP024			0		1.0				115	半			Physical Education (Aerobic Dance)	A		2537			0	N					允許重複修			0			沈淑貞		一 8-9 和平 大韻律教室	體育（有氧舞蹈）						0		必				50		1		
	PE						5	0.10		普通體育		00UP024			0		1.0				115	半			Physical Education (Aerobic Dance)	B		2538			0	N		是			允許重複修			0			陳冠妤		二 6-7 和平 大韻律教室	體育（有氧舞蹈）						0		必				50		1		
	PE						3	0.10		普通體育		00UP024			0		1.0				115	半			Physical Education (Aerobic Dance)	C		2539			0	N					允許重複修			0			王建睎		三 3-4 和平 大韻律教室	體育（有氧舞蹈）						0		必				30		1		
	PE						5	0.10		普通體育		00UP024			0		1.0				115	半			Physical Education (Aerobic Dance)	D		2540			0	N					允許重複修			0			王重引		四 6-7 和平 大韻律教室	體育（有氧舞蹈）						0		必				50		1		
	PE						5	0.10		普通體育		00UP024			0		1.0				115	半			Physical Education (Aerobic Dance)	E		2541			0	N					允許重複修			0			王重引		四 8-9 和平 大韻律教室	體育（有氧舞蹈）						0		必				50		1		
	PE						3	0.10		普通體育		00UP025			0		1.0				115	半			Physical Education (Jazz Dance)	A		2542			0	N					允許重複修			0			林維芬		二 3-4 和平 小韻律教室	體育（爵士舞）						0		必				30		1		
	PE						5	0.10		普通體育		00UP025			0		1.0				115	半			Physical Education (Jazz Dance)	B		2543			0	N					允許重複修			0			陳冠妤		二 8-9 和平 大韻律教室	體育（爵士舞）						0		必				50		1		
	PE						5	0.10		普通體育		00UP026			0		1.0				115	半			Physical Education (Golf)	A		2544			0	N					允許重複修			0			鍾寶弘		一 3-4 和平 小韻律教室	體育（高爾夫球）						0		必				50		1		
	PE						5	0.10		普通體育		00UP026			0		1.0				115	半			Physical Education (Golf)	B		2545			0	N					允許重複修			0			鍾寶弘		一 6-7 和平 金牌講堂	體育（高爾夫球）						0		必				50		1		
	PE						5	0.10		普通體育		00UP026			0		1.0				115	半			Physical Education (Golf)	C		2546			0	N					允許重複修			0			蕭苡芯		四 6-7 和平 體育館一2樓會議室	體育（高爾夫球）						0		必				50		1		
	PE						5	0.10		普通體育		00UP026			0		1.0				115	半			Physical Education (Golf)	D		2547			0	N					允許重複修			0			蕭苡芯		四 8-9 和平 體育館一2樓會議室	體育（高爾夫球）						0		必				50		1		
	PE						3	0.09		普通體育		00UP031			3		1.0				115	半			Physical Education (Diabolo)	A		2548			0	N					允許重複修			0			李宗翰		一 3-4 和平 大韻律教室	體育（扯鈴）						0		必				35		1		
	PE						3	0.09		普通體育		00UP031			3		1.0				115	半			Physical Education (Diabolo)	B		2549			0	N					允許重複修			0			李宗翰		五 1-2 和平 武術房一	體育（扯鈴）						0		必				35		1		
	PE						5	0.10		普通體育		00UP037			3		1.0				115	半			Physical Education (Qigong)			2550			0	N					允許重複修			0			黃欽永		二 6-7 和平 武術房一	體育（保健氣功）						0		必				50		1		
	PE						4	0.10		普通體育		00UP040			0		1.0				115	半			Physical Education (Beginning Strength and Conditioning)	A		2551			0	N		是			允許重複修			0			陳著		三 3-4 和平 重量訓練室一	體育（肌力與體能訓練初級）						0		必				40		1		
	PE						4	0.10		普通體育		00UP040			0		1.0				115	半			Physical Education (Beginning Strength and Conditioning)	B		2552			0	N					允許重複修			0			陳著		三 6-7 和平 重量訓練室一	體育（肌力與體能訓練初級）						0		必				40		1		
	PE						4	0.10		普通體育		00UP040			0		1.0				115	半			Physical Education (Beginning Strength and Conditioning)	C		2553			0	N		是			允許重複修			0			陳映竹		五 6-7 和平 重量訓練室一	體育（肌力與體能訓練初級）						0		必				40		1		
	PE						4	0.10		普通體育		00UP040			0		1.0				115	半			Physical Education (Beginning Strength and Conditioning)	D		2554			0	N					允許重複修			0			陳映竹		五 8-9 和平 重量訓練室一	體育（肌力與體能訓練初級）						0		必				40		1		
	PE						2	0.10		普通體育		00UP042			2		1.0				115	半			Physical Education (Bouldering)			2555			0	N		是			允許重複修			0			Philip X. Fuchs		五 6-7 和平 體育館一2樓會議室	體育（抱石運動）						0		必				20		1		
	PE						3	0.10		普通體育		00UP045			0		1.0				115	半			Physical Education (Pilates)	A		2556			0	N					允許重複修			0			陳佳伶		五 1-2 和平 小韻律教室	體育（彼拉提斯）						0		必				30		1		
	PE						3	0.10		普通體育		00UP045			0		1.0				115	半			Physical Education (Pilates)	B		2557			0	N		是			允許重複修			0			陳佳伶		五 3-4 和平 小韻律教室	體育（彼拉提斯）						0		必				30		1		
	PE						3	0.10		普通體育		00UP053			0		1.0				115	半			Physical Education (Folk Dancing)			2558			0	N					允許重複修			0			陳乃綺		四 6-7 和平 小韻律教室	體育（民族舞蹈）						0		必				30		1		
	PE						4	0.10		普通體育		00UP055			0		1.0				115	半			Physical Education (Beginning Ballet)	A		2559			0	N					允許重複修			0			陳乃綺		四 3-4 和平 大韻律教室	體育（芭蕾舞初級）						0		必				40		1		
	PE						3	0.10		普通體育		00UP056			0		1.0				115	半			Physical Education (Pickleball)	A		2560			0	N		是			允許重複修			0			潘正宸		二 6-7 公館 中正堂	體育（匹克球）						0		必				30		1		
	PE						3	0.10		普通體育		00UP056			0		1.0				115	半			Physical Education (Pickleball)	B		2561			0	N					允許重複修			0			李家豪		三 3-4 公館 中正堂	體育（匹克球）						0		必				30		1		
	PE						5	0.10		普通體育		00UP104			0		1.0				115	半			Physical Education (Beginning Basketball)	A		2562			0	N					允許重複修			0			張容軒		一 6-7 公館 體育館二3樓	體育（籃球初級）						0		必				50		1		
	PE						5	0.10		普通體育		00UP104			0		1.0				115	半			Physical Education (Beginning Basketball)	B		2563			0	N					允許重複修			0			張容軒		二 3-4 公館 體育館二3樓	體育（籃球初級）						0		必				50		1		
	PE						5	0.10		普通體育		00UP104			0		1.0				115	半			Physical Education (Beginning Basketball)	C		2564			0	N					允許重複修			0			李秉鴻		四 1-2 公館 體育館二3樓	體育（籃球初級）						0		必				50		1		
	PE						5	0.10		普通體育		00UP104			0		1.0				115	半			Physical Education (Beginning Basketball)	D		2565			0	N					允許重複修			0			李秉鴻		五 1-2 和平 室外籃球場一	體育（籃球初級）						0		必				50		1		
	PE						5	0.10		普通體育		00UP104			0		1.0				115	半			Physical Education (Beginning Basketball)	E		2566			0	N					允許重複修			0			李秉鴻		五 3-4 和平 室外籃球場一	體育（籃球初級）						0		必				50		1		
	PE						5	0.10		普通體育		00UP104			0		1.0				115	半			Physical Education (Beginning Basketball)	F		2567			0	N					允許重複修			0			張容軒		五 6-7 公館 體育館二3樓	體育（籃球初級）						0		必				50		1		
	PE						5	0.10		普通體育		00UP105			0		1.0				115	半			Physical Education (Beginning Volleyball)	A		2569			0	N					允許重複修			0			良財		二 6-7 和平 體育館一4F	體育（排球初級）						0		必				50		1		
	PE						5	0.10		普通體育		00UP105			0		1.0				115	半			Physical Education (Beginning Volleyball)	B		2570			0	N					允許重複修			0			張文		三 3-4 公館 體育館二3樓	體育（排球初級）						0		必				50		1		
	PE						5	0.10		普通體育		00UP105			0		1.0				115	半			Physical Education (Beginning Volleyball)	C		2571			0	N					允許重複修			0			劉錦璋		三 6-7 公館 體育館二3樓	體育（排球初級）						0		必				50		1		
	PE						5	0.10		普通體育		00UP105			0		1.0				115	半			Physical Education (Beginning Volleyball)	D		2572			0	N					允許重複修			0			張文		五 1-2 公館 體育館二3樓	體育（排球初級）						0		必				50		1		
	PE						5	0.10		普通體育		00UP108			0		1.0				115	半			Physical Education (Beginning Softball)			2574			0	N					允許重複修			0			潘慈惠		一 1-2 公館 操場二	體育（壘球初級）						0		必				50		1		
	PE						5	0.10		普通體育		00UP109			0		1.0				115	半			Physical Education (Beginning Badminton)	A		2575			0	N					允許重複修			0			林涓		三 6-7 和平 體育館一4F	體育（羽球初級）						0		必				50		1		
	PE						3	0.10		普通體育		00UP109			0		1.0				115	半			Physical Education (Beginning Badminton)	B		2576			0	N					允許重複修			0			徐孟達		四 3-4 公館 中正堂	體育（羽球初級）						0		必				30		1		
	PE						3	0.10		普通體育		00UP109			0		1.0				115	半			Physical Education (Beginning Badminton)	C		2577			0	N					允許重複修			0			楊琇惟		四 6-7 公館 中正堂	體育（羽球初級）						0		必				30		1		
	PE						5	0.10		普通體育		00UP109			0		1.0				115	半			Physical Education (Beginning Badminton)	D		2578			0	N					允許重複修			0			蔡虔祿		五 1-2 和平 體育館一4F	體育（羽球初級）						0		必				50		1		
	PE						3	0.10		普通體育		00UP109			0		1.0				115	半			Physical Education (Beginning Badminton)	E		2579			0	N					允許重複修			0			鄭筱澐		五 1-2 公館 中正堂	體育（羽球初級）						0		必				30		1		
	PE						3	0.10		普通體育		00UP109			0		1.0				115	半			Physical Education (Beginning Badminton)	F		2580			0	N					允許重複修			0			鄭筱澐		五 3-4 公館 中正堂	體育（羽球初級）						0		必				30		1		
	PE						5	0.10		普通體育		00UP109			0		1.0				115	半			Physical Education (Beginning Badminton)	G		2581			0	N					允許重複修			0			潘光敏		五 8-9 和平 體育館一4F	體育（羽球初級）						0		必				50		1		
	PE						3	0.09		普通體育		00UP110			0		1.0				115	半			Physical Education (Beginning Tennis)	A		2582			0	N					允許重複修			0			李家豪		一 8-9 和平 網球場一	體育（網球初級）						0		必				32		1		
	PE						3	0.08		普通體育		00UP110			0		1.0				115	半			Physical Education (Beginning Tennis)	B		2583			0	N					允許重複修			0			王鶴森		二 3-4 公館 網球場二	體育（網球初級）						0		必				36		1		
	PE						3	0.08		普通體育		00UP110			0		1.0				115	半			Physical Education (Beginning Tennis)	C		2584			0	N					允許重複修			0			王鶴森		二 6-7 公館 網球場二	體育（網球初級）						0		必				36		1		
	PE						3	0.09		普通體育		00UP110			0		1.0				115	半			Physical Education (Beginning Tennis)	D		2585			0	N					允許重複修			0			李家豪		三 8-9 和平 網球場一	體育（網球初級）						0		必				32		1		
	PE						3	0.09		普通體育		00UP110			0		1.0				115	半			Physical Education (Beginning Tennis)	E		2586			0	N					允許重複修			0			林岱樵		四 3-4 和平 網球場一	體育（網球初級）						0		必				32		1		
	PE						3	0.09		普通體育		00UP110			0		1.0				115	半			Physical Education (Beginning Tennis)	F		2587			0	N					允許重複修			0			林岱樵		四 6-7 和平 網球場一	體育（網球初級）						0		必				32		1		
	PE						3	0.09		普通體育		00UP110			0		1.0				115	半			Physical Education (Beginning Tennis)	G		2588			0	N					允許重複修			0			李家豪		四 8-9 和平 網球場一	體育（網球初級）						0		必				32		1		
	PE						3	0.09		普通體育		00UP110			0		1.0				115	半			Physical Education (Beginning Tennis)	H		2589			0	N					允許重複修			0			李家豪		五 6-7 和平 網球場一	體育（網球初級）						0		必				32		1		
	PE						3	0.09		普通體育		00UP110			0		1.0				115	半			Physical Education (Beginning Tennis)	I		2590			0	N					允許重複修			0			李家豪		五 8-9 和平 網球場一	體育（網球初級）						0		必				32		1		
	PE						4	0.08		普通體育		00UP111			0		1.0				115	半			Physical Education (Beginning Table Tennis)	A		2591			0	N					允許重複修			0			陳冠甫		一 1-2 和平 桌球室	體育（桌球初級）						0		必				48		1		
	PE						4	0.08		普通體育		00UP111			0		1.0				115	半			Physical Education (Beginning Table Tennis)	B		2592			0	N					允許重複修			0			陳冠甫		一 3-4 和平 桌球室	體育（桌球初級）						0		必				48		1		
	PE						4	0.08		普通體育		00UP111			0		1.0				115	半			Physical Education (Beginning Table Tennis)	C		2594			0	N					允許重複修			0			王傑賢		三 8-9 和平 桌球室	體育（桌球初級）						0		必				48		1		
	PE						0	0.00		普通體育		00UP111			0		1.0				115	半			Physical Education (Beginning Table Tennis)	D		2595			0	N					允許重複修			0			施亦婕		四 3-4 和平 桌球室	體育（桌球初級）						0		必				48		1		
	PE						0	0.00		普通體育		00UP111			0		1.0				115	半			Physical Education (Beginning Table Tennis)	E		2596			0	N					允許重複修			0			施亦婕		五 3-4 和平 桌球室	體育（桌球初級）						0		必				48		1		
	PE						0	0.00		普通體育		00UP111			0		1.0				115	半			Physical Education (Beginning Table Tennis)	F		2597			0	N					允許重複修			0			施亦婕		五 6-7 和平 桌球室	體育（桌球初級）						0		必				48		1		
	PE						3	0.10		普通體育		00UP115			0		1.0				115	半			Physical Education (Beginning Swimming)	A		2598			0	N					允許重複修			0			王重引		一 6-7 和平 游泳館1F大泳池	體育（游泳初級）						0		必				30		1		
	PE						3	0.10		普通體育		00UP115			0		1.0				115	半			Physical Education (Beginning Swimming)	B		2599			0	N					允許重複修			0			陳亮融		二 3-4 和平 游泳館1F大泳池	體育（游泳初級）						0		必				30		1		
	PE						3	0.10		普通體育		00UP115			0		1.0				115	半			Physical Education (Beginning Swimming)	C		2600			0	N					允許重複修			0			陳亮融		三 3-4 和平 游泳館1F大泳池	體育（游泳初級）						0		必				30		1		
	PE						3	0.10		普通體育		00UP115			0		1.0				115	半			Physical Education (Beginning Swimming)	D		2601			0	N					允許重複修			0			陳亮融		五 3-4 和平 游泳館1F大泳池	體育（游泳初級）						0		必				30		1		
	PE						5	0.10		普通體育		00UP121			3		1.0				115	半			Physical Education (Beginning Tai Chi Chuan)	A		2602			0	N					允許重複修			0			黃長福		一 3-4 和平 武術房一	體育（太極拳初級）						0		必				50		1		
	PE						5	0.10		普通體育		00UP121			3		1.0				115	半			Physical Education (Beginning Tai Chi Chuan)	B		2603			0	N					允許重複修			0			黃長福		二 3-4 和平 大韻律教室	體育（太極拳初級）						0		必				50		1		
	PE						5	0.10		普通體育		00UP121			0		1.0				115	半			Physical Education (Beginning Tai Chi Chuan)	C		2604			0	N					允許重複修			0			張耀庭		四 1-2 和平 武術房一	體育（太極拳初級）						0		必				50		1		
	PE						5	0.10		普通體育		00UP121			0		1.0				115	半			Physical Education (Beginning Tai Chi Chuan)	D		2605			0	N					允許重複修			0			張耀庭		四 3-4 和平 武術房一	體育（太極拳初級）						0		必				50		1		
	PE						5	0.10		普通體育		00UP129			0		1.0				115	半			Physical Education (Beginning Taekwondo)	A		2606			0	N					允許重複修			0			黃珮昀		二 3-4 公館 體育館二1樓	體育（跆拳道初級）						0		必				50		1		
	PE						5	0.10		普通體育		00UP129			0		1.0				115	半			Physical Education (Beginning Taekwondo)	B		2607			0	N					允許重複修			0			黃珮昀		五 6-7 和平 武術房一	體育（跆拳道初級）						0		必				50		1		
	PE						4	0.09		普通體育		00UP132			0		1.0				115	半			Physical Education (Beginning Playing Gymnastics)	A		2609			0	N					允許重複修			0			龔芸		四 1-2 和平 體操房	體育（體操遊戲初級）						0		必				45		1		
	PE						4	0.09		普通體育		00UP132			0		1.0				115	半			Physical Education (Beginning Playing Gymnastics)	B		2610			0	N					允許重複修			0			龔芸		四 3-4 和平 體操房	體育（體操遊戲初級）						0		必				45		1		
	PE						4	0.10		普通體育		00UP134			0		1.0				115	半			Physical Education (Beginning Weight Training)	A		2611			0	N					允許重複修			0			林凡恩		一 6-7 公館 體育館二1樓	體育（重量訓練初級）						0		必				40		1		
	PE						4	0.10		普通體育		00UP134			0		1.0				115	半			Physical Education (Beginning Weight Training)	B		2612			0	N					允許重複修			0			林淑惠		二 6-7 和平 重量訓練室一	體育（重量訓練初級）						0		必				40		1		
	PE						4	0.10		普通體育		00UP134			0		1.0				115	半			Physical Education (Beginning Weight Training)	C		2613			0	N					允許重複修			0			林凡恩		三 6-7 公館 體育館二1樓	體育（重量訓練初級）						0		必				40		1		
	PE						4	0.10		普通體育		00UP134			0		1.0				115	半			Physical Education (Beginning Weight Training)	D		2614			0	N					允許重複修			0			林淑惠		四 8-9 和平 重量訓練室一	體育（重量訓練初級）						0		必				40		1		
	PE						4	0.10		普通體育		00UP134			0		1.0				115	半			Physical Education (Beginning Weight Training)	E		2615			0	N					允許重複修			0			林凡恩		五 6-7 公館 體育館二1樓	體育（重量訓練初級）						0		必				40		1		
	PE						5	0.10		普通體育		00UP139			0		1.0				115	半			Physical Education (Beginning Bowling)			2616			0	N					允許重複修			0			徐孟達		三 3-4 和平 體001	體育（保齡球初級）						0		必				50		1		
	PE						3	0.10		普通體育		00UP146			0		1.0				115	半			Physical Education (Yoga)	A		2617			0	N					允許重複修			0			洪銀玲		一 8-9 和平 小韻律教室	體育（瑜珈）						0		必				30		1		
	PE						3	0.10		普通體育		00UP146			0		1.0				115	半			Physical Education (Yoga)	B		2618			0	N					允許重複修			0			洪銀玲		二 6-7 和平 小韻律教室	體育（瑜珈）						0		必				30		1		
	PE						5	0.10		普通體育		00UP148			0		1.0				115	半			Physical Education (Orienteering)	A		2619			0	N					允許重複修			0			莊珮琪		三 3-4 和平 金牌講堂	體育（定向越野）						0		必				50		1		
	PE						5	0.10		普通體育		00UP148			0		1.0				115	半			Physical Education (Orienteering)	B		2620			0	N					允許重複修			0			莊珮琪		三 1-2 和平 金牌講堂	體育（定向越野）						0		必				50		1		
	PE						5	0.10		普通體育		00UP204			0		1.0				115	半			Physical Education (Intermediate Basketball)			2621			0	N					允許重複修 ◎必須先修過【00UP104  體育（籃球初級）】、【00UP204  體育（籃球中級）】、【00UP904  體育校隊（籃球）】其中一門			0			張容軒		一 8-9 和平 室外籃球場一	體育（籃球中級）						0		必				50		1		
	PE						5	0.10		普通體育		00UP205			0		1.0				115	半			Physical Education (Intermediate Volleyball)	A		2622			0	N					允許重複修 ◎必須先修過【00UP105  體育（排球初級）】、【00UP205  體育（排球中級）】、【00UP905  體育校隊（排球）】其中一門			0			劉錦璋		三 3-4 和平 體育館一4F	體育（排球中級）						0		必				50		1		
	PE						5	0.10		普通體育		00UP205			0		1.0				115	半			Physical Education (Intermediate Volleyball)	B		2623			0	N					允許重複修 ◎必須先修過【00UP105  體育（排球初級）】、【00UP205  體育（排球中級）】、【00UP905  體育校隊（排球）】其中一門			0			張文		一 3-4 和平 體育館一4F	體育（排球中級）						0		必				50		1		
	PE						3	0.10		普通體育		00UP209			0		1.0				115	半			Physical Education (Intermediate Badminton)	A		2624			0	N					允許重複修 ◎必須先修過【00UP109  體育（羽球初級）】、【00UP209  體育（羽球中級）】、【00UP909  體育校隊（羽球）】其中一門			0			林涓		一 6-7 公館 中正堂	體育（羽球中級）						0		必				30		1		
	PE						3	0.10		普通體育		00UP209			0		1.0				115	半			Physical Education (Intermediate Badminton)	B		2625			0	N					允許重複修 ◎必須先修過【00UP109  體育（羽球初級）】、【00UP209  體育（羽球中級）】、【00UP909  體育校隊（羽球）】其中一門			0			楊琇惟		二 1-2 公館 中正堂	體育（羽球中級）						0		必				30		1		
	PE						0	0.00		普通體育		00UP211			0		1.0				115	半			Physical Education (Intermediate Table Tennis)			2626			0	N					允許重複修 ◎必須先修過【00UP111  體育（桌球初級）】、【00UP211  體育（桌球中級）】、【00UP911  體育校隊（桌球）】其中一門			0			施亦婕		二 8-9 和平 桌球室	體育（桌球中級）						0		必				48		1		
	PE						5	0.10		普通體育		00UP229			0		1.0				115	半			Physical Education (Intermediate Taekwondo)			2627			0	N					允許重複修 ◎必須先修過【00UP129  體育（跆拳道初級）】、【00UP229  體育（跆拳道中級）】其中一門			0			黃珮昀		四 6-7 公館 體育館二1樓	體育（跆拳道中級）						0		必				50		1		
	PE						5	0.10		普通體育		00UP339			0		1.0				115	半			Physical Education (Soft Baseball)			2628			0	N					允許重複修			0			黃輝榮		二 6-7 和平 操場一	體育（軟式棒球）						0		必				50		1		
	PE						5	0.10		普通體育		00UP342			5		1.0				115	半			Physical Education (Frisbee)			2629			0	N					允許重複修			0			黃正杰		五 8-9 和平 操場一	體育（飛盤運動）						0		必				50		1		
	PE						3	0.10		普通體育		00UP343			0		1.0				115	半			Physical Education (Beginning Sepaktakraw)	A		2630			0	N					允許重複修			0			劉昶佑		一 1-2 公館 中正堂	體育（藤球初級）						0		必				30		1		
	PE						3	0.10		普通體育		00UP343			0		1.0				115	半			Physical Education (Beginning Sepaktakraw)	B		2631			0	N					允許重複修			0			劉昶佑		一 3-4 公館 中正堂	體育（藤球初級）						0		必				30		1		
	PE						5	0.10		普通體育		00UP901			0		1.0				115	半			Athletic Team (Track and Field)			2632			0	N					◎第一階段需人工加選◎第二階段需人工加選◎加退選階段需人工加選允許重複修			0			詹俊成			體育校隊（田徑）						0		必				50	修習「體育校隊」課程須以隊為單位，經校隊教練簽章並由體育室訓練組審核通過後，於開學兩週內至共同教育委員會普通體育組辦理登記作業。	1		
	PE						5	0.10		普通體育		00UP902			0		1.0				115	半			Athletic Team (Tennis)			2633			0	N					◎第一階段需人工加選◎第二階段需人工加選◎加退選階段需人工加選允許重複修			0			李家豪			體育校隊（網球）						0		必				50	修習「體育校隊」課程須以隊為單位，經校隊教練簽章並由體育室訓練組審核通過後，於開學兩週內至共同教育委員會普通體育組辦理登記作業。	1		
	PE						5	0.10		普通體育		00UP904			0		1.0				115	半			Athletic Team (Basketball)	F		2634			0	N	F				◎限女生修  ◎第一階段需人工加選◎第二階段需人工加選◎加退選階段需人工加選允許重複修			0			詹俊成			體育校隊（籃球）						0		必				50	修習「體育校隊」課程須以隊為單位，經校隊教練簽章並由體育室訓練組審核通過後，於開學兩週內至共同教育委員會普通體育組辦理登記作業。	1		
	PE						5	0.10		普通體育		00UP904			0		1.0				115	半			Athletic Team (Basketball)	M		2635			0	N	M				◎限男生修  ◎第一階段需人工加選◎第二階段需人工加選◎加退選階段需人工加選允許重複修			0			張容軒			體育校隊（籃球）						0		必				50	修習「體育校隊」課程須以隊為單位，經校隊教練簽章並由體育室訓練組審核通過後，於開學兩週內至共同教育委員會普通體育組辦理登記作業。	1		
	PE						5	0.10		普通體育		00UP905			0		1.0				115	半			Athletic Team (Volleyball)	F		2636			0	N	F				◎限女生修  ◎第一階段需人工加選◎第二階段需人工加選◎加退選階段需人工加選允許重複修			0			詹俊成			體育校隊（排球）						0		必				50	修習「體育校隊」課程須以隊為單位，經校隊教練簽章並由體育室訓練組審核通過後，於開學兩週內至共同教育委員會普通體育組辦理登記作業。	1		
	PE						5	0.10		普通體育		00UP905			0		1.0				115	半			Athletic Team (Volleyball)	M		2637			0	N	M				◎限男生修  ◎第一階段需人工加選◎第二階段需人工加選◎加退選階段需人工加選允許重複修			0			詹俊成			體育校隊（排球）						0		必				50	修習「體育校隊」課程須以隊為單位，經校隊教練簽章並由體育室訓練組審核通過後，於開學兩週內至共同教育委員會普通體育組辦理登記作業。	1		
	PE						5	0.10		普通體育		00UP909			0		1.0				115	半			Athletic Team (Badminton)			2638			0	N					◎第一階段需人工加選◎第二階段需人工加選◎加退選階段需人工加選允許重複修			0			楊琇惟			體育校隊（羽球）						0		必				50	修習「體育校隊」課程須以隊為單位，經校隊教練簽章並由體育室訓練組審核通過後，於開學兩週內至共同教育委員會普通體育組辦理登記作業。	1		
	PE						5	0.10		普通體育		00UP911			0		1.0				115	半			Athletic Team (Table Tennis)			2639			0	N					◎第一階段需人工加選◎第二階段需人工加選◎加退選階段需人工加選允許重複修			0			施亦婕			體育校隊（桌球）						0		必				50	修習「體育校隊」課程須以隊為單位，經校隊教練簽章並由體育室訓練組審核通過後，於開學兩週內至共同教育委員會普通體育組辦理登記作業。	1		
	PE						5	0.10		普通體育		00UP915			0		1.0				115	半			Athletic Team (Swimming)			2640			0	N					◎第一階段需人工加選◎第二階段需人工加選◎加退選階段需人工加選允許重複修			0			詹俊成			體育校隊（游泳）						0		必				50	修習「體育校隊」課程須以隊為單位，經校隊教練簽章並由體育室訓練組審核通過後，於開學兩週內至共同教育委員會普通體育組辦理登記作業。	1		
	PE						5	0.10		普通體育		00UP918			0		1.0				115	半			Athletic Team (Gymnastics)			2641			0	N					◎第一階段需人工加選◎第二階段需人工加選◎加退選階段需人工加選允許重複修			0			詹俊成			體育校隊（體操）						0		必				50	修習「體育校隊」課程須以隊為單位，經校隊教練簽章並由體育室訓練組審核通過後，於開學兩週內至共同教育委員會普通體育組辦理登記作業。	1		
	SD40						10	0.20		數學系（博）		MAD0112			0		3.0				115	半			Special Topics in Geometry (I)			2642			0	N		是			◎課程開放上修			0			林俊吉		三 2-4 公館 數學館M212	幾何專題研究（一）						0		選				50		1		
	SD42						10	0.25		化學系（博）		CMD0013			0		3.0				115	半			Special Topics in Coordination Chemistry			2643			0	N					◎課程不開放上修			0			李位仁		五 8-10 公館 Ｆ318	配位化學專論						0		選				40		1		
	SD42						10	0.25		化學系（博）		CMD0018			0		3.0				115	半			Research on Advanced Analytical   Chemistry			2644			0	N					◎課程不開放上修			0			呂家榮		四 2-4 公館 教室自排	高等分析化學研究						0		選				40		1		
	SD42						10	0.25		化學系（博）		CMD0040			0		3.0				115	半			Special Topics in Frontiers of Physical Chemistry </br>[ Program: The EMI Inter-disciplinary Program of Semiconductor ]			2645			0	N		是			◎課程不開放上修			0			王迪彥		三 7-9 公館 教室自排	尖端物理化學專論 </br>[ 學分學程：國際半導體全英語學分學程 ]						0		選				40		1		ZU32
	SD42						10	0.25		化學系（博）		CMD0147			0		3.0				115	半			Special Topic of Advanced Organic Chemistry			2646			0	N					◎課程不開放上修			0			林文偉		二 2-4 公館 Ｆ318	高等有機化學專論						0		選				40		1		
	SD42						10	0.25		化學系（博）		CMD0160			0		2.0				115	半			Seminar on Analytical Chemistry (I) </br>[ Program: The EMI Inter-disciplinary Program of Semiconductor ]			2647			0	N		是			允許重複修 ◎課程不開放上修			0			陳頌方		二 3-4 公館 教室自排	分析化學專題討論（一） </br>[ 學分學程：國際半導體全英語學分學程 ]						0		選				40		1		ZU32
	SD42						10	0.25		化學系（博）		CMD0162			0		2.0				115	半			Seminar on Organic Chemistry (I) </br>[ Program: The EMI Inter-disciplinary Program of Semiconductor ]			2648			0	N		是			允許重複修 ◎課程不開放上修			0			林文偉		二 7-8 公館 Ｆ318	有機化學專題討論（一） </br>[ 學分學程：國際半導體全英語學分學程 ]						0		選				40		1		ZU32
	SD42						10	0.25		化學系（博）		CMD0164			0		2.0				115	半			Seminar on Physical Chemistry (I)			2649			0	N					允許重複修 ◎課程開放上修			0			王迪彥		三 3-4 公館 教室自排	物理化學專題討論（一）						0		選				40		1		
	SD42						10	0.25		化學系（博）		CMD0166			0		2.0				115	半			Seminar on Inorganic Chemistry (I)			2650			0	N					允許重複修 ◎課程不開放上修			0			吳嘉盈		二 7-8 公館 教室自排	無機化學專題討論（一）						0		選				40		1		
	SD43						10	0.20		生科系（博）		BID0074			0		3.0				115	半			Topics in Sensory Physiology			2651			0	N					◎課程不開放上修			0			吳忠信		五 A-C 公館 Ｃ303B	感覺生理學特論						0		選				50		1		
	SD43						10	0.20		生科系（博）		BID0165			0		2.0				115	半			Seminar			2652			0	N					允許重複修 ◎課程不開放上修			0			蘇銘燦 鄭劍廷 陳均 林思民		五 1-2 公館 Ｃ303B	專題討論						0		必				50		1		
	SD43						10	0.20		生科系（博）		BID0169			0		3.0				115	半			Special Topic on Signal Transduction			2653			0	N					◎課程不開放上修			0			林炎壽		二 2-4 公館 Ｃ302	訊息傳遞特論						0		選				50		1		
	SD43						10	0.20		生科系（博）		BID0172			0		3.0				115	半			Special Topics on Coral Diversity and Communities in Marginal Reefs			2654			0	N					◎課程不開放上修			0			陳仲吉 陳昭倫		五 8-10 公館 Ｃ302	珊瑚礁暨邊緣珊瑚群聚生態系專論						0		選				50		1		
	SD44						0	0.00		地科系（博）		ESD0004			0		3.0				115	半			Earth System : Ocean			2655			0	N					◎限本系(含雙主修)修習   ◎限博一博二博三博四博五以上修習 ◎課程開放上修			0			林永富		四 2-4 公館 Ｓ407	地球系統：海洋						0		選				50		1		
	SD45						10	0.20		科教所（博）		SED0089			2		2.0				115	半			Seminar on Science and Society			2656			0	N		是			◎課程不開放上修			0			劉湘瑤		四 3-4 公館 科教大樓202	專題討論：科學與社會						0		必				50	修課同學須具備科學教育或數學教育學習背景	1		
	SD45						10	0.20		科教所（博）		SED0091			0		2.0				115	半			Seminar on Curriculum, Instruction and Assessment			2657			0	N					◎必須先修過【SED0089  專題討論：科學與社會】 ◎課程不開放上修			0			林志鴻		四 3-4 公館 科教大樓204	專題討論：課程、教學與評量						0		必				50	修課同學須具備科學教育或數學教育學習背景	1		
	SD50						10	0.20		生物多樣學位學程（博）		DID0013			0		3.0				115	半			Diversity and Evolution of Eukaryotes			2658			0	N		是			◎課程不開放上修			0			顧銓		五 5-7 校外 教室自排	真核生物多樣性與演化						0		選				50	開課教師：顧銓    台大共同教室202	1		
	SM40						10	0.20		數學系（碩）		MAM0097			0		2.0				115	半			Topics in Mathematics Education Research (I)			2659			0	N					◎課程開放上修			0			楊凱琳 王婷瑩 劉柏宏		三 8-9 公館 數學館M211	數學教育研究專題（一）						0		必				50		1		
	SM40						10	0.20		數學系（碩）		MAM0098			0		2.0				115	半			Topics in Mathematics Education Research (II)			2660			0	N					◎課程開放上修			0			楊凱琳 王婷瑩 劉柏宏		三 9-10 公館 數學館M212	數學教育研究專題（二）						0		必				50		1		
	SM40						10	0.20		數學系（碩）		MAC0001			0		3.0				115	半			Differential Equations (I)			2661			0	N		是	8		◎課程開放上修			0			陳建隆	碩博	五 2-4 公館 數學館M311	微分方程（一）						0		選				50		1		
	SM40						10	0.20		數學系（碩）		MAC0021			0		3.0				115	半			General Topics in Mathematics Education (I)			2662			0	N			8		◎課程開放上修			0			唐書志	碩博	五 9-A 公館 數學館M311	數學教育通論（一）						0		選				50		1		
	SM40						10	0.20		數學系（碩）		MAC0027			0		3.0				115	半			Research Methodology in Mathematics Education (I)			2663			0	N			8		◎課程開放上修			0			楊凱琳 林福來	碩博	一 7-9 公館 數學館M311	數學教育研究設計（一）						0		選				50		1		
	SM40						10	0.20		數學系（碩）		MAC0045			0		3.0				115	半			Topics in Mathematics and  Computer (I)			2664			0	N			8		◎課程開放上修			0			左台益 呂鳳琳	碩博	二 2-4 公館 數學館M311	數學與電腦專題（一）						0		選				50		1		
	SM40						10	0.20		數學系（碩）		MAC0143			0		3.0				115	半			Nonlinear Programming (I)			2665			0	N		是	8		◎課程開放上修			0			陳界山 張毓麟	碩博	二 6-8 公館 數學館M211	非線性規劃（一）						0		選				50		1		
	SM40						10	0.20		數學系（碩）		MAC0146			0		3.0				115	半			Topics on Geometric Analysis (I)			2666			0	N		是	8		◎課程開放上修			0			孟悟理	碩博	五 7-9 公館 數學館M310	幾何分析專題（一）						0		選				50		1		
	SM40						10	0.20		數學系（碩）		MAC0185			0		3.0				115	半			Studies in Contents and Methods of Mathematics(I)			2667			0	N			8		◎課程開放上修			0			王婷瑩	碩博	二 7-9 公館 數學館M311	數學教材教法研究（一）						0		選				50		1		
	SM40						10	0.20		數學系（碩）		MAC0191			0		3.0				115	半			Topics in Mathematics Education(I)			2668			0	N			8		◎課程開放上修			0			謝豐瑞	碩博	三 A-C 公館 數學館M211	數學教育特論（一）						0		選				50		1		
	SM40						10	0.20		數學系（碩）		MAC8028			0		1.0				115	半			Trend of Mathematics Research			2669			0	N		是	8		允許重複修 ◎課程開放上修			0			劉柏宏	碩博	三 7 公館 數學館M212	數學研究趨勢						0		必				50		1		
	SM40						10	0.20		數學系（碩）		MAC8033			0		3.0				115	半			Topic in Algebraic Combinatorics (I)			2670			0	N			8		◎課程開放上修			0			游森棚	碩博	二 2-4 公館 數學館M310	代數組合專題（一）						0		選				50		1		
	SM40						10	0.20		數學系（碩）		MAC8040			0		3.0				115	半			Topics in Variational Modeling for Computational Geometry			2671			0	N		是	8		◎課程開放上修			0			樂美亨	碩博	五 6-8 公館 數學館M311	計算幾何變分建模專題						0		選				50		1		
	SM41						10	0.20		物理系（碩）		PHC0011			3		3.0				115	半			Quantum Mechanics (I) </br>[ Program: The EMI Inter-disciplinary Program of Semiconductor ]			2672			0	N		是	8		◎課程開放上修			0			陳傳仁	碩博	三 2-4 公館 Ｓ701	量子力學（一） </br>[ 學分學程：國際半導體全英語學分學程 ]						0		必				50		1		ZU32
	SM41						10	0.20		物理系（碩）		PHC0013			3		3.0				115	半			Classical Electrodynamics (I)			2673			0	N		是	8		◎課程開放上修			0			林豐利	碩博	一 6-8 公館 Ｓ701	古典電動力學（一）						0		必				50		1		
	SM41						10	0.20		物理系（碩）		PHC0041			3		1.0				115	半			Seminar (I)			2674			0	N		是	8		◎課程開放上修			0			何大衛	碩博	三 7 公館 Ｓ101	書報討論（一）						0		選				50		1		
	SM41						10	0.20		物理系（碩）		PHC0069			3		1.0				115	半			Seminar (III)			2675			0	N		是	8		◎課程開放上修			0			何大衛	碩博	三 8 公館 Ｓ101	書報討論（三）						0		選				50		1		
	SM41						10	0.20		物理系（碩）		PHC8016			3		3.0				115	半			Topology in Condensed Matter Systems (I)			2676			0	N		是	8		◎課程開放上修			0			高賢忠	碩博	一 2-4 公館 教室自排	凝態系統的拓撲性質（一）						0		選				50		1		
	SM41						10	0.20		物理系（碩）		PHC8030			3		3.0				115	半			Topics on Two Dimensional Quantum Materials (I) </br>[ Program: The EMI Inter-disciplinary Program of Semiconductor ]			2677			0	N		是	8		◎課程開放上修			0			藍彥文 李連忠	碩博	二 6-8 公館 Ｓ701	二維量子材料特論（一） </br>[ 學分學程：國際半導體全英語學分學程 ]						0		選				50		1		ZU32
	SM41						10	0.20		物理系（碩）		PHC8034			3		3.0				115	半			Field Theory of Condensed Matter Physics (I)			2678			0	N		是	8		◎課程開放上修			0			陳鴻宜	碩博	五 6-8 公館 Ｓ701	凝態物理中的量子場論（一）						0		選				50		1		
	SM41						10	0.20		物理系（碩）		PHC8048			3		3.0				115	半			Black Hole Astrophysics			2679			0	N		是	8		◎課程開放上修			0			卜宏毅	碩博	五 2-4 公館 Ｓ701	黑洞天文物理						0		選				50		1		
	SM42						10	0.25		化學系（碩）		CMM0001			0		2.0				115	半			Seminar (I)	A		2680			0	N					◎限本系(含雙主修)修習   允許重複修 ◎課程不開放上修			0			吳學亮		三 3-4 公館 Ｓ401	書報討論（一）						0		選				40		1		
	SM42						10	0.25		化學系（碩）		CMM0001			0		2.0				115	半			Seminar (I)	B		2681			0	N					◎限本系(含雙主修)修習   允許重複修 ◎課程不開放上修			0			謝明惠		三 3-4 公館 Ｃ102	書報討論（一）						0		選				40		1		
	SM42						10	0.25		化學系（碩）		CMM0001			0		2.0				115	半			Seminar (I)	C		2682			0	N					◎限本系(含雙主修)修習   允許重複修 ◎課程不開放上修			0			王禎翰		三 3-4 公館 Ｓ301	書報討論（一）						0		選				40		1		
	SM42						10	0.25		化學系（碩）		CMM0001			0		2.0				115	半			Seminar (I)	D		2683			0	N					◎限本系(含雙主修)修習   允許重複修 ◎課程不開放上修			0			李君婷		三 3-4 公館 Ｓ402	書報討論（一）						0		選				40		1		
	SM42						10	0.25		化學系（碩）		CMM0001			0		2.0				115	半			Seminar (I)	E		2684			0	N					◎限本系(含雙主修)修習   允許重複修 ◎課程不開放上修			0			杜玲嫻		三 3-4 公館 Ｓ304	書報討論（一）						0		選				40		1		
	SM42						10	0.25		化學系（碩）		CMM0001			0		2.0				115	半			Seminar (I)	F		2685			0	N					◎限本系(含雙主修)修習   允許重複修 ◎課程不開放上修			0			呂家榮		三 3-4 公館 Ｓ303	書報討論（一）						0		選				40		1		
	SM42						10	0.25		化學系（碩）		CMM0158			0		3.0				115	半			Organic Reaction Mechanism			2686			0	N					◎限本系(含雙主修)修習◎必須先修過【CMU0141  分析化學（一）】、【CMU0142  分析化學（二）】 ◎課程開放上修			0			吳學亮		五 2-4 公館 Ｓ606	有機反應機構						0		選				40		1		
	SM42						10	0.25		化學系（碩）		CMC0019			0		3.0				115	半			Advanced Inorganic Chemistry (I)			2687			0	N			8		◎限本系(含雙主修)修習 ◎課程不開放上修			0			謝明惠	碩博	二 2-4 公館 Ｃ102	高等無機化學（一）						0		選				40		1		
	SM42						10	0.25		化學系（碩）		CMC0029			0		3.0				115	半			Advanced analytical chemistry (I)			2688			0	N			8		◎限本系(含雙主修)修習 ◎課程不開放上修			0			陳頌方	碩博	三 7-9 公館 Ｓ402	高等分析化學（一）						0		選				40		1		
	SM42						10	0.06		化學系（碩）		CMC8002			0		1.0				115	半			Seminar on Contemporary Chemistry (I)	A		2689			0	N			8		◎限本系(含雙主修)修習   允許重複修 ◎課程開放上修			0			王彥士	碩博	一 7 公館 Ｅ302	現代化學專論（一）						0		選				170		1		
	SM42						10	0.06		化學系（碩）		CMC8002			0		1.0				115	半			Seminar on Contemporary Chemistry (I)	B		2690			0	N			8		◎限本系(含雙主修)修習   允許重複修 ◎課程開放上修			0			王彥士	碩博	一 8 公館 Ｅ302	現代化學專論（一）						0		選				170		1		
	SM42						3	0.08		化學系（碩）		CMC8004			0		3.0				115	半			Coordination Molecular Technology			2691			0	N		是	8		◎限本系(含雙主修)修習 ◎課程開放上修			0			今野巧	碩博	四 8-10 公館 理圖802	配位分子科技						0		選				37		1		
	SM42						10	0.40		化學系（碩）		CMC8005			0		1.0				115	半			The Exploration of Emerging Chemical Technology (I) </br>[ Program: The EMI Inter-disciplinary Program of Semiconductor ]			2692			0	N		是	8		◎限本系(含雙主修)修習   允許重複修 ◎課程開放上修			0			黎重義	碩博	一 7 公館 教室自排	新興化學科技探究（一） </br>[ 學分學程：國際半導體全英語學分學程 ]						0		選				50		1		ZU32
	SM43						10	0.20		生科系（碩）		BIM0123			0		2.0				115	半			Seminar	A		2693			0	N					允許重複修 ◎課程不開放上修			0			林思民 陳仲吉		五 3-4 公館 Ｃ302	專題討論						0		必				50		1		
	SM43						10	0.17		生科系（碩）		BIM0123			0		2.0				115	半			Seminar	B		2694			0	N					允許重複修 ◎課程不開放上修			0			王慈蔚 王麗婷		五 3-4 公館 Ｓ102	專題討論						0		必				60		1		
	SM43						10	0.20		生科系（碩）		BIM0123			0		2.0				115	半			Seminar	C		2695			0	N					允許重複修 ◎課程不開放上修			0			陳均		五 3-4 公館 Ｓ604	專題討論						0		必				50		1		
	SM43						10	0.20		生科系（碩）		BIC0052			0		3.0				115	半			Neuropharmacology			2696			0	N			8		◎課程不開放上修			0			呂國棟	碩博	二 2-4 公館 Ｃ303B	神經藥理學						0		選				50		1		
	SM43						10	0.20		生科系（碩）		BIC0138			0		3.0				115	半			Cellular and Molecular Biology			2697			0	N			8		◎課程不開放上修			0			蘇銘燦 王慈蔚 賴韻如	碩博	四 6-8 公館 Ｃ302	細胞及分子生物學						0		必				50		1		
	SM43						10	0.20		生科系（碩）		BIC0173			1		3.0				115	半			Evolutionary Biology			2698			0	N			8		◎課程不開放上修			0			李壽先	碩博	一 2-4 公館 Ｃ302	演化生物學						0		必				50		1		
	SM43						10	0.20		生科系（碩）		BIC8003			0		2.0				115	半			Ecology and Evolution of Amphibians and Reptiles			2699			0	N			8		◎課程不開放上修			0			林思民	碩博	一 9-10 公館 Ｃ303B	兩棲爬蟲動物生態與演化						0		選				50		1		
	SM43						10	0.20		生科系（碩）		BIC8007			0		2.0				115	半			Research Methods of Experimental Biology			2700			0	N			8		◎課程不開放上修			0			孫智雯	碩博	五 6-7 公館 Ｓ406	實驗生物學研究方法						0		必				50		1		
	SM43						10	0.20		生科系（碩）		BIC8010			0		2.0				115	半			Research Methods in Ecology and Evolution			2701			0	N			8		◎課程不開放上修			0			李壽先 許鈺鸚	碩博	三 3-4 公館 Ｃ302	生態演化研究方法						0		選				50		1		
	SM43						10	0.20		生科系（碩）		BIC8012			0		3.0				115	半			Oxidative Stress Physiology			2702			0	N			8		◎課程不開放上修			0			鄭劍廷	碩博	二 7-9 公館 Ｃ303B	氧化壓力生理學						0		選				50		1		
	SM43						10	0.20		生科系（碩）		BIC8018			0		2.0				115	半			Topics on Animal Physiology (I)			2703			0	N			8		◎課程不開放上修			0			鄭劍廷	碩博	四 6-7 公館 Ｃ303B	動物生理學特論（一）						0		必				50		1		
	SM43						10	0.20		生科系（碩）		BIC8021			0		2.0				115	半			Experimental Physiology			2704			0	N			8		◎課程不開放上修			0			吳忠信 呂國棟 鄭劍廷 林豊益 陳冬生 陳均	碩博	五 6-7 公館 Ｓ306	實驗生理學						0		必				50		1		
	SM43						10	0.20		生科系（碩）		BIC8025			0		3.0				115	半			Introduction to Statistical Analysis			2705			0	N		是	8		◎課程不開放上修			0			李佩珍	碩博	二 6-8 公館 理圖807	統計分析概論						0		選				50		1		
	SM43						3	0.09		生科系（碩）		BIC8028			0		2.0				115	半			Apply Sciences Lead to Biotechnology Industry			2706			0	N		是	8		◎課程不開放上修			0			謝秀梅	碩博	三 3-4 公館 Ｓ506	應用科學引領生物技術產業						0		選				33		1		
	SM43						10	0.20		生科系（碩）		BIC8032			1		3.0				115	半			Regulatory and Verification Mechanism Analysis for Nature-Based Carbon Sinks			2707			0	N			8		◎課程不開放上修			0			王經文	碩博	四 2-4 公館 Ｃ302	自然碳匯驗證機制與法規研析						0		選				50		1		
	SM44						10	0.20		地科系（碩）		ESC0135			0		3.0				115	半			Advanced Astrophysics			2708			0	N			8		◎限碩一碩二碩三以上◎限博一博二博三博四博五以上修習 ◎課程不開放上修			0			李悅寧	碩博	三 2-4 公館 Ｂ413天文實習室	高等天文物理						0		選				50		1		
	SM44						10	0.20		地科系（碩）		ESC0136			10		3.0				115	半			Advanced Astronomical Observations			2709			0	N			8		◎限碩一碩二碩三以上◎限博一博二博三博四博五以上修習 ◎課程不開放上修			0			管一政	碩博	四 7-9 公館 Ｂ413天文實習室	高等天文觀測						0		選				50		1		
	SM44						10	0.20		地科系（碩）		ESC0189			0		3.0				115	半			Petrographic Methods			2710			0	N			8		◎限碩一碩二碩三以上◎限博一博二博三博四博五以上修習 ◎課程不開放上修			0			賴昱銘	碩博	五 6-8 公館 Ｃ401	岩理學方法						0		選				50		1		
	SM44						10	0.20		地科系（碩）		ESC0268			2		3.0				115	半			Strain Analysis			2711			0	N		是	8		◎限碩一碩二碩三以上◎限博一博二博三博四博五以上修習 ◎課程開放上修			0			葉孟宛	碩博	一 7-9 公館 Ｓ404	應變分析						0		選				50		1		
	SM44						0	0.00		地科系（碩）		ESC8037			0		3.0				115	半			Research Methodologies in Atmospheric Sciences			2712			0	N			8		◎限碩一碩二碩三以上◎限博一博二博三博四博五以上修習 ◎課程不開放上修			0			黃婉如	碩博	五 2-4 公館 理圖802	大氣科學研究方法						0		選				40		1		
	SM44						10	0.20		地科系（碩）		ESC8048			3		3.0				115	半			Marine Environmental Education			2713			0	N			8		◎限碩一碩二碩三以上◎限博一博二博三博四博五以上修習 ◎課程不開放上修			0			葉庭光	碩博	三 2-4 公館 Ｓ407	海洋環境教育						0		選				50		1		
	SM45						0	0.00		科教所（碩）		SEM0036			0		2.0				115	半			Seminar on Cognitive Psychology and Digital Learning in Science Education			2714			0	N					◎課程開放上修			0			楊芳瑩		四 3-4 公館 SE101教學實驗室	專題討論：科學認知與數位學習						0		必				50		1		
	SM45						0	0.00		科教所（碩）		SEC0036			3		3.0				115	半			Research Methodology of Science Education			2715			0	N			8		◎課程不開放上修			0			方素琦	碩博	一 6-8 公館 SE101教學實驗室	科學教育研究方法						0		選				50	修課同學須具備科學教育或數學教育學習背景	1		
	SM45						0	0.00		科教所（碩）		SEC0038			3		3.0				115	半			Qualitative Research			2716			0	N			8		◎課程不開放上修			0			吳心楷	碩博	二 7-9 公館 科教大樓204	質的研究						0		選				50	修課同學須具備科學教育或數學教育學習背景	1		
	SM45						0	0.00		科教所（碩）		SEC0039			0		3.0				115	半			Data Analysis (I)			2717			0	N			8		◎課程開放上修			0			林志鴻	碩博	二 2-4 公館 SE101教學實驗室	資料分析（一）						0		選				50		1		
	SM45						0	0.00		科教所（碩）		SEC0066			0		3.0				115	半			Topics on Science Learning			2718			0	N			8		◎課程開放上修			0			楊芳瑩	碩博	二 7-9 公館 SE101教學實驗室	科學學習特論						0		選				50		1		
	SM45						0	0.00		科教所（碩）		SEC0088			0		3.0	Y			115	半			Introduction to Cognitive Neuroscience			2719			0	1			8		◎課程開放上修			0			顏妙璇	碩博	◎面授/同步	認知神經科學導論						0		選				50	◎數位課程 僅顯示同步遠距及面授時間	1		
	SM45						0	0.00		科教所（碩）		SEC8001			0		2.0				115	半			Colloquium (I)			2720			0	N			8		允許重複修 ◎課程開放上修			0			鄭嘉惠	碩博	四 7-8 公館 SE101教學實驗室	書報討論（一）						0		必				50		1		
	SM45						0	0.00		科教所（碩）		SEC8012			3		3.0				115	半			Academic Writing in Science Education			2721			0	N		是	8		◎課程不開放上修			0			吳心楷	碩博	三 2-4 公館 科教大樓204	科學教育學術論文寫作						0		選				50	修課同學須具備科學教育或數學教育學習背景	1		
	SM45						0	0.00		科教所（碩）		SEC8014			0		3.0				115	半			Foundation of Science Education			2722			0	N		是	8		◎課程開放上修			0			鄭嘉惠	碩博	一 6-8 公館 科教大樓204	科學教育導論						0		必				50		1		
	SM45						0	0.00		科教所（碩）		SEC8018			0		3.0				115	半			Introduction to Machine Learning			2723			0	N		是	8		◎課程開放上修			0			Nitesh Kumar Jha	碩博	三 6-8 公館 SE101教學實驗室	機器學習簡介						0		選				50		1		
	SM45						0	0.00		科教所（碩）		SEC8019			0		3.0				115	半			Educational Technology in Science Education			2724			0	N		是	8		◎課程開放上修			0			Nitesh Kumar Jha	碩博	一 6-8 公館 科教大樓202	教育科技在科學教育上的應用						0		選				50		1		
	SM46						10	0.20		永續所（碩）		EEC8019			5		3.0				115	半			Environmental Discourse and Academic Writing			2725			0	N			8		◎課程開放上修			0			曾鈺琪	碩博	二 2-4 公館 行304	環境論述與學術寫作						0		選				50		1		
	SM46						10	0.20		永續所（碩）		EEC8022			5		3.0				115	半			Studies in Environmental Education </br>[ Program: The EMI Inter-disciplinary Program of Environmental Humanities ]			2726			0	N		是	8		◎課程開放上修			0			方偉達	碩博	一 2-4 公館 行304	環境教育研究 </br>[ 學分學程：環境人文全英語學分學程 ]						0		必				50		1		ZU38
	SM46						10	0.20		永續所（碩）		EEC8048			10		3.0				115	半			Environmental Science </br>[ Program: The Inter-disciplinary Program of STEM Innovation and Practices ]			2727			0	N		是	8		◎課程開放上修			0			葉欣誠	碩博	三 2-4 公館 行304	環境科學 </br>[ 學分學程：理工創新與實作學分學程 ]						0		必				50		1		ZU62
	SM46						10	0.20		永續所（碩）		EEC8054			10		3.0				115	半			Environmental Data Processing and Analysis			2728			0	N			8		◎課程開放上修			0			林冠慧	碩博	三 6-8 公館 行409	環境資料處理與分析						0		選				50		1		
	SM46						10	0.20		永續所（碩）		EEC8061			5		3.0				115	半			Pedagogy and Teaching Material in Environmental Education			2729			0	N			8		◎課程開放上修			0			曾鈺琪	碩博	二 6-8 公館 行409	環境教育教材教法						0		選				50		1		
	SM46						10	0.20		永續所（碩）		EEC8065			10		3.0				115	半			Research on Sustainability Management </br>[ Program: The Inter-disciplinary Program of the Eco-sustainable Industry ]			2730			0	N		是	8		◎課程開放上修			0			未定	碩博	四 7-9 公館 行304	永續管理研究 </br>[ 學分學程：生態永續產業學分學程 ]						0		必				50		1		ZU35
	SM46						10	0.20		永續所（碩）		EEC8067			0		2.0				115	半			Research on Climate Change and Ecosystem Services			2731			0	N			8		◎課程開放上修			0			葉欣誠	碩博	一 8-9 公館 行304	氣候變遷與生態系服務專題研究						0		選				50		1		
	SM46						10	0.20		永續所（碩）		EEC8069			0		2.0				115	半			Seminar (I)			2732			0	N		是	8		◎課程開放上修			0			施友元	碩博	一 6-7 公館 行304	專題討論（一）						0		必				50		1		
	SM46						10	0.20		永續所（碩）		EEC8071			0		2.0				115	半			Seminar (III)			2733			0	N		是	8		◎課程開放上修			0			方偉達	碩博	一 6-7 公館 行409	專題討論（三）						0		必				50		1		
	SM46						10	0.20		永續所（碩）		EEC8073			10		3.0				115	半			The Trends and Issues of Corporate Sustainability </br>[ Program: The Inter-disciplinary Program of Sustainable Management ]			2734			0	N			8		◎課程開放上修			0			葉欣誠	碩博	二 7-9 公館 行304	企業永續之趨勢與內涵 </br>[ 學分學程：ESG永續管理學分學程 ]						0		選				50		1		ZU49
	SM46						10	0.20		永續所（碩）		EEC8080			10		3.0				115	半			Sustainable Marketing and Brand Management			2735			0	N			8		◎課程開放上修			0			施友元	碩博	五 2-4 公館 行409	永續行銷與品牌管理						0		選				50		1		
	SM46						10	0.20		永續所（碩）		EEC8087			10		3.0				115	半			Ecosystem Services and Natural Capital			2737			0	N			8		◎課程開放上修			0			林俊成	碩博	五 7-9 公館 行409	生態系服務與自然資本						0		選				50		1		
	SM46						10	0.20		永續所（碩）		EEC8088			10		3.0				115	半			Resource Economics			2738			0	N		是	8		◎課程開放上修			0			李叢禎	碩博	三 6-8 公館 行304	資源經濟學						0		選				50		1		
	SM47						10	0.20		資工系（碩）		CSC0015			3		3.0				115	半			Advanced Computer Architectures			2739			0	N			8		◎課程開放上修			0			黃文吉	碩博	一 7-9 公館 應科大樓B1多功能教室	高等計算機結構						0		選				50		1		
	SM47						10	0.20		資工系（碩）		CSC0016			3		3.0				115	半			Advanced Operating Systems			2740			0	N			8		◎課程開放上修			0			林均翰	碩博	一 2-4 公館 應科大樓B1多功能教室	高等作業系統						0		選				50		1		
	SM47						10	0.20		資工系（碩）		CSC0017			0		3.0				115	半			Advanced Algorithms			2741			0	N			8		◎課程開放上修			0			王弘倫	碩博	二 2-4 公館 理圖703	高等演算法						0		選				50		1		
	SM47						10	0.20		資工系（碩）		CSC0027			3		3.0				115	半			Embedded System Design			2742			0	N			8		◎課程開放上修			0			林均翰	碩博	五 2-4 公館 綜合館B1小型演講廳	嵌入式系統設計						0		選				50		1		
	SM47						10	0.20		資工系（碩）		CSC0029			0		3.0	Y			115	半			Computer Vision </br>[ Program: The Specialization Program of Artificial Intelligence ]			2743			0	1		是	8		◎課程開放上修			0			吳志強	碩博	◎面授/同步	電腦視覺 </br>[ 學分學程：人工智慧技術專業學分學程 ]						0		選				50	◎數位課程 All distance learning courses display synchronous learning and face-to-face learning time only	1		ZU6X
	SM47						10	0.20		資工系（碩）		CSC0049			0		3.0				115	半			Advanced Computer Graphics			2744			0	N			8		◎課程開放上修			0			張鈞法	碩博	三 2-4 公館 Ｓ204	高等計算機圖學						0		選				50		1		
	SM47						10	0.20		資工系（碩）		CSC0052			0		3.0				115	半			Queueing Theory			2745			0	N			8		◎課程開放上修			0			蔡榮宗	碩博	二 7-9 公館 Ｓ203	排隊理論						0		選				50		1		
	SM47						10	0.20		資工系（碩）		CSC0057			0		1.0				115	半			Seminar on Communication Networks (I)			2746			0	N			8		允許重複修 ◎課程開放上修			0			官振傑	碩博	三 6-7 公館 綜合館3F國際會議廳	專題討論：通訊網路（一）						0		選				50		1		
	SM47						10	0.20		資工系（碩）		CSC0059			0		1.0				115	半			Seminar on Information Systems (I)			2747			0	N			8		允許重複修 ◎課程開放上修			0			林均翰	碩博	三 7-8 公館 綜合館3F國際會議廳	專題討論：資訊系統（一）						0		選				50		1		
	SM47						10	0.20		資工系（碩）		CSC0061			0		1.0				115	半			Seminar on Multimedia Engineering (I)			2748			0	N			8		允許重複修 ◎課程開放上修			0			王科植	碩博	三 8-9 公館 綜合館3F國際會議廳	專題討論：多媒體工程（一）						0		選				50		1		
	SM47						10	0.20		資工系（碩）		CSC8001			0		3.0				115	半			Concrete Mathematics			2749			0	N			8		◎課程開放上修			0			官振傑	碩博	四 2-4 公館 Ｓ203	演算法的數學解析						0		選				50		1		
	SM47						10	0.33		資工系（碩）		CSC8004			3		3.0				115	半			Advanced Information Security Practices for Industries: Attack and Defense			2750			0	N			8		◎課程開放上修			0			紀博文	碩博	五 7-9 公館 理圖703	高等資安攻防演練						0		選				30		1		
	SM50						10	0.20		生物多樣學位學程（碩）		DIC8026			0		1.0				115	半			Seminar			2751			0	N		是	8		允許重複修 ◎課程不開放上修			0			王經文	碩博	三 3 校外 教室自排	專題討論						0		必				50	B208, 2F, Interdisciplinary Research Building, Academia Sinica中研院跨領域科技研究大樓	1		
	SM50						10	0.40		生物多樣學位學程（碩）		DIC8027			0		2.0				115	半			Lab Rotations			2752			0	N		是	8		◎課程不開放上修			0			許鈺鸚 林仲平	碩博	四 5-6 校外 教室自排	實驗室輪調學習						0		必				50	Instructors’ Lab	1		
	SM50						10	0.40		生物多樣學位學程（碩）		DIC8035			0		3.0				115	半			Biodiversity A			2753			0	N		是	8		◎課程不開放上修			0			鍾國芳	碩博	三 7-9 校外 教室自排	生物多樣性甲						0		選				50	教師：鍾國芳    101, Greenhouse Building, Academia Sinica中研新溫室大樓101	1		
	SM50						10	0.20		生物多樣學位學程（碩）		DIC8042			0		3.0				115	半			Population Genetics and Evolution A			2754			0	N		是	8		◎課程不開放上修			0			李壽先 林仲平	碩博	二 2-4 公館 Ｓ302	族群遺傳與演化甲						0		必				50	S302, NTNU Gongguan Campus 師大公館理學院  B204, 2F, Interdisciplinary Research Building, Academia Sinica 中研院跨領域科技研究大樓	1		
	SM51						10	0.20		營養學位學程（碩）		NSM0003			0		3.0				115	半			Design for Nutrition Research			2755			0	N					◎課程開放上修			0			葉宛儒		四 6-8 公館 Ｓ406	營養研究設計						0		必				50		1		
	SM51						3	0.20		營養學位學程（碩）		NSM0004			1		3.0				115	半			Nutritional Physiology and Biochemistry			2756			0	N					◎課程開放上修			0			蘇純立		一 7-9 和平 綜602	營養生理生化研究						0		必				15		1		
	SM51						10	0.20		營養學位學程（碩）		NSM0005			0		3.0				115	半			Experimental Design and Data Analysis			2757			0	N					◎課程開放上修			0			吳啟豪		二 6-8 公館 教室自排	實驗設計與資料分析						0		選				50	上課地點：SE801。	1		
	SM51						3	0.09		營養學位學程（碩）		NSM0014			0		3.0				115	半			Dietary Study and Nutritional Epidemiology			2758			0	N					◎課程開放上修			0			盧立卿		三 6-8 公館 Ｓ506	膳食研究與營養流行病學						0		選				33		1		
	SM51						10	0.20		營養學位學程（碩）		NSM0001			0		2.0				115	半			Seminar (I)			2759			0	N					◎限本系(含雙主修)修習 ◎課程開放上修			0			蔡帛蓉		三 3-4 公館 Ｓ406	專題討論（一）	一			1		0		必				50		1		
	SM52						10	0.20		生醫學位學程（碩）		BPM0001			0		2.0				115	半			Seminar			2760			0	N					允許重複修 ◎課程不開放上修			0			鄭劍廷 陳冬生 陳怡辰		五 3-4 公館 Ｃ002	專題討論						0		必				50		1		
	SM52						10	0.20		生醫學位學程（碩）		BPM0002			0		2.0				115	半			Studies in Biotech- Pharmaceutical Industry			2761			0	N					◎課程不開放上修			0			陳冬生 王經文 陳怡辰		四 6-7 公館 Ｓ302	生技醫藥產業概論						0		必				50		1		
	SM52						10	0.20		生醫學位學程（碩）		BPM0003			0		3.0				115	半			Biotech Product Development and Intellectual Property Management			2762			0	N					◎課程不開放上修			0			陳冬生		三 2-4 公館 Ｓ302	生技產品開發與智財管理						0		必				50		1		
	SM52						10	0.20		生醫學位學程（碩）		BPM0013			0		3.0				115	半			Special Topics of Intellectual Property in Biomedical Industry			2763			0	N					◎必須先修過【BPM0003  生技產品開發與智財管理】 ◎課程不開放上修			0			陳冬生		三 6-8 公館 Ｃ302	生醫產業智財特論						0		選				50		1		
	SM52						10	0.20		生醫學位學程（碩）		BPM0015			10		2.0				115	半			Management of Entrepreneurial Risk and Tax Planning in Biotechnology Industry			2764			0	N					◎課程不開放上修			0			劉福運		一 9-10 公館 Ｓ301	生技醫藥產業創業風險管理與節稅規劃						0		選				50		1		
	SU40						0	0.00		數學系（學）		MAU0180			0		3.0				115	半			Calculus B (I) </br>[ Program: The EMI Specialization Program of Mathematical Analysis ]	K		2765			0	N					◎第一階段需人工加選◎第二階段需人工加選◎加退選階段需人工加選			0			李政哲		一 6-8 校外 教室自排	微積分乙（一） </br>[ 學分學程：數學分析EMI專業學分學程 ]						0		必				50	本課程於師大附中上課，並搭配高中開學日，修課學生僅能透過人工選課。	1		ZU8N
	SU40						10	0.20		數學系（學）		MAU0189			0		2.0				115	半			English Language of Mathematics Teaching			2766			0	N		是						0			朱台		五 9-10 公館 數學館M211	數學教學中的英語						0		選				50		1		
	SU40						10	0.20		數學系（學）		MAC0087			0		3.0				115	半			Real Analysis (I) </br>[ Program: The EMI Specialization Program of Mathematical Analysis ]			2767			0	N		是	9					0			Riju Basak	大碩	一 8 公館 數學館M310, 四 7-8 公館 數學館M310	實變分析（一） </br>[ 學分學程：數學分析EMI專業學分學程 ]						0		選				50		1		ZU8N
	SU40						10	0.20		數學系（學）		MAC0093			0		3.0				115	半			Modern Algebra (I)			2768			0	N			9					0			劉容真	大碩	一 2-4 公館 數學館M210	近世代數（一）						0		選				50		1		
	SU40						10	0.20		數學系（學）		MAC0181			0		3.0				115	半			Algebra and Number Theory(I)			2769			0	N			9					0			夏良忠 胡舉卿	大碩	四 6-8 公館 數學館M311	代數與數論（一）						0		選				50		1		
	SU40						10	0.20		數學系（學）		MAC9017			0		3.0				115	半			Coding Theory </br>[ Program: The Inter-disciplinary  Program of Scientific Computation ]			2770			0	N			9					0			江政融	大碩	四 2-4 公館 數學館M211	編碼學 </br>[ 學分學程：科學計算學分學程 ]						0		選				50		1		ZU67
	SU40						10	0.20		數學系（學）		MAC9026			0		3.0				115	半			Regression Analysis (IB) </br>[ Program: The Inter-disciplinary Program of International Baccalaureate Educator Certificate-International  Mathematics Education ]			2771			0	N		是	9					0			呂翠珊	大碩	四 6-8 公館 數學館M417	迴歸分析（IB） </br>[ 學分學程：國際教師學分學程-國際數學教育 ]						0		選				50		1		ZU75
	SU40						10	0.20		數學系（學）		MAC9028			0		3.0				115	半			History of Mathematics (IB) </br>[ Program: The Inter-disciplinary Program of International Baccalaureate Educator Certificate-International  Mathematics Education ]			2772			0	N		是	9					0			劉柏宏	大碩	五 6-8 公館 數學館M211	數學史（IB） </br>[ 學分學程：國際教師學分學程-國際數學教育 ]						0		選				50		1		ZU75
	SU40						3	0.08		數學系（學）		MAC9029			0		3.0				115	半			Introduction to Scientific Computation </br>[ Program: The Inter-disciplinary  Program of Scientific Computation The Inter-disciplinary Program of STEM Innovation and Practices ]	A		2773			0	N			9					0			黃聰明	大碩	二 3 公館 理圖802, 五 6-7 公館 數學館M210	科學計算導論 </br>[ 學分學程：科學計算學分學程 理工創新與實作學分學程 ]						0		必				37		1		ZU62/ZU67
	SU40						10	0.20		數學系（學）		MAC9029			0		3.0				115	半			Introduction to Scientific Computation </br>[ Program: The Inter-disciplinary  Program of Scientific Computation The Inter-disciplinary Program of STEM Innovation and Practices ]	B		2774			0	N			9					0			謝世峰	大碩	二 3 公館 理圖807, 五 6-7 公館 Ｅ302	科學計算導論 </br>[ 學分學程：科學計算學分學程 理工創新與實作學分學程 ]						0		必				50		1		ZU62/ZU67
	SU40						10	0.20		數學系（學）		MAC9032			0		3.0				115	半			Mathematical Statistics (I)			2775			0	N			9					0			張少同	大碩	五 2-4 公館 數學館M310	數理統計（一）						0		選				50		1		
	SU40						10	0.20		數學系（學）		MAC9035			0		3.0				115	半			Matrix Computation (I) </br>[ Program: The Inter-disciplinary  Program of Scientific Computation ]			2776			0	N			9					0			黃聰明	大碩	一 6-8 公館 數學館M211	矩陣計算（一） </br>[ 學分學程：科學計算學分學程 ]						0		選				50		1		ZU67
	SU40						3	0.08		數學系（學）		MAC9038			0		1.0				115	半			Exploration of Introduction to Scientific Computation	A		2777			0	N			9		◎必須先修過(也可以同時修)【MAC9029  科學計算導論】			0			黃聰明	大碩	二 4 公館 理圖802	科學計算導論探索						0		選				37		1		
	SU40						10	0.20		數學系（學）		MAC9038			0		1.0				115	半			Exploration of Introduction to Scientific Computation	B		2778			0	N			9		◎必須先修過(也可以同時修)【MAC9029  科學計算導論】			0			謝世峰	大碩	二 4 公館 理圖807	科學計算導論探索						0		選				50		1		
	SU40						10	0.20		數學系（學）		MAC9050			0		3.0				115	半			Experiment Design and Analysis			2779			0	N			9					0			蔡碧紋	大碩	二 2-4 公館 數學館M211	實驗設計與分析						0		選				50		1		
	SU40						10	0.20		數學系（學）		MAU0065			0		3.0				115	半			Instruction to Computer	A		2780			0	N					◎限大一修習			0			楊青育		三 6-8 公館 Ｓ201	電子計算機概論	一			1		0		選				50		1		
	SU40						10	0.20		數學系（學）		MAU0065			0		3.0				115	半			Instruction to Computer	B		2781			0	N					◎限大一修習			0			范洪源		二 6-8 公館 Ｓ202	電子計算機概論	一			1		0		選				50		1		
	SU40						10	0.20		數學系（學）		MAU0180			0		3.0				115	半			Calculus B (I) </br>[ Program: The EMI Specialization Program of Mathematical Analysis ]	A		2782			0	N					◎限外系修習◎限大一修習			0			林月珍		一 6-8 公館 Ｅ102	微積分乙（一） </br>[ 學分學程：數學分析EMI專業學分學程 ]	一			1		0		必				50	物一甲	1		ZU8N
	SU40						10	0.20		數學系（學）		MAU0180			0		3.0				115	半			Calculus B (I) </br>[ Program: The EMI Specialization Program of Mathematical Analysis ]	B		2783			0	N		是			◎限外系修習◎限大一修習			0			司靈得		一 6-7 公館 Ｓ304, 四 6 公館 Ｓ304	微積分乙（一） </br>[ 學分學程：數學分析EMI專業學分學程 ]	一			1		0		必				50	物一乙	1		ZU8N
	SU40						10	0.20		數學系（學）		MAU0180			0		3.0				115	半			Calculus B (I) </br>[ Program: The EMI Specialization Program of Mathematical Analysis ]	C		2784			0	N					◎限外系修習◎限大一修習			0			楊青育		四 6-8 公館 Ｅ102	微積分乙（一） </br>[ 學分學程：數學分析EMI專業學分學程 ]	一			1		0		必				50	化一甲	1		ZU8N
	SU40						10	0.20		數學系（學）		MAU0180			0		3.0				115	半			Calculus B (I) </br>[ Program: The EMI Specialization Program of Mathematical Analysis ]	D		2785			0	N					◎限外系修習◎限大一修習			0			林月珍		四 6-8 公館 Ｂ103	微積分乙（一） </br>[ 學分學程：數學分析EMI專業學分學程 ]	一			1		0		必				50	化一乙	1		ZU8N
	SU40						10	0.20		數學系（學）		MAU0180			0		3.0				115	半			Calculus B (I) </br>[ Program: The EMI Specialization Program of Mathematical Analysis ]	E		2786			0	N					◎限外系修習◎限大一修習			0			陳瑞堂		四 6-8 公館 Ｓ602	微積分乙（一） </br>[ 學分學程：數學分析EMI專業學分學程 ]	一			1		0		必				50	地科一	1		ZU8N
	SU40						10	0.20		數學系（學）		MAU0180			0		3.0				115	半			Calculus B (I) </br>[ Program: The EMI Specialization Program of Mathematical Analysis ]	F		2787			0	N					◎限外系修習◎限大一修習			0			江政融		四 6-8 公館 Ｅ202	微積分乙（一） </br>[ 學分學程：數學分析EMI專業學分學程 ]	一			1		0		必				50	資工一	1		ZU8N
	SU40						10	0.20		數學系（學）		MAU0180			0		3.0				115	半			Calculus B (I) </br>[ Program: The EMI Specialization Program of Mathematical Analysis ]	G		2788			0	N					◎限外系修習◎限大一修習			0			范洪源		三 6-8 和平 綜202演講廳	微積分乙（一） </br>[ 學分學程：數學分析EMI專業學分學程 ]	一			1		0		必				50	機電一	1		ZU8N
	SU40						10	0.20		數學系（學）		MAU0180			0		3.0				115	半			Calculus B (I) </br>[ Program: The EMI Specialization Program of Mathematical Analysis ]	H		2789			0	N					◎限外系修習◎限大一修習			0			王建勛		三 6-8 和平 綜210展覽廳	微積分乙（一） </br>[ 學分學程：數學分析EMI專業學分學程 ]	一			1		0		必				50	電機一	1		ZU8N
	SU40						10	0.20		數學系（學）		MAU0180			0		3.0				115	半			Calculus B (I) </br>[ Program: The EMI Specialization Program of Mathematical Analysis ]	I		2790			0	N					◎限外系修習◎限大一修習			0			李政哲		三 6-8 和平 教103	微積分乙（一） </br>[ 學分學程：數學分析EMI專業學分學程 ]	一			1		0		必				50	車能一	1		ZU8N
	SU40						10	0.20		數學系（學）		MAU0180			0		3.0				115	半			Calculus B (I) </br>[ Program: The EMI Specialization Program of Mathematical Analysis ]	J		2791			0	N					◎限外系修習◎限大一修習			0			劉津豪		三 6-8 和平 教201演講廳	微積分乙（一） </br>[ 學分學程：數學分析EMI專業學分學程 ]	一			1		0		必				50	工教一、光電一	1		ZU8N
	SU40						10	0.20		數學系（學）		MAU0182			0		3.0				115	半			Basic Calculus </br>[ Program: The Inter-disciplinary Program of Technology-assisted Teaching Industry ]			2792			0	N					◎限外系修習◎限大一修習			0			森元俊成		四 6-8 公館 Ｅ302	基礎微積分 </br>[ 學分學程：科技化教學產業學分學程 ]	一			1		0		必				50	生科一、學科一	1		ZU47
	SU40						10	0.20		數學系（學）		MAU0151			0		3.0				115	半			Introduction to Mathematics </br>[ Program: The Inter-disciplinary Program of Technology-assisted Teaching Industry ]			2793			0	N			1		◎限大一修習			0			劉家新	甲	二 6-8 公館 Ｂ103	數學導論 </br>[ 學分學程：科技化教學產業學分學程 ]	一			1		0		必				50		1		ZU47/ZU47/ZU47
	SU40						10	0.20		數學系（學）		MAU0160			0		3.0				115	半			Linear Algebra(I) </br>[ Program: The Inter-disciplinary Program of Technology-assisted Teaching Industry The Inter-disciplinary Program of STEM Innovation and Practices ]			2794			0	N			1		◎限大一修習			0			謝世峰	甲	一 6-7 公館 Ｂ103, 五 3 公館 數學館M210	線性代數（一） </br>[ 學分學程：科技化教學產業學分學程 理工創新與實作學分學程 ]	一			1		0		必				50		1		ZU47/ZU47/ZU47/ZU62/ZU62/ZU62
	SU40						10	0.20		數學系（學）		MAU0170			0		1.0				115	半			Exploration of Calculus(I)			2795			0	N			1		◎限大一修習 ◎必須先修過(也可以同時修)【MAU0178  微積分甲（一）】			0			林惠娥	甲	二 2 公館 Ｓ602	微積分探索（一）	一			1		0		選				50		1		
	SU40						10	0.20		數學系（學）		MAU0172			0		1.0				115	半			Exploration of Linear Algebra(I)			2796			0	N			1		◎限大一修習 ◎必須先修過(也可以同時修)【MAU0160  線性代數（一）】			0			謝世峰	甲	五 4 公館 數學館M210	線性代數探索（一）	一			1		0		選				50		1		
	SU40						10	0.20		數學系（學）		MAU0178			0		4.0				115	半			Calculus A (I)			2797			0	N			1		◎限大一修習			0			林惠娥	甲	二 3-4 公館 Ｓ602, 四 3-4 公館 Ｓ602	微積分甲（一）	一			1		0		必				50		1		
	SU40						10	0.20		數學系（學）		MAU0151			0		3.0				115	半			Introduction to Mathematics </br>[ Program: The Inter-disciplinary Program of Technology-assisted Teaching Industry ]			2798			0	N			2		◎限大一修習			0			劉容真	乙	四 2 公館 數學館M210, 五 3-4 公館 理圖002	數學導論 </br>[ 學分學程：科技化教學產業學分學程 ]	一			1		0		必				50		1		ZU47/ZU47/ZU47
	SU40						10	0.20		數學系（學）		MAU0160			0		3.0				115	半			Linear Algebra(I) </br>[ Program: The Inter-disciplinary Program of Technology-assisted Teaching Industry The Inter-disciplinary Program of STEM Innovation and Practices ]			2799			0	N			2		◎限大一修習			0			樂美亨	乙	一 6-7 公館 Ｓ503, 三 7 公館 Ｓ503	線性代數（一） </br>[ 學分學程：科技化教學產業學分學程 理工創新與實作學分學程 ]	一			1		0		必				50		1		ZU47/ZU47/ZU47/ZU62/ZU62/ZU62
	SU40						10	0.20		數學系（學）		MAU0170			0		1.0				115	半			Exploration of Calculus(I)			2800			0	N			2		◎限大一修習 ◎必須先修過(也可以同時修)【MAU0178  微積分甲（一）】			0			郭君逸	乙	二 2 公館 Ｂ103	微積分探索（一）	一			1		0		選				50		1		
	SU40						10	0.20		數學系（學）		MAU0172			0		1.0				115	半			Exploration of Linear Algebra(I)			2801			0	N			2		◎限大一修習 ◎必須先修過(也可以同時修)【MAU0160  線性代數（一）】			0			樂美亨	乙	三 6 公館 Ｓ503	線性代數探索（一）	一			1		0		選				50		1		
	SU40						10	0.20		數學系（學）		MAU0178			0		4.0				115	半			Calculus A (I)			2802			0	N			2		◎限大一修習			0			郭君逸	乙	二 3-4 公館 Ｂ103, 四 3-4 公館 Ｂ103	微積分甲（一）	一			1		0		必				50		1		
	SU40						10	0.20		數學系（學）		MAU0151			0		3.0				115	半			Introduction to Mathematics </br>[ Program: The Inter-disciplinary Program of Technology-assisted Teaching Industry ]			2803			0	N			3		◎限大一修習			0			胡舉卿	丙	五 6-8 公館 Ｃ004	數學導論 </br>[ 學分學程：科技化教學產業學分學程 ]	一			1		0		必				50		1		ZU47/ZU47/ZU47
	SU40						10	0.20		數學系（學）		MAU0160			0		3.0				115	半			Linear Algebra(I) </br>[ Program: The Inter-disciplinary Program of Technology-assisted Teaching Industry The Inter-disciplinary Program of STEM Innovation and Practices ]			2804			0	N			3		◎限大一修習			0			夏良忠	丙	一 6-7 公館 Ｓ202, 四 3 公館 Ｓ202	線性代數（一） </br>[ 學分學程：科技化教學產業學分學程 理工創新與實作學分學程 ]	一			1		0		必				50		1		ZU47/ZU47/ZU47/ZU62/ZU62/ZU62
	SU40						10	0.20		數學系（學）		MAU0170			0		1.0				115	半			Exploration of Calculus(I)			2805			0	N			3		◎限大一修習 ◎必須先修過(也可以同時修)【MAU0178  微積分甲（一）】			0			張毓麟	丙	二 2 公館 Ｓ101	微積分探索（一）	一			1		0		選				50		1		
	SU40						10	0.20		數學系（學）		MAU0172			0		1.0				115	半			Exploration of Linear Algebra(I)			2806			0	N			3		◎限大一修習 ◎必須先修過(也可以同時修)【MAU0160  線性代數（一）】			0			夏良忠	丙	四 4 公館 Ｓ202	線性代數探索（一）	一			1		0		選				50		1		
	SU40						10	0.20		數學系（學）		MAU0178			0		4.0				115	半			Calculus A (I)			2807			0	N			3		◎限大一修習			0			張毓麟	丙	二 3-4 公館 Ｓ101, 五 3-4 公館 Ｓ101	微積分甲（一）	一			1		0		必				50		1		
	SU40						10	0.20		數學系（學）		MAU0021			0		3.0				115	半			Discrete Mathematics			2808			0	N								0			郭君逸		五 2-4 公館 Ｂ102	離散數學	二			2		0		選				50		1		
	SU40						10	0.20		數學系（學）		MAU0100			0		3.0				115	半			Introduction to Differential  Equations			2810			0	N			1					0			陳賢修	甲	一 6-8 公館 Ｓ201	微分方程導論	二			2		0		必				50		1		
	SU40						10	0.20		數學系（學）		MAU0162			0		4.0				115	半			Advanced Calculus (I) </br>[ Program: The EMI Specialization Program of Mathematical Analysis ]			2811			0	N			1		◎必須先修過【MAU0179  微積分甲（二）】			0			郭庭榕	甲	二 6-7 公館 Ｓ201, 四 3-4 公館 Ｓ201	高等微積分（一） </br>[ 學分學程：數學分析EMI專業學分學程 ]	二			2		0		必				50		1		ZU8N/ZU8N/ZU8N
	SU40						10	0.20		數學系（學）		MAU0166			0		3.0				115	半			Algebra(I) </br>[ Program: The Inter-disciplinary Program of Technology-assisted Teaching Industry ]			2812			0	N			1					0			胡舉卿	甲	二 3-4 公館 Ｓ202, 五 3 公館 數學館M417	代數學（一） </br>[ 學分學程：科技化教學產業學分學程 ]	二			2		0		必				50		1		ZU47/ZU47/ZU47
	SU40						10	0.20		數學系（學）		MAU0174			0		1.0				115	半			Exploration of Advanced Calculus (I)			2813			0	N			1		◎必須先修過(也可以同時修)【MAU0162  高等微積分（一）】			0			郭庭榕	甲	二 8 公館 Ｓ201	高等微積分探索（一）	二			2		0		選				50		1		
	SU40						10	0.20		數學系（學）		MAU0176			0		1.0				115	半			Exploration of Algebra (I)			2814			0	N			1		◎必須先修過(也可以同時修)【MAU0166  代數學（一）】			0			胡舉卿	甲	五 4 公館 數學館M417	代數學探索（一）	二			2		0		選				50		1		
	SU40						10	0.20		數學系（學）		MAU0100			0		3.0				115	半			Introduction to Differential  Equations			2815			0	N			2					0			林惠娥	乙	三 6-8 公館 Ｓ202	微分方程導論	二			2		0		必				50		1		
	SU40						10	0.20		數學系（學）		MAU0162			0		4.0				115	半			Advanced Calculus (I) </br>[ Program: The EMI Specialization Program of Mathematical Analysis ]			2816			0	N			2		◎必須先修過【MAU0179  微積分甲（二）】			0			陳賢修	乙	二 3-4 公館 Ｓ201, 四 6-7 公館 Ｓ201	高等微積分（一） </br>[ 學分學程：數學分析EMI專業學分學程 ]	二			2		0		必				50		1		ZU8N/ZU8N/ZU8N
	SU40						10	0.20		數學系（學）		MAU0166			0		3.0				115	半			Algebra(I) </br>[ Program: The Inter-disciplinary Program of Technology-assisted Teaching Industry ]			2817			0	N			2					0			劉家新	乙	一 3-4 公館 Ｂ103, 四 3 公館 數學館M310	代數學（一） </br>[ 學分學程：科技化教學產業學分學程 ]	二			2		0		必				50		1		ZU47/ZU47/ZU47
	SU40						10	0.20		數學系（學）		MAU0174			0		1.0				115	半			Exploration of Advanced Calculus (I)			2818			0	N			2		◎必須先修過(也可以同時修)【MAU0162  高等微積分（一）】			0			陳賢修	乙	四 8 公館 Ｓ201	高等微積分探索（一）	二			2		0		選				50		1		
	SU40						10	0.20		數學系（學）		MAU0176			0		1.0				115	半			Exploration of Algebra (I)			2819			0	N			2		◎必須先修過(也可以同時修)【MAU0166  代數學（一）】			0			劉家新	乙	四 4 公館 數學館M310	代數學探索（一）	二			2		0		選				50		1		
	SU40						10	0.20		數學系（學）		MAU0100			0		3.0				115	半			Introduction to Differential  Equations			2820			0	N			3					0			陳建隆	丙	二 6-8 公館 數學館M210	微分方程導論	二			2		0		必				50		1		
	SU40						10	0.20		數學系（學）		MAU0162			0		4.0				115	半			Advanced Calculus (I) </br>[ Program: The EMI Specialization Program of Mathematical Analysis ]			2821			0	N		是	3		◎必須先修過【MAU0179  微積分甲（二）】			0			林延輯	丙	一 3-4 公館 Ｅ301, 四 6-7 公館 Ｅ301	高等微積分（一） </br>[ 學分學程：數學分析EMI專業學分學程 ]	二			2		0		必				50		1		ZU8N/ZU8N/ZU8N
	SU40						10	0.20		數學系（學）		MAU0166			0		3.0				115	半			Algebra(I) </br>[ Program: The Inter-disciplinary Program of Technology-assisted Teaching Industry ]			2822			0	N			3					0			劉容真	丙	二 3-4 公館 Ｅ301, 四 3 公館 Ｅ301	代數學（一） </br>[ 學分學程：科技化教學產業學分學程 ]	二			2		0		必				50		1		ZU47/ZU47/ZU47
	SU40						10	0.20		數學系（學）		MAU0174			0		1.0				115	半			Exploration of Advanced Calculus (I)			2823			0	N			3		◎必須先修過(也可以同時修)【MAU0162  高等微積分（一）】			0			林延輯	丙	四 8 公館 Ｅ301	高等微積分探索（一）	二			2		0		選				50		1		
	SU40						10	0.20		數學系（學）		MAU0176			0		1.0				115	半			Exploration of Algebra (I)			2824			0	N			3		◎必須先修過(也可以同時修)【MAU0166  代數學（一）】			0			劉容真	丙	四 4 公館 Ｅ301	代數學探索（一）	二			2		0		選				50		1		
	SU40						10	0.20		數學系（學）		MAU0013			0		3.0				115	半			Complex  Function Theory			2825			0	N					◎必須先修過【MAU0179  微積分甲（二）】、【MAU0181  微積分乙（二）】其中一門			0			林延輯		二 6-8 公館 Ｃ004	複變數函數論	三			3		0		必				50		1		
	SU40						10	0.20		數學系（學）		MAU0027			0		3.0				115	半			General Topology (I)			2826			0	N								0			林乾		三 8-10 公館 Ｓ204	拓樸學（一）	三			3		0		選				50		1		
	SU40						10	0.20		數學系（學）		MAU0106			0		3.0				115	半			Differential Geometry (I) </br>[ Program: The Inter-disciplinary Program of  Astronomy and Gravitation ]	A		2827			0	N								0			林俊吉		一 6-8 公館 Ｅ301	微分幾何（一） </br>[ 學分學程：天文與重力學分學程 ]	三			3		0		必				50		1		ZU61
	SU40						10	0.20		數學系（學）		MAU0106			0		3.0				115	半			Differential Geometry (I) </br>[ Program: The Inter-disciplinary Program of  Astronomy and Gravitation ]	B		2828			0	N								0			陳瑞堂		一 6-7 公館 理圖001, 一 8 公館 理圖807	微分幾何（一） </br>[ 學分學程：天文與重力學分學程 ]	三			3		0		必				50		1		ZU61
	SU40						10	0.20		數學系（學）		MAU0147			0		3.0				115	半			Statistics (I)	A		2829			0	N								0			蔡碧紋		四 2-4 公館 Ｃ006	統計學（一）	三			3		0		選				50		1		
	SU40						10	0.20		數學系（學）		MAU0147			0		3.0				115	半			Statistics (I)	B		2830			0	N								0			呂翠珊		三 6-8 公館 Ｓ603	統計學（一）	三			3		0		選				50		1		
	SU40						10	0.20		數學系（學）		MAUE001			0		2.0				115	半			Teaching Materials and Methods: Mathematics </br>[ Program: The Inter-disciplinary Program of PASSION Quality Education in Rural Schools ]			2831			0	N					◎限 二階生 教育學程生 不佔名額生 登記修習生 可修			0			王婷瑩		四 6-7 公館 數學館M211	數學教材教法（教） </br>[ 學分學程：PASSION偏鄉優質教育學分學程 ]	三			3		0		選				50		1		ZU79
	SU40						10	0.20		數學系（學）		MAU0149			0		3.0				115	半			Problem-Solving in Mathematical Teaching (I)			2832			0	N								0			游森棚		一 2-4 公館 數學館M310	數學教學解題（一）	四			4		0		選				50		1		
	SU40						10	0.20		數學系（學）		MAUE110			0		2.0				115	半			Teaching Practicum: Mathemetics(I)			2833			0	N					◎限 二階生 教育學程生 不佔名額生 登記修習生 可修			0			楊凱琳 謝豐瑞		五 1-4 公館 數學館M211	數學教學實習（一）（教）	四			4		0		選				50		1		
	SU41						10	0.40		物理系（學）		PHU0281			0		2.0				115	半			Physics Special Topics: Practical Internship (I)			2834			0	N		是						0			何大衛		二 6-9 公館 教室自排	物理專題製作實習（一）						0		選				50	上課地點為物理系F101會議室	1		
	SU41						10	0.20		物理系（學）		PHC9001			0		3.0				115	半			Introduction to Solid State Physics (I) </br>[ Program: The Inter-disciplinary Program of Solar Energy Engineering ]			2835			0	N			9					0			游至仕	大碩	三 6-8 公館 Ｓ701	固態物理導論（一） </br>[ 學分學程：太陽能源與工程學分學程 ]						0		選				50		1		ZU68
	SU41						10	0.20		物理系（學）		PHC9014			0		3.0				115	半			Modern Advanced Materials and Optoelectronics (I) </br>[ Program: The Inter-disciplinary Program of Solar Energy Engineering ]			2836			0	N			9					0			趙宇強	大碩	四 6-8 公館 Ｓ701	新興材料與光電元件（一） </br>[ 學分學程：太陽能源與工程學分學程 ]						0		選				50		1		ZU68
	SU41						10	0.20		物理系（學）		PHC9032			0		3.0				115	半			Introduction to Photoelectron Spectroscopy </br>[ Program: The EMI Inter-disciplinary Program of Semiconductor ]			2837			0	N		是	9					0			林秉慧	大碩	一 6-8 公館 Ｆ105	光電子能譜導論 </br>[ 學分學程：國際半導體全英語學分學程 ]						0		選				50		1		ZU32
	SU41						10	0.20		物理系（學）		PHU0029			0		2.0				115	半			The Applications of Computer in Physics (I) </br>[ Program: The Inter-disciplinary Program of  Astronomy and Gravitation ]			2838			0	N					◎限大一修習			0			陳鴻宜		二 9-10 公館 理圖807	計算機在物理的應用（一） </br>[ 學分學程：天文與重力學分學程 ]	一			1		0		選				50		1		ZU61
	SU41						10	0.29		物理系（學）		PHU0224			0		1.0				115	半			General Physics Laboratory(I)	A		2839			0	N					◎限大一修習			0			張宜仁 吳亞霖		三 6-8 公館 Ｄ121	普通物理實驗（一）	一			1		0		必				35	預先帶入化學系一甲學生	1		
	SU41						10	0.29		物理系（學）		PHU0224			0		1.0				115	半			General Physics Laboratory(I)	B		2840			0	N					◎限大一修習			0			張嘉泓		二 6-8 公館 Ｄ119	普通物理實驗（一）	一			1		0		必				35	預先帶入化學系一乙學生	1		
	SU41						10	0.29		物理系（學）		PHU0224			0		1.0				115	半			General Physics Laboratory(I)	C		2841			0	N					◎限大一修習			0			江佩勳 游至仕		四 2-4 公館 Ｄ121	普通物理實驗（一）	一			1		0		必				35	預先帶入地科系一年級學生	1		
	SU41						3	0.08		物理系（學）		PHU0251			0		3.0				115	半			General Physics B (I)	A		2842			0	N					◎限大一修習			0			吳亞霖		二 2-4 和平 教403	普通物理乙（一）	一			1		0		必				37	預先帶入機電系一年級高中組學生	1		
	SU41						10	0.20		物理系（學）		PHU0251			0		3.0				115	半			General Physics B (I)	B		2843			0	N					◎限大一修習			0			駱芳鈺		二 2-4 和平 教402	普通物理乙（一）	一			1		0		必				50	預先帶入機電系一年級高職組學生	1		
	SU41						10	0.20		物理系（學）		PHU0251			0		3.0				115	半			General Physics B (I)	C		2844			0	N					◎限大一修習			0			江佩勳		五 6-8 公館 Ｂ101	普通物理乙（一）	一			1		0		必				50	預先帶入化學系一甲學生	1		
	SU41						10	0.20		物理系（學）		PHU0251			0		3.0				115	半			General Physics B (I)	D		2845			0	N					◎限大一修習			0			邱顯智		五 6-8 公館 Ｂ102	普通物理乙（一）	一			1		0		必				50	預先帶入化學系一乙學生	1		
	SU41						10	0.20		物理系（學）		PHU0251			0		3.0				115	半			General Physics B (I)	E		2846			0	N					◎限大一修習			0			張嘉泓		一 6-8 公館 Ｂ101	普通物理乙（一）	一			1		0		必				50	預先帶入地科系一年級學生	1		
	SU41						10	0.20		物理系（學）		PHU0251			0		3.0				115	半			General Physics B (I)	F		2847			0	N					◎限大一修習			0			游至仕		二 2-4 和平 美術館601	普通物理乙（一）	一			1		0		必				50	預先帶入電機系一年級學生	1		
	SU41						10	0.20		物理系（學）		PHU0251			0		3.0				115	半			General Physics B (I)	G		2848			0	N					◎限大一修習			0			古煥宇		一 6-8 公館 Ｓ302	普通物理乙（一）	一			1		0		必				50	預先帶入光電學士學位學程一年級學生	1		
	SU41						10	0.20		物理系（學）		PHU0251			0		3.0				115	半			General Physics B (I)	H		2849			0	N		是			◎限大一修習			0			卜宏毅		四 2-4 公館 Ｓ305	普通物理乙（一）	一			1		0		必				50		1		
	SU41						10	0.20		物理系（學）		PHU0253			0		3.0				115	半			Fundamental Physics	A		2850			0	N					◎限大一修習			0			吳亞霖		四 6-8 公館 Ｅ101	基礎物理	一			1		0		必				50	預先帶入數學系一年級甲班學生	1		
	SU41						10	0.20		物理系（學）		PHU0253			0		3.0				115	半			Fundamental Physics	B		2851			0	N					◎限大一修習			0			張宜仁		四 6-8 公館 Ｓ603	基礎物理	一			1		0		必				50	預先帶入數學系一年級乙班學生	1		
	SU41						10	0.29		物理系（學）		PHU0254			0		1.0				115	半			Fundamental Physics Laboratory	A		2852			0	N					◎限大一修習			0			游至仕 古煥宇		五 6-8 公館 Ｄ119	基礎物理實驗	一			1		0		必				35	預先帶入數學系一年級甲班學生	1		
	SU41						10	0.29		物理系（學）		PHU0254			0		1.0				115	半			Fundamental Physics Laboratory	B		2853			0	N					◎限大一修習			0			吳亞霖		五 6-8 公館 Ｄ121	基礎物理實驗	一			1		0		必				35	預先帶入數學系一年級乙班學生	1		
	SU41						5	0.17		物理系（學）		PHU0257			0		3.0				115	半			Physics Tournament and Presentation (I) </br>[ Program: The Inter-disciplinary Program of International Baccalaureate Educator Certificate-International  Physics  Education ]			2854			0	N					◎限大一修習			0			徐鏞元		二 6-8 公館 Ｆ105	物理研究之批判性思考與辯論簡介（一） </br>[ 學分學程：國際教師學分學程-國際物理教育 ]	一			1		0		選				30		1		ZU76
	SU41						10	0.20		物理系（學）		PHU0249			0		4.0				115	半			General Physics A (I)			2855			0	N			1		◎限大一◎限甲班修習			0			陳穎叡	甲	二 3-4 公館 理圖001, 五 6-7 公館 理圖001	普通物理甲（一）	一			1		0		必				50	預先帶入物理系一甲學生	1		
	SU41						10	0.20		物理系（學）		PHU0280			0		3.0				115	半			General Physics Laboratory Methods and Analysis </br>[ Program: The EMI Inter-disciplinary Program of Semiconductor ]			2856			0	N			1		◎限大一◎限甲班修習			0			邱顯智	甲	三 6-8 公館 Ｄ119	普通物理學實驗技術與分析 </br>[ 學分學程：國際半導體全英語學分學程 ]	一			1		0		必				50	物理系一甲	1		ZU32/ZU32
	SU41						3	0.09		物理系（學）		PHU0249			0		4.0				115	半			General Physics A (I)			2857			0	N		是	2		◎限本系(含雙主修)修習◎限大一大二◎限乙班修習			0			劉祥麟	乙	二 3-4 公館 Ｓ506, 五 6-7 公館 Ｓ506	普通物理甲（一）	一			1		0		必				33	預先帶入物理系一乙學生，非物一乙學生請先取得授課教師同意，並以授權碼方式加選。	1		
	SU41						10	0.20		物理系（學）		PHU0280			0		3.0				115	半			General Physics Laboratory Methods and Analysis </br>[ Program: The EMI Inter-disciplinary Program of Semiconductor ]			2858			0	N		是	2		◎限大一◎限乙班修習			0			駱芳鈺	乙	四 6-8 公館 Ｄ119	普通物理學實驗技術與分析 </br>[ 學分學程：國際半導體全英語學分學程 ]	一			1		0		必				50	預先帶入物理系一乙學生	1		ZU32/ZU32
	SU41						0	0.00		物理系（學）		PHU0008			0		3.0				115	半			Thermal Physics </br>[ Program: The Inter-disciplinary Program of NTNU and TSMC Semiconductor ]			2859			0	N			1					0			李沃龍	甲	五 2-4 公館 Ｅ101	熱物理學 </br>[ 學分學程：台積電半導體學分學程 ]	二			2		0		必				50		1		ZU45/ZU45
	SU41						0	0.00		物理系（學）		PHU0012			0		3.0				115	半			Mathematical Physics (II)			2860			0	N			1					0			趙宇強	甲	一 8-10 公館 Ｓ303	數學物理（二）	二			2		0		必				50		1		
	SU41						0	0.00		物理系（學）		PHU0166			0		3.0				115	半			Experimental Physics (II)	A		2861			0	N			1					0			張宜仁	甲	二 2-4 公館 Ｄ219	實驗物理（二）	二			2		0		必				30		1		
	SU41						0	0.00		物理系（學）		PHU0166			0		3.0				115	半			Experimental Physics (II)	B		2862			0	N			1					0			徐鏞元	甲	三 6-8 公館 Ｄ219	實驗物理（二）	二			2		0		必				30		1		
	SU41						0	0.00		物理系（學）		PHU0215			0		3.0				115	半			Electricity and Magnetism (I)			2863			0	N			1					0			傅祖怡	甲	一 2-4 公館 Ｓ501	電磁學（一）	二			2		0		必				50		1		
	SU41						0	0.00		物理系（學）		PHU0230			0		3.0				115	半			Mechanics(I)			2864			0	N			1					0			李沃龍	甲	二 6-8 公館 Ｓ303	力學（一）	二			2		0		必				50		1		
	SU41						0	0.00		物理系（學）		PHU0008			0		3.0				115	半			Thermal Physics </br>[ Program: The Inter-disciplinary Program of NTNU and TSMC Semiconductor ]			2865			0	N		是	2					0			高賢忠	乙	五 2-4 公館 Ｅ102	熱物理學 </br>[ 學分學程：台積電半導體學分學程 ]	二			2		0		必				50		1		ZU45/ZU45
	SU41						0	0.00		物理系（學）		PHU0012			0		3.0				115	半			Mathematical Physics (II)			2866			0	N		是	2					0			張嘉泓	乙	四 6-8 公館 Ｓ303	數學物理（二）	二			2		0		必				50		1		
	SU41						0	0.00		物理系（學）		PHU0166			0		3.0				115	半			Experimental Physics (II)	C		2867			0	N		是	2					0			林文欽	乙	四 2-4 公館 Ｄ219	實驗物理（二）	二			2		0		必				30		1		
	SU41						0	0.00		物理系（學）		PHU0215			0		3.0				115	半			Electricity and Magnetism (I)			2868			0	N		是	2					0			陳啟明	乙	二 6-8 公館 Ｓ304	電磁學（一）	二			2		0		必				50		1		
	SU41						0	0.00		物理系（學）		PHU0230			0		3.0				115	半			Mechanics(I)			2869			0	N		是	2					0			江府峻	乙	一 8-10 公館 Ｓ304	力學（一）	二			2		0		必				50		1		
	SU41						10	0.20		物理系（學）		PHU0197			0		3.0	Y			115	半			Computational Physics (I)			2870			0	1								0			江府峻		◎面授/同步	計算物理（一）	三			3		0		選				50	◎數位課程 僅顯示同步遠距及面授時間。	1		
	SU41						0	0.00		物理系（學）		PHU0214			0		3.0				115	半			Experimental Physics (III) </br>[ Program: The EMI Inter-disciplinary Program of Semiconductor ]	A		2871			0	N		是						0			陳怡誠		一 6-8 公館 Ｄ219	實驗物理（三） </br>[ 學分學程：國際半導體全英語學分學程 ]	三			3		0		必				30		1		ZU32
	SU41						0	0.00		物理系（學）		PHU0214			0		3.0				115	半			Experimental Physics (III) </br>[ Program: The EMI Inter-disciplinary Program of Semiconductor ]	B		2872			0	N		是						0			林秉慧		四 6-8 公館 Ｄ219	實驗物理（三） </br>[ 學分學程：國際半導體全英語學分學程 ]	三			3		0		必				30		1		ZU32
	SU41						0	0.00		物理系（學）		PHU0214			0		3.0				115	半			Experimental Physics (III) </br>[ Program: The EMI Inter-disciplinary Program of Semiconductor ]	C		2873			0	N		是						0			藍彥文		五 6-8 公館 Ｄ219	實驗物理（三） </br>[ 學分學程：國際半導體全英語學分學程 ]	三			3		0		必				30		1		ZU32
	SU41						0	0.00		物理系（學）		PHUE001			0		2.0				115	半			Teaching Materials and Methods: Physics </br>[ Program: The Inter-disciplinary Program of International Baccalaureate Educator Certificate-International  Physics  Education ]			2874			0	N					◎限 二階生 教育學程生 不佔名額生 登記修習生 可修			0			陳育霖		五 9-10 公館 Ｓ303	物理教材教法（教） </br>[ 學分學程：國際教師學分學程-國際物理教育 ]	三			3		0		選				50		1		ZU76
	SU41						0	0.00		物理系（學）		PHU0216			0		3.0				115	半			Electricity and Magnetism (II)			2875			0	N			1					0			陳鴻宜	甲	二 3-4 公館 Ｓ304, 四 2 公館 Ｓ303	電磁學（二）	三			3		0		必				50		1		
	SU41						10	0.20		物理系（學）		PHU0236			0		3.0				115	半			Modern Physics(I)			2876			0	N			1					0			徐鏞元	甲	一 3-4 公館 Ｃ003, 四 4 公館 Ｃ003	近代物理學（一）	三			3		0		必				50		1		
	SU41						10	0.20		物理系（學）		PHU0264			0		1.0				115	半			Exploration and Applications of Modern Physics (I)			2877			0	N			1					0			徐鏞元	甲	四 3 公館 Ｃ003	近代物理探索與應用（一）	三			3		0		選				50		1		
	SU41						0	0.00		物理系（學）		PHU0216			0		3.0				115	半			Electricity and Magnetism (II)			2878			0	N			2					0			陳啟明	乙	三 6-8 公館 Ｓ304	電磁學（二）	三			3		0		必				50		1		
	SU41						10	0.20		物理系（學）		PHU0236			0		3.0				115	半			Modern Physics(I)			2879			0	N			2					0			陳穎叡	乙	一 3-4 公館 Ｃ004, 四 4 公館 Ｃ004	近代物理學（一）	三			3		0		必				50		1		
	SU41						10	0.20		物理系（學）		PHU0264			0		1.0				115	半			Exploration and Applications of Modern Physics (I)			2880			0	N			2					0			陳穎叡	乙	四 3 公館 Ｃ004	近代物理探索與應用（一）	三			3		0		選				50		1		
	SU41						10	0.20		物理系（學）		PHUE110			0		2.0				115	半			Teaching Practicum: Physics (I) </br>[ Program: The Inter-disciplinary Program of International Baccalaureate Educator Certificate-International  Physics  Education ]			2881			0	N					◎限 二階生 教育學程生 不佔名額生 登記修習生 可修			0			陳育霖		一 1-4 公館 Ｓ701	物理教學實習（一）（教） </br>[ 學分學程：國際教師學分學程-國際物理教育 ]	四			4		0		選				50		1		ZU76
	SU42						10	0.13		化學系（學）		CMU0077			0		3.0				115	半			Polymer Chemistry			2882			0	N					◎限本系(含雙主修)修習			0			許貫中		五 2-4 公館 Ｂ101	高分子化學						0		選				80		1		
	SU42						10	0.25		化學系（學）		CMU0131			0		1.0				115	半			General Chemistry Laboratory(I) </br>[ Program: The EMI Inter-disciplinary Program of Semiconductor ]	D		2883			0	N					◎限外系修習			0			王彥士		四 2-4 公館 Ｄ407	普通化學實驗（一） </br>[ 學分學程：國際半導體全英語學分學程 ]						0		必				40	預先帶入地科系二年級生	1		ZU32
	SU42						10	0.25		化學系（學）		CMU0161			0		2.0				115	半			Instrumental Analysis Laboratory (I)			2884			0	N					◎限本系(含雙主修)修習			0			李君婷		四 6-9 公館 Ｄ401	儀器分析實驗（一）						0		選				40		1		
	SU42						10	0.14		化學系（學）		CMU0176			3		3.0				115	半			General Chemistry A (I) </br>[ Program: The EMI Inter-disciplinary Program of Semiconductor The Inter-disciplinary Program of NTNU and TSMC Semiconductor The Specialization Program of Energy Materials Chemistry ]	B		2885			0	N					◎限外系修習			0			王彥士		二 7-9 公館 Ｅ101	普通化學甲（一） </br>[ 學分學程：國際半導體全英語學分學程 台積電半導體學分學程 能源材料化學領域專業學分學程 ]						0		必				70	預先帶入地科系二年級生	1		ZU32/ZU45/ZU8Z
	SU42						10	0.20		化學系（學）		CMU0190			0		2.0				115	半			Scientific Literature Study (I)			2886			0	N					◎限本系(含雙主修)修習			0			劉沂欣		二 3-4 公館 Ｓ402	科學文獻探討（一）						0		選				50		1		
	SU42						10	0.20		化學系（學）		CMU0192			0		2.0				115	半			Operation of Scientific Cases (I)			2887			0	N					◎限本系(含雙主修)修習			0			杜玲嫻		四 3-4 公館 Ｓ402	科學實例操作（一）						0		選				50		1		
	SU42						10	0.20		化學系（學）		CMU0195			0		3.0				115	半			Instrumental Analytical Chemistry			2888			0	N		是						0			黎重義		三 7-9 公館 Ｓ401	儀器分析化學						0		選				50		1		
	SU42						10	0.40		化學系（學）		CMU0200			0		2.0				115	半			Studies in Advanced Chemistry (I)			2889			0	N					◎限本系(含雙主修)修習			0			蔡明剛		一 5 公館 教室自排, 二 5 公館 教室自排	進階化學專題研究（一）						0		選				50		1		
	SU42						10	0.20		化學系（學）		CMU0206			0		1.0				115	半			Teaching Plan Design for High School Chemistry (I)			2890			0	N								0			未定		一 3 公館 Ｃ102	中學化學教案設計（一）						0		選				50		1		
	SU42						20	0.00		化學系（學）		CMU0211			0		2.0				115	半			Chemical Industry Internship Program			2891			0	N								0			許貫中 葉怡均		一 1 公館 教室自排, 二 1 公館 教室自排, 四 5 公館 教室自排, 五 5 公館 教室自排	化學產業實習						0		選				0	加退選全授權碼選課	1		
	SU42						10	0.20		化學系（學）		CMUE101			0		1.0				115	半			Teaching Materials and Methods: Chemistry (I)			2892			0	N					◎限 二階生 教育學程生 不佔名額生 登記修習生 可修			0			呂家榮		一 4 公館 Ｃ102	化學教材教法（一）（教）						0		選				50		1		
	SU42						10	0.20		化學系（學）		CMUE110			0		2.0				115	半			Teaching Practicum: Chemistry(I)			2893			0	N					◎限 二階生 教育學程生 不佔名額生 登記修習生 可修			0			劉沂欣		五 1-4 公館 Ｃ102	化學教學實習（一）（教）						0		選				50		1		
	SU42						10	0.20		化學系（學）		CMC0040			0		3.0				115	半			Atomic and Molecular Spectroscopy			2894			0	N			9		◎限本系(含雙主修)修習			0			李以仁	大碩	一 2-4 公館 Ｅ201	原子分子光譜學						0		選				50		1		
	SU42						10	0.14		化學系（學）		CMC0068			0		3.0				115	半			Biochemistry </br>[ Program: The Specialization Program of Biochemical Sciences ]			2895			0	N			9		◎限本系(含雙主修)修習			0			杜玲嫻	大碩	二 7-9 公館 理圖002	生物化學 </br>[ 學分學程：生物化學領域專業學分學程 ]						0		選				70		1		ZU7L
	SU42						10	0.20		化學系（學）		CMC9001			0		3.0				115	半			Nanomaterials and Sustainable Chemistry </br>[ Program: The Inter-disciplinary Program of Solar Energy Engineering ]			2896			0	N			9		◎限本系(含雙主修)修習			0			余慈顏	大碩	五 7-9 公館 理圖003	奈米材料與永續化學 </br>[ 學分學程：太陽能源與工程學分學程 ]						0		選				50		1		ZU68
	SU42						2	0.07		化學系（學）		CMC9015			0		2.0				115	半			Inorganic Chemistry Laboratory			2897			0	N			9		◎限本系(含雙主修)修習			0			李位仁	大碩	四 6-9 公館 Ｄ409	無機化學實驗						0		選				28		1		
	SU42						3	0.14		化學系（學）		CMC9016			0		2.0				115	半			Source Readings in Contemporary Chemistry Literature (I)	A		2898			0	N		是	9		◎限本系(含雙主修)修習   允許重複修			0			黎重義	大碩	三 3-4 公館 Ｓ305	當代化學文獻導讀（一）						0		選				21		1		
	SU42						3	0.14		化學系（學）		CMC9016			0		2.0				115	半			Source Readings in Contemporary Chemistry Literature (I)	B		2899			0	N		是	9		◎限本系(含雙主修)修習   允許重複修			0			余承翰	大碩	三 3-4 公館 Ｓ606	當代化學文獻導讀（一）						0		選				21		1		
	SU42						10	0.20		化學系（學）		CMC9023			0		3.0				115	半			Organic Molecular Spectroscopy			2900			0	N		是	9		◎限本系(含雙主修)修習◎必須先修過【CMU0137  有機化學（一）】、【CMU0138  有機化學（二）】			0			朱舜藍	大碩	三 7-9 公館 Ｓ501	有機分子光譜學						0		選				50		1		
	SU42						10	0.20		化學系（學）		CMC9025			3		3.0				115	半			Special Topics in Biophysical Chemistry (II)			2901			0	N		是	9		◎限本系(含雙主修)修習			0			王彥士	大碩	二 2-4 公館 Ｅ101	生物物理化學特論 （二）						0		選				50		1		
	SU42						10	0.20		化學系（學）		CMC9027			0		2.0	Y			115	半			Intelligent Instrumentation Programming and Applications in Analytical Chemistry			2902			0	N			9					0			林震煌	大碩	◎密集課程	智慧儀器程式設計與分析化學應用						0		選				50	因課程內容會教學生寫程式，學生須自備筆電。	1		
	SU42						10	0.25		化學系（學）		CMU0131			0		1.0				115	半			General Chemistry Laboratory(I) </br>[ Program: The EMI Inter-disciplinary Program of Semiconductor ]	A		2903			0	N					◎限本系(含雙主修)修習◎限大一修習			0			陳家俊		二 6-8 公館 Ｄ407	普通化學實驗（一） </br>[ 學分學程：國際半導體全英語學分學程 ]	一			1		0		必				40	預先帶入化學系一甲新生	1		ZU32
	SU42						10	0.25		化學系（學）		CMU0131			0		1.0				115	半			General Chemistry Laboratory(I) </br>[ Program: The EMI Inter-disciplinary Program of Semiconductor ]	B		2904			0	N					◎限本系(含雙主修)修習◎限大一修習			0			陳家俊		三 6-8 公館 Ｄ407	普通化學實驗（一） </br>[ 學分學程：國際半導體全英語學分學程 ]	一			1		0		必				40	預先帶入化學系一乙新生	1		ZU32
	SU42						10	0.25		化學系（學）		CMU0131			0		1.0				115	半			General Chemistry Laboratory(I) </br>[ Program: The EMI Inter-disciplinary Program of Semiconductor ]	C		2905			0	N					◎限外系修習◎限大一修習			0			余承翰		四 6-8 公館 Ｄ407	普通化學實驗（一） </br>[ 學分學程：國際半導體全英語學分學程 ]	一			1		0		必				40	預先帶入物理系一甲新生	1		ZU32
	SU42						10	0.25		化學系（學）		CMU0131			0		1.0				115	半			General Chemistry Laboratory(I) </br>[ Program: The EMI Inter-disciplinary Program of Semiconductor ]	E		2906			0	N					◎限外系修習◎限大一修習			0			杜玲嫻		二 2-4 公館 Ｄ409	普通化學實驗（一） </br>[ 學分學程：國際半導體全英語學分學程 ]	一			1		0		必				40	預先帶入營養科學學士學位學程一年級新生	1		ZU32
	SU42						10	0.25		化學系（學）		CMU0131			0		1.0				115	半			General Chemistry Laboratory(I) </br>[ Program: The EMI Inter-disciplinary Program of Semiconductor ]	F		2907			0	N					◎限外系修習◎限大一修習			0			葉怡均		一 6-8 公館 Ｄ407	普通化學實驗（一） </br>[ 學分學程：國際半導體全英語學分學程 ]	一			1		0		必				40	預先帶入生科系一甲新生	1		ZU32
	SU42						10	0.25		化學系（學）		CMU0131			0		1.0				115	半			General Chemistry Laboratory(I) </br>[ Program: The EMI Inter-disciplinary Program of Semiconductor ]	G		2908			0	N					◎限外系修習◎限大一修習			0			葉怡均		二 2-4 公館 Ｄ407	普通化學實驗（一） </br>[ 學分學程：國際半導體全英語學分學程 ]	一			1		0		必				40	預先帶入生科系一乙新生	1		ZU32
	SU42						10	0.25		化學系（學）		CMU0131			0	是	1.0				115	半	黎重義		General Chemistry Laboratory(I) </br>[ Program: The EMI Inter-disciplinary Program of Semiconductor ]	H		2909			0	N		是			◎限大一修習			0			黎重義		五 2-4 公館 Ｄ407	普通化學實驗（一） </br>[ 學分學程：國際半導體全英語學分學程 ]	一			1		0		必				40	預先帶入物理系一乙新生	1		ZU32
	SU42						10	0.10		化學系（學）		CMU0176			10		3.0				115	半			General Chemistry A (I) </br>[ Program: The EMI Inter-disciplinary Program of Semiconductor The Inter-disciplinary Program of NTNU and TSMC Semiconductor The Specialization Program of Energy Materials Chemistry ]	A		2910			0	N					◎限本系(含雙主修)修習◎限大一修習			0			陳家俊		二 2-4 公館 Ｅ302	普通化學甲（一） </br>[ 學分學程：國際半導體全英語學分學程 台積電半導體學分學程 能源材料化學領域專業學分學程 ]	一			1		0		必				100	預先帶入化學系一年級新生	1		ZU32/ZU45/ZU8Z
	SU42						10	0.14		化學系（學）		CMU0176			0		3.0				115	半			General Chemistry A (I) </br>[ Program: The EMI Inter-disciplinary Program of Semiconductor The Inter-disciplinary Program of NTNU and TSMC Semiconductor The Specialization Program of Energy Materials Chemistry ]	C		2911			0	N		是			◎限大一修習			0			黎重義 朱舜藍		四 2-4 公館 理圖003	普通化學甲（一） </br>[ 學分學程：國際半導體全英語學分學程 台積電半導體學分學程 能源材料化學領域專業學分學程 ]	一			1		0		必				70	預先帶入物理系一乙新生	1		ZU32/ZU45/ZU8Z
	SU42						10	0.10		化學系（學）		CMU0178			0		3.0				115	半			General Chemistry B </br>[ Program: The Inter-disciplinary Program of Conservation of Cultural Relics The Specialization Program of Biochemical Sciences ]	A		2912			0	N					◎限外系修習◎限大一修習			0			葉怡均		五 2-4 公館 Ｅ302	普通化學乙 </br>[ 學分學程：文物保存修復學分學程 生物化學領域專業學分學程 ]	一			1		0		必				100	預先帶入生科系及營養科學學士學位學程一年級新生	1		ZU69/ZU7L
	SU42						10	0.10		化學系（學）		CMU0178			0		3.0				115	半			General Chemistry B </br>[ Program: The Inter-disciplinary Program of Conservation of Cultural Relics The Specialization Program of Biochemical Sciences ]	B		2913			0	N					◎限外系修習◎限大一修習			0			余承翰		四 2-4 公館 Ｅ201	普通化學乙 </br>[ 學分學程：文物保存修復學分學程 生物化學領域專業學分學程 ]	一			1		0		必				100	預先帶入物理系一甲及光電工程學士學位學程新生	1		ZU69/ZU7L
	SU42						10	0.10		化學系（學）		CMU0019			0		2.0				115	半			Chemical Applications of Group Theory			2914			0	N					◎限本系(含雙主修)修習			0			蔡明剛 吳嘉盈		四 8-9 公館 Ｓ102	群論之化學應用	二			2		0		選				100		1		
	SU42						10	0.10		化學系（學）		CMU0020			0		3.0				115	半			Mathematics for Chemistry			2915			0	N					◎限本系(含雙主修)修習			0			王禎翰		四 2-4 公館 Ｅ101	化學數學	二			2		0		選				100		1		
	SU42						10	0.10		化學系（學）		CMU0137			3		3.0				115	半			Organic Chemistry(I) </br>[ Program: The Inter-disciplinary Program of NTNU and TSMC Semiconductor ]			2916			0	N					◎限本系(含雙主修)修習			0			簡敦誠		一 3-4 公館 Ｅ202, 五 7 公館 Ｅ202	有機化學（一） </br>[ 學分學程：台積電半導體學分學程 ]	二			2		0		必				100		1		ZU45
	SU42						4	0.14		化學系（學）		CMU0139			0		1.0				115	半			Organic Chemistry Laboratory(I)	A		2917			0	N					◎限本系(含雙主修)修習 ◎必須先修過(也可以同時修)【CMU0179  有機化學實驗技術（一）】			0			簡敦誠		一 7-9 公館 Ｄ409	有機化學實驗（一）	二			2		0		必				28		1		
	SU42						4	0.14		化學系（學）		CMU0139			0		1.0				115	半			Organic Chemistry Laboratory(I)	B		2918			0	N					◎限本系(含雙主修)修習 ◎必須先修過(也可以同時修)【CMU0179  有機化學實驗技術（一）】			0			吳學亮		二 7-9 公館 Ｄ409	有機化學實驗（一）	二			2		0		必				28		1		
	SU42						4	0.14		化學系（學）		CMU0139			0		1.0				115	半			Organic Chemistry Laboratory(I)	C		2919			0	N					◎限本系(含雙主修)修習 ◎必須先修過(也可以同時修)【CMU0179  有機化學實驗技術（一）】			0			杜玲嫻		三 7-9 公館 Ｄ409	有機化學實驗（一）	二			2		0		必				28		1		
	SU42						10	0.10		化學系（學）		CMU0141			0		3.0				115	半			Analytical Chemistry(I) </br>[ Program: The Inter-disciplinary Program of NTNU and TSMC Semiconductor ]			2920			0	N					◎限本系(含雙主修)修習			0			李君婷		五 2-4 公館 Ｅ202	分析化學（一） </br>[ 學分學程：台積電半導體學分學程 ]	二			2		0		必				100		1		ZU45
	SU42						9	0.10		化學系（學）		CMU0179			0		1.0				115	半			Organic Chemistry Laboratory Techniques (I)			2921			0	N					◎限本系(含雙主修)修習			0			簡敦誠 吳學亮 杜玲嫻		一 2 公館 Ｅ301	有機化學實驗技術（一）	二			2		0		選				90		1		
	SU42						9	0.10		化學系（學）		CMU0197			0		1.0				115	半			Frontiers in Chemistry			2922			0	N					◎限本系(含雙主修)修習			0			李祐慈		五 8 公館 Ｂ103	尖端化學研究	二			2		0		選				90		1		
	SU42						0	0.00		化學系（學）		CMU0203			0		2.0				115	半			Symmetry and Spectroscopy </br>[ Program: The EMI Inter-disciplinary Program of Semiconductor ]			2923			0	N		是			◎限本系(含雙主修)修習			0			張一知		四 6-7 公館 Ｓ401	分子對稱與光譜 </br>[ 學分學程：國際半導體全英語學分學程 ]	二			2		0		選				50		1		ZU32
	SU42						2	0.09		化學系（學）		CMU0214			0		2.0				115	半			Analytical Chemistry Laboratory	A		2924			0	N					◎限本系(含雙主修)修習			0			陳頌方		二 6-9 公館 Ｄ415	分析化學實驗	二			2		0		必				22		1		
	SU42						2	0.09		化學系（學）		CMU0214			0		2.0				115	半			Analytical Chemistry Laboratory	B		2925			0	N					◎限本系(含雙主修)修習			0			李君婷		三 6-9 公館 Ｄ415	分析化學實驗	二			2		0		必				22		1		
	SU42						10	0.10		化學系（學）		CMU0145			0		3.0				115	半			Inorganic Chemistry(I) </br>[ Program: The Inter-disciplinary Program of NTNU and TSMC Semiconductor ]			2926			0	N					◎限本系(含雙主修)修習			0			李位仁		二 3-4 公館 Ｓ102, 三 6 公館 Ｓ102	無機化學（一） </br>[ 學分學程：台積電半導體學分學程 ]	三			3		0		必				100		1		ZU45
	SU42						10	0.10		化學系（學）		CMU0184			0		3.0				115	半			Physical Chemistry- Thermodynamics </br>[ Program: The Inter-disciplinary Program of NTNU and TSMC Semiconductor The Specialization Program of Energy Materials Chemistry ]			2927			0	N					◎限本系(含雙主修)修習			0			王迪彥		二 7-9 公館 Ｅ201	物理化學－熱力學 </br>[ 學分學程：台積電半導體學分學程 能源材料化學領域專業學分學程 ]	三			3		0		必				100		1		ZU45/ZU8Z
	SU42						2	0.10		化學系（學）		CMU0210			0		2.0				115	半			Physical Chemistry Laboratory	A		2928			0	N					◎限本系(含雙主修)修習◎必須先修過【CMU0182  物理化學－量子化學】			0			王禎翰 李以仁		四 6-9 公館 Ｄ415	物理化學實驗	三			3		0		必				20		1		
	SU42						2	0.10		化學系（學）		CMU0210			0		2.0				115	半			Physical Chemistry Laboratory	B		2929			0	N					◎限本系(含雙主修)修習◎必須先修過【CMU0182  物理化學－量子化學】			0			李以仁		五 6-9 公館 Ｄ415	物理化學實驗	三			3		0		必				20		1		
	SU43						10	0.20		生科系（學）		BIU0170			0		3.0				115	半			General Biology B </br>[ Program: The Specialization Program of Basic Medicine The Specialization Program of Molecular and Cell Biology The Specialization Program of Ecological Conservation ]			2930			0	N								0			林炎壽		二 7-9 公館 Ｓ301	普通生物學乙 </br>[ 學分學程：基礎醫學專業學分學程 分子與細胞生物學專業學分學程 生態保育專業學分學程 ]						0		選				50		1		ZU6L/ZU6M/ZU6N
	SU43						10	0.33		生科系（學）		BIU0172			1		1.0				115	半			General Biology Laboratory A (I)			2931			0	N								0			孫智雯 李明忠		二 10-B 公館 Ｄ313	普通生物學實驗甲（一）						0		必				30	為實驗課程實驗設備有限，限30人。	1		
	SU43						10	0.20		生科系（學）		BIC0085			5		2.0				115	半			Marine Biology </br>[ Program: The Specialization Program of Ecological Conservation ]			2932			0	N			9					0			陳仲吉	大碩	五 6-7 公館 Ｃ003	海洋生物學 </br>[ 學分學程：生態保育專業學分學程 ]						0		選				50		1		ZU6N
	SU43						10	0.20		生科系（學）		BIC0123			0		3.0				115	半			Developmental Biology			2933			0	N			9					0			王慈蔚	大碩	二 6-8 公館 Ｃ302	發育生物學						0		選				50		1		
	SU43						10	0.20		生科系（學）		BIC9008			0		3.0				115	半			Landscape Ecology </br>[ Program: The Inter-disciplinary Program of the Eco-sustainable Industry The EMI Inter-disciplinary Program of Environmental Humanities The Specialization Program of Ecological Conservation ]			2934			0	N		是	9					0			林登秋	大碩	一 6-8 公館 Ｃ302	地景生態學 </br>[ 學分學程：生態永續產業學分學程 環境人文全英語學分學程 生態保育專業學分學程 ]						0		選				50		1		ZU35/ZU38/ZU6N
	SU43						10	0.20		生科系（學）		BIC9013			0		3.0				115	半			Program Language in Bioinformatics			2935			0	N			9					0			沈林琥	大碩	三 A-C 公館 理圖807	生物資訊應用程式語言						0		選				50		1		
	SU43						10	0.20		生科系（學）		BIC9024			5		3.0				115	半			Principles of Systematic Biology			2936			0	N			9					0			徐堉峰	大碩	四 7-9 公館 Ｓ301	系統生物學						0		選				50		1		
	SU43						10	0.20		生科系（學）		BIC9032			0		2.0				115	半			Cancer Biology			2937			0	N			9		◎必須先修過【BIU0168  普通生物學甲（一）】、【BIU0170  普通生物學乙】其中一門			0			王麗婷	大碩	四 3-4 公館 Ｓ503	癌生物學						0		選				50		1		
	SU43						10	0.33		生科系（學）		BIC9045			0		2.0				115	半			Inquiry and Practice in Biology			2938			0	N			9		◎必須先修過【BIU0168  普通生物學甲（一）】、【BIU0169  普通生物學甲（二）】、【BIU0172  普通生物學實驗甲（一）】、【BIU0173  普通生物學實驗甲（二）】			0			廖培鈞 劉湘瑤	大碩	一 C-D 公館 Ｄ313	生物探究與實作						0		選				30	在實驗室進行之課程實驗設備有限，限30人。	1		
	SU43						10	0.20		生科系（學）		BIC9060			1		3.0				115	半			Pteridology </br>[ Program: The Inter-disciplinary Program of the Eco-sustainable Industry ]			2939			0	N			9					0			趙怡姍	大碩	四 2-4 公館 Ｓ302	蕨類植物學 </br>[ 學分學程：生態永續產業學分學程 ]						0		選				50		1		ZU35
	SU43						10	0.33		生科系（學）		BIC9062			2		3.0				115	半			Plant Cell and Tissue Culture			2940			0	N		是	9					0			陳晶	大碩	三 7-9 公館 Ｄ313	植物細胞組織培養						0		選				30	在實驗室進行之課程實驗設備有限，限30人。	1		
	SU43						10	0.20		生科系（學）		BIC9064			1		3.0				115	半			Introduction to Biomedical Engineering			2941			0	N			9					0			陳怡辰	大碩	五 8-10 公館 Ｓ301	生物醫學工程概論						0		選				50		1		
	SU43						10	0.20		生科系（學）		BIC9073			1		3.0				115	半			Introduction to Biostatistics			2942			0	N		是	9					0			王意安	大碩	三 7-9 公館 理圖801	生物統計學概論						0		選				50		1		
	SU43						10	0.33		生科系（學）		BIC9075			0		1.0				115	半			Laboratory for Biological Inquiry and Practices			2943			0	N			9		◎必須先修過【BIU0168  普通生物學甲（一）】、【BIU0169  普通生物學甲（二）】、【BIU0172  普通生物學實驗甲（一）】、【BIU0173  普通生物學實驗甲（二）】			0			廖培鈞 劉湘瑤	大碩	一 A-B 公館 Ｄ313	生物探究與實作實驗						0		選				30	為實驗課程實驗設備有限，限30人。	1		
	SU43						10	0.17		生科系（學）		BIU0168			1		3.0				115	半			General Biology A (I) </br>[ Program: The Specialization Program of Molecular and Cell Biology The Specialization Program of Ecological Conservation ]			2944			0	N			1		◎限大一修習			0			李壽先 孫智雯 李明忠	甲	四 2-4 公館 Ｂ102	普通生物學甲（一） </br>[ 學分學程：分子與細胞生物學專業學分學程 生態保育專業學分學程 ]	一			1		0		必				60		1		ZU6M/ZU6M/ZU6N/ZU6N
	SU43						10	0.33		生科系（學）		BIU0172			0		1.0				115	半			General Biology Laboratory A (I)			2945			0	N			1		◎限大一修習			0			孫智雯 李明忠	甲	二 2-4 公館 Ｄ313	普通生物學實驗甲（一）	一			1		0		必				30	為實驗課程實驗設備有限，限30人。	1		
	SU43						10	0.17		生科系（學）		BIU0168			1		3.0				115	半			General Biology A (I) </br>[ Program: The Specialization Program of Molecular and Cell Biology The Specialization Program of Ecological Conservation ]			2946			0	N			2		◎限大一修習			0			李壽先 孫智雯 李明忠	乙	三 7-9 公館 Ｓ102	普通生物學甲（一） </br>[ 學分學程：分子與細胞生物學專業學分學程 生態保育專業學分學程 ]	一			1		0		必				60		1		ZU6M/ZU6M/ZU6N/ZU6N
	SU43						10	0.33		生科系（學）		BIU0172			0		1.0				115	半			General Biology Laboratory A (I)			2947			0	N			2		◎限大一修習			0			孫智雯 李明忠	乙	二 6-8 公館 Ｄ313	普通生物學實驗甲（一）	一			1		0		必				30	為實驗課程實驗設備有限，限30人。	1		
	SU43						10	0.33		生科系（學）		BIU0017			2		3.0				115	半			Plant Morphology </br>[ Program: The Inter-disciplinary Program of the Eco-sustainable Industry ]			2948			0	N								0			趙怡姍		二 2-4 公館 Ｃ004	植物形態學 </br>[ 學分學程：生態永續產業學分學程 ]	二			2		0		選				30		1		ZU35
	SU43						10	0.17		生科系（學）		BIU0039			5		3.0				115	半			Human Physiology </br>[ Program: The Specialization Program of Basic Medicine ]			2949			0	N					◎必須先修過【BIU0168  普通生物學甲（一）】、【BIU0169  普通生物學甲（二）】其中一門◎必須先修過(也可以同時修)【BIU0170  普通生物學乙】其中一門			0			呂國棟 林豊益 陳均		一 2-4 公館 理圖001	人體生理學 </br>[ 學分學程：基礎醫學專業學分學程 ]	二			2		0		選				60		1		ZU6L
	SU43						10	0.20		生科系（學）		BIU0175			0		2.0				115	半			Introduction to Research on Ecology and Evolutionary Biology			2950			0	N								0			王經文		四 8-9 公館 Ｓ302	生態與演化研究概論	二			2		0		選				50		1		
	SU43						10	0.20		生科系（學）		BIU0037			5		2.0				115	半			Entomology </br>[ Program: The Inter-disciplinary Program of the Eco-sustainable Industry ]			2951			0	N			1					0			徐堉峰	甲	四 3-4 公館 Ｓ301	昆蟲學 </br>[ 學分學程：生態永續產業學分學程 ]	二			2		0		選				50		1		ZU35
	SU43						10	0.20		生科系（學）		BIU0044			0		3.0				115	半			Genetics </br>[ Program: The Specialization Program of Molecular and Cell Biology ]			2952			0	N			1		◎必須先修過【BIU0168  普通生物學甲（一）】、【BIU0170  普通生物學乙】其中一門			0			蘇銘燦 廖培鈞 陳怡辰	甲	二 2-4 公館 Ｓ204	遺傳學 </br>[ 學分學程：分子與細胞生物學專業學分學程 ]	二			2		0		必				50		1		ZU6M
	SU43						10	0.17		生科系（學）		BIU0143			0		4.0				115	半			Biochemistry </br>[ Program: The Specialization Program of Basic Medicine The Specialization Program of Molecular and Cell Biology ]			2953			0	N			2		◎必須先修過【BIU0008  有機化學】、【CMU0178  普通化學乙】、【NSU0004  有機化學】其中一門			0			蘇銘燦 李冠群	乙	二 6-9 公館 綜合館B1小型演講廳	生物化學 </br>[ 學分學程：基礎醫學專業學分學程 分子與細胞生物學專業學分學程 ]	二			2		0		必				60		1		ZU6L/ZU6M
	SU43						10	0.33		生科系（學）		BIU0144			0		2.0				115	半			Biochemistry Laboratory			2954			0	N			2		◎必須先修過【BIU0008  有機化學】、【CMU0178  普通化學乙】、【NSU0004  有機化學】其中一門			0			蘇銘燦 李冠群	乙	一 6-9 公館 Ｄ313	生物化學實驗	二			2		0		必				30	為實驗課程實驗設備有限，限30人。	1		
	SU43						10	0.17		生科系（學）		BIU0046			1		3.0				115	半			Ecology </br>[ Program: The Inter-disciplinary Program of Geospatial Information Science The Inter-disciplinary Program of Environmental Monitoring and Disaster Mitigation The Inter-disciplinary Program of the Eco-sustainable Industry The EMI Inter-disciplinary Program of Environmental Humanities The Specialization Program of Ecological Conservation The Specialization Program of Ecological Monitoring ]			2955			0	N		是						0			周均珈		二 2-4 公館 Ｓ301	生態學 </br>[ 學分學程：空間資訊學分學程 環境監測與防災學分學程 生態永續產業學分學程 環境人文全英語學分學程 生態保育專業學分學程 生態環境監測專業學分學程 ]	三			3		0		選				60		1		ZU35/ZU38/ZU6N/ZU7S/ZU89/ZU9B
	SU43						10	0.17		生科系（學）		BIU0155			0		3.0				115	半			Introduction to Bioinformatics			2956			0	N								0			沈林琥		四 A-C 公館 理圖802	生物資訊學導論	三			3		0		選				60		1		
	SU43						10	0.20		生科系（學）		BIU0015			5		3.0				115	半			Animal Physiology			2957			0	N			1		◎限大三◎限甲班修習◎必須先修過【BIU0168  普通生物學甲（一）】、【BIU0169  普通生物學甲（二）】			0			呂國棟 林豊益 陳均	甲	四 7-9 公館 Ｂ101	動物生理學	三			3		0		選				50		1		
	SU43						10	0.20		生科系（學）		BIU0145			0		3.0				115	半			Molecular Biology </br>[ Program: The Specialization Program of Molecular and Cell Biology ]			2958			0	N			1		◎必須先修過【BIU0168  普通生物學甲（一）】、【BIU0170  普通生物學乙】其中一門			0			蘇銘燦 林炎壽 王麗婷	甲	三 7-9 公館 Ｓ301	分子生物學 </br>[ 學分學程：分子與細胞生物學專業學分學程 ]	三			3		0		選				50		1		ZU6M
	SU43						10	0.20		生科系（學）		BIU0178			0		2.0				115	半			Seminar			2959			0	N		是	1					0			林仲平	甲	一 3-4 公館 Ｓ602	書報討論	三			3		0		選				50		1		
	SU43						10	0.20		生科系（學）		BIU0013			0		3.0				115	半			Plant Physiology			2960			0	N			2		◎必須先修過【BIU0168  普通生物學甲（一）】、【BIU0169  普通生物學甲（二）】◎必須先修過(也可以同時修)【BIU0143  生物化學】			0			孫智雯 陳晶	乙	四 7-9 公館 Ｓ304	植物生理學	三			3		0		選				50		1		
	SU43						10	0.20		生科系（學）		BIU0025			0		3.0				115	半			Cell Biology </br>[ Program: The Specialization Program of Molecular and Cell Biology ]			2961			0	N			2		◎必須先修過【BIU0168  普通生物學甲（一）】、【BIU0143  生物化學】			0			蘇銘燦 孫智雯 陳均	乙	三 7-9 公館 Ｓ302	細胞生物學 </br>[ 學分學程：分子與細胞生物學專業學分學程 ]	三			3		0		選				50		1		ZU6M
	SU43						10	0.40		生科系（學）		BIU0179			0		3.0				115	半			Advance Research on Special Topics			2962			0	N								0			李壽先 呂國棟 孫智雯 謝秀梅 鄭劍廷 林豊益 林登秋 賴韻如 李明忠 陳冬生 王麗婷 陳怡辰 未定 周均珈		六 6-8 公館 教室自排	進階專題研究	四			4		0		選				50		1		
	SU43						10	0.20		生科系（學）		BIUE001			0		2.0				115	半			Teaching Materials and Methods: Biology			2963			0	N			1		◎限 二階生 教育學程生 不佔名額生（已修畢教程） 不佔名額生 登記修習生 可修			0			廖培鈞 鄭嘉惠	甲	五 1-2 公館 科教大樓204	生物教材教法（教）	四			4		0		選				50		1		
	SU43						10	0.20		生科系（學）		BIUE110			0		2.0				115	半			Teaching Practicum: Biology(I)			2964			0	N			1		◎限 二階生 教育學程生 不佔名額生（已修畢教程） 不佔名額生 登記修習生 可修			0			廖培鈞 鄭嘉惠	甲	一 1-4 公館 科教大樓204	生物教學實習（一）（教）	四			4		0		選				50		1		
	SU43						10	0.20		生科系（學）		BIUE001			0		2.0				115	半			Teaching Materials and Methods: Biology			2965			0	N			2		◎限 二階生 教育學程生 不佔名額生（已修畢教程） 不佔名額生 登記修習生 可修			0			李冠群 劉湘瑤	乙	五 1-2 公館 SE101教學實驗室	生物教材教法（教）	四			4		0		選				50		1		
	SU43						10	0.20		生科系（學）		BIUE110			0		2.0				115	半			Teaching Practicum: Biology(I)			2966			0	N			2		◎限 二階生 教育學程生 不佔名額生（已修畢教程） 不佔名額生 登記修習生 可修			0			李冠群 劉湘瑤	乙	一 1-4 公館 SE101教學實驗室	生物教學實習（一）（教）	四			4		0		選				50		1		
	SU44						20	0.40		地科系（學）		ESC0122			10		3.0				115	半			Ocean Circulation			2967			0	N			9		◎限本系(含雙主修)、輔系修習◎限大三大四 ◎限碩一碩二碩三以上修習			0			林永富	大碩	二 2-4 公館 Ｓ404	洋流學						0		選				50		1		
	SU44						3	0.06		地科系（學）		ESC0123			3		3.0				115	半			Stable Isotope Geology			2968			0	N		是	9		◎限大三大四 ◎限碩一碩二碩三以上修習			0			米泓生	大碩	一 7-9 公館 Ｃ403	穩定同位素地質學						0		選				50		1		
	SU44						10	0.20		地科系（學）		ESC0129			5		3.0				115	半			Geochemistry			2969			0	N		是	9		◎限大三大四 ◎限碩一碩二碩三以上修習			0			謝奈特	大碩	三 7-9 公館 Ｃ403	地球化學						0		選				50		1		
	SU44						10	0.20		地科系（學）		ESC9001			5		3.0				115	半			Earth Science Data Processing </br>[ Program: The Inter-disciplinary Program of Environmental Monitoring and Disaster Mitigation ]			2970			0	N			9		◎限大二大三大四 ◎限碩一碩二碩三以上修習			0			未定	大碩	一 7-9 公館 Ｓ407	地球科學資料處理 </br>[ 學分學程：環境監測與防災學分學程 ]						0		選				50	未定教師為林佩瑩老師	1		ZU89
	SU44						0	0.00		地科系（學）		ESC9008			1		3.0				115	半			Mineralogy (including Lab.) </br>[ Program: The Inter-disciplinary Program of Environmental Monitoring and Disaster Mitigation ]			2971			0	N			9		◎限大二大三大四 ◎限碩一碩二碩三以上修習			0			賴昱銘	大碩	五 2-4 公館 Ｃ401	礦物學（含實習） </br>[ 學分學程：環境監測與防災學分學程 ]						0		選				38	考量野外考察需求，以一輛遊覽車40人為限；故限修人數38人、授權碼0人、聯盟各1人。	1		ZU89
	SU44						5	0.10		地科系（學）		ESC9013			2		3.0				115	半			Structural Geology (including Lab.) </br>[ Program: The Inter-disciplinary Program of Environmental Monitoring and Disaster Mitigation ]			2972			0	N			9		◎限大三大四 ◎限碩一碩二碩三以上修習			0			葉恩肇	大碩	一 2-4 公館 Ｃ401	構造地質學（含實習） </br>[ 學分學程：環境監測與防災學分學程 ]						0		選				50		1		ZU89
	SU44						10	0.20		地科系（學）		ESC9015			10		3.0				115	半			Synoptic Meteorology </br>[ Program: The Inter-disciplinary Program of Environmental Monitoring and Disaster Mitigation The Specialization Program of Weather and Climate Science ]			2973			0	N			9		◎限大三大四 ◎限碩一碩二碩三以上修習			0			王重傑	大碩	一 4 公館 Ｃ409, 四 3-4 公館 Ｃ409	天氣學 </br>[ 學分學程：環境監測與防災學分學程 天氣與氣候科學專業學分學程 ]						0		選				50		1		ZU89/ZU8M
	SU44						10	0.20		地科系（學）		ESC9025			1		3.0				115	半			Innovation Trends in Oceanography			2974			0	N			9		◎限大三大四 ◎限碩一碩二碩三以上修習			0			吳朝榮 鄭志文 葉庭光	大碩	三 7-9 公館 Ｓ601	新興海洋科學發展趨勢						0		選				50		1		
	SU44						10	0.20		地科系（學）		ESC9026			2		3.0				115	半			Introduction to Marine Physics			2975			0	N			9		◎限大三大四 ◎限碩一碩二碩三以上修習			0			鄭志文	大碩	四 2-4 公館 Ｓ404	海洋物理學概論						0		選				50		1		
	SU44						5	0.10		地科系（學）		ESC9038			0		3.0				115	半			Earth Science Practicum (II)			2976			0	N			9		◎限本系(含雙主修)、輔系修習◎限大三大四 ◎限碩一碩二碩三以上修習◎必須先修過【ESU0219  地球科學產學實務與實習（一）】			0			葉恩肇 葉庭光	大碩	五 10-B 公館 Ｃ401	地球科學產學實務與實習（二）						0		選				50		1		
	SU44						20	0.40		地科系（學）		ESU0177			3		2.0				115	半			Introduction to Earth Science (including Lab.) </br>[ Program: The Inter-disciplinary Program of Environmental Monitoring and Disaster Mitigation ]			2977			0	N					◎限大一修習			0			葉庭光		二 6-7 公館 Ｓ601	地球科學概論（含實習） </br>[ 學分學程：環境監測與防災學分學程 ]	一			1		0		選				50		1		ZU89
	SU44						10	0.20		地科系（學）		ESU0180			2		3.0				115	半			Physical Geology (including Lab.) </br>[ Program: The Inter-disciplinary Program of Environmental Monitoring and Disaster Mitigation ]			2978			0	N					◎限本系(含雙主修)、輔系修習◎限大一修習			0			葉恩肇 賴昱銘		二 2-4 公館 Ｅ201	普通地質學（含實習） </br>[ 學分學程：環境監測與防災學分學程 ]	一			1		0		必				50	因課程包含講述及實作兩部分，本課程上課地點為E201、地科系C401與C403教室。	1		ZU89
	SU44						20	0.40		地科系（學）		ESU0184			5		3.0				115	半			Introduction to Geophysics (including Lab.)			2979			0	N					◎限大一修習			0			陳卉瑄 未定		五 2-4 公館 Ｅ301	地球物理通論（含實習）	一			1		0		必				50	未定授課教師:林佩瑩老師	1		
	SU44						10	0.20		地科系（學）		ESU0023			0		3.0				115	半			Applied Mathematics (I)			2980			0	N					◎限本系(含雙主修)、輔系修習◎限大二大三大四修習			0			陳瑞堂		二 2-4 公館 理圖002	應用數學（一）	二			2		0		必				50		1		
	SU44						10	0.20		地科系（學）		ESU0077			10		3.0				115	半			Observational Seismology </br>[ Program: The Inter-disciplinary Program of Environmental Monitoring and Disaster Mitigation ]			2981			0	N					◎限大二大三大四修習			0			陳卉瑄		一 2-4 公館 Ｓ407	觀測地震學 </br>[ 學分學程：環境監測與防災學分學程 ]	二			2		0		選				50		1		ZU89
	SU44						3	0.09		地科系（學）		ESU0098			1		3.0				115	半			Environmental Geology			2982			0	N					◎限大二大三大四修習			0			米泓生		四 7-9 公館 Ｃ007	環境地質學	二			2		0		選				35	考量野外考察需求，以一輛遊覽車40人為限，限修人數為35人。	1		
	SU44						8	0.40		地科系（學）		ESU0183			3		3.0				115	半			Astronomical Observations (Including Lab) </br>[ Program: The Inter-disciplinary Program of  Astronomy and Gravitation The Specialization Program of Field Observations and Laboratory Applications for Sustainable Earth System ]			2983			0	N					◎限大二大三大四修習◎限地科系（學）（含雙主修、輔系）、天文與重力學分學程選修			0			管一政		二 10-B 公館 Ｂ413天文實習室	天文觀測（含實習） </br>[ 學分學程：天文與重力學分學程 地球系統實地觀測應用與永續專業學分學程 ]	二			2		0		選				20	考量野外考察及觀測儀器攜帶需求，以一輛遊覽車30人為限。	1		ZU61/ZU8L
	SU44						10	0.20		地科系（學）		ESU0199			3		3.0				115	半			Atmospheric Observations (including Lab.) </br>[ Program: The Inter-disciplinary Program of Solar Energy Engineering The Specialization Program of Field Observations and Laboratory Applications for Sustainable Earth System The Specialization Program of Weather and Climate Science ]			2984			0	N					◎限大二大三大四修習			0			曾莉珊		五 2-4 公館 Ｃ409	大氣觀測（含實習） </br>[ 學分學程：太陽能源與工程學分學程 地球系統實地觀測應用與永續專業學分學程 天氣與氣候科學專業學分學程 ]	二			2		0		選				50		1		ZU68/ZU8L/ZU8M
	SU44						10	0.20		地科系（學）		ESU0218			0		4.0				115	半			Introduction to Earth Science A (including Lab.)	B		2985			0	N					◎限外系修習◎限大二大三大四修習◎限物理系（學）選修			0			王重傑 曾瑋玲 賴昱銘 鄭志文		三 6-9 公館 Ｓ407	地球科學概論甲（含實習）	二			2		0		選				50	因有課程內容包含講述及實作兩部分，上課地點為S407及地科系C401。	1		
	SU44						10	0.20		地科系（學）		ESU0222			10		3.0				115	半			Planet and Earth Systems Scientific Research Writing Program (I)			2986			0	N					◎限大二大三大四修習			0			曾莉珊 陳卉瑄 賴昱銘 李悅寧 葉孟宛		四 10-B 公館 Ｃ401	行星與地球系統科學論文寫作課程（一）	二			2		0		選				50		1		
	SU44						0	0.00		地科系（學）		ESU0058			5		3.0				115	半			Atmospheric Dynamics (I) </br>[ Program: The Inter-disciplinary Program of Solar Energy Engineering The Specialization Program of Weather and Climate Science ]			2987			0	N					◎限大三大四修習			0			陳正達		二 3-4 公館 Ｃ409, 四 6 公館 Ｃ409	大氣動力學（一） </br>[ 學分學程：太陽能源與工程學分學程 天氣與氣候科學專業學分學程 ]	三			3		0		選				50		1		ZU68/ZU8M
	SU44						10	0.20		地科系（學）		ESU0217			10		3.0				115	半			Space Weather </br>[ Program: The Inter-disciplinary Program of Solar Energy Engineering ]			2988			0	N					◎限大三大四修習			0			曾瑋玲		五 2-4 公館 Ｓ305	太空天氣學 </br>[ 學分學程：太陽能源與工程學分學程 ]	三			3		0		選				50		1		ZU68
	SU44						5	0.10		地科系（學）		ESU0219			0		3.0				115	半			Earth Science Practicum (I)			2989			0	N					◎限本系(含雙主修)、輔系修習◎限大三大四修習			0			葉恩肇 葉庭光		一 10-B 公館 Ｓ404	地球科學產學實務與實習（一）	三			3		0		選				50		1		
	SU44						10	0.20		地科系（學）		ESUE001			0		2.0				115	半			Teaching Materials and Methods: Earth Sciences			2990			0	N					◎限本系(含雙主修)修習◎限大三大四修習     ◎限 二階生 教育學程生 不佔名額生 登記修習生 可修			0			張俊彥		三 8-9 公館 Ｓ404	地球科學教材教法（教）	三			3		0		選				50		1		
	SU44						3	0.06		地科系（學）		ESU0218			0		4.0				115	半			Introduction to Earth Science A (including Lab.)	A		2991			0	N					◎限外系修習◎限大四修習◎限生科系（學）選修			0			徐月娟 葉恩肇 許世穎 葉庭光		一 6-9 公館 Ｓ402	地球科學概論甲（含實習）	四			4		0		選				50	合授課程；因課程包含講述及實作兩部分，教室安排為S601、地科系C401。	1		
	SU44						10	0.20		地科系（學）		ESUE110			0		2.0				115	半			Teaching Practicum: Earth Sciences(I)			2992			0	N					◎限本系(含雙主修)修習◎限大四修習     ◎限 二階生 教育學程生 不佔名額生 登記修習生 可修			0			楊芳瑩 洪逸文		一 1-4 公館 SE102教學實驗室	地球科學教學實習（一）（教）	四			4		0		選				50		1		
	SU45						0	0.00		科教所（學）		SEC9002			0		3.0				115	半			The Future of Science Education and Communication: AI Theory and Practice </br>[ Program: The Inter-disciplinary Program of Science Communication ]			2993			0	N			9					0			林志鴻	大碩	二 6-8 公館 科教大樓202	科學教育與傳播的未來： AI理論與實踐 </br>[ 學分學程：科學傳播學分學程 ]						0		選				50		1		ZU34
	SU45						10	0.20		科教所（學）		SEC9003			3		3.0				115	半			Science, Media and Transdisciplinary Communication </br>[ Program: The Inter-disciplinary Program of Science Communication ]			2994			0	N			9					0			游立安	大碩	三 6-8 公館 科教大樓204	科學、媒體與跨領域溝通 </br>[ 學分學程：科學傳播學分學程 ]						0		選				50		1		ZU34
	SU47						10	0.17		資工系（學）		CSU0001			0		3.0				115	半			Computer Programming (I) </br>[ Program: The Inter-disciplinary Program of Computer Music and Audio Technology The Inter-disciplinary Program of Application of Information Technology The Inter-disciplinary Program of Technology and Application of Artificial Intelligence The Inter-disciplinary Program of Geospatial Information Science The Inter-disciplinary  Program of Scientific Computation ]	B		2995			0	N								0			張鈞法		一 2-4 公館 理圖807	程式設計（一） </br>[ 學分學程：電腦音樂與音訊技術學分學程 資訊科技應用學分學程 人工智慧技術與應用學分學程 空間資訊學分學程 科學計算學分學程 ]						0		必				60		1		ZU60/ZU67/ZU77/ZU78/ZU9B
	SU47						10	0.17		資工系（學）		CSU0016			0		3.0				115	半			Linear Algebra	B		2996			0	N								0			柯佳伶		二 2-4 公館 理圖003	線性代數						0		選				60		1		
	SU47						10	0.20		資工系（學）		CSUE301			0		2.0				115	半			Teaching Materials and Methods: Computer Science and Information Technology			2997			0	N					◎限 二階生 教育學程生 不佔名額生 登記修習生 可修			0			李忠謀 柯佳伶		四 3-4 公館 Ｓ204	資訊科技教材教法（教）						0		選				50		1		
	SU47						10	0.20		資工系（學）		CSC0001			3		3.0				115	半			Data Mining </br>[ Program: The Specialization Program of Data Science ]			2998			0	N			9					0			柯佳伶	大碩	五 2-4 公館 綜合館3F國際會議廳	資料探勘 </br>[ 學分學程：資料科學專業學分學程 ]						0		選				50		1		ZU6U
	SU47						10	0.17		資工系（學）		CSC0056			3		3.0				115	半			Data Communication </br>[ Program: The Specialization Program of Cloud Computing ]			2999			0	N		是	9					0			賀耀華	大碩	四 7-9 公館 Ｓ203	資料通訊 </br>[ 學分學程：雲端運算專業學分學程 ]						0		選				60		1		ZU6V
	SU47						10	0.20		資工系（學）		CSC0072			0		3.0				115	半			Information Security </br>[ Program: The Specialization Program of Computer Systems and Security ]			3000			0	N			9					0			紀博文	大碩	一 2-4 公館 Ｂ102	資訊安全 </br>[ 學分學程：資訊系統與安全專業學分學程 ]						0		選				50		1		ZU6T
	SU47						10	0.20		資工系（學）		CSC9005			3		3.0				115	半			Data Visualization </br>[ Program: The EMI Inter-disciplinary Program of Scientific Computing and Interdisciplinary Application The Inter-disciplinary Program of Computer Music and Audio Technology The Specialization Program of Data Science The Inter-disciplinary Program of Application of Information Technology ]			3001			0	N		是	9					0			王科植	大碩	四 8-10 公館 應科大樓B1多功能教室	資料視覺化 </br>[ 學分學程：科學計算與跨域應用EMI學分學程 電腦音樂與音訊技術學分學程 資料科學專業學分學程 資訊科技應用學分學程 ]						0		選				50		1		ZU51/ZU60/ZU6U/ZU77
	SU47						10	0.20		資工系（學）		CSC9011			3		3.0				115	半			Predictive Learning from Data </br>[ Program: The EMI Inter-disciplinary Program of Scientific Computing and Interdisciplinary Application The Specialization Program of Data Science ]			3002			0	N		是	9					0			陳翔瀚	大碩	二 7-9 公館 Ｓ204	預測學習 </br>[ 學分學程：科學計算與跨域應用EMI學分學程 資料科學專業學分學程 ]						0		選				50		1		ZU51/ZU6U
	SU47						10	0.20		資工系（學）		CSC9013			0		3.0				115	半			Information Security Architecture </br>[ Program: The Specialization Program of Computer Systems and Security ]			3003			0	N			9					0			陳俊祥	大碩	五 7-9 公館 理圖002	資訊安全架構 </br>[ 學分學程：資訊系統與安全專業學分學程 ]						0		選				50		1		ZU6T
	SU47						0	0.00		資工系（學）		CSC9017			0		3.0				115	半			Internet of Things Applications and Practice			3004			0	N			9					0			賀耀華	大碩	一 8-10 公館 理圖801	物聯網應用						0		選				50		1		
	SU47						10	0.20		資工系（學）		CSU0001			0		3.0				115	半			Computer Programming (I) </br>[ Program: The Inter-disciplinary Program of Computer Music and Audio Technology The Inter-disciplinary Program of Application of Information Technology The Inter-disciplinary Program of Technology and Application of Artificial Intelligence The Inter-disciplinary Program of Geospatial Information Science The Inter-disciplinary  Program of Scientific Computation ]	A		3005			0	N					◎限大一修習			0			蔣宗哲		三 8-9 公館 理圖807, 五 7 公館 理圖807	程式設計（一） </br>[ 學分學程：電腦音樂與音訊技術學分學程 資訊科技應用學分學程 人工智慧技術與應用學分學程 空間資訊學分學程 科學計算學分學程 ]	一			1		0		必				50		1		ZU60/ZU67/ZU77/ZU78/ZU9B
	SU47						0	0.00		資工系（學）		CSU0009			0		3.0				115	半			Digital Logic			3006			0	N					◎限大一修習			0			吳榮根		二 7-9 公館 Ｅ302	數位邏輯	一			1		0		選				70		1		
	SU47						10	0.17		資工系（學）		CSU0013			0		3.0				115	半			Data Structures	A		3007			0	N					◎必須先修過【CSU0001  程式設計（一）】			0			王鈞右		一 8-9 公館 Ｂ102, 四 2 公館 Ｂ103	資料結構	二			2		0		必				60		1		
	SU47						10	0.14		資工系（學）		CSU0015			0		3.0				115	半			Theory of Probability			3008			0	N								0			陳柏琳		二 8-9 公館 Ｅ301, 五 2 公館 Ｅ201	機率論	二			2		0		選				70		1		
	SU47						10	0.17		資工系（學）		CSU0016			0		3.0				115	半			Linear Algebra	A		3009			0	N								0			官振傑		一 7 公館 Ｅ201, 五 3-4 公館 Ｅ201	線性代數	二			2		0		選				60		1		
	SU47						10	0.20		資工系（學）		CSU0035			0		3.0				115	半			Numerical Methods			3010			0	N								0			葉梅珍		四 7-9 公館 Ｓ204	數值方法	二			2		0		選				50		1		
	SU47						10	0.13		資工系（學）		CSU0027			0		3.0				115	半			System Programming </br>[ Program: The Specialization Program of Computer Systems and Security ]			3011			0	N								0			黃冠寰		四 2-4 公館 Ｓ101	系統程式 </br>[ 學分學程：資訊系統與安全專業學分學程 ]	三			3		0		選				80		1		ZU6T
	SU47						10	0.20		資工系（學）		CSU0028			3		3.0				115	半			Software Engineering </br>[ Program: The Specialization Program of Cloud Computing ]			3012			0	N								0			紀博文		二 2-4 公館 Ｅ102	軟體工程 </br>[ 學分學程：雲端運算專業學分學程 ]	三			3		0		選				50		1		ZU6V
	SU47						10	0.20		資工系（學）		CSU0032			3		3.0				115	半			Engineering Mathematics </br>[ Program: The Specialization Program of Multimedia ]			3013			0	N		是						0			王超		三 7-9 公館 理圖002	工程數學 </br>[ 學分學程：多媒體技術專業學分學程 ]	三			3		0		選				50		1		ZU6W
	SU47						10	0.20		資工系（學）		CSU0036			0		3.0				115	半			Special Topics on Computer Science (I) : Information Theories </br>[ Program: The Inter-disciplinary Program of Technology and Application of Artificial Intelligence ]			3014			0	N					◎必須先修過【CSU0013  資料結構】			0			未定		四 5-6 公館 Ｓ203, 五 5 公館 Ｓ203	資訊專題研究（一）：資訊理論 </br>[ 學分學程：人工智慧技術與應用學分學程 ]	三			3		0		選				50		1		ZU78
	SU47						10	0.20		資工系（學）		CSU0037			0		3.0				115	半			Special Topics on Computer Science (I) : Information Systems			3015			0	N					◎必須先修過【CSU0013  資料結構】			0			未定		四 5 公館 Ｓ407, 五 5-6 公館 Ｓ407	資訊專題研究（一）：資訊系統	三			3		0		選				50		1		
	SU51						3	0.14		營養學位學程（學）		NSC9001			0		3.0				115	半			Nutrition and Cancer			3016			0	N			9		◎必須先修過【NSU0009  生物化學】、【BIU0143  生物化學】其中一門			0			蘇純立	大碩	二 2-4 和平 泰順街AI所研究室	營養與癌症						0		選				22		1		
	SU51						10	0.20		營養學位學程（學）		NSC9003			5		3.0				115	半			Nutrition and Immunology			3017			0	N		是	9		◎必須先修過【NSU0007  營養學（二）】			0			洪永瀚	大碩	四 2-4 公館 Ｓ406	營養與免疫						0		選				50		1		
	SU51						10	0.20		營養學位學程（學）		NSC9005			5		3.0				115	半			Nutrition for the Elderly			3018			0	N		是	9					0			阮氏金銀	大碩	五 2-4 公館 Ｓ406	老人營養研究						0		選				50		1		
	SU51						10	0.20		營養學位學程（學）		NSU0001			0		3.0				115	半			Foods </br>[ Program: The Specialization Program of Lifelong Healthy Diet and Nutrition Planning ]			3019			0	N					◎限本系(含雙主修)修習◎限大一修習			0			蔡帛蓉		一 6-8 公館 Ｓ603	食物學 </br>[ 學分學程：全齡健康膳食與營養規劃專業學分學程 ]	一			1		0		必				50		1		ZU6K
	SU51						5	0.25		營養學位學程（學）		NSU0002			0		1.0				115	半			Foods Laboratory			3020			0	N					◎限本系(含雙主修)修習◎限大一修習			0			蔡帛蓉		三 6-8 和平 美406	食物學實驗	一			1		0		必				20	限修說明：實臉空間與設備有限，限20人。	1		
	SU51						5	0.25		營養學位學程（學）		NSU0002			0		1.0				115	半			Foods Laboratory	B		3021			0	N					◎限大一修習			0			蔡帛蓉		三 9-A 和平 美406	食物學實驗	一			1		0		必				20	限修說明：實臉空間與設備有限，限20人。	1		
	SU51						10	0.20		營養學位學程（學）		NSU0007			0		2.0				115	半			Nutritional Science (II) </br>[ Program: The Specialization Program of Basic Medical Nutrition The Specialization Program of Lifelong Healthy Diet and Nutrition Planning ]			3022			0	N					◎限本系(含雙主修)修習◎必須先修過【NSU0006  營養學（一）】			0			吳啟豪		一 3-4 公館 Ｓ603	營養學（二） </br>[ 學分學程：基礎醫學營養專業學分學程 全齡健康膳食與營養規劃專業學分學程 ]	二			2		0		必				50		1		ZU6J/ZU6K
	SU51						5	0.25		營養學位學程（學）		NSU0008			0		1.0				115	半			Nutrition Laboratory			3023			0	N					◎限本系(含雙主修)修習◎必須先修過【NSU0003  人體生理學】、【NSU0004  有機化學】			0			吳啟豪		五 2-4 公館 教室自排	營養學實驗	二			2		0		必				20	限修說明：實臉空間與設備有限，限20人。上課地點：生科系F210會議室與國語中心廚房。	1		
	SU51						10	0.20		營養學位學程（學）		NSU0009			0		3.0				115	半			Biochemistry			3024			0	N					◎限本系(含雙主修)修習 ◎必須先修過【NSU0004  有機化學】、【CMU0178  普通化學乙】、【CMU0176  普通化學甲（一）】、【CMU0177  普通化學甲（二）】、【CMU0137  有機化學（一）】、【CMU0138  有機化學（二）】其中一門			0			蘇銘燦 陳晶		一 6-8 公館 Ｓ301	生物化學	二			2		0		必				50		1		
	SU51						10	0.33		營養學位學程（學）		NSU0010			0		2.0				115	半			Biochemistry Laboratory			3025			0	N					◎限本系(含雙主修)修習◎必須先修過【CMU0178  普通化學乙】◎必須先修過【NSU0004  有機化學】、【BIU0008  有機化學】其中一門			0			蘇銘燦 陳晶		五 6-9 公館 Ｄ313	生物化學實驗	二			2		0		必				30	為實驗課程實驗設備有限，限30人。	1		
	SU51						10	0.20		營養學位學程（學）		NSU0014			0		3.0				115	半			Food Sanitation and Safety			3026			0	N					◎限本系(含雙主修)修習			0			蔡帛蓉		四 6-8 公館 Ｓ403	食品衛生與安全	二			2		0		必				50		1		
	SU51						10	0.20		營養學位學程（學）		NSU0051			5		3.0				115	半			Pathophysiology			3027			0	N		是			◎限本系(含雙主修)修習			0			阮氏金銀		二 2-4 公館 Ｓ406	病理生理學	二			2		0		選				50		1		
	SU51						10	0.20		營養學位學程（學）		NSU0015			0		2.0				115	半			Nutritional Assessment </br>[ Program: The Specialization Program of Basic Medical Nutrition ]			3028			0	N					◎限本系(含雙主修)修習◎必須先修過【NSU0007  營養學（二）】、【NSU0008  營養學實驗】			0			葉宛儒		二 6-7 公館 Ｓ403	營養評估 </br>[ 學分學程：基礎醫學營養專業學分學程 ]	三			3		0		必				50		1		ZU6J
	SU51						10	0.20		營養學位學程（學）		NSU0016			0		3.0				115	半			Therapeutic Nutrition (I)			3029			0	N					◎限本系(含雙主修)修習◎必須先修過【NSU0007  營養學（二）】			0			葉宛儒		一 6-8 公館 Ｓ203	膳食療養（一）	三			3		0		必				50	須與「膳食療養實驗一」同時修習。	1		
	SU51						10	0.25		營養學位學程（學）		NSU0017			0		1.0				115	半			Therapeutic Nutrition Laboratory (I)			3030			0	N					◎限本系(含雙主修)修習◎必須先修過【NSU0008  營養學實驗】、【NSU0011  膳食計畫】、【NSU0012  膳食計畫實驗】			0			葉宛儒		二 2-4 和平 國語中心504演講廳	膳食療養實驗（一）	三			3		0		必				40	須與「膳食療養一」同時修習。    限修說明：實臉空間與設備有限，限40人。	1		
	SU51						10	0.20		營養學位學程（學）		NSU0038			0		3.0				115	半			Nutritional Biochemistry (II)			3031			0	N					◎限本系(含雙主修)修習◎必須先修過【NSU0007  營養學（二）】◎必須先修過【NSU0009  生物化學】、【BIU0143  生物化學】其中一門			0			吳啟豪		三 6-8 公館 Ｓ403	營養生化（二）	三			3		0		選				50		1		
	SU51						10	0.20		營養學位學程（學）		NSU0023			0		3.0				115	半			Community Nutrition </br>[ Program: The Inter-disciplinary Program of Cultivating Seniors Service Talent in Community ]			3032			0	N					◎限本系(含雙主修)修習◎必須先修過【NSU0015  營養評估】、【NSU0020  膳食療養（二）】、【NSU0021  膳食療養實驗（二）】			0			盧立卿		四 6-8 公館 Ｃ006	社區營養學 </br>[ 學分學程：社區高齡者服務人才培力學分學程 ]	四			4		0		必				50		1		ZU98
	SU51						10	0.20		營養學位學程（學）		NSU0024			10		2.0				115	半			Clinical Nutrition </br>[ Program: The Specialization Program of Basic Medical Nutrition ]			3033			0	N					◎限本系(含雙主修)修習◎必須先修過【NSU0007  營養學（二）】			0			蘇純立		二 8-9 和平 綜210展覽廳	臨床營養 </br>[ 學分學程：基礎醫學營養專業學分學程 ]	四			4		0		必				50		1		ZU6J
	SU51						0	0.00		營養學位學程（學）		NSU0041			10		2.0				115	半			Seminar on Nutrition (II)			3034			0	N		是						0			阮氏金銀		三 6-7 公館 Ｓ406	營養專題討論（二）	四			4		0		選				50		1		
	T						3	0.06		藝術學院		T0C9011			1		3.0				115	半			Contemporary Video Art and Creation </br>[ Program: The Inter-disciplinary Program of AI Digital Art ]			3035			0	N			9		◎初選 AI與數位藝術學分學程 研究生得下修			0			陳永賢	大碩	四 6-8 和平 美406	當代錄像藝術與創作 </br>[ 學分學程：AI與數位藝術學分學程 ]						0		選				50		1		ZU63
	TD60						10	0.33		美術系（博）		ATD0008			0		2.0				115	半			Selected English Topics in Arts (I)			3036			0	N					◎限本系(含雙主修)修習 ◎課程不開放上修			0			蘇榕		四 7-8 和平 美203	藝術英文專題（一）						0		選				30		1		
	TD60						10	0.33		美術系（博）		ATD0018			0		3.0				115	半			Special Topics on Creative Theory in Chinese Painting (II)			3037			0	N					◎限本系(含雙主修)修習 ◎課程不開放上修			0			莊連東		二 2-4 和平 美501	水墨畫理論專題研究（二）						0		選				30		1		
	TD60						10	0.33		美術系（博）		ATD0022			0		3.0				115	半			Studies in Visual Vocabulary of Contemporary Painting			3038			0	N					◎限本系(含雙主修)修習 ◎課程不開放上修			0			朱友意		四 2-4 和平 美504	當代繪畫視覺語彙研究						0		選				30		1		
	TD60						10	0.33		美術系（博）		ATD0057			0		3.0				115	半			Seminar on Contemporary Ink Art			3039			0	N					◎限本系(含雙主修)修習 ◎課程不開放上修			0			管偉邦		三 2-4 和平 美501	當代水墨藝術專題研究						0		選				30		1		
	TD60						10	0.33		美術系（博）		ATD3115			0		3.0				115	半			Special Topics on Argumentation and Practice in Painting- Portrait			3040			0	N					◎限本系(含雙主修)修習 ◎課程不開放上修			0			黃進龍		二 2-4 和平 美504	專題的論證與實踐研究－肖像畫						0		選				30		1		
	TD68						3	0.10		設計系（博）		VDD0002			0		3.0				115	半			Special Topics on Design Industry (II)			3041			0	N					◎課程開放上修			0			梁桂嘉		一 2-4 和平 綜914	設計產業專題研究（二）						0		必				30		1		
	TD68						3	0.10		設計系（博）		VDD0004			0		3.0				115	半			Special Topics in Cultural Creative Industry			3042			0	N					◎課程開放上修			0			嚴貞		一 9-A 和平 設計系6A教室	文化創意產業專論						0		選				30		1		
	TD68						3	0.10		設計系（博）		VDD0013			0		3.0				115	半			Special Topics in Advanced Creative Design			3043			0	N					◎課程開放上修			0			梁桂嘉		一 6-8 和平 設計系2A教室	高階設計創作專論						0		選				30		1		
	TD68						3	0.10		設計系（博）		VDD0014			0		3.0				115	半			Special Topics in Philosophy of Visual Design Creation			3044			0	N					◎課程開放上修			0			林俊良		四 8-10 和平 設計系3C教室	視覺設計創作專論						0		選				30		1		
	TM60						10	0.33		美術系（碩）		ATM0020			0		3.0				115	半			Research Methods and Methodologies			3045			0	N					◎限本系(含雙主修)修習 ◎課程不開放上修			0			顧素琿		一 6-8 和平 美203	研究理論與方法						0		選				30	授課老師:顧素琿	1		
	TM60						10	0.33		美術系（碩）		ATM0032			0		3.0				115	半			Studies in Creating of Figure Oil Painting			3046			0	N					◎限本系(含雙主修)修習 ◎課程不開放上修			0			侯忠穎		一 9-A 和平 美504	人物油畫創作研究						0		選				30		1		
	TM60						10	0.33		美術系（碩）		ATM0051			0		3.0				115	半			Conservation Technology of Western and East Asian Paintings-Support Materials			3047			0	N					◎限本系(含雙主修)修習 ◎課程不開放上修			0			張元鳳		四 2-4 和平 教室自排	繪畫修復實務演練－基底材						0		選				30		1		
	TM60						10	0.33		美術系（碩）		ATM0053			0		3.0				115	半			Conservation Technology of Western and East Asian Paintings- Pigments			3048			0	N					◎限本系(含雙主修)修習 ◎課程不開放上修			0			張元鳳		四 6-8 和平 美506	繪畫修復實務演練－顏料層						0		選				30		1		
	TM60						10	0.33		美術系（碩）		ATM0054			0		3.0				115	半			Conservation Science (I)			3049			0	N					◎限本系(含雙主修)修習 ◎課程不開放上修			0			岡田靖		五 6-8 和平 教室自排	保存維護科學（一）						0		選				30		1		
	TM60						10	0.33		美術系（碩）		ATM0056			0		3.0				115	半			Conservation Science (III)			3050			0	N					◎限本系(含雙主修)修習 ◎課程不開放上修			0			陳東和		四 A-C 和平 美506	保存維護科學（三）						0		選				30	授課老師:陳東和	1		
	TM60						10	0.33		美術系（碩）		ATM0058			3		3.0				115	半			Development of Conservation Materials (I) </br>[ Program: The Inter-disciplinary Program of Conservation of Cultural Relics ]			3051			0	N					◎限本系(含雙主修)修習    ◎初選 文物保存修復學分學程 研究生得下修 ◎課程開放上修			0			宋蕙伶		五 2-4 和平 美405	材料學與應用（一） </br>[ 學分學程：文物保存修復學分學程 ]						0		選				30		1		ZU69
	TM60						10	0.33		美術系（碩）		ATM0060			0		3.0				115	半			Introduction to Contemporary Art Conservation			3052			0	N					◎限本系(含雙主修)修習 ◎課程不開放上修			0			吳盈君		二 2-4 和平 教室自排	當代藝術修護概論						0		選				30		1		
	TM60						10	0.33		美術系（碩）		ATM6122			0		3.0				115	半			Studies in Interdisciplinary Chinese Ink-and-Brush Painting			3053			0	N					◎限本系(含雙主修)修習 ◎課程不開放上修			0			曾霆羽		二 2-4 和平 美406	水墨跨領域表現研究						0		選				30		1		
	TM60						10	0.33		美術系（碩）		ATC0004			0		3.0				115	半			History and Philosophy of Art Education			3054			0	N			8		◎限本系(含雙主修)修習 ◎課程不開放上修			0			傅斌暉	碩博	二 10-B 和平 美301	美術教育史與美術教育哲理						0		選				30	授課老師:傅斌輝	1		
	TM60						10	0.33		美術系（碩）		ATC0079			0		3.0				115	半			Special Topics on Digital Arts </br>[ Program: The Inter-disciplinary Program of AI Digital Art ]			3055			0	N			8		◎限本系(含雙主修)修習 ◎課程不開放上修			0			邱誌勇	碩博	五 8-10 和平 美406	數位藝術專題研究 </br>[ 學分學程：AI與數位藝術學分學程 ]						0		選				30	授課老師:邱誌勇	1		ZU63
	TM60						10	0.33		美術系（碩）		ATC0087			0		3.0				115	半			Studies in Creative Printmaking			3056			0	N			8		◎限本系(含雙主修)修習 ◎課程不開放上修			0			林福全	碩博	五 8-10 和平 美201	版畫創作研究						0		選				30	授課老師:林福全	1		
	TM60						10	0.33		美術系（碩）		ATC0132			2		3.0				115	半			Art and Law			3057			0	N			8		◎限本系(含雙主修)修習 ◎課程不開放上修			0			廖凰玎	碩博	四 2-4 和平 美406	藝術與法律						0		選				30	授課老師:廖凰玎	1		
	TM60						10	0.33		美術系（碩）		ATC0264			0		3.0				115	半			Analysis of Modern Chinese Ink- and- Brush Painting			3058			0	N			8		◎限本系(含雙主修)修習 ◎課程不開放上修			0			吳宥鋅	碩博	二 6-8 和平 美501	近現代水墨創作分析						0		選				30		1		
	TM60						10	0.33		美術系（碩）		ATC0281			0		3.0				115	半			Studies in Contemporary Mixed-Media Techniques			3059			0	N			8		◎限本系(含雙主修)修習 ◎課程不開放上修			0			王瓊麗	碩博	二 7-9 和平 美504	當代綜合媒材創作研究						0		選				30	授課老師:王瓊麗	1		
	TM60						10	0.33		美術系（碩）		ATC0288			2		3.0				115	半			Studies in Contemporary Art Theory			3060			0	N			8		◎限本系(含雙主修)修習 ◎課程不開放上修			0			魏竹君	碩博	四 2-4 和平 美301	當代藝術理論研究						0		選				30		1		
	TM60						10	0.33		美術系（碩）		ATC0303			2		3.0				115	半			Studies in Issues of Art and Globalization			3061			0	N			8		◎限本系(含雙主修)修習 ◎課程不開放上修			0			張省卿	碩博	一 2-4 和平 美203	藝術與全球化議題研究						0		選				30	授課老師:張省卿	1		
	TM60						10	0.33		美術系（碩）		ATC0308			2		3.0				115	半			Methodologies of History of Art			3062			0	N			8		◎限本系(含雙主修)修習 ◎課程不開放上修			0			趙可卿	碩博	三 2-4 和平 美301	藝術史學研究方法						0		選				30		1		
	TM60						10	0.33		美術系（碩）		ATC0345			2		3.0				115	半			Digital Technology Art and Creation </br>[ Program: The Inter-disciplinary Program of AI Digital Art ]			3063			0	N			8		◎限本系(含雙主修)修習 ◎課程不開放上修			0			曾鈺涓	碩博	五 2-4 和平 美406	數位科技藝術與創作 </br>[ 學分學程：AI與數位藝術學分學程 ]						0		選				30	授課老師:曾鈺涓	1		ZU63
	TM60						10	0.33		美術系（碩）		ATC0359			0		3.0				115	半			Selected Topics in Museum Education			3064			0	N			8		◎限本系(含雙主修)修習 ◎課程不開放上修			0			吳岱融	碩博	一 6-8 和平 美405	美術館教育專題研究						0		選				30	授課老師:吳岱融	1		
	TM60						10	0.33		美術系（碩）		ATC8006			3		3.0				115	半			Landscape and Garden Theory			3066			0	N			8		◎限本系(含雙主修)修習 ◎課程不開放上修			0			楊永源	碩博	二 6-8 和平 美203	風景與園林理論						0		選				30	授課老師:楊永源	1		
	TM60						10	0.33		美術系（碩）		ATC8009			0		3.0				115	半			Studies in Application of Art History and Curatorial Statement			3067			0	N			8		◎限本系(含雙主修)修習 ◎課程不開放上修			0			白適銘	碩博	四 A-C 和平 美203	美術史應用與策展論述專題研究						0		選				30		1		
	TM60						10	0.33		美術系（碩）		ATC8019			2		3.0				115	半			Studies in the Art Museum and the Art History			3068			0	N			8		◎限本系(含雙主修)修習 ◎課程不開放上修			0			廖仁義	碩博	五 2-4 和平 美203	美術館與藝術史研究						0		選				30	授課老師:廖仁義	1		
	TM60						10	0.33		美術系（碩）		ATC8023			2		3.0				115	半			Studies in Sociology of Art			3069			0	N			8		◎限本系(含雙主修)修習 ◎課程不開放上修			0			高榮禧	碩博	五 8-10 和平 美203	藝術社會學研究						0		選				30	授課老師:高榮禧	1		
	TM60						10	0.33		美術系（碩）		ATC8045			0		3.0				115	半			Studies in Calligraphy Art			3070			0	N			8		◎限本系(含雙主修)修習 ◎課程不開放上修			0			程代勒	碩博	四 6-8 和平 美501	書寫藝術研究						0		選				30	授課老師:程代勒	1		
	TM60						10	0.33		美術系（碩）		ATC8046			0		3.0				115	半			Conservation Special Project (I)			3071			0	N			8		◎限本系(含雙主修)修習 ◎課程不開放上修			0			吳盈君	碩博	二 6-8 和平 美506	修復科技專題研究（一）						0		選				30		1		
	TM60						10	0.33		美術系（碩）		ATC8055			0		3.0				115	半			Forensic Science of Materials			3072			0	N			8		◎限本系(含雙主修)修習 ◎課程不開放上修			0			未定	碩博	三 8-10 和平 美506	材料鑑識科學						0		選				30	授課老師:張維敦	1		
	TM60						10	0.33		美術系（碩）		ATC8059			2		3.0				115	半			Introduction to Art Therapy </br>[ Program: The Inter-disciplinary Program of Cultivating Seniors Service Talent in Community ]			3073			0	N			8		◎限本系(含雙主修)修習 ◎課程不開放上修			0			江學瀅	碩博	一 2-4 和平 美301	藝術治療概論 </br>[ 學分學程：社區高齡者服務人才培力學分學程 ]						0		選				30		1		ZU98
	TM60						10	0.33		美術系（碩）		ATC8069			0		3.0				115	半			Studies of Arts Administration and Cultural Entrepreneurship			3074			0	N			8		◎限本系(含雙主修)修習 ◎課程不開放上修			0			蘇瑤華	碩博	三 2-4 和平 美405	藝術行政管理與社會創新						0		選				30		1		
	TM60						10	0.33		美術系（碩）		ATC8075			0		3.0				115	半			Study in Contemporary Art Practice (I)			3075			0	N			8		◎限本系(含雙主修)修習 ◎課程不開放上修			0			蔡芷芬	碩博	三 2-4 和平 美406	當代藝術創作研究（一）						0		選				30		1		
	TM60						10	0.33		美術系（碩）		ATC8076			0		3.0				115	半			Critical Thinking for Practice and Theory in Painting			3076			0	N			8		◎限本系(含雙主修)修習 ◎課程不開放上修			0			宋曉明	碩博	一 2-4 和平 美401	繪畫創作實踐與思辯						0		選				30		1		
	TM60						10	0.33		美術系（碩）		ATC8078			0		3.0				115	半			Research on Contemporary Calligraphy			3077			0	N			8		◎限本系(含雙主修)修習 ◎課程不開放上修			0			林政榮 未定	碩博	二 9-A 和平 美501	當代書寫藝術研究						0		選				30	授課老師:林政榮、朴鍾甲(客座)	1		
	TM67						10	0.33		藝史所（碩）		AHM0002			1		3.0				115	半			Introduction to the History of Chinese Painting			3078			0	N					◎課程開放上修			0			蔡家丘		四 2-4 和平 青田406室	中國繪畫史研究導論						0		選				30		1		
	TM67						10	0.33		藝史所（碩）		AHM0020			1		3.0				115	半			Iconography			3079			0	N		是			◎課程開放上修			0			Candida Syndikus		二 7-9 和平 青田406室	圖像學						0		選				30		1		
	TM67						10	0.20		藝史所（碩）		AHM0063			0		3.0				115	半			Materials and Techniques of Eastern Art			3080			0	N					◎課程開放上修			0			曾肅良		一 9-A 和平 青田406室	東方藝術技法與材料應用						0		必				50		1		
	TM67						10	0.33		藝史所（碩）		AHM0108			1		3.0				115	半			Image and Text in Chinese Painting			3081			0	N					◎課程開放上修			0			林麗江		三 7-9 和平 青田405室	中國繪畫中的圖像與文本專題研究						0		選				30		1		
	TM67						10	0.33		藝史所（碩）		AHM0115			1		3.0				115	半			Introduction to the History of Painting			3082			0	N		是			◎課程開放上修			0			諾斯邦		三 3-5 和平 青田406室	繪畫史研究導論						0		選				30		1		
	TM67						10	0.33		藝史所（碩）		AHM0183			1		3.0				115	半			Nineteenth-Century Architecture			3083			0	N					◎課程開放上修			0			王維周		三 7-9 和平 青田406室	十九世紀建築						0		選				30		1		
	TM67						10	0.20		藝史所（碩）		AHM0185			0		3.0				115	半			Contemporary Art			3084			0	N		是			◎課程開放上修			0			謝佩君		四 7-9 和平 青田405室	當代藝術						0		選				50		1		
	TM67						10	0.20		藝史所（碩）		AHM0234			0		3.0				115	半			The Altarpiece from the Late Middle Ages to the Eighteenth Century: Subject, Style, and Function			3085			0	N		是			◎課程開放上修			0			Candida Syndikus		一 7-9 和平 青田405室	中世紀晚期至十八世紀祭壇畫：主題、風格與功能						0		選				50		1		
	TM67						10	0.33		藝史所（碩）		AHM0239			1		3.0				115	半			Studies in Preservation and Conservation of East Asian Painting and Calligraphy			3086			0	N					◎課程開放上修			0			林煥盛		二 7-9 和平 青田405室	東亞書畫保存修復專題						0		選				30		1		
	TM67						10	0.20		藝史所（碩）		AHM0242			0		3.0				115	半			Special Topics on Economics of Arts			3087			0	N					◎課程開放上修			0			曾肅良		一 6-8 和平 青田406室	藝術經濟學專題研究						0		選				50		1		
	TM67						10	0.20		藝史所（碩）		AHM0249			0		3.0				115	半			Eastern Art Exhibition History Research and Curatorial Practice			3088			0	N					◎課程開放上修			0			蔡家丘		三 2-4 和平 青田405室	東方藝術展覽史研究與策展實務						0		選				50		1		
	TM67						10	0.33		藝史所（碩）		AHM0805			1		3.0				115	半			Exhibitions and Formation of Chinese Art History			3089			0	N					◎課程開放上修			0			賴毓芝 陳蓓		四 7-9 和平 青田406室	展覽與中國藝術史的建構						0		選				30		1		
	TM67						10	0.33		藝史所（碩）		AHM0806			0		3.0				115	半			Southeast Asian Art since the 20th Century			3090			0	N		是			◎課程開放上修			0			謝佩君		四 2-4 和平 青田405室	東南亞藝術：從二十世紀至今						0		選				30		1		
	TM67						10	0.33		藝史所（碩）		AHM0807			1		3.0				115	半			Michelangelo Antonioni and the Arts of His Time			3091			0	N		是			◎課程開放上修			0			諾斯邦		二 3-5 和平 青田406室	米開朗基羅·安東尼奧尼及其時代的藝術						0		選				30		1		
	TM68						5	0.14		設計系（碩）		VDM0002			0		3.0				115	半			Theory and Approach of Study			3092			0	N					◎課程開放上修			0			伊彬		一 5-7 和平 綜914	研究方法論						0		必				35		1		
	TM68						3	0.09		設計系（碩）		VDM0003			0		3.0				115	半			Statistic and Data Analysis for Design			3093			0	N					◎課程開放上修			0			楊琇如		五 2-4 和平 設計系2A教室	設計資料統計與分析						0		必				35		1		
	TM68						10	0.33		設計系（碩）		VDM0010			0		3.0				115	半			Special Topics on Branding Design			3094			0	N					◎課程開放上修			0			王千睿		四 2-4 和平 設計系2A教室	品牌設計專題研究						0		選				30		1		
	TM68						3	0.10		設計系（碩）		VDM0016			0		3.0				115	半			Special Topics on Information Design			3095			0	N					◎課程開放上修			0			廖偉民		三 2-4 和平 設計系6A教室	信息設計專題研究						0		選				30		1		
	TM68						3	0.10		設計系（碩）		VDM0023			0		3.0				115	半			Special Topics on Chinese Culture Design			3096			0	N					◎課程開放上修			0			林俊良		二 7-9 和平 設計系6A教室	華文設計專題研究						0		選				30		1		
	TM68						3	0.10		設計系（碩）		VDM0029			0		3.0				115	半			Special Topics on Visual Design			3097			0	N					◎課程開放上修			0			施令紅		三 8-10 和平 綜914	視覺設計專題研究						0		選				30		1		
	TM68						3	0.10		設計系（碩）		VDM0037			0		3.0				115	半			Studies of Digital Animation </br>[ Program: The Inter-disciplinary Program of AI Digital Art ]			3098			0	N					◎課程開放上修			0			黃心健		三 2-4 和平 綜1001	數位動畫創作研究 </br>[ 學分學程：AI與數位藝術學分學程 ]						0		選				30		1		ZU63
	TM68						3	0.10		設計系（碩）		VDM0045			0		3.0				115	半			Special Topics on Product Design			3099			0	N					◎課程開放上修			0			梁桂嘉		二 2-4 和平 設計系6A教室	產品設計專題研究						0		選				30		1		
	TM68						3	0.10		設計系（碩）		VDC8005			0		3.0				115	半			Special Topics in Green Design			3100			0	N			8		◎課程開放上修			0			鄧建國	碩博	四 7-9 和平 設計系6A教室	綠色設計專題						0		選				30		1		
	TU60						10	0.33		美術系（學）		ATU0373			3		3.0				115	半			Making of Western Painting Pigments </br>[ Program: The Inter-disciplinary Program of Conservation of Cultural Relics ]			3101			0	N					◎限本系(含雙主修)修習    ◎初選 文物保存修復學分學程 研究生得下修			0			吳盈君		一 2-4 和平 美506	西方繪畫顏料製作 </br>[ 學分學程：文物保存修復學分學程 ]						0		選				30		1		ZU69
	TU60						10	0.20		美術系（學）		ATC0353			2		3.0				115	半			Museum Studies </br>[ Program: The Specialization Program of Museum of Contemporary Art ]			3102			0	N			9		◎限本系(含雙主修)修習			0			蘇瑤華	大碩	三 6-8 和平 美405	博物館學 </br>[ 學分學程：當代藝術博物館專業學分學程 ]						0		選				50		1		ZU4Y
	TU60						10	0.20		美術系（學）		ATC9002			0	是	3.0				115	半	吳宥鋅 魏竹君		Practice in Art Industry </br>[ Program: The Specialization Program of Entrepreneurship in the Arts The Specialization Program of Museum of Contemporary Art ]			3103			0	N			9		◎限本系(含雙主修)修習			0			吳宥鋅 魏竹君	大碩	六 6-10 和平 美405	藝術產業實習 </br>[ 學分學程：藝術創業專業學分學程 當代藝術博物館專業學分學程 ]						0		選				50		1		ZU4X/ZU4Y
	TU60						10	0.20		美術系（學）		ATC9023			2		3.0				115	半			Art, Culture, Derivative Applications			3104			0	N		是	9					0			陳淑華	大碩	四 6-8 和平 美502	藝術、文化、衍生應用						0		選				50		1		
	TU60						10	0.20		美術系（學）		ATU0013			3		2.0				115	半			An Introduction to Art </br>[ Program: The Inter-disciplinary Program of Club Members Leadership And Empowerment Cultivation ]			3105			0	N					◎限本系(含雙主修)修習◎限大一修習			0			顧素琿		三 6-7 和平 美101	藝術概論 </br>[ 學分學程：社團人專業領導培力學分學程 ]	一			1		0		必				50	授課老師:顧素琿	1		ZU9Q
	TU60						10	0.20		美術系（學）		ATU0305			3		2.0				115	半			History of Western Art (I)			3106			0	N					◎限本系(含雙主修)修習◎限大一修習			0			趙可卿		二 6-7 和平 美101	西方美術史（一）	一			1		0		必				50		1		
	TU60						10	0.20		美術系（學）		ATU0026			3		2.0				115	半			History of Chinese Art			3107			0	N					◎限本系(含雙主修)修習			0			白適銘		二 9-10 和平 美101	中國美術史	二			2		0		必				50		1		
	TU60						0	0.00		美術系（學）		ATU0232			3		2.0				115	半			Drawing Development and Mental Growth </br>[ Program: The Inter-disciplinary Program of Art Education Therapy ]			3108			0	N					◎限本系(含雙主修)修習    ◎初選 藝術教育治療學分學程 研究生得下修			0			江學瀅		二 3-4 和平 美301	繪畫發展與心智成長 </br>[ 學分學程：藝術教育治療學分學程 ]	二			2		0		選				50	本課程為「美術教材教法(教)」及「美術教學實習(教)」先修課程。	1		ZU36
	TU60						10	0.20		美術系（學）		ATU0237			3		2.0				115	半			Aesthetics (I) </br>[ Program: The Inter-disciplinary Program of Club Members Leadership And Empowerment Cultivation ]			3109			0	N					◎限本系(含雙主修)修習			0			魏竹君		五 6-7 和平 美101	美學（一） </br>[ 學分學程：社團人專業領導培力學分學程 ]	二			2		0		必				50		1		ZU9Q
	TU60						0	0.00		美術系（學）		ATU0307			2		2.0				115	半			Printmaking (I) </br>[ Program: The Inter-disciplinary Program of Art Education Therapy ]			3110			0	N					◎限本系(含雙主修)修習    ◎初選 藝術教育治療學分學程 研究生得下修			0			楊紋瑜		五 3-4 和平 美201	版畫（一） </br>[ 學分學程：藝術教育治療學分學程 ]	二			2		0		選				30	授課老師:楊紋瑜	1		ZU36
	TU60						0	0.00		美術系（學）		ATU6013			2		2.0				115	半			Photography			3111			0	N					◎限本系(含雙主修)修習			0			張國治		一 9-10 和平 美301	攝影	二			2		0		選				30	授課老師:張國治	1		
	TU60						0	0.00		美術系（學）		ATU0023			2		3.0				115	半			Sculpture - University Foundation Level			3112			0	N					◎限本系(含雙主修)修習			0			賴永興		五 6-8 和平 美B003雕塑	基礎雕塑	三			3		0		選				30	授課老師:賴永興	1		
	TU60						0	0.00		美術系（學）		ATU0225			0		2.0				115	半			Contemporary Photography　& Media Art </br>[ Program: The Inter-disciplinary Program of AI Digital Art ]			3113			0	N					◎限本系(含雙主修)修習			0			蔡芷芬 王鼎曄		四 3-4 和平 美203	當代影像藝術 </br>[ 學分學程：AI與數位藝術學分學程 ]	三			3		0		選				30	授課老師:王鼎曄、蔡芷芬	1		ZU63
	TU60						0	0.00		美術系（學）		ATU0231			0		3.0				115	半			Ceramics (I) </br>[ Program: The Inter-disciplinary Program of Art Education Therapy ]			3114			0	N					◎限本系(含雙主修)修習			0			唐瑄		三 8-10 和平 美B002陶藝	陶藝（一） </br>[ 學分學程：藝術教育治療學分學程 ]	三			3		0		選				30	授課老師:唐瑄	1		ZU36
	TU60						0	0.00		美術系（學）		ATU0338			2		2.0				115	半			The History of Contemporary Art in Taiwan			3115			0	N					◎限本系(含雙主修)修習			0			白適銘		四 8-9 和平 美301	臺灣當代藝術史	三			3		0		選				50		1		
	TU60						0	0.00		美術系（學）		ATU0340			2		2.0				115	半			Art Criticism </br>[ Program: The Specialization Program of Art Theory and Art History Practice in the Age of AI ]			3116			0	N					◎限本系(含雙主修)修習			0			魏竹君		五 3-4 和平 美301	藝術批評 </br>[ 學分學程：AI時代的藝術理論與藝術史實踐專業學分學程 ]	三			3		0		選				50		1		ZU5B
	TU60						0	0.00		美術系（學）		ATU0346			2		2.0				115	半			Art Therapy and the Application of Picture Books </br>[ Program: The Inter-disciplinary Program of Art Education Therapy ]			3117			0	N					◎限本系(含雙主修)修習    ◎初選 藝術教育治療學分學程 研究生得下修			0			江學瀅		一 6-7 和平 美301	藝術治療與繪本應用 </br>[ 學分學程：藝術教育治療學分學程 ]	三			3		0		選				30		1		ZU36
	TU60						0	0.00		美術系（學）		ATU0245			2		2.0				115	半			Modern Printmaking (I)			3118			0	N					◎限本系(含雙主修)修習			0			楊紋瑜		五 6-7 和平 美201	現代版畫（一）	四			4		0		選				30	授課老師:楊紋瑜	1		
	TU60						0	0.00		美術系（學）		ATU0322			0		3.0				115	半			Introduction to Mounting Techniques and Album Making </br>[ Program: The Inter-disciplinary Program of Conservation of Cultural Relics ]			3119			0	N		是			◎限本系(含雙主修)修習    ◎初選 文物保存修復學分學程 研究生得下修			0			潘怡伶		五 2-4 和平 美506	裝裱基本技法與冊頁 </br>[ 學分學程：文物保存修復學分學程 ]	四			4		0		選				30	授課老師:潘怡伶	1		ZU69
	TU60						0	0.00		美術系（學）		ATU0350			3		2.0				115	半			Conservation Ethics and Documentation of Culture Relics </br>[ Program: The Inter-disciplinary Program of Conservation of Cultural Relics ]			3120			0	N					◎限本系(含雙主修)修習    ◎初選 文物保存修復學分學程 研究生得下修			0			潘怡伶		五 6-7 和平 美506	文物保存修復倫理原則與檢視登錄 </br>[ 學分學程：文物保存修復學分學程 ]	四			4		0		選				30	授課老師:潘怡伶	1		ZU69
	TU60						0	0.00		美術系（學）		ATU0354			3		3.0				115	半			Techniques and Materials-Painting Conservation Basic (II) </br>[ Program: The Inter-disciplinary Program of Conservation of Cultural Relics ]			3121			0	N					◎限本系(含雙主修)修習    ◎初選 文物保存修復學分學程 研究生得下修			0			鈴鴨富士子		一 7-9 和平 美506	西方繪畫材料技法與臨摹（二） </br>[ 學分學程：文物保存修復學分學程 ]	四			4		0		選				30		1		ZU69
	TU60						0	0.00		美術系（學）		ATU0357			3		3.0				115	半			Conservation and Rehabilitation of Cultural Heritage (I) </br>[ Program: The Inter-disciplinary Program of Conservation of Cultural Relics ]			3122			0	N					◎限本系(含雙主修)修習    ◎初選 文物保存修復學分學程 研究生得下修			0			江柏煒		二 2-4 和平 美506	文化資產保存與活化（一） </br>[ 學分學程：文物保存修復學分學程 ]	四			4		0		選				30		1		ZU69
	TU60						0	0.00		美術系（學）		ATUE010			0		2.0				115	半			Teaching Practicum: Fine Arts			3123			0	N					◎限本系(含雙主修)修習    ◎限 二階生 教育學程生 不佔名額生 登記修習生 可修◎必須先修過【ATUE001  美術教材教法（教）】◎必須先修過【ATU0232  繪畫發展與心智成長】、【ATU0014  美術教育】其中一門			0			江學瀅		二 6-9 和平 美301	美術教學實習（教）	四			4		0		選				50		1		
	TU60	A					10	0.33		美術系（學）		ATU0275			2		3.0				115	半			Seal Carving (stamp) </br>[ Program: The Specialization Program of Creative Practice in Eastern Art Media ]			3124			0	N					◎限本系(含雙主修)修習			0	國畫組		林政榮		二 2-4 和平 美302	篆刻（印學） </br>[ 學分學程：東方媒材創作專業學分學程 ]						0		選				30		1		ZU5A
	TU60	A					10	0.33		美術系（學）		ATU0336			1		3.0				115	半			Ink Art Imagery and Paper Art Practice			3125			0	N		是			◎限本系(含雙主修)修習			0	國畫組		曾霆羽		四 2-4 和平 美305	水墨意象與紙藝實務						0		選				30		1		
	TU60	A					10	0.33		美術系（學）		ATU0233			0	是	1.0				115	半	宋曉明		Oil Painting - University Foundation Level (I) </br>[ Program: The Inter-disciplinary Program of Art Education Therapy ]			3126			0	N					◎限本系(含雙主修)修習◎限大一修習     ◎初選 藝術教育治療學分學程 研究生得下修			0	國畫組		宋曉明		一 6-7 和平 美401	基礎油畫（一） </br>[ 學分學程：藝術教育治療學分學程 ]	一			1		0		必				30		1		ZU36/ZU36
	TU60	A					10	0.33		美術系（學）		ATU0335			1	是	1.0				115	半	林政榮		Calligraphy (Regular Script) </br>[ Program: The Inter-disciplinary Program of Art Education Therapy ]			3127			0	N					◎限本系(含雙主修)修習◎限大一修習     ◎初選 藝術教育治療學分學程 研究生得下修			0	國畫組		林政榮		三 8-9 和平 美505	書法（楷書） </br>[ 學分學程：藝術教育治療學分學程 ]	一			1		0		必				30		1		ZU36/ZU36
	TU60	A					10	0.33		美術系（學）		ATU6061			0	是	2.0				115	半	吳宥鋅		Drawing </br>[ Program: The Inter-disciplinary Program of Art Education Therapy ]			3128			0	N					◎限本系(含雙主修)修習◎限大一修習     ◎初選 藝術教育治療學分學程 研究生得下修			0	國畫組		吳宥鋅		二 1-4 和平 美505	素描（一） </br>[ 學分學程：藝術教育治療學分學程 ]	一			1		0		必				30		1		ZU36/ZU36
	TU60	A					10	0.33		美術系（學）		ATU6064			1	是	1.0				115	半	侯忠穎		Watercolor (I) </br>[ Program: The Inter-disciplinary Program of Art Education Therapy ]			3129			0	N					◎限本系(含雙主修)修習◎限大一修習     ◎初選 藝術教育治療學分學程 研究生得下修			0	國畫組		侯忠穎		四 3-4 和平 美402	水彩（一） </br>[ 學分學程：藝術教育治療學分學程 ]	一			1		0		必				30		1		ZU36/ZU36
	TU60	A					10	0.33		美術系（學）		ATU6066			0	是	1.0				115	半	曾霆羽		Chinese Color Ink- and- Brush Painting- University Foundation Level (I) </br>[ Program: The Inter-disciplinary Program of Art Education Therapy ]			3130			0	N					◎限本系(含雙主修)修習◎限大一修習     ◎初選 藝術教育治療學分學程 研究生得下修			0	國畫組		曾霆羽		二 8-9 和平 美505	基礎彩墨（一） </br>[ 學分學程：藝術教育治療學分學程 ]	一			1		0		必				30		1		ZU36/ZU36
	TU60	A					0	0.00		美術系（學）		ATU0215			2		3.0				115	半			Studio Chinese Painting: Birds and Flowers			3131			0	N					◎限本系(含雙主修)修習			0	國畫組		胡以誠		一 6-8 和平 美305	水墨花鳥創作	二			2		0		選				30	授課老師:胡以誠	1		
	TU60	A					0	0.00		美術系（學）		ATU0267			0		3.0				115	半			Exploration of Materials in Eastern Gouache Painting			3132			0	N					◎限本系(含雙主修)修習			0	國畫組		高永隆		三 6-8 和平 美305	膠彩畫材料運用	二			2		0		選				30	授課老師:高永隆	1		
	TU60	A					0	0.00		美術系（學）		ATU0281			2		3.0				115	半			Basic Formation of Chinese Ink Painting			3133			0	N					◎限本系(含雙主修)修習			0	國畫組		莊連東		三 9-A 和平 美305	水墨基礎造型	二			2		0		選				50		1		
	TU60	A					0	0.00		美術系（學）		ATU0287			1		2.0				115	半			Calligraphy (Seal Script)			3134			0	N					◎限本系(含雙主修)修習			0	國畫組		林政榮		二 6-7 和平 美305	書法（篆書）	二			2		0		選				30		1		
	TU60	A					0	0.00		美術系（學）		ATU0364			2		3.0				115	半			Fundamental Practice of Chinese Landscape Painting </br>[ Program: The Specialization Program of Creative Practice in Eastern Art Media ]			3135			0	N		是			◎限本系(含雙主修)修習			0	國畫組		管偉邦		二 2-4 和平 美305	山水創作基礎 </br>[ 學分學程：東方媒材創作專業學分學程 ]	二			2		0		選				30		1		ZU5A
	TU60	A					0	0.00		美術系（學）		ATU6057			0	是	2.0				115	半	林福全		Oil Painting (I)			3136			0	N					◎限本系(含雙主修)修習			0	國畫組		林福全		四 8-A 和平 美602	進階油畫（一）	二			2		0		必				30	授課老師:林福全	1		
	TU60	A					0	0.00		美術系（學）		ATU0290			2		3.0				115	半			Material Development in			3137			0	N					◎限本系(含雙主修)修習			0	國畫組		簡詩如		三 9-A 和平 美302	水墨材料開發	三			3		0		選				30	授課老師:簡詩如	1		
	TU60	A					0	0.00		美術系（學）		ATU0299			0		2.0				115	半			Calligraphy Art (I)			3138			0	N					◎限本系(含雙主修)修習			0	國畫組		謝榮恩		四 3-4 和平 美302	書寫藝術（一）	三			3		0		選				30	授課老師:謝榮恩	1		
	TU60	A					0	0.00		美術系（學）		ATU0348			1		3.0				115	半			Experimental Ink Art </br>[ Program: The Specialization Program of Creative Practice in Eastern Art Media ]			3139			0	N					◎限本系(含雙主修)修習			0	國畫組		吳宥鋅		四 6-8 和平 美302	實驗水墨 </br>[ 學分學程：東方媒材創作專業學分學程 ]	三			3		0		選				30		1		ZU5A
	TU60	A					0	0.00		美術系（學）		ATU6059			0	是	2.0				115	半	管偉邦 曾霆羽		Studio Based Graduate Seminar (I)			3140			0	N					◎限本系(含雙主修)修習			0	國畫組		管偉邦 曾霆羽		三 A-B 和平 美303, 三 C-D 和平 美304	畢業創作發表（一）	四			4		0		必				30		1		
	TU60	B					10	0.33		美術系（學）		ATU6075			2		3.0				115	半			Painting Project			3141			0	N		是			◎限本系(含雙主修)修習			0	西畫組		侯忠穎		一 6-8 和平 美402	繪畫專題						0		選				30		1		
	TU60	B					10	0.33		美術系（學）		ATU6076			0		3.0				115	半			Water-Based Materials for Painting Practice			3142			0	N					◎限本系(含雙主修)修習			0	西畫組		宋曉明		四 6-8 和平 美401	水性媒材與繪畫實踐						0		選				30		1		
	TU60	B					10	0.20		美術系（學）		ATC9018			2		3.0				115	半			behind the Artists			3143			0	N		是	9		◎限本系(含雙主修)修習			0	西畫組		陳淑華	大碩	三 A-C 和平 美502	藝術大師小故事						0		選				50		1		
	TU60	B					10	0.20		美術系（學）		ATC9024			2		3.0				115	半			Contemporary Lacquer Art: Development and Derivative Applications			3144			0	N		是	9		◎限本系(含雙主修)修習			0	西畫組		陳淑華	大碩	四 10-B 和平 美502	現代漆藝發展及其衍生應用						0		選				50		1		
	TU60	B					10	0.33		美術系（學）		ATU0233			0	是	1.0				115	半	朱友意		Oil Painting - University Foundation Level (I) </br>[ Program: The Inter-disciplinary Program of Art Education Therapy ]			3145			0	N					◎限本系(含雙主修)修習◎限大一修習     ◎初選 藝術教育治療學分學程 研究生得下修			0	西畫組		朱友意		一 6-7 和平 美602	基礎油畫（一） </br>[ 學分學程：藝術教育治療學分學程 ]	一			1		0		必				30		1		ZU36/ZU36
	TU60	B					10	0.33		美術系（學）		ATU0335			1	是	1.0				115	半	林政榮		Calligraphy (Regular Script) </br>[ Program: The Inter-disciplinary Program of Art Education Therapy ]			3146			0	N					◎限本系(含雙主修)修習◎限大一修習     ◎初選 藝術教育治療學分學程 研究生得下修			0	西畫組		林政榮		三 10-A 和平 美505	書法（楷書） </br>[ 學分學程：藝術教育治療學分學程 ]	一			1		0		必				30		1		ZU36/ZU36
	TU60	B					10	0.33		美術系（學）		ATU6061			1	是	2.0				115	半	蔡芷芬		Drawing </br>[ Program: The Inter-disciplinary Program of Art Education Therapy ]			3147			0	N					◎限本系(含雙主修)修習◎限大一修習     ◎初選 藝術教育治療學分學程 研究生得下修			0	西畫組		蔡芷芬		二 1-4 和平 美401	素描（一） </br>[ 學分學程：藝術教育治療學分學程 ]	一			1		0		必				30		1		ZU36/ZU36
	TU60	B					10	0.33		美術系（學）		ATU6064			3	是	1.0				115	半	黃進龍		Watercolor (I) </br>[ Program: The Inter-disciplinary Program of Art Education Therapy ]			3148			0	N					◎限本系(含雙主修)修習◎限大一修習     ◎初選 藝術教育治療學分學程 研究生得下修			0	西畫組		黃進龍		四 3-4 和平 美602	水彩（一） </br>[ 學分學程：藝術教育治療學分學程 ]	一			1		0		必				30		1		ZU36/ZU36
	TU60	B					10	0.33		美術系（學）		ATU6066			0	是	1.0				115	半	管偉邦		Chinese Color Ink- and- Brush Painting- University Foundation Level (I) </br>[ Program: The Inter-disciplinary Program of Art Education Therapy ]			3149			0	N					◎限本系(含雙主修)修習◎限大一修習     ◎初選 藝術教育治療學分學程 研究生得下修			0	西畫組		管偉邦		二 8-9 和平 美305	基礎彩墨（一） </br>[ 學分學程：藝術教育治療學分學程 ]	一			1		0		必				30		1		ZU36/ZU36
	TU60	B					0	0.00		美術系（學）		ATU0271			2		3.0				115	半			Oil Painting Skill and Application (I)			3150			0	N					◎限本系(含雙主修)修習			0	西畫組		陳孟澤		五 8-10 和平 美402	油畫技法與應用（一）	二			2		0		選				30	授課老師:陳孟澤	1		
	TU60	B					0	0.00		美術系（學）		ATU0332			2		3.0				115	半			Painting as A Performative Language in Modern Art			3151			0	N					◎限本系(含雙主修)修習			0	西畫組		宋曉明		四 2-4 和平 美401	現代繪畫之創作語彙	二			2		0		選				30		1		
	TU60	B					0	0.00		美術系（學）		ATU0359			3		3.0				115	半			Advanced Watercolor </br>[ Program: The Specialization Program of Painting and Contemporary Visual Arts ]			3152			0	N					◎限本系(含雙主修)修習			0	西畫組		黃進龍		二 6-8 和平 美402	進階水彩 </br>[ 學分學程：繪畫與當代視覺藝術專業學分學程 ]	二			2		0		選				30		1		ZU4Z
	TU60	B					0	0.00		美術系（學）		ATU0243			2		3.0				115	半			Figure Drawing (I) </br>[ Program: The Specialization Program of Painting and Contemporary Visual Arts ]			3153			0	N					◎限本系(含雙主修)修習			0	西畫組		蔡芷芬		三 6-8 和平 美403	人體素描（一） </br>[ 學分學程：繪畫與當代視覺藝術專業學分學程 ]	三			3		0		選				30		1		ZU4Z
	TU60	B					0	0.00		美術系（學）		ATU0269			2		3.0				115	半			Studio Oil Painting: Skills and Style Exploration (I)			3154			0	N					◎限本系(含雙主修)修習			0	西畫組		盧昉		二 2-4 和平 美403	油畫技法與風格探索（一）	三			3		0		選				30	授課老師:盧昉	1		
	TU60	B					0	0.00		美術系（學）		ATU0369			0		2.0				115	半			History of Modern Art </br>[ Program: The Specialization Program of Art Theory and Art History Practice in the Age of AI ]			3155			0	N		是			◎限本系(含雙主修)修習			0	西畫組		趙可卿		二 8-9 和平 美405	現代美術史 </br>[ 學分學程：AI時代的藝術理論與藝術史實踐專業學分學程 ]	三			3		0		選				50		1		ZU5B
	TU60	B					0	0.00		美術系（學）		ATU6059			0	是	2.0				115	半	黃進龍 朱友意 蔡芷芬 宋曉明 侯忠穎		Studio Based Graduate Seminar (I)			3156			0	N					◎限本系(含雙主修)修習			0	西畫組		黃進龍 朱友意 蔡芷芬 宋曉明 侯忠穎		三 A-B 和平 美404, 三 C-D 和平 美503	畢業創作發表（一）	四			4		0		必				30		1		
	TU68						10	0.29		設計系（學）		VDU0265			0		2.0				115	半			Workplace Safety and Hygiene (I)			3157			0	N					◎必須先修過(也可以同時修)【VDU0263  基礎模型製作（一）】			0			蘇瀚		五 6-7 和平 設計系2A教室	工場安全與衛生（一）						0		選				35	台大,台科大學生請於開學後第一次上課時跟老師拿授權碼選課	1		
	TU68						3	0.06		設計系（學）		VDC0001			0		3.0				115	半			Advanced Topics on Design Presentation (I)			3158			0	N			9					0			黃明仁	大碩	五 6-8 和平 綜914	進階設計表現（一）						0		選				50	台大,台科大學生請於開學後第一次上課時跟老師拿授權碼選課    授課教師:黃明仁副教授級專業技術人員	1		
	TU68						3	0.06		設計系（學）		VDC9010			0		3.0				115	半			Studies in Illustration			3159			0	N			9					0			伊彬	大碩	一 8-10 和平 綜914	插畫設計表現研究						0		選				50		1		
	TU68						10	0.29		設計系（學）		VDC9011			0		3.0				115	半			Training for Professional Techniques			3160			0	N			9		允許重複修			0			蘇文清 王千睿	大碩	五 9-C 和平 設計系2A教室	專業技術訓練						0		選				35	修此門課必須提供實習證明才能選課	1		
	TU68						5	0.14		設計系（學）		VDC9012			0		3.0				115	半			UI/UX Design (I)			3161			0	N		是	9		◎必須先修過【VDU0019  電腦繪圖】			0			黃莉庭	大碩	四 8-10 和平 設計系3B教室	介面設計與使用者體驗（一）						0		選				35	台大,台科大學生請於開學後第一次上課時跟老師拿授權碼選課	1		
	TU68						3	0.06		設計系（學）		VDC9016			0		3.0				115	半			Speculative Design			3162			0	N			9					0			曾乙文	大碩	三 5-7 和平 設計系6A教室	推測設計						0		選				50		1		
	TU68						10	0.20		設計系（學）		VDU0004			0		2.0				115	半			Introduction to Design			3163			0	N		是			◎限大一修習			0			曾乙文		一 9-10 和平 設計系2A教室	設計概論	一			1		0		必				50	授課教師:林家華副教授	1		
	TU68						10	0.20		設計系（學）		VDU0006			0		2.0				115	半			Color Theory			3164			0	N					◎限大一修習 ◎必須先修過(也可以同時修)【VDU0108  設計素描（一）】			0			施令紅		四 3-4 和平 綜914	色彩學	一			1		0		必				50	台大,台科大學生請於開學後第一次上課時跟老師拿授權碼選課	1		
	TU68						5	0.14		設計系（學）		VDU0019			0		3.0				115	半			Computer Graphics	A		3165			0	N					◎限大一修習 ◎必須先修過(也可以同時修)【VDU0108  設計素描（一）】			0			林俊良		二 3-5 和平 綜914	電腦繪圖	一			1		0		必				35	台大,台科大學生請於開學後第一次上課時跟老師拿授權碼選課	1		
	TU68						5	0.14		設計系（學）		VDU0019			0		3.0				115	半			Computer Graphics	B		3166			0	N					◎限大一修習 ◎必須先修過(也可以同時修)【VDU0108  設計素描（一）】			0			曾乙文		一 6-8 和平 教402	電腦繪圖	一			1		0		必				35		1		
	TU68						10	0.29		設計系（學）		VDU0070			0		3.0				115	半			Basic Design (I)	A		3167			0	N					◎限大一修習 ◎必須先修過(也可以同時修)【VDU0108  設計素描（一）】			0			蘇文清		四 6-8 和平 設計系2A教室	基礎設計（一）	一			1		0		必				35	台大,台科大學生請於開學後第一次上課時跟老師拿授權碼選課	1		
	TU68						5	0.14		設計系（學）		VDU0070			0		3.0				115	半			Basic Design (I)	B		3168			0	N					◎限大一修習 ◎必須先修過(也可以同時修)【VDU0108  設計素描（一）】			0			蘇瀚		四 6-8 和平 設計系2B教室	基礎設計（一）	一			1		0		必				35		1		
	TU68						5	0.14		設計系（學）		VDU0108			0		3.0				115	半			Sketching (I)	A		3169			0	N					◎限大一修習 ◎必須先修過(也可以同時修)【VDU0004  設計概論】			0			伊彬		二 7-9 和平 綜914	設計素描（一）	一			1		0		必				35	台大,台科大學生請於開學後第一次上課時跟老師拿授權碼選課	1		
	TU68						10	0.29		設計系（學）		VDU0108			0		3.0				115	半			Sketching (I)	B		3170			0	N					◎限大一修習 ◎必須先修過(也可以同時修)【VDU0004  設計概論】			0			廖偉民		二 6-8 和平 設計系2A教室	設計素描（一）	一			1		0		必				35		1		
	TU68						10	0.29		設計系（學）		VDU0263			0		2.0				115	半			Basic Model Design (I)			3171			0	N					◎限大一修習 ◎必須先修過(也可以同時修)【VDU0070  基礎設計（一）】			0			蘇瀚		三 6-7 和平 設計系2A教室	基礎模型製作（一）	一			1		0		選				35	台大,台科大學生請於開學後第一次上課時跟老師拿授權碼選課	1		
	TU68						5	0.14		設計系（學）		VDU0174			0		3.0				115	半			3 D Computer Animation Design (I) </br>[ Program: The Inter-disciplinary Program of AI Digital Art ]			3172			0	N								0			黃心健		一 8-10 和平 綜1001	３Ｄ電腦動畫（一） </br>[ 學分學程：AI與數位藝術學分學程 ]	二			2		0		必				35	台大,台科大學生請於開學後第一次上課時跟老師拿授權碼選課	1		ZU63
	TU68						5	0.14		設計系（學）		VDU0090			0		2.0				115	半			Package Design (I)			3173			0	N					◎必須先修過【VDU0070  基礎設計（一）】			0			蘇文清		四 3-4 和平 設計系3B教室	包裝設計（一）	三			3		0		必				35	台大,台科大學生請於開學後第一次上課時跟老師拿授權碼選課	1		
	ZU83						10	0.20		基礎管理學分學程		PGUA007			1		3.0				115	半			Statistics </br>[ Program: The Inter-disciplinary  Program of Fundamental Management ]			3174			0	N								0			邱皓政		四 6-8 和平 樂研一	統計學 </br>[ 學分學程：基礎管理學分學程 ]						0		必				50		1		ZU83
	ZU89						5	0.13		環境監測與防災學分學程		PGUS014			2		2.0				115	半			Introduction to Environmental Education </br>[ Program: The Inter-disciplinary Program of Environmental Monitoring and Disaster Mitigation The Inter-disciplinary Program of Region and Tourism Planning ]			3175			0	N								0			林炯明		三 9-10 和平 製作教室B	環境教育概論 </br>[ 學分學程：環境監測與防災學分學程 區域與觀光規劃學分學程 ]						0		選				40		1		ZU89/ZU9A
	ZU89						5	0.13		環境監測與防災學分學程		PGUS016			2		2.0				115	半			Disaster Prevention and Protection Constitutions </br>[ Program: The Inter-disciplinary Program of Environmental Monitoring and Disaster Mitigation The Inter-disciplinary Program of Region and Tourism Planning ]			3176			0	N								0			未定		二 A-B 和平 科技系TB212教室	災害防救法規與體系 </br>[ 學分學程：環境監測與防災學分學程 區域與觀光規劃學分學程 ]						0		選				40		1		ZU89/ZU9A
	ZU92						10	0.29		榮譽英語學分學程		PGUK009			2		2.0				115	半			Studies in Cross-cultural Issues </br>[ Program: The Inter-disciplinary Program of Honors in Advanced English ]			3177			0	N		是			◎英語系（學） 不得修習     ◎初選 榮譽英語學分學程 研究生得下修◎限榮譽英語學分學程選修			0			未定		三 3-4 和平 科技系TB212教室	中外文化議題探討 </br>[ 學分學程：榮譽英語學分學程 ]						0		選				35		1		ZU92
	ZU93						10	0.17		歐洲文化與語言學分學程		PGUL015			4		3.0				115	半			European Cultural Creativity </br>[ Program: The Inter-disciplinary Program of European Cultures and Languages ]			3178			0	N								0			賴嘉玲		四 10-B 和平 博413	歐洲文化創意 </br>[ 學分學程：歐洲文化與語言學分學程 ]						0		選				60		1		ZU93
	ZU93						10	0.25		歐洲文化與語言學分學程		PGUL036			1		3.0				115	半			French (I) </br>[ Program: The Inter-disciplinary Program of European Cultures and Languages ]			3179			0	N								0			蔡倩玟		一 10-B 和平 博413	法文（一） </br>[ 學分學程：歐洲文化與語言學分學程 ]						0		選				40		1		ZU93
	ZU93						10	0.25		歐洲文化與語言學分學程		PGUL038			4		3.0				115	半			French (III) </br>[ Program: The Inter-disciplinary Program of European Cultures and Languages ]			3180			0	N								0			黃慧玉		三 10-B 和平 教室自排	法文（三） </br>[ 學分學程：歐洲文化與語言學分學程 ]						0		選				40		1		ZU93
	ZU93						10	0.25		歐洲文化與語言學分學程		PGUL042			4		3.0				115	半			German (III) </br>[ Program: The Inter-disciplinary Program of European Cultures and Languages ]			3181			0	N								0			陳學毅		五 10-B 和平 博413	德文（三） </br>[ 學分學程：歐洲文化與語言學分學程 ]						0		選				40		1		ZU93
	ZU93						10	0.25		歐洲文化與語言學分學程		PGUL043			1		3.0				115	半			Elementary Spanish (I) </br>[ Program: The Inter-disciplinary Program of European Cultures and Languages ]			3182			0	N								0			許玉燕		二 10-B 和平 博413	西班牙文（一） </br>[ 學分學程：歐洲文化與語言學分學程 ]						0		選				40		1		ZU93
	ZU93						10	0.17		歐洲文化與語言學分學程		PGUL049			4		3.0				115	半			European Speculative Literature </br>[ Program: The Inter-disciplinary Program of European Cultures and Languages ]			3183			0	N								0			梁孫傑		三 10-B 和平 博413	歐洲奇幻文學 </br>[ 學分學程：歐洲文化與語言學分學程 ]						0		選				60		1		ZU93
	ZU94						6	0.19		文學創作學分學程		PGUU016			1		2.0				115	半			Guided Writing in Modern Poetry </br>[ Program: The Inter-disciplinary Program of Literature Creation ]			3184			0	N					◎初選 文學創作學分學程 研究生得下修			0			羅任玲		四 6-7 和平 美202	現代詩寫作指導 </br>[ 學分學程：文學創作學分學程 ]						0		選				32		1		ZU94
	ZU94						7	0.19		文學創作學分學程		PGUU018			1		2.0				115	半			Guided Writing in Contemporary Novels </br>[ Program: The Inter-disciplinary Program of Literature Creation ]			3185			0	N					◎初選 文學創作學分學程 研究生得下修			0			未定		三 3-4 和平 科技系TB310教室	現代小說寫作指導 </br>[ 學分學程：文學創作學分學程 ]						0		選				36	任課教師：朱嘉漢	1		ZU94
	ZU94						6	0.19		文學創作學分學程		PGUU031			1		2.0				115	半			Writing Popular Fiction </br>[ Program: The Inter-disciplinary Program of Literature Creation ]			3186			0	N					◎初選 文學創作學分學程 研究生得下修			0			祁立峰		三 6-7 和平 研討一	大眾小說寫作 </br>[ 學分學程：文學創作學分學程 ]						0		選				32		1		ZU94
	ZU9A						5	0.17		區域與觀光規劃學分學程		PGUV003			3		3.0				115	半			Railway and Tourism </br>[ Program: The Inter-disciplinary Program of Region and Tourism Planning ]			3187			0	N								0			洪致文		二 7-9 和平 圖傳系一般教室	鐵道與觀光 </br>[ 學分學程：區域與觀光規劃學分學程 ]						0		選				30		1		ZU9A
	ZU9Q						0	0.00		社團人專業領導培力學分學程		PGU8001			0		3.0				115	半			Marketing Practice of Student Club </br>[ Program: The Inter-disciplinary Program of Club Members Leadership And Empowerment Cultivation The Inter-disciplinary Program of Club Members Leadership And Empowerment Cultivation ]			3188			0	N					◎第一階段需人工加選◎第二階段需人工加選◎加退選階段需人工加選			0			林昌平		六 A-C 和平 綜301	社團行銷實務 </br>[ 學分學程：社團人專業領導培力學分學程 社團人專業領導培力學分學程 ]						0		選				50		1		ZU9Q
	ZU9Q						0	0.00		社團人專業領導培力學分學程		PGU8003			0		2.0				115	半			Practicum in Student Club Management (I) </br>[ Program: The Inter-disciplinary Program of Club Members Leadership And Empowerment Cultivation ]			3189			0	N					◎第一階段需人工加選◎第二階段需人工加選◎加退選階段需人工加選			0			林昌平		五 10-C 和平 綜301	社團經營實習（一） </br>[ 學分學程：社團人專業領導培力學分學程 ]						0		必				100		1		ZU9Q
	ZU9V						10	0.20		大師創業學分學程		PGU9001			5		2.0				115	半			General Management Principles of Entrepreneurship </br>[ Program: The Inter-disciplinary Program of Technology-assisted Teaching Industry The Inter-disciplinary Program of Strength and Conditioning The Inter-disciplinary Program of Entrepreneurship The Inter-disciplinary  Program of Sports Technology The Inter-disciplinary Program of Sports Industry Management ]			3190			0	N								0			劉華棟 韓宗憲		一 A-B 和平 視聽教室	大師創業管理入門 </br>[ 學分學程：科技化教學產業學分學程 肌力與體能訓練學分學程 大師創業學分學程 運動科技學分學程 運動產業經營管理學分學程 ]						0		必				50		1		ZU33/ZU39/ZU47/ZU52/ZU9V
	ZU9V						10	0.20		大師創業學分學程		PGU9002			5		2.0				115	半			Who's the Next Steve Jobs? Planning and Practice of the Entrepreneurship (I) </br>[ Program: The Inter-disciplinary Program of Technology-assisted Teaching Industry The Inter-disciplinary Program of Entrepreneurship The Inter-disciplinary  Program of Sports Technology The Inter-disciplinary Program of Sports Industry Management ]			3191			0	N								0			呂緗柔		三 A-B 和平 視聽教室	誰是下個賈伯斯─大師創業發想與實踐（一） </br>[ 學分學程：科技化教學產業學分學程 大師創業學分學程 運動科技學分學程 運動產業經營管理學分學程 ]						0		必				50		1		ZU33/ZU39/ZU47/ZU9V
	ZU9V						10	0.20		大師創業學分學程		PGU9003			5		2.0				115	半			Master Entrepreneur Forum: Building Your Own Enterprise </br>[ Program: The Inter-disciplinary Program of Technology-assisted Teaching Industry The Inter-disciplinary Program of Strength and Conditioning The Inter-disciplinary Program of Entrepreneurship ]			3192			0	N								0			林政宏		二 A-B 和平 教103	大師創業論壇－打造你的創業夢 </br>[ 學分學程：科技化教學產業學分學程 肌力與體能訓練學分學程 大師創業學分學程 ]						0		必				50		1		ZU47/ZU52/ZU9V
	HU76						6	0.25		車能學位學程（學）		VEU0008			0	是	3.0				115	半	白凱仁		Electronics Laboratory	A		3193			0	N		是			◎限本系(含雙主修)修習◎限大一修習			0			白凱仁		五 1-4 和平 電機與感測實驗室	電子學實驗	一			1		0		必				24		1		
	AIA						0	0.00		AI聯盟		TAC8003			0		3.0				115	半			Data Mining: Concepts, Techniques, and Applications </br>[ Program: The TAICA Program of Artificial Intelligence for Natural Language Technology The TAICA Program of Artificial Intelligence in Industrial Applications ]			3194			0	1		是	8		◎課程開放上修			0			陳宜欣	碩博	一 2-4 校外 教室自排	資料探勘與應用 </br>[ 學分學程：人工智慧自然語言技術學分學程 人工智慧工業應用學分學程 ]						0		選				50	◎數位課程 TAICA清華大學課程；學制：碩博	1		ZU41/ZU43
	AIA						0	0.00		AI聯盟		TAU0005			0		3.0				115	半			Introduction to Programming (C++) </br>[ Program: The TAICA Program of Applied Artificial Intelligence Exploration ]			3195			0	1								0			未定		一 2-4 校外 教室自排	基礎程式設計（C＋＋） </br>[ 學分學程：人工智慧探索應用學分學程 ]						0		選				50	◎數位課程 TAICA陽明交通大學課程；學制：大；主導學校教師：宏斌	1		ZU44
	AIA						0	0.00		AI聯盟		TAC9001			0		3.0				115	半			Introduction to Artificial Intelligence </br>[ Program: The TAICA Program of Artificial Intelligence for Natural Language Technology The TAICA Program of Applied Artificial Intelligence Exploration ]			3196			0	1			9					0			朱威達	大碩	四 6-8 校外 教室自排	人工智慧導論 </br>[ 學分學程：人工智慧自然語言技術學分學程 人工智慧探索應用學分學程 ]						0		選				50	◎數位課程 TAICA成功大學課程；學制：大碩	1		ZU41/ZU44
	AIA						0	0.00		AI聯盟		TAC8002			0		3.0				115	半			Introduction to FinTech </br>[ Program: The TAICA Program of Applied Artificial Intelligence Exploration ]			3197			0	1			8		◎課程不開放上修			0			張智星	碩博	三 2-4 校外 教室自排	金融科技導論 </br>[ 學分學程：人工智慧探索應用學分學程 ]						0		選				45	◎數位課程 TAICA臺灣大學課程；學制：碩博	1		ZU44
	AIA						0	0.00		AI聯盟		TAC8005			0		3.0				115	半			Human-AI Interaction </br>[ Program: The TAICA Program of Artificial Intelligence for Natural Language Technology ]			3199			0	1			8		◎課程開放上修			0			韓秉軒	碩博	四 6-8 校外 教室自排	智慧人機互動 </br>[ 學分學程：人工智慧自然語言技術學分學程 ]						0		選				50	◎數位課程 TAICA臺北科技大學課程；學制：碩博	1		ZU41
	AIA						0	0.00		AI聯盟		TAC8004			0		3.0				115	半			Natural Language Processing </br>[ Program: The TAICA Program of Artificial Intelligence for Natural Language Technology ]			3200			0	1			8		◎課程不開放上修			0			高宏宇	碩博	四 2-4 校外 教室自排	自然語言處理 </br>[ 學分學程：人工智慧自然語言技術學分學程 ]						0		選				40	◎數位課程 TAICA清華大學課程；學制：碩博	1		ZU41
	AIA						0	0.00		AI聯盟		TAC8001			0		3.0				115	半			Machine Learning </br>[ Program: The TAICA Program of Artificial Intelligence for Computer Vision and Imaging Technology The TAICA Program of Artificial Intelligence in Industrial Applications ]			3201			0	1			8		◎課程開放上修			0			林軒田	碩博	三 2-4 校外 教室自排	機器學習 </br>[ 學分學程：人工智慧視覺技術學分學程 人工智慧工業應用學分學程 ]						0		選				10	◎數位課程 TAICA臺灣大學課程；學制：碩博	1		ZU40/ZU43
	AIA						0	0.00		AI聯盟		TAC9003			0		3.0				115	半			Generative AI: Text and Image Synthesis Principles and Practice </br>[ Program: The TAICA Program of Artificial Intelligence for Natural Language Technology The TAICA Program of Applied Artificial Intelligence Exploration ]			3202			0	2			9					0			未定	大碩	二 8-A 校外 教室自排	生成式AI：文字與圖像生成的原理與實務 </br>[ 學分學程：人工智慧自然語言技術學分學程 人工智慧探索應用學分學程 ]						0		選				50	◎數位課程 TAICA政治大學課程；學制：大碩；主導學校教師：蔡炎龍	1		ZU41/ZU44
	HU72						10	0.33		圖傳系（學）		GCU0054			0		3.0				115	半			New Media Communication and Technology Application			3203			0	N					◎限本系(含雙主修)修習			0			陳冠瑋		一 2-4 和平 綜701	新媒體傳播與科技應用	二			2		0		選				30		1		
	SU51						5	0.25		營養學位學程（學）		NSU0008			0		1.0				115	半			Nutrition Laboratory	B		3204			0	N					◎限本系(含雙主修)修習◎必須先修過【NSU0003  人體生理學】、【NSU0004  有機化學】			0			吳啟豪		四 2-4 公館 Ｓ403	營養學實驗	二			2		0		必				20	限修說明：實臉空間與設備有限，限20人。上課地點：公館校區S403與國語中心廚房。	1		
	CMK0						10	0.25		AI跨域所（碩）		AIC8006			0		3.0				115	半			Introduction and Application of Internet of Things			3205			0	N			8		◎課程開放上修			0			林政宏	碩博	四 10-B 和平 多媒體與通訊實驗室	物聯網概論與應用						0		選				40		1		
	IUH0						8	0.36		全球研究學位學程（學）		GBU0017			0		3.0				115	半			Seminar on Politics and Economics of East Asia </br>[ Program: The EMI Specialization Program of Global Political Economy ]			3206			0	N		是						0			姚仕帆		三 6-8 和平 博406	東亞政治經濟專題 </br>[ 學分學程：全球政治經濟專業學分學程 ]						0		選				22	建議大三選修It is recommended to take this elective in the third year.	1		ZU5R
	EU05						10	0.28		衛教系（學）		HEU0113			0		2.0				115	半			Interpersonal Relationship and Health			3208			0	N								0			未定		二 6-7 和平 綜604	人際關係與健康	一			1		0		選				36		1		
	EM05						10	0.20		衛教系（碩）		HEC8009			0		3.0				115	半			Studies in Adolescent Drug Abuse			3209			0	N		是	8		◎課程開放上修			0			未定	碩博	三 5-7 和平 教710	青少年藥物濫用問題研究						0		選				50		1		
	LU23						10	0.20		地理系（學）		GEU0231			0		2.0				115	半			Evaluation of Geography Education			3210			0	N					◎必須先修過【GEUE001  地理教材教法（教）】			0			林聖欽		三 3-4 和平 教402	地理教學評量	四			4		0		選				50		1		
	LU23						10	0.20		地理系（學）		GEU0016			0		3.0				115	半			Statistics for Geography </br>[ Program: The Inter-disciplinary Program of Region and Tourism Planning ]			3211			0	N		是						0			陳哲銘		三 6-8 和平 科技系TA509教室	地理統計 </br>[ 學分學程：區域與觀光規劃學分學程 ]	三			3		0		選				50		1		ZU9A
	EU01						5	0.14		心輔系（學）		PCU0148			0		2.0				115	半			Health Psychology </br>[ Program: The Specialization Program of Community and Mental Health ]			3212			0	N								0			未定		一 6-7 和平 美202	健康心理學 </br>[ 學分學程：社區與心理健康專業學分學程 ]	二			2		0		選				35		1		ZU4U
	GU						0	0.00		通識		05UG020			0		2.0				115	半			Statistics	A		3213			0	N								0			林碧芳		二 3-4 和平 綜1001	統計學						0		通				40	授課教師:林碧芳	1	A2/B1	
	PE						3	0.10		普通體育		00UP340			0		1.0				115	半			Physical Education (Indoor football)			3214			0	N					允許重複修			0			程瑞福		四 3-4 公館 體育館二3樓	體育（室內足球）						0		必				30		1		
	AU30						10	0.40		體育系（學）		PEU4019			0		1.0				115	半			Physical Education Professional Service			3215			0	N								0			張育愷		三 5 和平 教室自排	體育專業服務	三			3		0		必				50		1		
	MD90						10	0.20		音樂系（博）		MUD0013			0		2.0				115	半			Seminar in Instrumental (Vocal) Literature (Romantic ~ Contemporary)			3216			0	N					◎課程開放上修			0			蘇毓婷		五 7-8 和平 音410	演奏（唱）曲目詮釋與探討（浪漫至現代時期）						0		必				50		1		
	MM90						10	0.20		音樂系（碩）		MUC8011			0		2.0				115	半			Performance Practice of Early Music			3217			0	N			8		◎課程開放上修			0			陳沁紅	碩博	一 A-B 和平 樂研二	早期音樂演奏研究與實作						0		選				50	限絃樂主修修習。	1		
	EU06						10	0.20		幼家科學系（學）		HGU0081			0		3.0				115	半			Textiles			3218			0	N					◎限本系(含雙主修)修習			0			楊翠竹		三 6-8 和平 教312	織物學	二			2		0		選				50		1		
	OM56						10	0.20		全營所（碩）		IAM0081			0		3.0				115	半			International Financial Management			3219			0	N		是			◎課程開放上修			0			未定		二 A-C 和平 雲508	國際財務管理						0		選				50		1		
	ZU94						6	0.16		文學創作學分學程		PGUU025			1		2.0				115	半			Guided Writing in Playwriting </br>[ Program: The Inter-disciplinary Program of Literature Creation ]			3220			0	N					◎初選 文學創作學分學程 研究生得下修			0			高俊耀		一 8-9 和平 科技系TB211教室	現代劇本寫作指導 </br>[ 學分學程：文學創作學分學程 ]						0		選				37		1		ZU94
	GU						5	0.10		通識		05UG045			3		2.0				115	半			Advanced Applications of AI-Generated Spreadsheets and Programming	A		3221			0	N								0			吳清輝		三 3-4 公館 理圖807	AI生成試算表進階應用與程式設計						0		通				50		1	A4	
	GU						5	0.10		通識		05UG045			3		2.0				115	半			Advanced Applications of AI-Generated Spreadsheets and Programming	B		3222			0	N								0			吳清輝		三 6-7 公館 理圖807	AI生成試算表進階應用與程式設計						0		通				50		1	A4	
	GU						4	0.08		通識		05UG047			3		2.0				115	半			Introduction to Music AI Programming			3223			0	N								0			林宜徵		二 3-4 公館 理圖801	音樂AI 基礎程式設計						0		通				50		1	A4	
	GU						5	0.10		通識		05UG043			1		2.0				115	半			Game Programming and AI-Assisted Development	A		3224			0	N								0			劉建成		一 6-7 公館 理圖801	遊戲程式設計與AI輔助開發						0		通				50		1	A4	
	GU						5	0.10		通識		05UG043			1		2.0				115	半			Game Programming and AI-Assisted Development	B		3225			0	N								0			劉建成		四 6-7 公館 理圖807	遊戲程式設計與AI輔助開發						0		通				50		1	A4	
	GU						4	0.08		通識		05UG048			3		2.0				115	半			Sports Data Analytics and Artificial Intelligence			3226			0	N								0			劉爾剛		三 B-C 和平 教402	運動數據分析與AI應用						0		通				50		1	A4	
	GU						1	0.03		通識		05UG046			1		2.0				115	半			Music AI Algorithm Design and Sound Synthesis			3227			0	N		是						0			林宜徵		二 6-7 公館 理圖802	音樂AI 演算法設計與聲音合成						0		通				37		1	A4	
	GU						4	0.08		通識		05UG049			3		2.0				115	半			When Artificial Intelligence Meets Generative Art			3228			0	N								0			謝諭		三 3-4 和平 教401	當AI遇見生成藝術						0		通				50		1	A4	
	GU						3	0.09		通識		05UG042			0		2.0				115	半			Information Technology and Contemporary Issues	A		3230			0	N								0			劉建成		二 3-4 公館 Ｓ505	資訊科技與生活議題：AI共創探究						0		通				33		1	A4	
	GU						3	0.09		通識		05UG042			0		2.0				115	半			Information Technology and Contemporary Issues	B		3231			0	N								0			劉建成		二 6-7 公館 Ｓ505	資訊科技與生活議題：AI共創探究						0		通				33		1	A4	
	GU						5	0.10		通識		05UG044			5		2.0				115	半			Introduction to Python Programming with AI			3232			0	N								0			黃浩霆		三 6-7 和平 美術館601	Python AI 程式設計入門						0		通				50	◎臺語授課	1	A4	
	MM92						0	0.00		表藝系（碩）		PAM0212			0		1.0				115	半			Vocal Technique (I)	D		3233			0	N					◎限本系(含雙主修)修習  ◎限碩一碩二修習    允許重複修 ◎課程開放上修			0			陳冠吟			演唱技術指導						0		選				2	碩一、碩二學生優先選課；倘因特殊情況，修課人選最終由授課教師進行配額調度與決定。	1		
	IUH0						10	0.20		全球研究學位學程（學）		GBC9003			3		3.0				115	半			International Business Management			3234			0	N		是	9					0			蔡明慶	大碩	五 6-8 和平 教619	國際企業管理研究						0		選				50		1		
	AIA						0	0.00		AI聯盟		TAU0003			0		3.0				115	半			Statistics with Recitation </br>[ Program: The TAICA Program of Artificial Intelligence in Industrial Applications ]			3235			0	1		是						0			呂翠珊		三 2-4 校外 教室自排	統計學暨實習 </br>[ 學分學程：人工智慧工業應用學分學程 ]						0		選				50	◎數位課程 TAICA臺灣大學課程；學制：大；主導學校教師：李宗穎	1		ZU43
	AIA						0	0.00		AI聯盟		TAC8010			0		3.0				115	半			Physical Ai			3236			0	1		是	8		◎限大四 ◎限碩一碩二碩三以上◎限博一博二博三博四博五以上修習 ◎課程開放上修			0			未定	碩博	二 6-8 校外 教室自排	實體人工智慧						0		選				50	◎數位課程 TAICA陽明交通大學課程；學制：碩博；主導學校教師：陳奕廷	1		
	EU						10	0.20		師培學院		00UEB04			0		2.0				115	半			Teaching Practicum: Bilingual Education			3237			0	N					◎限 雙語修習資格生 可修◎必須先修過【00UEB01  雙語教材教法（教）】			0			王力億		五 8-9 和平 美術館501	雙語教學實習（教）						0		必				50		1		
	IU84	B					3	0.03		華語系（學）		CLU0115			0		2.0				115	半			History of Chinese Literature </br>[ Program: The Specialization Program of Digital Humanities and Knowledge Translation for Chinese as a Second Language ]			3239			0	N					◎限本系(含雙主修)修習◎限大一修習			0	應用華語文學組		邱詩雯		一 1-2 和平 教202會議廳	中國文學史 </br>[ 學分學程：數位人文與知識轉譯專業學分學程 ]	一			1		0		必				100		1		ZU5U
	PE						5	0.10		普通體育		00UP003			0		1.0				115	半			Physical Education (Adapted Physical Education)	B		3240			0	N					◎第一階段需人工加選◎第二階段需人工加選◎加退選階段需人工加選允許重複修			0			潘正宸		五 8-9 和平 大韻律教室	體育（適應體育）						0		必				50	因傷病等因素無法上一般體育課之學生，請於開學兩週內至健康中心辦理適應體育班申請手續。	1		
	LM20						2	0.40		國文系（碩）		CHC0010			1		3.0				115	半			Special Topics in Chinese Literature			3241			0	N			8		◎課程開放上修			0			林芷瑩	碩博	四 5-7 和平 科技系TB210教室	中國文學專題研究						0		選				5		1		
	EM00						10	0.33		教育系（碩）		EDC0187			0		3.0				115	半			Narrative Research			3242			0	N			8		◎必須先修過【EDM0087  教育與社會科學研究法】、【EPM0066  教育與社會科學研究法】、【ECM0001  教育與社會科學研究法】其中一門 ◎課程不開放上修			0			劉美慧	碩博	五 9-A 和平 教803	敘事研究						0		選				30	第一節課一定要到課。	1		
	E						10	0.20		教育學院		E0C8002			0		3.0				115	半			Advanced Educational Statistics (B)			3243			0	N			8		◎課程開放上修			0			未定	碩博	五 2-4 和平 教710	高級教育統計學（乙）						0		選				50		1		
	PE						4	0.10		普通體育		00UP055			0		1.0				115	半			Physical Education (Beginning Ballet)	B		3244			0	N					允許重複修			0			陳乃綺		五 3-4 和平 大韻律教室	體育（芭蕾舞初級）						0		必				40		1		
	LM20						6	0.20		國文系（碩）		CHC8050			1		3.0				115	半			Cities and Literature in the Ming and Qing Jiangnan			3245			0	N			8		◎課程不開放上修			0			大木康	碩博	三 1-3 和平 進308	明清江南的城市和文學						0		選				30		1		
	EU						10	0.20		師培學院		00UE521			0		2.0				115	半			Principles of Instruction			3246			0	N					◎限 國小教育學程生 國小不佔名額生 可修			0			洪麗卿		一 8-9 和平 綜913	教學原理（小教）						0		選				50		1		
	OM55						10	0.33		管理所（碩）		MBM0048			0		3.0				115	半			Multinational Financial Management			3247			0	N		是			◎必須先修過【MBM0001  財務管理】 ◎課程開放上修			0			未定		二 A-C 和平 雲508	國際財務管理						0		選				30		1		
	OU55						10	0.33		管理所（學）		MBC9002			0		3.0				115	半			Internet Traffic Analysis & Practical Application in Marketing </br>[ Program: The Inter-disciplinary Program of Business Data Analysis ]			3248			0	N			9					0			未定	大碩	一 A-C 和平 雲508	網路流量分析與行銷實務應用 </br>[ 學分學程：商業分析學分學程 ]						0		選				30		1		ZU50
	SU47						10	0.20		資工系（學）		CSU0013			0		3.0				115	半			Data Structures	B		3249			0	N					◎必須先修過【CSU0001  程式設計（一）】			0			楊淳安		五 7-9 公館 Ｅ201	資料結構	二			2		0		必				50	臺大系統學生請以「索取授權碼方式」選課	1		
	IM83						10	0.20		東亞系（碩）		EAM0024			3		3.0				115	半			Special Topics on Northeast Asian Culture			3250			0	N					◎課程不開放上修			0			金恩美		一 6-8 和平 東亞系第三教室	東北亞文化專題研究						0		選				50	上課教室為校本部綜合大樓7樓。（請參考本系所網頁公告之課表）	1		
